activation,batch_size,candidate_name,depth,display_loss,epoch,epoch_seconds,iterations,mu,mu_in,mu_ref,mu_schedule_kind,phase,replicate,rho,rho_in,rho_ref,run_id,seed,training_loss
gelu,1,gelu,3,1869.1742454180494,1,86.06932997703552,100,1.0,1.0,1.0,discrete,activation,1,0.0,0.0,0.0,full_activation_gelu_rep01,94001,1869.1742454180494
gelu,1,gelu,3,984.0925109152458,2,27.58146905899048,100,1.0,1.0,1.0,discrete,activation,1,0.0,0.0,0.0,full_activation_gelu_rep01,94001,984.0925109152458
gelu,1,gelu,3,960.0793383644059,3,28.485887050628662,100,1.0,1.0,1.0,discrete,activation,1,0.0,0.0,0.0,full_activation_gelu_rep01,94001,960.0793383644059
gelu,1,gelu,3,949.0821975307631,4,28.742515802383423,100,1.0,1.0,1.0,discrete,activation,1,0.0,0.0,0.0,full_activation_gelu_rep01,94001,949.0821975307631
gelu,1,gelu,3,945.3586922046657,5,27.534864902496338,100,1.0,1.0,1.0,discrete,activation,1,0.0,0.0,0.0,full_activation_gelu_rep01,94001,945.3586922046657
gelu,1,gelu,3,942.9150570209702,6,28.49770498275757,100,1.0,1.0,1.0,discrete,activation,1,0.0,0.0,0.0,full_activation_gelu_rep01,94001,942.9150570209702
gelu,1,gelu,3,940.8313125695101,7,28.502424955368042,100,1.0,1.0,1.0,discrete,activation,1,0.0,0.0,0.0,full_activation_gelu_rep01,94001,940.8313125695101
gelu,1,gelu,3,939.083631352241,8,27.93969488143921,100,1.0,1.0,1.0,discrete,activation,1,0.0,0.0,0.0,full_activation_gelu_rep01,94001,939.083631352241
gelu,1,gelu,3,937.7182234039313,9,28.283104181289673,100,1.0,1.0,1.0,discrete,activation,1,0.0,0.0,0.0,full_activation_gelu_rep01,94001,937.7182234039313
gelu,1,gelu,3,936.651685368081,10,29.068248987197876,100,1.0,1.0,1.0,discrete,activation,1,0.0,0.0,0.0,full_activation_gelu_rep01,94001,936.651685368081
gelu,1,gelu,3,935.8444219309114,11,28.017210960388184,100,1.0,1.0,1.0,discrete,activation,1,0.0,0.0,0.0,full_activation_gelu_rep01,94001,935.8444219309114
gelu,1,gelu,3,935.2896641087552,12,29.58699083328247,100,1.0,1.0,1.0,discrete,activation,1,0.0,0.0,0.0,full_activation_gelu_rep01,94001,935.2896641087552
gelu,1,gelu,3,934.9015278621796,13,28.566322088241577,100,1.0,1.0,1.0,discrete,activation,1,0.0,0.0,0.0,full_activation_gelu_rep01,94001,934.9015278621796
gelu,1,gelu,3,934.6579321184385,14,27.789037942886353,100,1.0,1.0,1.0,discrete,activation,1,0.0,0.0,0.0,full_activation_gelu_rep01,94001,934.6579321184385
gelu,1,gelu,3,934.5425531513491,15,28.727463006973267,100,1.0,1.0,1.0,discrete,activation,1,0.0,0.0,0.0,full_activation_gelu_rep01,94001,934.5425531513491
gelu,1,gelu,3,934.533602474312,16,29.53066611289978,100,1.0,1.0,1.0,discrete,activation,1,0.0,0.0,0.0,full_activation_gelu_rep01,94001,934.533602474312
gelu,1,gelu,3,934.5953668007677,17,27.970113039016724,100,1.0,1.0,1.0,discrete,activation,1,0.0,0.0,0.0,full_activation_gelu_rep01,94001,934.5953668007677
gelu,1,gelu,3,934.6944395407216,18,28.718549966812134,100,1.0,1.0,1.0,discrete,activation,1,0.0,0.0,0.0,full_activation_gelu_rep01,94001,934.6944395407216
gelu,1,gelu,3,934.8301924419521,19,28.744176864624023,100,1.0,1.0,1.0,discrete,activation,1,0.0,0.0,0.0,full_activation_gelu_rep01,94001,934.8301924419521
gelu,1,gelu,3,935.0332400472785,20,27.838672876358032,100,1.0,1.0,1.0,discrete,activation,1,0.0,0.0,0.0,full_activation_gelu_rep01,94001,935.0332400472785
gelu,1,gelu,3,1011.4067376792804,21,28.384220123291016,100,0.8,0.8,0.8,discrete,activation,1,0.0,0.0,0.0,full_activation_gelu_rep01,94001,1011.4067376792804
gelu,1,gelu,3,1011.8718163835742,22,28.714330911636353,100,0.8,0.8,0.8,discrete,activation,1,0.0,0.0,0.0,full_activation_gelu_rep01,94001,1011.8718163835742
gelu,1,gelu,3,1012.3380742741849,23,27.375542163848877,100,0.8,0.8,0.8,discrete,activation,1,0.0,0.0,0.0,full_activation_gelu_rep01,94001,1012.3380742741849
gelu,1,gelu,3,1012.705911859194,24,28.675618171691895,100,0.8,0.8,0.8,discrete,activation,1,0.0,0.0,0.0,full_activation_gelu_rep01,94001,1012.705911859194
gelu,1,gelu,3,1013.0594319772796,25,28.009694814682007,100,0.8,0.8,0.8,discrete,activation,1,0.0,0.0,0.0,full_activation_gelu_rep01,94001,1013.0594319772796
gelu,1,gelu,3,1013.4053981525342,26,28.468050003051758,100,0.8,0.8,0.8,discrete,activation,1,0.0,0.0,0.0,full_activation_gelu_rep01,94001,1013.4053981525342
gelu,1,gelu,3,1013.7213017504553,27,28.535900115966797,100,0.8,0.8,0.8,discrete,activation,1,0.0,0.0,0.0,full_activation_gelu_rep01,94001,1013.7213017504553
gelu,1,gelu,3,1014.0263960981415,28,27.685383081436157,100,0.8,0.8,0.8,discrete,activation,1,0.0,0.0,0.0,full_activation_gelu_rep01,94001,1014.0263960981415
gelu,1,gelu,3,1014.2947883397866,29,28.96542000770569,100,0.8,0.8,0.8,discrete,activation,1,0.0,0.0,0.0,full_activation_gelu_rep01,94001,1014.2947883397866
gelu,1,gelu,3,1014.4833897866888,30,28.77105212211609,100,0.8,0.8,0.8,discrete,activation,1,0.0,0.0,0.0,full_activation_gelu_rep01,94001,1014.4833897866888
gelu,1,gelu,3,1070.9772111924117,31,27.409308910369873,100,0.6,0.6,0.6,discrete,activation,1,0.0,0.0,0.0,full_activation_gelu_rep01,94001,1070.9772111924117
gelu,1,gelu,3,1071.2614972439985,32,28.08233094215393,100,0.6,0.6,0.6,discrete,activation,1,0.0,0.0,0.0,full_activation_gelu_rep01,94001,1071.2614972439985
gelu,1,gelu,3,1071.3256406895716,33,29.065458059310913,100,0.6,0.6,0.6,discrete,activation,1,0.0,0.0,0.0,full_activation_gelu_rep01,94001,1071.3256406895716
gelu,1,gelu,3,1071.1918131179962,34,27.181843996047974,100,0.6,0.6,0.6,discrete,activation,1,0.0,0.0,0.0,full_activation_gelu_rep01,94001,1071.1918131179962
gelu,1,gelu,3,1071.0351477491652,35,28.086119890213013,100,0.6,0.6,0.6,discrete,activation,1,0.0,0.0,0.0,full_activation_gelu_rep01,94001,1071.0351477491652
gelu,1,gelu,3,1070.6193828578841,36,28.641736030578613,100,0.6,0.6,0.6,discrete,activation,1,0.0,0.0,0.0,full_activation_gelu_rep01,94001,1070.6193828578841
gelu,1,gelu,3,1070.0577206647758,37,26.95414686203003,100,0.6,0.6,0.6,discrete,activation,1,0.0,0.0,0.0,full_activation_gelu_rep01,94001,1070.0577206647758
gelu,1,gelu,3,1068.9638518669717,38,28.896036863327026,100,0.6,0.6,0.6,discrete,activation,1,0.0,0.0,0.0,full_activation_gelu_rep01,94001,1068.9638518669717
gelu,1,gelu,3,1066.9267218586515,39,28.12424397468567,100,0.6,0.6,0.6,discrete,activation,1,0.0,0.0,0.0,full_activation_gelu_rep01,94001,1066.9267218586515
gelu,1,gelu,3,1065.2046348727495,40,26.953503131866455,100,0.6,0.6,0.6,discrete,activation,1,0.0,0.0,0.0,full_activation_gelu_rep01,94001,1065.2046348727495
gelu,1,gelu,3,1099.5017623287379,41,28.126549005508423,100,0.4,0.4,0.4,discrete,activation,1,0.0,0.0,0.0,full_activation_gelu_rep01,94001,1099.5017623287379
gelu,1,gelu,3,1091.7399019538616,42,27.721543073654175,100,0.4,0.4,0.4,discrete,activation,1,0.0,0.0,0.0,full_activation_gelu_rep01,94001,1091.7399019538616
gelu,1,gelu,3,1099.0343052447815,43,27.80325198173523,100,0.4,0.4,0.4,discrete,activation,1,0.0,0.0,0.0,full_activation_gelu_rep01,94001,1099.0343052447815
gelu,1,gelu,3,1091.2197426128223,44,28.14540696144104,100,0.4,0.4,0.4,discrete,activation,1,0.0,0.0,0.0,full_activation_gelu_rep01,94001,1091.2197426128223
gelu,1,gelu,3,1098.0284653231297,45,27.50002408027649,100,0.4,0.4,0.4,discrete,activation,1,0.0,0.0,0.0,full_activation_gelu_rep01,94001,1098.0284653231297
gelu,1,gelu,3,1090.5473555194765,46,28.46897602081299,100,0.4,0.4,0.4,discrete,activation,1,0.0,0.0,0.0,full_activation_gelu_rep01,94001,1090.5473555194765
gelu,1,gelu,3,1096.4678169510744,47,28.7829909324646,100,0.4,0.4,0.4,discrete,activation,1,0.0,0.0,0.0,full_activation_gelu_rep01,94001,1096.4678169510744
gelu,1,gelu,3,1089.6740756479135,48,27.053109169006348,100,0.4,0.4,0.4,discrete,activation,1,0.0,0.0,0.0,full_activation_gelu_rep01,94001,1089.6740756479135
gelu,1,gelu,3,1092.5452750048235,49,28.144588947296143,100,0.4,0.4,0.4,discrete,activation,1,0.0,0.0,0.0,full_activation_gelu_rep01,94001,1092.5452750048235
gelu,1,gelu,3,1090.099256244797,50,28.540316104888916,100,0.4,0.4,0.4,discrete,activation,1,0.0,0.0,0.0,full_activation_gelu_rep01,94001,1090.099256244797
gelu,1,gelu,3,1066.1051495865954,51,27.027520179748535,100,0.2,0.2,0.2,discrete,activation,1,0.0,0.0,0.0,full_activation_gelu_rep01,94001,1066.1051495865954
gelu,1,gelu,3,1065.8368237062887,52,28.167638063430786,100,0.2,0.2,0.2,discrete,activation,1,0.0,0.0,0.0,full_activation_gelu_rep01,94001,1065.8368237062887
gelu,1,gelu,3,1065.194624486008,53,28.553553819656372,100,0.2,0.2,0.2,discrete,activation,1,0.0,0.0,0.0,full_activation_gelu_rep01,94001,1065.194624486008
gelu,1,gelu,3,1063.986001643746,54,26.8033549785614,100,0.2,0.2,0.2,discrete,activation,1,0.0,0.0,0.0,full_activation_gelu_rep01,94001,1063.986001643746
gelu,1,gelu,3,1064.3140052125084,55,29.445521116256714,100,0.2,0.2,0.2,discrete,activation,1,0.0,0.0,0.0,full_activation_gelu_rep01,94001,1064.3140052125084
gelu,1,gelu,3,1064.4681803417534,56,27.809675931930542,100,0.2,0.2,0.2,discrete,activation,1,0.0,0.0,0.0,full_activation_gelu_rep01,94001,1064.4681803417534
gelu,1,gelu,3,1061.1968410569225,57,28.070996046066284,100,0.2,0.2,0.2,discrete,activation,1,0.0,0.0,0.0,full_activation_gelu_rep01,94001,1061.1968410569225
gelu,1,gelu,3,1066.8765347756637,58,28.104259967803955,100,0.2,0.2,0.2,discrete,activation,1,0.0,0.0,0.0,full_activation_gelu_rep01,94001,1066.8765347756637
gelu,1,gelu,3,1061.9785015495302,59,28.1334068775177,100,0.2,0.2,0.2,discrete,activation,1,0.0,0.0,0.0,full_activation_gelu_rep01,94001,1061.9785015495302
gelu,1,gelu,3,1059.3236224290345,60,26.702560901641846,100,0.2,0.2,0.2,discrete,activation,1,0.0,0.0,0.0,full_activation_gelu_rep01,94001,1059.3236224290345
gelu,1,gelu,3,1016.4709520548348,61,28.61483097076416,100,0.1,0.1,0.1,discrete,activation,1,0.0,0.0,0.0,full_activation_gelu_rep01,94001,1016.4709520548348
gelu,1,gelu,3,1014.0840020643091,62,28.28800916671753,100,0.1,0.1,0.1,discrete,activation,1,0.0,0.0,0.0,full_activation_gelu_rep01,94001,1014.0840020643091
gelu,1,gelu,3,1018.2370990054848,63,28.957345962524414,100,0.1,0.1,0.1,discrete,activation,1,0.0,0.0,0.0,full_activation_gelu_rep01,94001,1018.2370990054848
gelu,1,gelu,3,1016.9648961598301,64,28.653373956680298,100,0.1,0.1,0.1,discrete,activation,1,0.0,0.0,0.0,full_activation_gelu_rep01,94001,1016.9648961598301
gelu,1,gelu,3,1015.488818507521,65,27.822685956954956,100,0.1,0.1,0.1,discrete,activation,1,0.0,0.0,0.0,full_activation_gelu_rep01,94001,1015.488818507521
gelu,1,gelu,3,1017.0734107495376,66,28.471139192581177,100,0.1,0.1,0.1,discrete,activation,1,0.0,0.0,0.0,full_activation_gelu_rep01,94001,1017.0734107495376
gelu,1,gelu,3,1015.3601749555538,67,28.44007706642151,100,0.1,0.1,0.1,discrete,activation,1,0.0,0.0,0.0,full_activation_gelu_rep01,94001,1015.3601749555538
gelu,1,gelu,3,1016.1209533163714,68,28.001243829727173,100,0.1,0.1,0.1,discrete,activation,1,0.0,0.0,0.0,full_activation_gelu_rep01,94001,1016.1209533163714
gelu,1,gelu,3,1014.8356706257239,69,28.532665014266968,100,0.1,0.1,0.1,discrete,activation,1,0.0,0.0,0.0,full_activation_gelu_rep01,94001,1014.8356706257239
gelu,1,gelu,3,1012.808773752041,70,28.89394187927246,100,0.1,0.1,0.1,discrete,activation,1,0.0,0.0,0.0,full_activation_gelu_rep01,94001,1012.808773752041
gelu,1,gelu,3,999.4799992143104,71,28.266201972961426,100,0.08,0.08,0.08,discrete,activation,1,0.0,0.0,0.0,full_activation_gelu_rep01,94001,999.4799992143104
gelu,1,gelu,3,999.8523371061763,72,29.801481008529663,100,0.08,0.08,0.08,discrete,activation,1,0.0,0.0,0.0,full_activation_gelu_rep01,94001,999.8523371061763
gelu,1,gelu,3,1001.521775481591,73,29.64531397819519,100,0.08,0.08,0.08,discrete,activation,1,0.0,0.0,0.0,full_activation_gelu_rep01,94001,1001.521775481591
gelu,1,gelu,3,1001.5622898807196,74,28.85382390022278,100,0.08,0.08,0.08,discrete,activation,1,0.0,0.0,0.0,full_activation_gelu_rep01,94001,1001.5622898807196
gelu,1,gelu,3,1001.3551153746614,75,29.436666011810303,100,0.08,0.08,0.08,discrete,activation,1,0.0,0.0,0.0,full_activation_gelu_rep01,94001,1001.3551153746614
gelu,1,gelu,3,998.307144270851,76,31.072792053222656,100,0.08,0.08,0.08,discrete,activation,1,0.0,0.0,0.0,full_activation_gelu_rep01,94001,998.307144270851
gelu,1,gelu,3,997.579400469393,77,28.81150197982788,100,0.08,0.08,0.08,discrete,activation,1,0.0,0.0,0.0,full_activation_gelu_rep01,94001,997.579400469393
gelu,1,gelu,3,999.1677837881377,78,29.654847145080566,100,0.08,0.08,0.08,discrete,activation,1,0.0,0.0,0.0,full_activation_gelu_rep01,94001,999.1677837881377
gelu,1,gelu,3,1001.3865916180979,79,29.55120301246643,100,0.08,0.08,0.08,discrete,activation,1,0.0,0.0,0.0,full_activation_gelu_rep01,94001,1001.3865916180979
gelu,1,gelu,3,1000.663430024333,80,29.079110860824585,100,0.08,0.08,0.08,discrete,activation,1,0.0,0.0,0.0,full_activation_gelu_rep01,94001,1000.663430024333
gelu,1,gelu,3,998.4086277790115,81,29.222249031066895,100,0.06,0.06,0.06,discrete,activation,1,0.0,0.0,0.0,full_activation_gelu_rep01,94001,998.4086277790115
gelu,1,gelu,3,988.3264034147032,82,30.061028003692627,100,0.06,0.06,0.06,discrete,activation,1,0.0,0.0,0.0,full_activation_gelu_rep01,94001,988.3264034147032
gelu,1,gelu,3,984.3773578367035,83,28.404893159866333,100,0.06,0.06,0.06,discrete,activation,1,0.0,0.0,0.0,full_activation_gelu_rep01,94001,984.3773578367035
gelu,1,gelu,3,982.5690498832627,84,29.676701068878174,100,0.06,0.06,0.06,discrete,activation,1,0.0,0.0,0.0,full_activation_gelu_rep01,94001,982.5690498832627
gelu,1,gelu,3,984.1558414992261,85,29.296947956085205,100,0.06,0.06,0.06,discrete,activation,1,0.0,0.0,0.0,full_activation_gelu_rep01,94001,984.1558414992261
gelu,1,gelu,3,987.1173848409271,86,28.70029902458191,100,0.06,0.06,0.06,discrete,activation,1,0.0,0.0,0.0,full_activation_gelu_rep01,94001,987.1173848409271
gelu,1,gelu,3,986.5678929653935,87,29.322166919708252,100,0.06,0.06,0.06,discrete,activation,1,0.0,0.0,0.0,full_activation_gelu_rep01,94001,986.5678929653935
gelu,1,gelu,3,989.4699039560543,88,29.276187896728516,100,0.06,0.06,0.06,discrete,activation,1,0.0,0.0,0.0,full_activation_gelu_rep01,94001,989.4699039560543
gelu,1,gelu,3,987.8102114368589,89,29.717040061950684,100,0.06,0.06,0.06,discrete,activation,1,0.0,0.0,0.0,full_activation_gelu_rep01,94001,987.8102114368589
gelu,1,gelu,3,986.8211379878644,90,28.5034658908844,100,0.06,0.06,0.06,discrete,activation,1,0.0,0.0,0.0,full_activation_gelu_rep01,94001,986.8211379878644
gelu,1,gelu,3,983.4007607475737,91,29.475505113601685,100,0.04,0.04,0.04,discrete,activation,1,0.0,0.0,0.0,full_activation_gelu_rep01,94001,983.4007607475737
gelu,1,gelu,3,985.787364907924,92,29.54034399986267,100,0.04,0.04,0.04,discrete,activation,1,0.0,0.0,0.0,full_activation_gelu_rep01,94001,985.787364907924
gelu,1,gelu,3,993.403100443869,93,28.193440198898315,100,0.04,0.04,0.04,discrete,activation,1,0.0,0.0,0.0,full_activation_gelu_rep01,94001,993.403100443869
gelu,1,gelu,3,989.6814820915388,94,29.48630404472351,100,0.04,0.04,0.04,discrete,activation,1,0.0,0.0,0.0,full_activation_gelu_rep01,94001,989.6814820915388
gelu,1,gelu,3,986.30066051094,95,29.545549869537354,100,0.04,0.04,0.04,discrete,activation,1,0.0,0.0,0.0,full_activation_gelu_rep01,94001,986.30066051094
gelu,1,gelu,3,986.9782307428312,96,29.53815197944641,100,0.04,0.04,0.04,discrete,activation,1,0.0,0.0,0.0,full_activation_gelu_rep01,94001,986.9782307428312
gelu,1,gelu,3,991.7174422642265,97,29.39987087249756,100,0.04,0.04,0.04,discrete,activation,1,0.0,0.0,0.0,full_activation_gelu_rep01,94001,991.7174422642265
gelu,1,gelu,3,990.419403752697,98,29.520727157592773,100,0.04,0.04,0.04,discrete,activation,1,0.0,0.0,0.0,full_activation_gelu_rep01,94001,990.419403752697
gelu,1,gelu,3,988.7861894550217,99,28.33002996444702,100,0.04,0.04,0.04,discrete,activation,1,0.0,0.0,0.0,full_activation_gelu_rep01,94001,988.7861894550217
gelu,1,gelu,3,990.0199696992651,100,29.389864921569824,100,0.04,0.04,0.04,discrete,activation,1,0.0,0.0,0.0,full_activation_gelu_rep01,94001,990.0199696992651
gelu,1,gelu,3,985.9462515078964,101,30.392923831939697,100,0.02,0.02,0.02,discrete,activation,1,0.0,0.0,0.0,full_activation_gelu_rep01,94001,985.9462515078964
gelu,1,gelu,3,993.3534832381238,102,29.97822904586792,100,0.02,0.02,0.02,discrete,activation,1,0.0,0.0,0.0,full_activation_gelu_rep01,94001,993.3534832381238
gelu,1,gelu,3,993.4498207228831,103,30.492982149124146,100,0.02,0.02,0.02,discrete,activation,1,0.0,0.0,0.0,full_activation_gelu_rep01,94001,993.4498207228831
gelu,1,gelu,3,991.4448047517704,104,30.65231990814209,100,0.02,0.02,0.02,discrete,activation,1,0.0,0.0,0.0,full_activation_gelu_rep01,94001,991.4448047517704
gelu,1,gelu,3,986.9873457106572,105,29.45354413986206,100,0.02,0.02,0.02,discrete,activation,1,0.0,0.0,0.0,full_activation_gelu_rep01,94001,986.9873457106572
gelu,1,gelu,3,991.1452160874796,106,29.06691813468933,100,0.02,0.02,0.02,discrete,activation,1,0.0,0.0,0.0,full_activation_gelu_rep01,94001,991.1452160874796
gelu,1,gelu,3,991.4354369215533,107,30.251312017440796,100,0.02,0.02,0.02,discrete,activation,1,0.0,0.0,0.0,full_activation_gelu_rep01,94001,991.4354369215533
gelu,1,gelu,3,991.0031779037356,108,30.59295105934143,100,0.02,0.02,0.02,discrete,activation,1,0.0,0.0,0.0,full_activation_gelu_rep01,94001,991.0031779037356
gelu,1,gelu,3,990.5744857511731,109,29.207608938217163,100,0.02,0.02,0.02,discrete,activation,1,0.0,0.0,0.0,full_activation_gelu_rep01,94001,990.5744857511731
gelu,1,gelu,3,989.782157166059,110,30.69072699546814,100,0.02,0.02,0.02,discrete,activation,1,0.0,0.0,0.0,full_activation_gelu_rep01,94001,989.782157166059
gelu,1,gelu,3,990.6265721836548,111,31.5015070438385,100,0.01,0.01,0.01,discrete,activation,1,0.0,0.0,0.0,full_activation_gelu_rep01,94001,990.6265721836548
gelu,1,gelu,3,985.6312507593975,112,30.495540142059326,100,0.01,0.01,0.01,discrete,activation,1,0.0,0.0,0.0,full_activation_gelu_rep01,94001,985.6312507593975
gelu,1,gelu,3,988.72603237341,113,31.4546480178833,100,0.01,0.01,0.01,discrete,activation,1,0.0,0.0,0.0,full_activation_gelu_rep01,94001,988.72603237341
gelu,1,gelu,3,987.1268238426208,114,31.637027978897095,100,0.01,0.01,0.01,discrete,activation,1,0.0,0.0,0.0,full_activation_gelu_rep01,94001,987.1268238426208
gelu,1,gelu,3,993.1321818709744,115,31.426533222198486,100,0.01,0.01,0.01,discrete,activation,1,0.0,0.0,0.0,full_activation_gelu_rep01,94001,993.1321818709744
gelu,1,gelu,3,996.1509047310643,116,31.851670026779175,100,0.01,0.01,0.01,discrete,activation,1,0.0,0.0,0.0,full_activation_gelu_rep01,94001,996.1509047310643
gelu,1,gelu,3,979.8821887204399,117,31.631646871566772,100,0.01,0.01,0.01,discrete,activation,1,0.0,0.0,0.0,full_activation_gelu_rep01,94001,979.8821887204399
gelu,1,gelu,3,989.4334476834275,118,31.48668098449707,100,0.01,0.01,0.01,discrete,activation,1,0.0,0.0,0.0,full_activation_gelu_rep01,94001,989.4334476834275
gelu,1,gelu,3,991.5020401357507,119,30.714736938476562,100,0.01,0.01,0.01,discrete,activation,1,0.0,0.0,0.0,full_activation_gelu_rep01,94001,991.5020401357507
gelu,1,gelu,3,1002.7879747599279,120,31.66771411895752,100,0.01,0.01,0.01,discrete,activation,1,0.0,0.0,0.0,full_activation_gelu_rep01,94001,1002.7879747599279
gelu,1,gelu,3,958.7906256359554,121,27.821863174438477,100,0.01,0.01,0.0,discrete,activation,1,0.0,0.0,0.0,full_activation_gelu_rep01,94001,958.7906256359554
gelu,1,gelu,3,954.5314371992605,122,24.979323148727417,100,0.01,0.01,0.0,discrete,activation,1,0.0,0.0,0.0,full_activation_gelu_rep01,94001,954.5314371992605
gelu,1,gelu,3,955.5519564980247,123,25.505171060562134,100,0.01,0.01,0.0,discrete,activation,1,0.0,0.0,0.0,full_activation_gelu_rep01,94001,955.5519564980247
gelu,1,gelu,3,958.6408426016985,124,24.73047113418579,100,0.01,0.01,0.0,discrete,activation,1,0.0,0.0,0.0,full_activation_gelu_rep01,94001,958.6408426016985
gelu,1,gelu,3,956.6192452328836,125,24.26655101776123,100,0.01,0.01,0.0,discrete,activation,1,0.0,0.0,0.0,full_activation_gelu_rep01,94001,956.6192452328836
gelu,1,gelu,3,953.4974938416527,126,24.813631057739258,100,0.01,0.01,0.0,discrete,activation,1,0.0,0.0,0.0,full_activation_gelu_rep01,94001,953.4974938416527
gelu,1,gelu,3,965.467159553871,127,24.77673602104187,100,0.01,0.01,0.0,discrete,activation,1,0.0,0.0,0.0,full_activation_gelu_rep01,94001,965.467159553871
gelu,1,gelu,3,960.0079964626104,128,25.224925994873047,100,0.01,0.01,0.0,discrete,activation,1,0.0,0.0,0.0,full_activation_gelu_rep01,94001,960.0079964626104
gelu,1,gelu,3,961.3341183279296,129,24.932610988616943,100,0.01,0.01,0.0,discrete,activation,1,0.0,0.0,0.0,full_activation_gelu_rep01,94001,961.3341183279296
gelu,1,gelu,3,955.6279630821228,130,26.007138967514038,100,0.01,0.01,0.0,discrete,activation,1,0.0,0.0,0.0,full_activation_gelu_rep01,94001,955.6279630821228
gelu,1,gelu,3,2026.3748494519937,1,86.29192399978638,100,1.0,1.0,1.0,discrete,activation,2,0.0,0.0,0.0,full_activation_gelu_rep02,94002,2026.3748494519937
gelu,1,gelu,3,1013.7748034714884,2,27.92356300354004,100,1.0,1.0,1.0,discrete,activation,2,0.0,0.0,0.0,full_activation_gelu_rep02,94002,1013.7748034714884
gelu,1,gelu,3,998.768426747227,3,28.506307125091553,100,1.0,1.0,1.0,discrete,activation,2,0.0,0.0,0.0,full_activation_gelu_rep02,94002,998.768426747227
gelu,1,gelu,3,990.7611742560222,4,28.571847915649414,100,1.0,1.0,1.0,discrete,activation,2,0.0,0.0,0.0,full_activation_gelu_rep02,94002,990.7611742560222
gelu,1,gelu,3,988.3460715633296,5,28.368407011032104,100,1.0,1.0,1.0,discrete,activation,2,0.0,0.0,0.0,full_activation_gelu_rep02,94002,988.3460715633296
gelu,1,gelu,3,986.8574407792432,6,27.7462739944458,100,1.0,1.0,1.0,discrete,activation,2,0.0,0.0,0.0,full_activation_gelu_rep02,94002,986.8574407792432
gelu,1,gelu,3,985.2730547132439,7,28.56405210494995,100,1.0,1.0,1.0,discrete,activation,2,0.0,0.0,0.0,full_activation_gelu_rep02,94002,985.2730547132439
gelu,1,gelu,3,983.7457934437327,8,28.939141988754272,100,1.0,1.0,1.0,discrete,activation,2,0.0,0.0,0.0,full_activation_gelu_rep02,94002,983.7457934437327
gelu,1,gelu,3,982.2234852959466,9,27.84139919281006,100,1.0,1.0,1.0,discrete,activation,2,0.0,0.0,0.0,full_activation_gelu_rep02,94002,982.2234852959466
gelu,1,gelu,3,980.4172088162107,10,28.769629955291748,100,1.0,1.0,1.0,discrete,activation,2,0.0,0.0,0.0,full_activation_gelu_rep02,94002,980.4172088162107
gelu,1,gelu,3,977.0306472368984,11,28.769373178482056,100,1.0,1.0,1.0,discrete,activation,2,0.0,0.0,0.0,full_activation_gelu_rep02,94002,977.0306472368984
gelu,1,gelu,3,974.7011434013609,12,29.475149154663086,100,1.0,1.0,1.0,discrete,activation,2,0.0,0.0,0.0,full_activation_gelu_rep02,94002,974.7011434013609
gelu,1,gelu,3,973.2748569820574,13,28.53821897506714,100,1.0,1.0,1.0,discrete,activation,2,0.0,0.0,0.0,full_activation_gelu_rep02,94002,973.2748569820574
gelu,1,gelu,3,972.6518974300485,14,28.57626223564148,100,1.0,1.0,1.0,discrete,activation,2,0.0,0.0,0.0,full_activation_gelu_rep02,94002,972.6518974300485
gelu,1,gelu,3,972.23271737089,15,27.786221981048584,100,1.0,1.0,1.0,discrete,activation,2,0.0,0.0,0.0,full_activation_gelu_rep02,94002,972.23271737089
gelu,1,gelu,3,971.9223180403053,16,29.170355796813965,100,1.0,1.0,1.0,discrete,activation,2,0.0,0.0,0.0,full_activation_gelu_rep02,94002,971.9223180403053
gelu,1,gelu,3,971.5479673044515,17,28.624359130859375,100,1.0,1.0,1.0,discrete,activation,2,0.0,0.0,0.0,full_activation_gelu_rep02,94002,971.5479673044515
gelu,1,gelu,3,970.9162134064673,18,27.993341207504272,100,1.0,1.0,1.0,discrete,activation,2,0.0,0.0,0.0,full_activation_gelu_rep02,94002,970.9162134064673
gelu,1,gelu,3,969.8347657692565,19,28.654294967651367,100,1.0,1.0,1.0,discrete,activation,2,0.0,0.0,0.0,full_activation_gelu_rep02,94002,969.8347657692565
gelu,1,gelu,3,968.6045232848634,20,28.81934404373169,100,1.0,1.0,1.0,discrete,activation,2,0.0,0.0,0.0,full_activation_gelu_rep02,94002,968.6045232848634
gelu,1,gelu,3,1045.980292258412,21,27.5487060546875,100,0.8,0.8,0.8,discrete,activation,2,0.0,0.0,0.0,full_activation_gelu_rep02,94002,1045.980292258412
gelu,1,gelu,3,1045.0833829246803,22,28.263412952423096,100,0.8,0.8,0.8,discrete,activation,2,0.0,0.0,0.0,full_activation_gelu_rep02,94002,1045.0833829246803
gelu,1,gelu,3,1044.8385761283382,23,28.569849014282227,100,0.8,0.8,0.8,discrete,activation,2,0.0,0.0,0.0,full_activation_gelu_rep02,94002,1044.8385761283382
gelu,1,gelu,3,1044.0086710430871,24,27.742039918899536,100,0.8,0.8,0.8,discrete,activation,2,0.0,0.0,0.0,full_activation_gelu_rep02,94002,1044.0086710430871
gelu,1,gelu,3,1042.7400685811576,25,28.500591039657593,100,0.8,0.8,0.8,discrete,activation,2,0.0,0.0,0.0,full_activation_gelu_rep02,94002,1042.7400685811576
gelu,1,gelu,3,1041.5853715414396,26,28.44265604019165,100,0.8,0.8,0.8,discrete,activation,2,0.0,0.0,0.0,full_activation_gelu_rep02,94002,1041.5853715414396
gelu,1,gelu,3,1041.0847037511373,27,27.653791189193726,100,0.8,0.8,0.8,discrete,activation,2,0.0,0.0,0.0,full_activation_gelu_rep02,94002,1041.0847037511373
gelu,1,gelu,3,1041.760213295207,28,28.241003036499023,100,0.8,0.8,0.8,discrete,activation,2,0.0,0.0,0.0,full_activation_gelu_rep02,94002,1041.760213295207
gelu,1,gelu,3,1042.4585800404454,29,28.561361074447632,100,0.8,0.8,0.8,discrete,activation,2,0.0,0.0,0.0,full_activation_gelu_rep02,94002,1042.4585800404454
gelu,1,gelu,3,1043.4653564716855,30,27.94330406188965,100,0.8,0.8,0.8,discrete,activation,2,0.0,0.0,0.0,full_activation_gelu_rep02,94002,1043.4653564716855
gelu,1,gelu,3,1102.9464474759623,31,28.28975510597229,100,0.6,0.6,0.6,discrete,activation,2,0.0,0.0,0.0,full_activation_gelu_rep02,94002,1102.9464474759623
gelu,1,gelu,3,1093.5479740712215,32,28.458133935928345,100,0.6,0.6,0.6,discrete,activation,2,0.0,0.0,0.0,full_activation_gelu_rep02,94002,1093.5479740712215
gelu,1,gelu,3,1100.7418801774961,33,28.359126091003418,100,0.6,0.6,0.6,discrete,activation,2,0.0,0.0,0.0,full_activation_gelu_rep02,94002,1100.7418801774961
gelu,1,gelu,3,1098.005399278936,34,28.267019987106323,100,0.6,0.6,0.6,discrete,activation,2,0.0,0.0,0.0,full_activation_gelu_rep02,94002,1098.005399278936
gelu,1,gelu,3,1095.778104489363,35,28.339088916778564,100,0.6,0.6,0.6,discrete,activation,2,0.0,0.0,0.0,full_activation_gelu_rep02,94002,1095.778104489363
gelu,1,gelu,3,1104.5298649382848,36,27.630918979644775,100,0.6,0.6,0.6,discrete,activation,2,0.0,0.0,0.0,full_activation_gelu_rep02,94002,1104.5298649382848
gelu,1,gelu,3,1107.528239545612,37,28.198410987854004,100,0.6,0.6,0.6,discrete,activation,2,0.0,0.0,0.0,full_activation_gelu_rep02,94002,1107.528239545612
gelu,1,gelu,3,1103.5592469463204,38,28.448320150375366,100,0.6,0.6,0.6,discrete,activation,2,0.0,0.0,0.0,full_activation_gelu_rep02,94002,1103.5592469463204
gelu,1,gelu,3,1102.8241398493062,39,27.279371976852417,100,0.6,0.6,0.6,discrete,activation,2,0.0,0.0,0.0,full_activation_gelu_rep02,94002,1102.8241398493062
gelu,1,gelu,3,1103.348317776072,40,28.020348072052002,100,0.6,0.6,0.6,discrete,activation,2,0.0,0.0,0.0,full_activation_gelu_rep02,94002,1103.348317776072
gelu,1,gelu,3,1126.0645541930098,41,28.234699964523315,100,0.4,0.4,0.4,discrete,activation,2,0.0,0.0,0.0,full_activation_gelu_rep02,94002,1126.0645541930098
gelu,1,gelu,3,1136.886597040394,42,27.874582052230835,100,0.4,0.4,0.4,discrete,activation,2,0.0,0.0,0.0,full_activation_gelu_rep02,94002,1136.886597040394
gelu,1,gelu,3,1133.5821400433151,43,27.961066007614136,100,0.4,0.4,0.4,discrete,activation,2,0.0,0.0,0.0,full_activation_gelu_rep02,94002,1133.5821400433151
gelu,1,gelu,3,1121.2082546077822,44,28.41602611541748,100,0.4,0.4,0.4,discrete,activation,2,0.0,0.0,0.0,full_activation_gelu_rep02,94002,1121.2082546077822
gelu,1,gelu,3,1133.9754148366608,45,27.79503297805786,100,0.4,0.4,0.4,discrete,activation,2,0.0,0.0,0.0,full_activation_gelu_rep02,94002,1133.9754148366608
gelu,1,gelu,3,1131.0954894793113,46,28.117836952209473,100,0.4,0.4,0.4,discrete,activation,2,0.0,0.0,0.0,full_activation_gelu_rep02,94002,1131.0954894793113
gelu,1,gelu,3,1120.602353903755,47,28.64441704750061,100,0.4,0.4,0.4,discrete,activation,2,0.0,0.0,0.0,full_activation_gelu_rep02,94002,1120.602353903755
gelu,1,gelu,3,1127.6568158708642,48,27.51280403137207,100,0.4,0.4,0.4,discrete,activation,2,0.0,0.0,0.0,full_activation_gelu_rep02,94002,1127.6568158708642
gelu,1,gelu,3,1125.3912880915675,49,28.103264093399048,100,0.4,0.4,0.4,discrete,activation,2,0.0,0.0,0.0,full_activation_gelu_rep02,94002,1125.3912880915675
gelu,1,gelu,3,1119.2052528287454,50,28.65591812133789,100,0.4,0.4,0.4,discrete,activation,2,0.0,0.0,0.0,full_activation_gelu_rep02,94002,1119.2052528287454
gelu,1,gelu,3,1094.4821800670336,51,27.001464128494263,100,0.2,0.2,0.2,discrete,activation,2,0.0,0.0,0.0,full_activation_gelu_rep02,94002,1094.4821800670336
gelu,1,gelu,3,1103.3585091950902,52,28.198415994644165,100,0.2,0.2,0.2,discrete,activation,2,0.0,0.0,0.0,full_activation_gelu_rep02,94002,1103.3585091950902
gelu,1,gelu,3,1094.4973110518533,53,28.026875019073486,100,0.2,0.2,0.2,discrete,activation,2,0.0,0.0,0.0,full_activation_gelu_rep02,94002,1094.4973110518533
gelu,1,gelu,3,1104.2771026823066,54,26.86252498626709,100,0.2,0.2,0.2,discrete,activation,2,0.0,0.0,0.0,full_activation_gelu_rep02,94002,1104.2771026823066
gelu,1,gelu,3,1092.8964958483725,55,29.458065032958984,100,0.2,0.2,0.2,discrete,activation,2,0.0,0.0,0.0,full_activation_gelu_rep02,94002,1092.8964958483725
gelu,1,gelu,3,1091.605783692685,56,27.95504093170166,100,0.2,0.2,0.2,discrete,activation,2,0.0,0.0,0.0,full_activation_gelu_rep02,94002,1091.605783692685
gelu,1,gelu,3,1091.2630705052688,57,26.97536611557007,100,0.2,0.2,0.2,discrete,activation,2,0.0,0.0,0.0,full_activation_gelu_rep02,94002,1091.2630705052688
gelu,1,gelu,3,1093.0907684767226,58,28.347518920898438,100,0.2,0.2,0.2,discrete,activation,2,0.0,0.0,0.0,full_activation_gelu_rep02,94002,1093.0907684767226
gelu,1,gelu,3,1090.1397434656171,59,28.484785079956055,100,0.2,0.2,0.2,discrete,activation,2,0.0,0.0,0.0,full_activation_gelu_rep02,94002,1090.1397434656171
gelu,1,gelu,3,1090.2602532867759,60,26.77192187309265,100,0.2,0.2,0.2,discrete,activation,2,0.0,0.0,0.0,full_activation_gelu_rep02,94002,1090.2602532867759
gelu,1,gelu,3,1042.2397351008833,61,28.521605968475342,100,0.1,0.1,0.1,discrete,activation,2,0.0,0.0,0.0,full_activation_gelu_rep02,94002,1042.2397351008833
gelu,1,gelu,3,1042.7314437951045,62,29.038690090179443,100,0.1,0.1,0.1,discrete,activation,2,0.0,0.0,0.0,full_activation_gelu_rep02,94002,1042.7314437951045
gelu,1,gelu,3,1041.9312006291586,63,28.10333490371704,100,0.1,0.1,0.1,discrete,activation,2,0.0,0.0,0.0,full_activation_gelu_rep02,94002,1041.9312006291586
gelu,1,gelu,3,1041.3045595443564,64,28.69771409034729,100,0.1,0.1,0.1,discrete,activation,2,0.0,0.0,0.0,full_activation_gelu_rep02,94002,1041.3045595443564
gelu,1,gelu,3,1039.9509878045892,65,28.5987069606781,100,0.1,0.1,0.1,discrete,activation,2,0.0,0.0,0.0,full_activation_gelu_rep02,94002,1039.9509878045892
gelu,1,gelu,3,1041.673519573709,66,27.404639959335327,100,0.1,0.1,0.1,discrete,activation,2,0.0,0.0,0.0,full_activation_gelu_rep02,94002,1041.673519573709
gelu,1,gelu,3,1035.3852001561686,67,28.451284885406494,100,0.1,0.1,0.1,discrete,activation,2,0.0,0.0,0.0,full_activation_gelu_rep02,94002,1035.3852001561686
gelu,1,gelu,3,1049.8782146070482,68,28.52570104598999,100,0.1,0.1,0.1,discrete,activation,2,0.0,0.0,0.0,full_activation_gelu_rep02,94002,1049.8782146070482
gelu,1,gelu,3,1041.9066408289846,69,28.239917039871216,100,0.1,0.1,0.1,discrete,activation,2,0.0,0.0,0.0,full_activation_gelu_rep02,94002,1041.9066408289846
gelu,1,gelu,3,1044.2514037873548,70,28.74886989593506,100,0.1,0.1,0.1,discrete,activation,2,0.0,0.0,0.0,full_activation_gelu_rep02,94002,1044.2514037873548
gelu,1,gelu,3,1024.4328717089627,71,28.860193014144897,100,0.08,0.08,0.08,discrete,activation,2,0.0,0.0,0.0,full_activation_gelu_rep02,94002,1024.4328717089627
gelu,1,gelu,3,1025.707357839378,72,28.002009868621826,100,0.08,0.08,0.08,discrete,activation,2,0.0,0.0,0.0,full_activation_gelu_rep02,94002,1025.707357839378
gelu,1,gelu,3,1031.7080429445584,73,29.078054904937744,100,0.08,0.08,0.08,discrete,activation,2,0.0,0.0,0.0,full_activation_gelu_rep02,94002,1031.7080429445584
gelu,1,gelu,3,1035.848573337522,74,28.6508309841156,100,0.08,0.08,0.08,discrete,activation,2,0.0,0.0,0.0,full_activation_gelu_rep02,94002,1035.848573337522
gelu,1,gelu,3,1033.9043935794662,75,27.58395504951477,100,0.08,0.08,0.08,discrete,activation,2,0.0,0.0,0.0,full_activation_gelu_rep02,94002,1033.9043935794662
gelu,1,gelu,3,1034.8238814119509,76,30.07713007926941,100,0.08,0.08,0.08,discrete,activation,2,0.0,0.0,0.0,full_activation_gelu_rep02,94002,1034.8238814119509
gelu,1,gelu,3,1022.2250447011363,77,28.719749927520752,100,0.08,0.08,0.08,discrete,activation,2,0.0,0.0,0.0,full_activation_gelu_rep02,94002,1022.2250447011363
gelu,1,gelu,3,1027.067334187758,78,28.282011032104492,100,0.08,0.08,0.08,discrete,activation,2,0.0,0.0,0.0,full_activation_gelu_rep02,94002,1027.067334187758
gelu,1,gelu,3,1024.7238560354056,79,28.667207956314087,100,0.08,0.08,0.08,discrete,activation,2,0.0,0.0,0.0,full_activation_gelu_rep02,94002,1024.7238560354056
gelu,1,gelu,3,1028.2746788207685,80,27.92947292327881,100,0.08,0.08,0.08,discrete,activation,2,0.0,0.0,0.0,full_activation_gelu_rep02,94002,1028.2746788207685
gelu,1,gelu,3,1006.657360826447,81,29.51422381401062,100,0.06,0.06,0.06,discrete,activation,2,0.0,0.0,0.0,full_activation_gelu_rep02,94002,1006.657360826447
gelu,1,gelu,3,1018.3314569565748,82,29.57997488975525,100,0.06,0.06,0.06,discrete,activation,2,0.0,0.0,0.0,full_activation_gelu_rep02,94002,1018.3314569565748
gelu,1,gelu,3,1006.4982096426274,83,28.91763186454773,100,0.06,0.06,0.06,discrete,activation,2,0.0,0.0,0.0,full_activation_gelu_rep02,94002,1006.4982096426274
gelu,1,gelu,3,1012.481088990239,84,27.811951160430908,100,0.06,0.06,0.06,discrete,activation,2,0.0,0.0,0.0,full_activation_gelu_rep02,94002,1012.481088990239
gelu,1,gelu,3,1011.9986040890774,85,28.997120141983032,100,0.06,0.06,0.06,discrete,activation,2,0.0,0.0,0.0,full_activation_gelu_rep02,94002,1011.9986040890774
gelu,1,gelu,3,1016.1666065066258,86,29.318086862564087,100,0.06,0.06,0.06,discrete,activation,2,0.0,0.0,0.0,full_activation_gelu_rep02,94002,1016.1666065066258
gelu,1,gelu,3,1004.8912321759733,87,28.175799131393433,100,0.06,0.06,0.06,discrete,activation,2,0.0,0.0,0.0,full_activation_gelu_rep02,94002,1004.8912321759733
gelu,1,gelu,3,1007.4055194171913,88,29.0864839553833,100,0.06,0.06,0.06,discrete,activation,2,0.0,0.0,0.0,full_activation_gelu_rep02,94002,1007.4055194171913
gelu,1,gelu,3,1015.0402759307435,89,29.049783945083618,100,0.06,0.06,0.06,discrete,activation,2,0.0,0.0,0.0,full_activation_gelu_rep02,94002,1015.0402759307435
gelu,1,gelu,3,1010.3011013589547,90,28.41009020805359,100,0.06,0.06,0.06,discrete,activation,2,0.0,0.0,0.0,full_activation_gelu_rep02,94002,1010.3011013589547
gelu,1,gelu,3,984.8716188182563,91,29.645195960998535,100,0.04,0.04,0.04,discrete,activation,2,0.0,0.0,0.0,full_activation_gelu_rep02,94002,984.8716188182563
gelu,1,gelu,3,987.4966283585692,92,29.790043115615845,100,0.04,0.04,0.04,discrete,activation,2,0.0,0.0,0.0,full_activation_gelu_rep02,94002,987.4966283585692
gelu,1,gelu,3,985.6694874730961,93,28.52729296684265,100,0.04,0.04,0.04,discrete,activation,2,0.0,0.0,0.0,full_activation_gelu_rep02,94002,985.6694874730961
gelu,1,gelu,3,992.8726430574856,94,29.688114881515503,100,0.04,0.04,0.04,discrete,activation,2,0.0,0.0,0.0,full_activation_gelu_rep02,94002,992.8726430574856
gelu,1,gelu,3,985.2263479676387,95,29.680516004562378,100,0.04,0.04,0.04,discrete,activation,2,0.0,0.0,0.0,full_activation_gelu_rep02,94002,985.2263479676387
gelu,1,gelu,3,983.4627487507688,96,29.201364040374756,100,0.04,0.04,0.04,discrete,activation,2,0.0,0.0,0.0,full_activation_gelu_rep02,94002,983.4627487507688
gelu,1,gelu,3,985.1729292106803,97,29.593843936920166,100,0.04,0.04,0.04,discrete,activation,2,0.0,0.0,0.0,full_activation_gelu_rep02,94002,985.1729292106803
gelu,1,gelu,3,983.6064571426579,98,29.53851294517517,100,0.04,0.04,0.04,discrete,activation,2,0.0,0.0,0.0,full_activation_gelu_rep02,94002,983.6064571426579
gelu,1,gelu,3,995.6266944699487,99,29.476588010787964,100,0.04,0.04,0.04,discrete,activation,2,0.0,0.0,0.0,full_activation_gelu_rep02,94002,995.6266944699487
gelu,1,gelu,3,985.941321874435,100,28.451152801513672,100,0.04,0.04,0.04,discrete,activation,2,0.0,0.0,0.0,full_activation_gelu_rep02,94002,985.941321874435
gelu,1,gelu,3,958.3661049355393,101,31.99571704864502,100,0.02,0.02,0.02,discrete,activation,2,0.0,0.0,0.0,full_activation_gelu_rep02,94002,958.3661049355393
gelu,1,gelu,3,961.0404645572894,102,31.807425022125244,100,0.02,0.02,0.02,discrete,activation,2,0.0,0.0,0.0,full_activation_gelu_rep02,94002,961.0404645572894
gelu,1,gelu,3,974.6337777331772,103,31.140084981918335,100,0.02,0.02,0.02,discrete,activation,2,0.0,0.0,0.0,full_activation_gelu_rep02,94002,974.6337777331772
gelu,1,gelu,3,963.0478764853345,104,32.391053199768066,100,0.02,0.02,0.02,discrete,activation,2,0.0,0.0,0.0,full_activation_gelu_rep02,94002,963.0478764853345
gelu,1,gelu,3,956.953104474575,105,31.75043511390686,100,0.02,0.02,0.02,discrete,activation,2,0.0,0.0,0.0,full_activation_gelu_rep02,94002,956.953104474575
gelu,1,gelu,3,960.9914642778131,106,31.962610960006714,100,0.02,0.02,0.02,discrete,activation,2,0.0,0.0,0.0,full_activation_gelu_rep02,94002,960.9914642778131
gelu,1,gelu,3,963.9825693234412,107,31.056986093521118,100,0.02,0.02,0.02,discrete,activation,2,0.0,0.0,0.0,full_activation_gelu_rep02,94002,963.9825693234412
gelu,1,gelu,3,953.925588962778,108,31.541263103485107,100,0.02,0.02,0.02,discrete,activation,2,0.0,0.0,0.0,full_activation_gelu_rep02,94002,953.925588962778
gelu,1,gelu,3,956.6571946100134,109,32.09881806373596,100,0.02,0.02,0.02,discrete,activation,2,0.0,0.0,0.0,full_activation_gelu_rep02,94002,956.6571946100134
gelu,1,gelu,3,978.8481087321442,110,32.05281710624695,100,0.02,0.02,0.02,discrete,activation,2,0.0,0.0,0.0,full_activation_gelu_rep02,94002,978.8481087321442
gelu,1,gelu,3,944.1607136969575,111,32.44236397743225,100,0.01,0.01,0.01,discrete,activation,2,0.0,0.0,0.0,full_activation_gelu_rep02,94002,944.1607136969575
gelu,1,gelu,3,939.0474415718328,112,33.13680386543274,100,0.01,0.01,0.01,discrete,activation,2,0.0,0.0,0.0,full_activation_gelu_rep02,94002,939.0474415718328
gelu,1,gelu,3,930.6938171148536,113,33.03987193107605,100,0.01,0.01,0.01,discrete,activation,2,0.0,0.0,0.0,full_activation_gelu_rep02,94002,930.6938171148536
gelu,1,gelu,3,940.1172648825443,114,33.2889609336853,100,0.01,0.01,0.01,discrete,activation,2,0.0,0.0,0.0,full_activation_gelu_rep02,94002,940.1172648825443
gelu,1,gelu,3,936.9964249213793,115,33.94181990623474,100,0.01,0.01,0.01,discrete,activation,2,0.0,0.0,0.0,full_activation_gelu_rep02,94002,936.9964249213793
gelu,1,gelu,3,940.8154359007303,116,32.19633603096008,100,0.01,0.01,0.01,discrete,activation,2,0.0,0.0,0.0,full_activation_gelu_rep02,94002,940.8154359007303
gelu,1,gelu,3,939.3407889324358,117,33.415663957595825,100,0.01,0.01,0.01,discrete,activation,2,0.0,0.0,0.0,full_activation_gelu_rep02,94002,939.3407889324358
gelu,1,gelu,3,941.2930346122833,118,33.35148811340332,100,0.01,0.01,0.01,discrete,activation,2,0.0,0.0,0.0,full_activation_gelu_rep02,94002,941.2930346122833
gelu,1,gelu,3,949.2108767175591,119,33.787611961364746,100,0.01,0.01,0.01,discrete,activation,2,0.0,0.0,0.0,full_activation_gelu_rep02,94002,949.2108767175591
gelu,1,gelu,3,941.3230435660824,120,31.916696071624756,100,0.01,0.01,0.01,discrete,activation,2,0.0,0.0,0.0,full_activation_gelu_rep02,94002,941.3230435660824
gelu,1,gelu,3,910.9692090625426,121,30.456146001815796,100,0.01,0.01,0.0,discrete,activation,2,0.0,0.0,0.0,full_activation_gelu_rep02,94002,910.9692090625426
gelu,1,gelu,3,925.3125695778385,122,26.058858156204224,100,0.01,0.01,0.0,discrete,activation,2,0.0,0.0,0.0,full_activation_gelu_rep02,94002,925.3125695778385
gelu,1,gelu,3,916.8217799160385,123,25.69915795326233,100,0.01,0.01,0.0,discrete,activation,2,0.0,0.0,0.0,full_activation_gelu_rep02,94002,916.8217799160385
gelu,1,gelu,3,926.3173745122746,124,27.313968896865845,100,0.01,0.01,0.0,discrete,activation,2,0.0,0.0,0.0,full_activation_gelu_rep02,94002,926.3173745122746
gelu,1,gelu,3,921.0790126282654,125,26.59489917755127,100,0.01,0.01,0.0,discrete,activation,2,0.0,0.0,0.0,full_activation_gelu_rep02,94002,921.0790126282654
gelu,1,gelu,3,919.8998239847833,126,26.342358112335205,100,0.01,0.01,0.0,discrete,activation,2,0.0,0.0,0.0,full_activation_gelu_rep02,94002,919.8998239847833
gelu,1,gelu,3,917.3012512377896,127,26.66074800491333,100,0.01,0.01,0.0,discrete,activation,2,0.0,0.0,0.0,full_activation_gelu_rep02,94002,917.3012512377896
gelu,1,gelu,3,914.8469989790144,128,26.983745098114014,100,0.01,0.01,0.0,discrete,activation,2,0.0,0.0,0.0,full_activation_gelu_rep02,94002,914.8469989790144
gelu,1,gelu,3,914.2218179454351,129,29.560570001602173,100,0.01,0.01,0.0,discrete,activation,2,0.0,0.0,0.0,full_activation_gelu_rep02,94002,914.2218179454351
gelu,1,gelu,3,919.255165794328,130,28.21487808227539,100,0.01,0.01,0.0,discrete,activation,2,0.0,0.0,0.0,full_activation_gelu_rep02,94002,919.255165794328
gelu,1,gelu,3,1781.7041716599824,1,85.86677980422974,100,1.0,1.0,1.0,discrete,activation,3,0.0,0.0,0.0,full_activation_gelu_rep03,94003,1781.7041716599824
gelu,1,gelu,3,942.8620831709464,2,27.76520586013794,100,1.0,1.0,1.0,discrete,activation,3,0.0,0.0,0.0,full_activation_gelu_rep03,94003,942.8620831709464
gelu,1,gelu,3,928.4172480540952,3,28.541601181030273,100,1.0,1.0,1.0,discrete,activation,3,0.0,0.0,0.0,full_activation_gelu_rep03,94003,928.4172480540952
gelu,1,gelu,3,923.450683687078,4,28.492380142211914,100,1.0,1.0,1.0,discrete,activation,3,0.0,0.0,0.0,full_activation_gelu_rep03,94003,923.450683687078
gelu,1,gelu,3,921.7434641352475,5,28.763082027435303,100,1.0,1.0,1.0,discrete,activation,3,0.0,0.0,0.0,full_activation_gelu_rep03,94003,921.7434641352475
gelu,1,gelu,3,921.1773647317781,6,27.800540924072266,100,1.0,1.0,1.0,discrete,activation,3,0.0,0.0,0.0,full_activation_gelu_rep03,94003,921.1773647317781
gelu,1,gelu,3,920.6938987860007,7,28.456693172454834,100,1.0,1.0,1.0,discrete,activation,3,0.0,0.0,0.0,full_activation_gelu_rep03,94003,920.6938987860007
gelu,1,gelu,3,920.3126336732178,8,29.202322959899902,100,1.0,1.0,1.0,discrete,activation,3,0.0,0.0,0.0,full_activation_gelu_rep03,94003,920.3126336732178
gelu,1,gelu,3,919.9582748413849,9,27.71635103225708,100,1.0,1.0,1.0,discrete,activation,3,0.0,0.0,0.0,full_activation_gelu_rep03,94003,919.9582748413849
gelu,1,gelu,3,919.6299165544148,10,29.15993905067444,100,1.0,1.0,1.0,discrete,activation,3,0.0,0.0,0.0,full_activation_gelu_rep03,94003,919.6299165544148
gelu,1,gelu,3,919.3030441442024,11,29.24850583076477,100,1.0,1.0,1.0,discrete,activation,3,0.0,0.0,0.0,full_activation_gelu_rep03,94003,919.3030441442024
gelu,1,gelu,3,918.9734817708342,12,28.588404178619385,100,1.0,1.0,1.0,discrete,activation,3,0.0,0.0,0.0,full_activation_gelu_rep03,94003,918.9734817708342
gelu,1,gelu,3,918.6478330544996,13,28.53490710258484,100,1.0,1.0,1.0,discrete,activation,3,0.0,0.0,0.0,full_activation_gelu_rep03,94003,918.6478330544996
gelu,1,gelu,3,918.3336438627512,14,28.46988582611084,100,1.0,1.0,1.0,discrete,activation,3,0.0,0.0,0.0,full_activation_gelu_rep03,94003,918.3336438627512
gelu,1,gelu,3,918.0315306286054,15,27.765597820281982,100,1.0,1.0,1.0,discrete,activation,3,0.0,0.0,0.0,full_activation_gelu_rep03,94003,918.0315306286054
gelu,1,gelu,3,917.7484996489584,16,28.831523895263672,100,1.0,1.0,1.0,discrete,activation,3,0.0,0.0,0.0,full_activation_gelu_rep03,94003,917.7484996489584
gelu,1,gelu,3,917.4857948501616,17,28.493903875350952,100,1.0,1.0,1.0,discrete,activation,3,0.0,0.0,0.0,full_activation_gelu_rep03,94003,917.4857948501616
gelu,1,gelu,3,917.2306558986079,18,27.566375970840454,100,1.0,1.0,1.0,discrete,activation,3,0.0,0.0,0.0,full_activation_gelu_rep03,94003,917.2306558986079
gelu,1,gelu,3,916.9873025760966,19,28.251283884048462,100,1.0,1.0,1.0,discrete,activation,3,0.0,0.0,0.0,full_activation_gelu_rep03,94003,916.9873025760966
gelu,1,gelu,3,916.5553617755755,20,28.573286771774292,100,1.0,1.0,1.0,discrete,activation,3,0.0,0.0,0.0,full_activation_gelu_rep03,94003,916.5553617755755
gelu,1,gelu,3,991.5806361487631,21,27.871245861053467,100,0.8,0.8,0.8,discrete,activation,3,0.0,0.0,0.0,full_activation_gelu_rep03,94003,991.5806361487631
gelu,1,gelu,3,991.7142101193181,22,28.25393295288086,100,0.8,0.8,0.8,discrete,activation,3,0.0,0.0,0.0,full_activation_gelu_rep03,94003,991.7142101193181
gelu,1,gelu,3,991.1563006898765,23,28.693378925323486,100,0.8,0.8,0.8,discrete,activation,3,0.0,0.0,0.0,full_activation_gelu_rep03,94003,991.1563006898765
gelu,1,gelu,3,991.2079450479671,24,28.1013081073761,100,0.8,0.8,0.8,discrete,activation,3,0.0,0.0,0.0,full_activation_gelu_rep03,94003,991.2079450479671
gelu,1,gelu,3,990.4943370863256,25,28.528752088546753,100,0.8,0.8,0.8,discrete,activation,3,0.0,0.0,0.0,full_activation_gelu_rep03,94003,990.4943370863256
gelu,1,gelu,3,990.3368104211943,26,28.143337965011597,100,0.8,0.8,0.8,discrete,activation,3,0.0,0.0,0.0,full_activation_gelu_rep03,94003,990.3368104211943
gelu,1,gelu,3,990.0637449815933,27,28.671837091445923,100,0.8,0.8,0.8,discrete,activation,3,0.0,0.0,0.0,full_activation_gelu_rep03,94003,990.0637449815933
gelu,1,gelu,3,989.7318238817504,28,27.85171103477478,100,0.8,0.8,0.8,discrete,activation,3,0.0,0.0,0.0,full_activation_gelu_rep03,94003,989.7318238817504
gelu,1,gelu,3,989.3971718612854,29,28.694373846054077,100,0.8,0.8,0.8,discrete,activation,3,0.0,0.0,0.0,full_activation_gelu_rep03,94003,989.3971718612854
gelu,1,gelu,3,989.0979580054793,30,28.983563899993896,100,0.8,0.8,0.8,discrete,activation,3,0.0,0.0,0.0,full_activation_gelu_rep03,94003,989.0979580054793
gelu,1,gelu,3,1042.9057454230124,31,27.390825033187866,100,0.6,0.6,0.6,discrete,activation,3,0.0,0.0,0.0,full_activation_gelu_rep03,94003,1042.9057454230124
gelu,1,gelu,3,1042.7480237599602,32,28.525906801223755,100,0.6,0.6,0.6,discrete,activation,3,0.0,0.0,0.0,full_activation_gelu_rep03,94003,1042.7480237599602
gelu,1,gelu,3,1042.3019064488105,33,28.95885396003723,100,0.6,0.6,0.6,discrete,activation,3,0.0,0.0,0.0,full_activation_gelu_rep03,94003,1042.3019064488105
gelu,1,gelu,3,1042.1674982937238,34,27.839930057525635,100,0.6,0.6,0.6,discrete,activation,3,0.0,0.0,0.0,full_activation_gelu_rep03,94003,1042.1674982937238
gelu,1,gelu,3,1041.8927907377395,35,28.5647189617157,100,0.6,0.6,0.6,discrete,activation,3,0.0,0.0,0.0,full_activation_gelu_rep03,94003,1041.8927907377395
gelu,1,gelu,3,1041.7970415244106,36,29.479119062423706,100,0.6,0.6,0.6,discrete,activation,3,0.0,0.0,0.0,full_activation_gelu_rep03,94003,1041.7970415244106
gelu,1,gelu,3,1041.6338699736004,37,28.15825390815735,100,0.6,0.6,0.6,discrete,activation,3,0.0,0.0,0.0,full_activation_gelu_rep03,94003,1041.6338699736004
gelu,1,gelu,3,1041.5533596137027,38,28.22737717628479,100,0.6,0.6,0.6,discrete,activation,3,0.0,0.0,0.0,full_activation_gelu_rep03,94003,1041.5533596137027
gelu,1,gelu,3,1041.4700856381978,39,28.323455095291138,100,0.6,0.6,0.6,discrete,activation,3,0.0,0.0,0.0,full_activation_gelu_rep03,94003,1041.4700856381978
gelu,1,gelu,3,1041.419716844981,40,27.850069999694824,100,0.6,0.6,0.6,discrete,activation,3,0.0,0.0,0.0,full_activation_gelu_rep03,94003,1041.419716844981
gelu,1,gelu,3,1065.2357124137636,41,28.330601930618286,100,0.4,0.4,0.4,discrete,activation,3,0.0,0.0,0.0,full_activation_gelu_rep03,94003,1065.2357124137636
gelu,1,gelu,3,1065.6122402688943,42,28.54663896560669,100,0.4,0.4,0.4,discrete,activation,3,0.0,0.0,0.0,full_activation_gelu_rep03,94003,1065.6122402688943
gelu,1,gelu,3,1065.232968465926,43,27.209215879440308,100,0.4,0.4,0.4,discrete,activation,3,0.0,0.0,0.0,full_activation_gelu_rep03,94003,1065.232968465926
gelu,1,gelu,3,1065.4827646408676,44,28.22792887687683,100,0.4,0.4,0.4,discrete,activation,3,0.0,0.0,0.0,full_activation_gelu_rep03,94003,1065.4827646408676
gelu,1,gelu,3,1065.268394267736,45,28.461031913757324,100,0.4,0.4,0.4,discrete,activation,3,0.0,0.0,0.0,full_activation_gelu_rep03,94003,1065.268394267736
gelu,1,gelu,3,1065.3889785993574,46,27.709682941436768,100,0.4,0.4,0.4,discrete,activation,3,0.0,0.0,0.0,full_activation_gelu_rep03,94003,1065.3889785993574
gelu,1,gelu,3,1065.2940552994107,47,28.324482917785645,100,0.4,0.4,0.4,discrete,activation,3,0.0,0.0,0.0,full_activation_gelu_rep03,94003,1065.2940552994107
gelu,1,gelu,3,1065.3242091350949,48,28.589932918548584,100,0.4,0.4,0.4,discrete,activation,3,0.0,0.0,0.0,full_activation_gelu_rep03,94003,1065.3242091350949
gelu,1,gelu,3,1065.312675114462,49,27.3032488822937,100,0.4,0.4,0.4,discrete,activation,3,0.0,0.0,0.0,full_activation_gelu_rep03,94003,1065.312675114462
gelu,1,gelu,3,1065.3075497606649,50,28.70097303390503,100,0.4,0.4,0.4,discrete,activation,3,0.0,0.0,0.0,full_activation_gelu_rep03,94003,1065.3075497606649
gelu,1,gelu,3,1037.6795456268344,51,28.111624002456665,100,0.2,0.2,0.2,discrete,activation,3,0.0,0.0,0.0,full_activation_gelu_rep03,94003,1037.6795456268344
gelu,1,gelu,3,1038.5625232763448,52,26.787533044815063,100,0.2,0.2,0.2,discrete,activation,3,0.0,0.0,0.0,full_activation_gelu_rep03,94003,1038.5625232763448
gelu,1,gelu,3,1037.6106932807402,53,28.71861696243286,100,0.2,0.2,0.2,discrete,activation,3,0.0,0.0,0.0,full_activation_gelu_rep03,94003,1037.6106932807402
gelu,1,gelu,3,1040.8211640135967,54,27.818744897842407,100,0.2,0.2,0.2,discrete,activation,3,0.0,0.0,0.0,full_activation_gelu_rep03,94003,1040.8211640135967
gelu,1,gelu,3,1038.6830732080352,55,26.989289045333862,100,0.2,0.2,0.2,discrete,activation,3,0.0,0.0,0.0,full_activation_gelu_rep03,94003,1038.6830732080352
gelu,1,gelu,3,1038.9011199872818,56,27.623619079589844,100,0.2,0.2,0.2,discrete,activation,3,0.0,0.0,0.0,full_activation_gelu_rep03,94003,1038.9011199872818
gelu,1,gelu,3,1038.386291187464,57,27.83658504486084,100,0.2,0.2,0.2,discrete,activation,3,0.0,0.0,0.0,full_activation_gelu_rep03,94003,1038.386291187464
gelu,1,gelu,3,1038.6468984329745,58,27.17537212371826,100,0.2,0.2,0.2,discrete,activation,3,0.0,0.0,0.0,full_activation_gelu_rep03,94003,1038.6468984329745
gelu,1,gelu,3,1038.1795392337692,59,27.83967900276184,100,0.2,0.2,0.2,discrete,activation,3,0.0,0.0,0.0,full_activation_gelu_rep03,94003,1038.1795392337692
gelu,1,gelu,3,1037.4790045106247,60,27.875065803527832,100,0.2,0.2,0.2,discrete,activation,3,0.0,0.0,0.0,full_activation_gelu_rep03,94003,1037.4790045106247
gelu,1,gelu,3,992.0020450240722,61,27.720712900161743,100,0.1,0.1,0.1,discrete,activation,3,0.0,0.0,0.0,full_activation_gelu_rep03,94003,992.0020450240722
gelu,1,gelu,3,992.5265758681577,62,28.743746995925903,100,0.1,0.1,0.1,discrete,activation,3,0.0,0.0,0.0,full_activation_gelu_rep03,94003,992.5265758681577
gelu,1,gelu,3,990.4105105455342,63,29.038671016693115,100,0.1,0.1,0.1,discrete,activation,3,0.0,0.0,0.0,full_activation_gelu_rep03,94003,990.4105105455342
gelu,1,gelu,3,1003.7541271787436,64,28.3954439163208,100,0.1,0.1,0.1,discrete,activation,3,0.0,0.0,0.0,full_activation_gelu_rep03,94003,1003.7541271787436
gelu,1,gelu,3,989.7235134927306,65,27.586456060409546,100,0.1,0.1,0.1,discrete,activation,3,0.0,0.0,0.0,full_activation_gelu_rep03,94003,989.7235134927306
gelu,1,gelu,3,989.960632343117,66,28.30184507369995,100,0.1,0.1,0.1,discrete,activation,3,0.0,0.0,0.0,full_activation_gelu_rep03,94003,989.960632343117
gelu,1,gelu,3,992.3875166494287,67,29.067069053649902,100,0.1,0.1,0.1,discrete,activation,3,0.0,0.0,0.0,full_activation_gelu_rep03,94003,992.3875166494287
gelu,1,gelu,3,988.8466509219633,68,27.669829845428467,100,0.1,0.1,0.1,discrete,activation,3,0.0,0.0,0.0,full_activation_gelu_rep03,94003,988.8466509219633
gelu,1,gelu,3,992.1133562530022,69,28.73229694366455,100,0.1,0.1,0.1,discrete,activation,3,0.0,0.0,0.0,full_activation_gelu_rep03,94003,992.1133562530022
gelu,1,gelu,3,988.651349338844,70,28.891618967056274,100,0.1,0.1,0.1,discrete,activation,3,0.0,0.0,0.0,full_activation_gelu_rep03,94003,988.651349338844
gelu,1,gelu,3,976.3286667247687,71,27.88374400138855,100,0.08,0.08,0.08,discrete,activation,3,0.0,0.0,0.0,full_activation_gelu_rep03,94003,976.3286667247687
gelu,1,gelu,3,977.4030730540298,72,28.615195989608765,100,0.08,0.08,0.08,discrete,activation,3,0.0,0.0,0.0,full_activation_gelu_rep03,94003,977.4030730540298
gelu,1,gelu,3,979.2820908418086,73,28.870069980621338,100,0.08,0.08,0.08,discrete,activation,3,0.0,0.0,0.0,full_activation_gelu_rep03,94003,979.2820908418086
gelu,1,gelu,3,974.6360712630462,74,28.957221031188965,100,0.08,0.08,0.08,discrete,activation,3,0.0,0.0,0.0,full_activation_gelu_rep03,94003,974.6360712630462
gelu,1,gelu,3,981.876735744769,75,27.375793933868408,100,0.08,0.08,0.08,discrete,activation,3,0.0,0.0,0.0,full_activation_gelu_rep03,94003,981.876735744769
gelu,1,gelu,3,975.5426556899861,76,29.77368688583374,100,0.08,0.08,0.08,discrete,activation,3,0.0,0.0,0.0,full_activation_gelu_rep03,94003,975.5426556899861
gelu,1,gelu,3,978.4758242118103,77,28.778289079666138,100,0.08,0.08,0.08,discrete,activation,3,0.0,0.0,0.0,full_activation_gelu_rep03,94003,978.4758242118103
gelu,1,gelu,3,980.4886070281161,78,27.610876083374023,100,0.08,0.08,0.08,discrete,activation,3,0.0,0.0,0.0,full_activation_gelu_rep03,94003,980.4886070281161
gelu,1,gelu,3,975.0111409595992,79,28.983903884887695,100,0.08,0.08,0.08,discrete,activation,3,0.0,0.0,0.0,full_activation_gelu_rep03,94003,975.0111409595992
gelu,1,gelu,3,979.697131712514,80,29.314369201660156,100,0.08,0.08,0.08,discrete,activation,3,0.0,0.0,0.0,full_activation_gelu_rep03,94003,979.697131712514
gelu,1,gelu,3,970.1258403736417,81,28.2902250289917,100,0.06,0.06,0.06,discrete,activation,3,0.0,0.0,0.0,full_activation_gelu_rep03,94003,970.1258403736417
gelu,1,gelu,3,964.1770883220728,82,28.99064302444458,100,0.06,0.06,0.06,discrete,activation,3,0.0,0.0,0.0,full_activation_gelu_rep03,94003,964.1770883220728
gelu,1,gelu,3,964.5581414227423,83,28.628910064697266,100,0.06,0.06,0.06,discrete,activation,3,0.0,0.0,0.0,full_activation_gelu_rep03,94003,964.5581414227423
gelu,1,gelu,3,961.9088925560478,84,28.947976112365723,100,0.06,0.06,0.06,discrete,activation,3,0.0,0.0,0.0,full_activation_gelu_rep03,94003,961.9088925560478
gelu,1,gelu,3,967.7520786286035,85,27.78992199897766,100,0.06,0.06,0.06,discrete,activation,3,0.0,0.0,0.0,full_activation_gelu_rep03,94003,967.7520786286035
gelu,1,gelu,3,974.4336969883311,86,28.834211826324463,100,0.06,0.06,0.06,discrete,activation,3,0.0,0.0,0.0,full_activation_gelu_rep03,94003,974.4336969883311
gelu,1,gelu,3,965.8383956359951,87,28.708580017089844,100,0.06,0.06,0.06,discrete,activation,3,0.0,0.0,0.0,full_activation_gelu_rep03,94003,965.8383956359951
gelu,1,gelu,3,961.9477551041003,88,28.7776141166687,100,0.06,0.06,0.06,discrete,activation,3,0.0,0.0,0.0,full_activation_gelu_rep03,94003,961.9477551041003
gelu,1,gelu,3,959.48860341654,89,27.59841299057007,100,0.06,0.06,0.06,discrete,activation,3,0.0,0.0,0.0,full_activation_gelu_rep03,94003,959.48860341654
gelu,1,gelu,3,962.2810805919627,90,29.044294118881226,100,0.06,0.06,0.06,discrete,activation,3,0.0,0.0,0.0,full_activation_gelu_rep03,94003,962.2810805919627
gelu,1,gelu,3,969.5838052126452,91,29.417311906814575,100,0.04,0.04,0.04,discrete,activation,3,0.0,0.0,0.0,full_activation_gelu_rep03,94003,969.5838052126452
gelu,1,gelu,3,962.9333479959503,92,28.77125597000122,100,0.04,0.04,0.04,discrete,activation,3,0.0,0.0,0.0,full_activation_gelu_rep03,94003,962.9333479959503
gelu,1,gelu,3,970.9103538373463,93,28.23220992088318,100,0.04,0.04,0.04,discrete,activation,3,0.0,0.0,0.0,full_activation_gelu_rep03,94003,970.9103538373463
gelu,1,gelu,3,960.7981880622817,94,28.881770133972168,100,0.04,0.04,0.04,discrete,activation,3,0.0,0.0,0.0,full_activation_gelu_rep03,94003,960.7981880622817
gelu,1,gelu,3,964.4067645516192,95,28.58164691925049,100,0.04,0.04,0.04,discrete,activation,3,0.0,0.0,0.0,full_activation_gelu_rep03,94003,964.4067645516192
gelu,1,gelu,3,967.6355412214199,96,28.193628072738647,100,0.04,0.04,0.04,discrete,activation,3,0.0,0.0,0.0,full_activation_gelu_rep03,94003,967.6355412214199
gelu,1,gelu,3,963.9073401050653,97,28.288320064544678,100,0.04,0.04,0.04,discrete,activation,3,0.0,0.0,0.0,full_activation_gelu_rep03,94003,963.9073401050653
gelu,1,gelu,3,960.0877456242888,98,28.725037097930908,100,0.04,0.04,0.04,discrete,activation,3,0.0,0.0,0.0,full_activation_gelu_rep03,94003,960.0877456242888
gelu,1,gelu,3,960.212339693025,99,28.88290286064148,100,0.04,0.04,0.04,discrete,activation,3,0.0,0.0,0.0,full_activation_gelu_rep03,94003,960.212339693025
gelu,1,gelu,3,957.4545111028274,100,27.70552110671997,100,0.04,0.04,0.04,discrete,activation,3,0.0,0.0,0.0,full_activation_gelu_rep03,94003,957.4545111028274
gelu,1,gelu,3,958.3279687489922,101,29.786941051483154,100,0.02,0.02,0.02,discrete,activation,3,0.0,0.0,0.0,full_activation_gelu_rep03,94003,958.3279687489922
gelu,1,gelu,3,966.974756231727,102,29.620200872421265,100,0.02,0.02,0.02,discrete,activation,3,0.0,0.0,0.0,full_activation_gelu_rep03,94003,966.974756231727
gelu,1,gelu,3,964.0210884756707,103,30.084061861038208,100,0.02,0.02,0.02,discrete,activation,3,0.0,0.0,0.0,full_activation_gelu_rep03,94003,964.0210884756707
gelu,1,gelu,3,965.3935190973286,104,28.916951179504395,100,0.02,0.02,0.02,discrete,activation,3,0.0,0.0,0.0,full_activation_gelu_rep03,94003,965.3935190973286
gelu,1,gelu,3,963.4824473001291,105,29.82742977142334,100,0.02,0.02,0.02,discrete,activation,3,0.0,0.0,0.0,full_activation_gelu_rep03,94003,963.4824473001291
gelu,1,gelu,3,965.7267797353305,106,29.853275060653687,100,0.02,0.02,0.02,discrete,activation,3,0.0,0.0,0.0,full_activation_gelu_rep03,94003,965.7267797353305
gelu,1,gelu,3,961.2572836936016,107,29.912222146987915,100,0.02,0.02,0.02,discrete,activation,3,0.0,0.0,0.0,full_activation_gelu_rep03,94003,961.2572836936016
gelu,1,gelu,3,965.8790335532905,108,28.994935035705566,100,0.02,0.02,0.02,discrete,activation,3,0.0,0.0,0.0,full_activation_gelu_rep03,94003,965.8790335532905
gelu,1,gelu,3,969.4565811054455,109,29.389371871948242,100,0.02,0.02,0.02,discrete,activation,3,0.0,0.0,0.0,full_activation_gelu_rep03,94003,969.4565811054455
gelu,1,gelu,3,970.1655378706726,110,29.762281894683838,100,0.02,0.02,0.02,discrete,activation,3,0.0,0.0,0.0,full_activation_gelu_rep03,94003,970.1655378706726
gelu,1,gelu,3,962.9931277100306,111,31.894197940826416,100,0.01,0.01,0.01,discrete,activation,3,0.0,0.0,0.0,full_activation_gelu_rep03,94003,962.9931277100306
gelu,1,gelu,3,970.2195176459203,112,31.047152996063232,100,0.01,0.01,0.01,discrete,activation,3,0.0,0.0,0.0,full_activation_gelu_rep03,94003,970.2195176459203
gelu,1,gelu,3,962.4387549584588,113,31.75016689300537,100,0.01,0.01,0.01,discrete,activation,3,0.0,0.0,0.0,full_activation_gelu_rep03,94003,962.4387549584588
gelu,1,gelu,3,959.8936802056361,114,31.532944202423096,100,0.01,0.01,0.01,discrete,activation,3,0.0,0.0,0.0,full_activation_gelu_rep03,94003,959.8936802056361
gelu,1,gelu,3,969.9980132160695,115,31.384031057357788,100,0.01,0.01,0.01,discrete,activation,3,0.0,0.0,0.0,full_activation_gelu_rep03,94003,969.9980132160695
gelu,1,gelu,3,958.0690383357351,116,31.983943939208984,100,0.01,0.01,0.01,discrete,activation,3,0.0,0.0,0.0,full_activation_gelu_rep03,94003,958.0690383357351
gelu,1,gelu,3,967.0504246687497,117,31.70106792449951,100,0.01,0.01,0.01,discrete,activation,3,0.0,0.0,0.0,full_activation_gelu_rep03,94003,967.0504246687497
gelu,1,gelu,3,962.7900353856526,118,31.612392902374268,100,0.01,0.01,0.01,discrete,activation,3,0.0,0.0,0.0,full_activation_gelu_rep03,94003,962.7900353856526
gelu,1,gelu,3,974.7760939638171,119,31.694819927215576,100,0.01,0.01,0.01,discrete,activation,3,0.0,0.0,0.0,full_activation_gelu_rep03,94003,974.7760939638171
gelu,1,gelu,3,960.4951156121821,120,31.774784088134766,100,0.01,0.01,0.01,discrete,activation,3,0.0,0.0,0.0,full_activation_gelu_rep03,94003,960.4951156121821
gelu,1,gelu,3,929.7119119495854,121,28.240002155303955,100,0.01,0.01,0.0,discrete,activation,3,0.0,0.0,0.0,full_activation_gelu_rep03,94003,929.7119119495854
gelu,1,gelu,3,941.3877057430088,122,24.91134285926819,100,0.01,0.01,0.0,discrete,activation,3,0.0,0.0,0.0,full_activation_gelu_rep03,94003,941.3877057430088
gelu,1,gelu,3,932.8541391194392,123,24.835546016693115,100,0.01,0.01,0.0,discrete,activation,3,0.0,0.0,0.0,full_activation_gelu_rep03,94003,932.8541391194392
gelu,1,gelu,3,935.8942356331266,124,24.859046936035156,100,0.01,0.01,0.0,discrete,activation,3,0.0,0.0,0.0,full_activation_gelu_rep03,94003,935.8942356331266
gelu,1,gelu,3,927.6055075013137,125,25.36237907409668,100,0.01,0.01,0.0,discrete,activation,3,0.0,0.0,0.0,full_activation_gelu_rep03,94003,927.6055075013137
gelu,1,gelu,3,931.2965314804834,126,24.324093103408813,100,0.01,0.01,0.0,discrete,activation,3,0.0,0.0,0.0,full_activation_gelu_rep03,94003,931.2965314804834
gelu,1,gelu,3,929.8516269141872,127,25.163491010665894,100,0.01,0.01,0.0,discrete,activation,3,0.0,0.0,0.0,full_activation_gelu_rep03,94003,929.8516269141872
gelu,1,gelu,3,930.5159349644852,128,24.963309049606323,100,0.01,0.01,0.0,discrete,activation,3,0.0,0.0,0.0,full_activation_gelu_rep03,94003,930.5159349644852
gelu,1,gelu,3,931.6481183054545,129,24.28710699081421,100,0.01,0.01,0.0,discrete,activation,3,0.0,0.0,0.0,full_activation_gelu_rep03,94003,931.6481183054545
gelu,1,gelu,3,930.5805060780111,130,25.274942874908447,100,0.01,0.01,0.0,discrete,activation,3,0.0,0.0,0.0,full_activation_gelu_rep03,94003,930.5805060780111
gelu,1,gelu,3,1890.8939430718265,1,86.28512716293335,100,1.0,1.0,1.0,discrete,activation,4,0.0,0.0,0.0,full_activation_gelu_rep04,94004,1890.8939430718265
gelu,1,gelu,3,958.6486892799684,2,28.10138201713562,100,1.0,1.0,1.0,discrete,activation,4,0.0,0.0,0.0,full_activation_gelu_rep04,94004,958.6486892799684
gelu,1,gelu,3,938.3356972475884,3,28.857452869415283,100,1.0,1.0,1.0,discrete,activation,4,0.0,0.0,0.0,full_activation_gelu_rep04,94004,938.3356972475884
gelu,1,gelu,3,933.0542903334898,4,28.831308126449585,100,1.0,1.0,1.0,discrete,activation,4,0.0,0.0,0.0,full_activation_gelu_rep04,94004,933.0542903334898
gelu,1,gelu,3,931.2874204736689,5,28.914761066436768,100,1.0,1.0,1.0,discrete,activation,4,0.0,0.0,0.0,full_activation_gelu_rep04,94004,931.2874204736689
gelu,1,gelu,3,930.2609040052048,6,27.912441968917847,100,1.0,1.0,1.0,discrete,activation,4,0.0,0.0,0.0,full_activation_gelu_rep04,94004,930.2609040052048
gelu,1,gelu,3,929.5430969931144,7,28.690837860107422,100,1.0,1.0,1.0,discrete,activation,4,0.0,0.0,0.0,full_activation_gelu_rep04,94004,929.5430969931144
gelu,1,gelu,3,928.9840517878071,8,28.6526620388031,100,1.0,1.0,1.0,discrete,activation,4,0.0,0.0,0.0,full_activation_gelu_rep04,94004,928.9840517878071
gelu,1,gelu,3,928.5277938243072,9,27.65394377708435,100,1.0,1.0,1.0,discrete,activation,4,0.0,0.0,0.0,full_activation_gelu_rep04,94004,928.5277938243072
gelu,1,gelu,3,928.1323733735156,10,29.10702109336853,100,1.0,1.0,1.0,discrete,activation,4,0.0,0.0,0.0,full_activation_gelu_rep04,94004,928.1323733735156
gelu,1,gelu,3,927.7741246216915,11,29.198246002197266,100,1.0,1.0,1.0,discrete,activation,4,0.0,0.0,0.0,full_activation_gelu_rep04,94004,927.7741246216915
gelu,1,gelu,3,927.4420654263673,12,28.84983205795288,100,1.0,1.0,1.0,discrete,activation,4,0.0,0.0,0.0,full_activation_gelu_rep04,94004,927.4420654263673
gelu,1,gelu,3,927.1436291891079,13,28.925014972686768,100,1.0,1.0,1.0,discrete,activation,4,0.0,0.0,0.0,full_activation_gelu_rep04,94004,927.1436291891079
gelu,1,gelu,3,926.8826759135378,14,28.730995178222656,100,1.0,1.0,1.0,discrete,activation,4,0.0,0.0,0.0,full_activation_gelu_rep04,94004,926.8826759135378
gelu,1,gelu,3,926.6656336605898,15,27.57576584815979,100,1.0,1.0,1.0,discrete,activation,4,0.0,0.0,0.0,full_activation_gelu_rep04,94004,926.6656336605898
gelu,1,gelu,3,926.475807122779,16,29.294227838516235,100,1.0,1.0,1.0,discrete,activation,4,0.0,0.0,0.0,full_activation_gelu_rep04,94004,926.475807122779
gelu,1,gelu,3,926.2982476578322,17,28.038583040237427,100,1.0,1.0,1.0,discrete,activation,4,0.0,0.0,0.0,full_activation_gelu_rep04,94004,926.2982476578322
gelu,1,gelu,3,926.1280820611552,18,28.84652590751648,100,1.0,1.0,1.0,discrete,activation,4,0.0,0.0,0.0,full_activation_gelu_rep04,94004,926.1280820611552
gelu,1,gelu,3,925.9588856782706,19,28.749994039535522,100,1.0,1.0,1.0,discrete,activation,4,0.0,0.0,0.0,full_activation_gelu_rep04,94004,925.9588856782706
gelu,1,gelu,3,925.7892811681512,20,27.61922597885132,100,1.0,1.0,1.0,discrete,activation,4,0.0,0.0,0.0,full_activation_gelu_rep04,94004,925.7892811681512
gelu,1,gelu,3,1001.8439128035224,21,28.518176794052124,100,0.8,0.8,0.8,discrete,activation,4,0.0,0.0,0.0,full_activation_gelu_rep04,94004,1001.8439128035224
gelu,1,gelu,3,1001.5265622365458,22,28.629847049713135,100,0.8,0.8,0.8,discrete,activation,4,0.0,0.0,0.0,full_activation_gelu_rep04,94004,1001.5265622365458
gelu,1,gelu,3,1001.2782083613903,23,27.81968879699707,100,0.8,0.8,0.8,discrete,activation,4,0.0,0.0,0.0,full_activation_gelu_rep04,94004,1001.2782083613903
gelu,1,gelu,3,1001.0469068845202,24,28.803505182266235,100,0.8,0.8,0.8,discrete,activation,4,0.0,0.0,0.0,full_activation_gelu_rep04,94004,1001.0469068845202
gelu,1,gelu,3,1000.8363201640055,25,28.645707845687866,100,0.8,0.8,0.8,discrete,activation,4,0.0,0.0,0.0,full_activation_gelu_rep04,94004,1000.8363201640055
gelu,1,gelu,3,1000.6440491522574,26,27.538568019866943,100,0.8,0.8,0.8,discrete,activation,4,0.0,0.0,0.0,full_activation_gelu_rep04,94004,1000.6440491522574
gelu,1,gelu,3,1000.4604712949715,27,28.455176830291748,100,0.8,0.8,0.8,discrete,activation,4,0.0,0.0,0.0,full_activation_gelu_rep04,94004,1000.4604712949715
gelu,1,gelu,3,1000.2685839300012,28,28.741606950759888,100,0.8,0.8,0.8,discrete,activation,4,0.0,0.0,0.0,full_activation_gelu_rep04,94004,1000.2685839300012
gelu,1,gelu,3,1000.247595713528,29,28.0362548828125,100,0.8,0.8,0.8,discrete,activation,4,0.0,0.0,0.0,full_activation_gelu_rep04,94004,1000.247595713528
gelu,1,gelu,3,999.7776159701125,30,28.824503898620605,100,0.8,0.8,0.8,discrete,activation,4,0.0,0.0,0.0,full_activation_gelu_rep04,94004,999.7776159701125
gelu,1,gelu,3,1054.989295413716,31,28.589828968048096,100,0.6,0.6,0.6,discrete,activation,4,0.0,0.0,0.0,full_activation_gelu_rep04,94004,1054.989295413716
gelu,1,gelu,3,1054.5994656307087,32,28.056174993515015,100,0.6,0.6,0.6,discrete,activation,4,0.0,0.0,0.0,full_activation_gelu_rep04,94004,1054.5994656307087
gelu,1,gelu,3,1054.460365319577,33,29.703979969024658,100,0.6,0.6,0.6,discrete,activation,4,0.0,0.0,0.0,full_activation_gelu_rep04,94004,1054.460365319577
gelu,1,gelu,3,1054.245902219285,34,28.624334812164307,100,0.6,0.6,0.6,discrete,activation,4,0.0,0.0,0.0,full_activation_gelu_rep04,94004,1054.245902219285
gelu,1,gelu,3,1054.06695943534,35,27.309185028076172,100,0.6,0.6,0.6,discrete,activation,4,0.0,0.0,0.0,full_activation_gelu_rep04,94004,1054.06695943534
gelu,1,gelu,3,1053.8797456398306,36,29.13156819343567,100,0.6,0.6,0.6,discrete,activation,4,0.0,0.0,0.0,full_activation_gelu_rep04,94004,1053.8797456398306
gelu,1,gelu,3,1053.6956781626734,37,28.43392300605774,100,0.6,0.6,0.6,discrete,activation,4,0.0,0.0,0.0,full_activation_gelu_rep04,94004,1053.6956781626734
gelu,1,gelu,3,1053.5214540364857,38,27.64545702934265,100,0.6,0.6,0.6,discrete,activation,4,0.0,0.0,0.0,full_activation_gelu_rep04,94004,1053.5214540364857
gelu,1,gelu,3,1053.306010334082,39,28.31806206703186,100,0.6,0.6,0.6,discrete,activation,4,0.0,0.0,0.0,full_activation_gelu_rep04,94004,1053.306010334082
gelu,1,gelu,3,1053.1097511636806,40,28.397220134735107,100,0.6,0.6,0.6,discrete,activation,4,0.0,0.0,0.0,full_activation_gelu_rep04,94004,1053.1097511636806
gelu,1,gelu,3,1078.8552415290815,41,27.312182903289795,100,0.4,0.4,0.4,discrete,activation,4,0.0,0.0,0.0,full_activation_gelu_rep04,94004,1078.8552415290815
gelu,1,gelu,3,1078.3107476857406,42,28.76561403274536,100,0.4,0.4,0.4,discrete,activation,4,0.0,0.0,0.0,full_activation_gelu_rep04,94004,1078.3107476857406
gelu,1,gelu,3,1078.3984759827517,43,29.095941066741943,100,0.4,0.4,0.4,discrete,activation,4,0.0,0.0,0.0,full_activation_gelu_rep04,94004,1078.3984759827517
gelu,1,gelu,3,1078.72053777519,44,27.571223974227905,100,0.4,0.4,0.4,discrete,activation,4,0.0,0.0,0.0,full_activation_gelu_rep04,94004,1078.72053777519
gelu,1,gelu,3,1077.8685131037942,45,28.475648164749146,100,0.4,0.4,0.4,discrete,activation,4,0.0,0.0,0.0,full_activation_gelu_rep04,94004,1077.8685131037942
gelu,1,gelu,3,1078.1137278152235,46,28.35409903526306,100,0.4,0.4,0.4,discrete,activation,4,0.0,0.0,0.0,full_activation_gelu_rep04,94004,1078.1137278152235
gelu,1,gelu,3,1078.1676468239455,47,28.897665977478027,100,0.4,0.4,0.4,discrete,activation,4,0.0,0.0,0.0,full_activation_gelu_rep04,94004,1078.1676468239455
gelu,1,gelu,3,1076.7857509899109,48,28.64451503753662,100,0.4,0.4,0.4,discrete,activation,4,0.0,0.0,0.0,full_activation_gelu_rep04,94004,1076.7857509899109
gelu,1,gelu,3,1077.7932115591552,49,27.764901876449585,100,0.4,0.4,0.4,discrete,activation,4,0.0,0.0,0.0,full_activation_gelu_rep04,94004,1077.7932115591552
gelu,1,gelu,3,1076.9834154215534,50,29.136160850524902,100,0.4,0.4,0.4,discrete,activation,4,0.0,0.0,0.0,full_activation_gelu_rep04,94004,1076.9834154215534
gelu,1,gelu,3,1053.1871485571735,51,28.711479902267456,100,0.2,0.2,0.2,discrete,activation,4,0.0,0.0,0.0,full_activation_gelu_rep04,94004,1053.1871485571735
gelu,1,gelu,3,1050.927997125709,52,27.497448921203613,100,0.2,0.2,0.2,discrete,activation,4,0.0,0.0,0.0,full_activation_gelu_rep04,94004,1050.927997125709
gelu,1,gelu,3,1050.3694409851146,53,28.602102994918823,100,0.2,0.2,0.2,discrete,activation,4,0.0,0.0,0.0,full_activation_gelu_rep04,94004,1050.3694409851146
gelu,1,gelu,3,1052.1620397267836,54,29.748093843460083,100,0.2,0.2,0.2,discrete,activation,4,0.0,0.0,0.0,full_activation_gelu_rep04,94004,1052.1620397267836
gelu,1,gelu,3,1050.6459444357204,55,27.802300930023193,100,0.2,0.2,0.2,discrete,activation,4,0.0,0.0,0.0,full_activation_gelu_rep04,94004,1050.6459444357204
gelu,1,gelu,3,1050.0991940045665,56,28.662424087524414,100,0.2,0.2,0.2,discrete,activation,4,0.0,0.0,0.0,full_activation_gelu_rep04,94004,1050.0991940045665
gelu,1,gelu,3,1050.8946003535652,57,28.692371129989624,100,0.2,0.2,0.2,discrete,activation,4,0.0,0.0,0.0,full_activation_gelu_rep04,94004,1050.8946003535652
gelu,1,gelu,3,1050.5354354500414,58,27.570715188980103,100,0.2,0.2,0.2,discrete,activation,4,0.0,0.0,0.0,full_activation_gelu_rep04,94004,1050.5354354500414
gelu,1,gelu,3,1051.4288196084942,59,28.41363215446472,100,0.2,0.2,0.2,discrete,activation,4,0.0,0.0,0.0,full_activation_gelu_rep04,94004,1051.4288196084942
gelu,1,gelu,3,1050.964589215483,60,28.446462869644165,100,0.2,0.2,0.2,discrete,activation,4,0.0,0.0,0.0,full_activation_gelu_rep04,94004,1050.964589215483
gelu,1,gelu,3,1006.9895994640066,61,28.69730496406555,100,0.1,0.1,0.1,discrete,activation,4,0.0,0.0,0.0,full_activation_gelu_rep04,94004,1006.9895994640066
gelu,1,gelu,3,1006.7365004938291,62,29.451415061950684,100,0.1,0.1,0.1,discrete,activation,4,0.0,0.0,0.0,full_activation_gelu_rep04,94004,1006.7365004938291
gelu,1,gelu,3,1005.2244908567031,63,29.400923013687134,100,0.1,0.1,0.1,discrete,activation,4,0.0,0.0,0.0,full_activation_gelu_rep04,94004,1005.2244908567031
gelu,1,gelu,3,999.9542608500751,64,28.62948203086853,100,0.1,0.1,0.1,discrete,activation,4,0.0,0.0,0.0,full_activation_gelu_rep04,94004,999.9542608500751
gelu,1,gelu,3,1009.0434831655286,65,29.488770961761475,100,0.1,0.1,0.1,discrete,activation,4,0.0,0.0,0.0,full_activation_gelu_rep04,94004,1009.0434831655286
gelu,1,gelu,3,1004.2601045090373,66,29.314666986465454,100,0.1,0.1,0.1,discrete,activation,4,0.0,0.0,0.0,full_activation_gelu_rep04,94004,1004.2601045090373
gelu,1,gelu,3,1007.2826835792075,67,28.64455795288086,100,0.1,0.1,0.1,discrete,activation,4,0.0,0.0,0.0,full_activation_gelu_rep04,94004,1007.2826835792075
gelu,1,gelu,3,1004.5224849283919,68,29.334113836288452,100,0.1,0.1,0.1,discrete,activation,4,0.0,0.0,0.0,full_activation_gelu_rep04,94004,1004.5224849283919
gelu,1,gelu,3,1005.5937071163935,69,30.060154914855957,100,0.1,0.1,0.1,discrete,activation,4,0.0,0.0,0.0,full_activation_gelu_rep04,94004,1005.5937071163935
gelu,1,gelu,3,1000.6775367275742,70,28.822804927825928,100,0.1,0.1,0.1,discrete,activation,4,0.0,0.0,0.0,full_activation_gelu_rep04,94004,1000.6775367275742
gelu,1,gelu,3,990.1244337320509,71,30.237114906311035,100,0.08,0.08,0.08,discrete,activation,4,0.0,0.0,0.0,full_activation_gelu_rep04,94004,990.1244337320509
gelu,1,gelu,3,993.2370388252298,72,29.801584005355835,100,0.08,0.08,0.08,discrete,activation,4,0.0,0.0,0.0,full_activation_gelu_rep04,94004,993.2370388252298
gelu,1,gelu,3,992.3145033784436,73,29.82802987098694,100,0.08,0.08,0.08,discrete,activation,4,0.0,0.0,0.0,full_activation_gelu_rep04,94004,992.3145033784436
gelu,1,gelu,3,994.5930783369595,74,28.574599981307983,100,0.08,0.08,0.08,discrete,activation,4,0.0,0.0,0.0,full_activation_gelu_rep04,94004,994.5930783369595
gelu,1,gelu,3,1001.6319902453023,75,30.175132036209106,100,0.08,0.08,0.08,discrete,activation,4,0.0,0.0,0.0,full_activation_gelu_rep04,94004,1001.6319902453023
gelu,1,gelu,3,994.9811830436784,76,29.945749044418335,100,0.08,0.08,0.08,discrete,activation,4,0.0,0.0,0.0,full_activation_gelu_rep04,94004,994.9811830436784
gelu,1,gelu,3,993.7241926587608,77,28.687793016433716,100,0.08,0.08,0.08,discrete,activation,4,0.0,0.0,0.0,full_activation_gelu_rep04,94004,993.7241926587608
gelu,1,gelu,3,991.7345553966687,78,29.5604989528656,100,0.08,0.08,0.08,discrete,activation,4,0.0,0.0,0.0,full_activation_gelu_rep04,94004,991.7345553966687
gelu,1,gelu,3,992.207902870299,79,30.688947200775146,100,0.08,0.08,0.08,discrete,activation,4,0.0,0.0,0.0,full_activation_gelu_rep04,94004,992.207902870299
gelu,1,gelu,3,993.5924026311305,80,28.64860510826111,100,0.08,0.08,0.08,discrete,activation,4,0.0,0.0,0.0,full_activation_gelu_rep04,94004,993.5924026311305
gelu,1,gelu,3,983.8812060681223,81,29.900454998016357,100,0.06,0.06,0.06,discrete,activation,4,0.0,0.0,0.0,full_activation_gelu_rep04,94004,983.8812060681223
gelu,1,gelu,3,980.6626164510235,82,29.670300006866455,100,0.06,0.06,0.06,discrete,activation,4,0.0,0.0,0.0,full_activation_gelu_rep04,94004,980.6626164510235
gelu,1,gelu,3,982.1980758976845,83,28.722381830215454,100,0.06,0.06,0.06,discrete,activation,4,0.0,0.0,0.0,full_activation_gelu_rep04,94004,982.1980758976845
gelu,1,gelu,3,984.1654517125032,84,29.26332998275757,100,0.06,0.06,0.06,discrete,activation,4,0.0,0.0,0.0,full_activation_gelu_rep04,94004,984.1654517125032
gelu,1,gelu,3,983.7399116562585,85,30.163984060287476,100,0.06,0.06,0.06,discrete,activation,4,0.0,0.0,0.0,full_activation_gelu_rep04,94004,983.7399116562585
gelu,1,gelu,3,980.3837596644554,86,28.680925130844116,100,0.06,0.06,0.06,discrete,activation,4,0.0,0.0,0.0,full_activation_gelu_rep04,94004,980.3837596644554
gelu,1,gelu,3,982.9173525460702,87,29.064214944839478,100,0.06,0.06,0.06,discrete,activation,4,0.0,0.0,0.0,full_activation_gelu_rep04,94004,982.9173525460702
gelu,1,gelu,3,983.3907930734146,88,29.425652027130127,100,0.06,0.06,0.06,discrete,activation,4,0.0,0.0,0.0,full_activation_gelu_rep04,94004,983.3907930734146
gelu,1,gelu,3,982.5363262176251,89,28.130933046340942,100,0.06,0.06,0.06,discrete,activation,4,0.0,0.0,0.0,full_activation_gelu_rep04,94004,982.5363262176251
gelu,1,gelu,3,983.2985303287351,90,29.280540943145752,100,0.06,0.06,0.06,discrete,activation,4,0.0,0.0,0.0,full_activation_gelu_rep04,94004,983.2985303287351
gelu,1,gelu,3,982.043479168394,91,29.776922941207886,100,0.04,0.04,0.04,discrete,activation,4,0.0,0.0,0.0,full_activation_gelu_rep04,94004,982.043479168394
gelu,1,gelu,3,983.1494201389722,92,28.966747045516968,100,0.04,0.04,0.04,discrete,activation,4,0.0,0.0,0.0,full_activation_gelu_rep04,94004,983.1494201389722
gelu,1,gelu,3,982.2956957102751,93,28.257013082504272,100,0.04,0.04,0.04,discrete,activation,4,0.0,0.0,0.0,full_activation_gelu_rep04,94004,982.2956957102751
gelu,1,gelu,3,983.4469991502419,94,29.23678493499756,100,0.04,0.04,0.04,discrete,activation,4,0.0,0.0,0.0,full_activation_gelu_rep04,94004,983.4469991502419
gelu,1,gelu,3,983.3642517896404,95,30.53878617286682,100,0.04,0.04,0.04,discrete,activation,4,0.0,0.0,0.0,full_activation_gelu_rep04,94004,983.3642517896404
gelu,1,gelu,3,984.1457959754899,96,28.364864110946655,100,0.04,0.04,0.04,discrete,activation,4,0.0,0.0,0.0,full_activation_gelu_rep04,94004,984.1457959754899
gelu,1,gelu,3,980.600088987505,97,29.398295879364014,100,0.04,0.04,0.04,discrete,activation,4,0.0,0.0,0.0,full_activation_gelu_rep04,94004,980.600088987505
gelu,1,gelu,3,986.7567099188924,98,29.31143808364868,100,0.04,0.04,0.04,discrete,activation,4,0.0,0.0,0.0,full_activation_gelu_rep04,94004,986.7567099188924
gelu,1,gelu,3,983.0674321708511,99,28.32346796989441,100,0.04,0.04,0.04,discrete,activation,4,0.0,0.0,0.0,full_activation_gelu_rep04,94004,983.0674321708511
gelu,1,gelu,3,982.4417858781001,100,29.307239055633545,100,0.04,0.04,0.04,discrete,activation,4,0.0,0.0,0.0,full_activation_gelu_rep04,94004,982.4417858781001
gelu,1,gelu,3,988.9494428863466,101,29.899447917938232,100,0.02,0.02,0.02,discrete,activation,4,0.0,0.0,0.0,full_activation_gelu_rep04,94004,988.9494428863466
gelu,1,gelu,3,989.023164346048,102,29.750957012176514,100,0.02,0.02,0.02,discrete,activation,4,0.0,0.0,0.0,full_activation_gelu_rep04,94004,989.023164346048
gelu,1,gelu,3,980.6187927813354,103,29.221813917160034,100,0.02,0.02,0.02,discrete,activation,4,0.0,0.0,0.0,full_activation_gelu_rep04,94004,980.6187927813354
gelu,1,gelu,3,984.376696569168,104,29.897650957107544,100,0.02,0.02,0.02,discrete,activation,4,0.0,0.0,0.0,full_activation_gelu_rep04,94004,984.376696569168
gelu,1,gelu,3,985.5813542391817,105,29.955394983291626,100,0.02,0.02,0.02,discrete,activation,4,0.0,0.0,0.0,full_activation_gelu_rep04,94004,985.5813542391817
gelu,1,gelu,3,979.6610720407188,106,29.302897930145264,100,0.02,0.02,0.02,discrete,activation,4,0.0,0.0,0.0,full_activation_gelu_rep04,94004,979.6610720407188
gelu,1,gelu,3,991.3830889092461,107,29.878183126449585,100,0.02,0.02,0.02,discrete,activation,4,0.0,0.0,0.0,full_activation_gelu_rep04,94004,991.3830889092461
gelu,1,gelu,3,995.2292648580251,108,29.707656860351562,100,0.02,0.02,0.02,discrete,activation,4,0.0,0.0,0.0,full_activation_gelu_rep04,94004,995.2292648580251
gelu,1,gelu,3,984.778292380743,109,29.019612073898315,100,0.02,0.02,0.02,discrete,activation,4,0.0,0.0,0.0,full_activation_gelu_rep04,94004,984.778292380743
gelu,1,gelu,3,981.5229845387797,110,29.262512922286987,100,0.02,0.02,0.02,discrete,activation,4,0.0,0.0,0.0,full_activation_gelu_rep04,94004,981.5229845387797
gelu,1,gelu,3,983.1573858815444,111,31.37774109840393,100,0.01,0.01,0.01,discrete,activation,4,0.0,0.0,0.0,full_activation_gelu_rep04,94004,983.1573858815444
gelu,1,gelu,3,982.9703677655381,112,31.500319957733154,100,0.01,0.01,0.01,discrete,activation,4,0.0,0.0,0.0,full_activation_gelu_rep04,94004,982.9703677655381
gelu,1,gelu,3,973.6278169295671,113,30.727892875671387,100,0.01,0.01,0.01,discrete,activation,4,0.0,0.0,0.0,full_activation_gelu_rep04,94004,973.6278169295671
gelu,1,gelu,3,982.6248730310559,114,31.260451078414917,100,0.01,0.01,0.01,discrete,activation,4,0.0,0.0,0.0,full_activation_gelu_rep04,94004,982.6248730310559
gelu,1,gelu,3,982.4019960976574,115,32.68093299865723,100,0.01,0.01,0.01,discrete,activation,4,0.0,0.0,0.0,full_activation_gelu_rep04,94004,982.4019960976574
gelu,1,gelu,3,983.0519884043883,116,31.775239944458008,100,0.01,0.01,0.01,discrete,activation,4,0.0,0.0,0.0,full_activation_gelu_rep04,94004,983.0519884043883
gelu,1,gelu,3,976.5251921296293,117,30.593414068222046,100,0.01,0.01,0.01,discrete,activation,4,0.0,0.0,0.0,full_activation_gelu_rep04,94004,976.5251921296293
gelu,1,gelu,3,980.0474704001604,118,31.652817010879517,100,0.01,0.01,0.01,discrete,activation,4,0.0,0.0,0.0,full_activation_gelu_rep04,94004,980.0474704001604
gelu,1,gelu,3,981.2167148244424,119,31.51001501083374,100,0.01,0.01,0.01,discrete,activation,4,0.0,0.0,0.0,full_activation_gelu_rep04,94004,981.2167148244424
gelu,1,gelu,3,988.2317208054942,120,31.715018033981323,100,0.01,0.01,0.01,discrete,activation,4,0.0,0.0,0.0,full_activation_gelu_rep04,94004,988.2317208054942
gelu,1,gelu,3,946.1276028854259,121,27.264554023742676,100,0.01,0.01,0.0,discrete,activation,4,0.0,0.0,0.0,full_activation_gelu_rep04,94004,946.1276028854259
gelu,1,gelu,3,949.3808797193507,122,25.648898124694824,100,0.01,0.01,0.0,discrete,activation,4,0.0,0.0,0.0,full_activation_gelu_rep04,94004,949.3808797193507
gelu,1,gelu,3,949.7610665918412,123,24.36855983734131,100,0.01,0.01,0.0,discrete,activation,4,0.0,0.0,0.0,full_activation_gelu_rep04,94004,949.7610665918412
gelu,1,gelu,3,950.3064088849923,124,24.481879949569702,100,0.01,0.01,0.0,discrete,activation,4,0.0,0.0,0.0,full_activation_gelu_rep04,94004,950.3064088849923
gelu,1,gelu,3,955.6032177656665,125,25.17424201965332,100,0.01,0.01,0.0,discrete,activation,4,0.0,0.0,0.0,full_activation_gelu_rep04,94004,955.6032177656665
gelu,1,gelu,3,948.9896112141714,126,24.8165500164032,100,0.01,0.01,0.0,discrete,activation,4,0.0,0.0,0.0,full_activation_gelu_rep04,94004,948.9896112141714
gelu,1,gelu,3,960.7244623376889,127,24.842106819152832,100,0.01,0.01,0.0,discrete,activation,4,0.0,0.0,0.0,full_activation_gelu_rep04,94004,960.7244623376889
gelu,1,gelu,3,962.5818702342423,128,25.428821086883545,100,0.01,0.01,0.0,discrete,activation,4,0.0,0.0,0.0,full_activation_gelu_rep04,94004,962.5818702342423
gelu,1,gelu,3,948.9543464131966,129,25.940788984298706,100,0.01,0.01,0.0,discrete,activation,4,0.0,0.0,0.0,full_activation_gelu_rep04,94004,948.9543464131966
gelu,1,gelu,3,951.9724152740521,130,27.083338022232056,100,0.01,0.01,0.0,discrete,activation,4,0.0,0.0,0.0,full_activation_gelu_rep04,94004,951.9724152740521
gelu,1,gelu,3,1984.8704818085916,1,86.04131007194519,100,1.0,1.0,1.0,discrete,activation,5,0.0,0.0,0.0,full_activation_gelu_rep05,94005,1984.8704818085916
gelu,1,gelu,3,1003.2331663828397,2,27.93448305130005,100,1.0,1.0,1.0,discrete,activation,5,0.0,0.0,0.0,full_activation_gelu_rep05,94005,1003.2331663828397
gelu,1,gelu,3,976.357101448246,3,28.843013048171997,100,1.0,1.0,1.0,discrete,activation,5,0.0,0.0,0.0,full_activation_gelu_rep05,94005,976.357101448246
gelu,1,gelu,3,970.0610157479692,4,28.955743074417114,100,1.0,1.0,1.0,discrete,activation,5,0.0,0.0,0.0,full_activation_gelu_rep05,94005,970.0610157479692
gelu,1,gelu,3,966.3495947274695,5,28.041064977645874,100,1.0,1.0,1.0,discrete,activation,5,0.0,0.0,0.0,full_activation_gelu_rep05,94005,966.3495947274695
gelu,1,gelu,3,962.6227999309168,6,29.072317838668823,100,1.0,1.0,1.0,discrete,activation,5,0.0,0.0,0.0,full_activation_gelu_rep05,94005,962.6227999309168
gelu,1,gelu,3,959.3374398644835,7,29.31425189971924,100,1.0,1.0,1.0,discrete,activation,5,0.0,0.0,0.0,full_activation_gelu_rep05,94005,959.3374398644835
gelu,1,gelu,3,956.2880436745247,8,29.30486512184143,100,1.0,1.0,1.0,discrete,activation,5,0.0,0.0,0.0,full_activation_gelu_rep05,94005,956.2880436745247
gelu,1,gelu,3,953.2090933557072,9,27.962810039520264,100,1.0,1.0,1.0,discrete,activation,5,0.0,0.0,0.0,full_activation_gelu_rep05,94005,953.2090933557072
gelu,1,gelu,3,951.088928161334,10,29.283781051635742,100,1.0,1.0,1.0,discrete,activation,5,0.0,0.0,0.0,full_activation_gelu_rep05,94005,951.088928161334
gelu,1,gelu,3,953.4713868703676,11,29.12825298309326,100,1.0,1.0,1.0,discrete,activation,5,0.0,0.0,0.0,full_activation_gelu_rep05,94005,953.4713868703676
gelu,1,gelu,3,951.7890541200347,12,28.990571975708008,100,1.0,1.0,1.0,discrete,activation,5,0.0,0.0,0.0,full_activation_gelu_rep05,94005,951.7890541200347
gelu,1,gelu,3,950.229916524699,13,29.040098190307617,100,1.0,1.0,1.0,discrete,activation,5,0.0,0.0,0.0,full_activation_gelu_rep05,94005,950.229916524699
gelu,1,gelu,3,948.6719046593871,14,28.944756984710693,100,1.0,1.0,1.0,discrete,activation,5,0.0,0.0,0.0,full_activation_gelu_rep05,94005,948.6719046593871
gelu,1,gelu,3,947.2801600038454,15,27.93255305290222,100,1.0,1.0,1.0,discrete,activation,5,0.0,0.0,0.0,full_activation_gelu_rep05,94005,947.2801600038454
gelu,1,gelu,3,946.0608491303444,16,29.18467402458191,100,1.0,1.0,1.0,discrete,activation,5,0.0,0.0,0.0,full_activation_gelu_rep05,94005,946.0608491303444
gelu,1,gelu,3,944.789764256361,17,29.046755075454712,100,1.0,1.0,1.0,discrete,activation,5,0.0,0.0,0.0,full_activation_gelu_rep05,94005,944.789764256361
gelu,1,gelu,3,943.7187804252087,18,28.38250708580017,100,1.0,1.0,1.0,discrete,activation,5,0.0,0.0,0.0,full_activation_gelu_rep05,94005,943.7187804252087
gelu,1,gelu,3,942.7950980825747,19,29.28627109527588,100,1.0,1.0,1.0,discrete,activation,5,0.0,0.0,0.0,full_activation_gelu_rep05,94005,942.7950980825747
gelu,1,gelu,3,941.9740030298665,20,29.339956998825073,100,1.0,1.0,1.0,discrete,activation,5,0.0,0.0,0.0,full_activation_gelu_rep05,94005,941.9740030298665
gelu,1,gelu,3,1019.7190123127139,21,27.63262104988098,100,0.8,0.8,0.8,discrete,activation,5,0.0,0.0,0.0,full_activation_gelu_rep05,94005,1019.7190123127139
gelu,1,gelu,3,1019.2884625991726,22,28.177617073059082,100,0.8,0.8,0.8,discrete,activation,5,0.0,0.0,0.0,full_activation_gelu_rep05,94005,1019.2884625991726
gelu,1,gelu,3,1018.6436703935516,23,27.7137770652771,100,0.8,0.8,0.8,discrete,activation,5,0.0,0.0,0.0,full_activation_gelu_rep05,94005,1018.6436703935516
gelu,1,gelu,3,1018.0325606043639,24,28.793763160705566,100,0.8,0.8,0.8,discrete,activation,5,0.0,0.0,0.0,full_activation_gelu_rep05,94005,1018.0325606043639
gelu,1,gelu,3,1017.2966103766538,25,29.280219793319702,100,0.8,0.8,0.8,discrete,activation,5,0.0,0.0,0.0,full_activation_gelu_rep05,94005,1017.2966103766538
gelu,1,gelu,3,1016.3634335605959,26,27.76327085494995,100,0.8,0.8,0.8,discrete,activation,5,0.0,0.0,0.0,full_activation_gelu_rep05,94005,1016.3634335605959
gelu,1,gelu,3,1015.3580474955509,27,28.581772089004517,100,0.8,0.8,0.8,discrete,activation,5,0.0,0.0,0.0,full_activation_gelu_rep05,94005,1015.3580474955509
gelu,1,gelu,3,1014.2995375226038,28,28.730614185333252,100,0.8,0.8,0.8,discrete,activation,5,0.0,0.0,0.0,full_activation_gelu_rep05,94005,1014.2995375226038
gelu,1,gelu,3,1013.1028557994276,29,28.04097294807434,100,0.8,0.8,0.8,discrete,activation,5,0.0,0.0,0.0,full_activation_gelu_rep05,94005,1013.1028557994276
gelu,1,gelu,3,1011.8051108606608,30,28.67840886116028,100,0.8,0.8,0.8,discrete,activation,5,0.0,0.0,0.0,full_activation_gelu_rep05,94005,1011.8051108606608
gelu,1,gelu,3,1067.146496115792,31,28.391723155975342,100,0.6,0.6,0.6,discrete,activation,5,0.0,0.0,0.0,full_activation_gelu_rep05,94005,1067.146496115792
gelu,1,gelu,3,1066.592428386142,32,27.62357807159424,100,0.6,0.6,0.6,discrete,activation,5,0.0,0.0,0.0,full_activation_gelu_rep05,94005,1066.592428386142
gelu,1,gelu,3,1065.8888037131,33,29.431843996047974,100,0.6,0.6,0.6,discrete,activation,5,0.0,0.0,0.0,full_activation_gelu_rep05,94005,1065.8888037131
gelu,1,gelu,3,1064.784097966442,34,28.450834035873413,100,0.6,0.6,0.6,discrete,activation,5,0.0,0.0,0.0,full_activation_gelu_rep05,94005,1064.784097966442
gelu,1,gelu,3,1064.0972492589583,35,27.43350100517273,100,0.6,0.6,0.6,discrete,activation,5,0.0,0.0,0.0,full_activation_gelu_rep05,94005,1064.0972492589583
gelu,1,gelu,3,1062.7542674340643,36,28.343472957611084,100,0.6,0.6,0.6,discrete,activation,5,0.0,0.0,0.0,full_activation_gelu_rep05,94005,1062.7542674340643
gelu,1,gelu,3,1061.2544161788924,37,28.865353107452393,100,0.6,0.6,0.6,discrete,activation,5,0.0,0.0,0.0,full_activation_gelu_rep05,94005,1061.2544161788924
gelu,1,gelu,3,1060.3303094750183,38,27.34074306488037,100,0.6,0.6,0.6,discrete,activation,5,0.0,0.0,0.0,full_activation_gelu_rep05,94005,1060.3303094750183
gelu,1,gelu,3,1059.7111159106735,39,28.454960823059082,100,0.6,0.6,0.6,discrete,activation,5,0.0,0.0,0.0,full_activation_gelu_rep05,94005,1059.7111159106735
gelu,1,gelu,3,1059.1686411790342,40,27.594255924224854,100,0.6,0.6,0.6,discrete,activation,5,0.0,0.0,0.0,full_activation_gelu_rep05,94005,1059.1686411790342
gelu,1,gelu,3,1083.341259618993,41,27.908519983291626,100,0.4,0.4,0.4,discrete,activation,5,0.0,0.0,0.0,full_activation_gelu_rep05,94005,1083.341259618993
gelu,1,gelu,3,1085.2045908629598,42,27.997201919555664,100,0.4,0.4,0.4,discrete,activation,5,0.0,0.0,0.0,full_activation_gelu_rep05,94005,1085.2045908629598
gelu,1,gelu,3,1085.0926581228214,43,27.24551296234131,100,0.4,0.4,0.4,discrete,activation,5,0.0,0.0,0.0,full_activation_gelu_rep05,94005,1085.0926581228214
gelu,1,gelu,3,1083.0412194442076,44,28.149362087249756,100,0.4,0.4,0.4,discrete,activation,5,0.0,0.0,0.0,full_activation_gelu_rep05,94005,1083.0412194442076
gelu,1,gelu,3,1085.7191772803048,45,28.172745943069458,100,0.4,0.4,0.4,discrete,activation,5,0.0,0.0,0.0,full_activation_gelu_rep05,94005,1085.7191772803048
gelu,1,gelu,3,1084.5594695946863,46,27.13528609275818,100,0.4,0.4,0.4,discrete,activation,5,0.0,0.0,0.0,full_activation_gelu_rep05,94005,1084.5594695946863
gelu,1,gelu,3,1084.1676498927734,47,28.157824993133545,100,0.4,0.4,0.4,discrete,activation,5,0.0,0.0,0.0,full_activation_gelu_rep05,94005,1084.1676498927734
gelu,1,gelu,3,1082.084439294533,48,28.277848958969116,100,0.4,0.4,0.4,discrete,activation,5,0.0,0.0,0.0,full_activation_gelu_rep05,94005,1082.084439294533
gelu,1,gelu,3,1085.601056431903,49,26.86814308166504,100,0.4,0.4,0.4,discrete,activation,5,0.0,0.0,0.0,full_activation_gelu_rep05,94005,1085.601056431903
gelu,1,gelu,3,1081.1496799409456,50,28.352648973464966,100,0.4,0.4,0.4,discrete,activation,5,0.0,0.0,0.0,full_activation_gelu_rep05,94005,1081.1496799409456
gelu,1,gelu,3,1055.0370852612643,51,28.191667795181274,100,0.2,0.2,0.2,discrete,activation,5,0.0,0.0,0.0,full_activation_gelu_rep05,94005,1055.0370852612643
gelu,1,gelu,3,1056.4184762442123,52,27.006499767303467,100,0.2,0.2,0.2,discrete,activation,5,0.0,0.0,0.0,full_activation_gelu_rep05,94005,1056.4184762442123
gelu,1,gelu,3,1057.202261564181,53,28.58673405647278,100,0.2,0.2,0.2,discrete,activation,5,0.0,0.0,0.0,full_activation_gelu_rep05,94005,1057.202261564181
gelu,1,gelu,3,1057.112142850666,54,28.998023986816406,100,0.2,0.2,0.2,discrete,activation,5,0.0,0.0,0.0,full_activation_gelu_rep05,94005,1057.112142850666
gelu,1,gelu,3,1058.2132238312404,55,28.384767055511475,100,0.2,0.2,0.2,discrete,activation,5,0.0,0.0,0.0,full_activation_gelu_rep05,94005,1058.2132238312404
gelu,1,gelu,3,1054.4617103588596,56,28.330338954925537,100,0.2,0.2,0.2,discrete,activation,5,0.0,0.0,0.0,full_activation_gelu_rep05,94005,1054.4617103588596
gelu,1,gelu,3,1055.4466494499159,57,27.667062997817993,100,0.2,0.2,0.2,discrete,activation,5,0.0,0.0,0.0,full_activation_gelu_rep05,94005,1055.4466494499159
gelu,1,gelu,3,1054.6346220455591,58,28.0659019947052,100,0.2,0.2,0.2,discrete,activation,5,0.0,0.0,0.0,full_activation_gelu_rep05,94005,1054.6346220455591
gelu,1,gelu,3,1050.98350173257,59,28.45768404006958,100,0.2,0.2,0.2,discrete,activation,5,0.0,0.0,0.0,full_activation_gelu_rep05,94005,1050.98350173257
gelu,1,gelu,3,1052.5133677539302,60,27.060333013534546,100,0.2,0.2,0.2,discrete,activation,5,0.0,0.0,0.0,full_activation_gelu_rep05,94005,1052.5133677539302
gelu,1,gelu,3,1006.8701954079041,61,28.839781999588013,100,0.1,0.1,0.1,discrete,activation,5,0.0,0.0,0.0,full_activation_gelu_rep05,94005,1006.8701954079041
gelu,1,gelu,3,1003.9278025645499,62,28.708396911621094,100,0.1,0.1,0.1,discrete,activation,5,0.0,0.0,0.0,full_activation_gelu_rep05,94005,1003.9278025645499
gelu,1,gelu,3,1002.5101657358994,63,27.640760898590088,100,0.1,0.1,0.1,discrete,activation,5,0.0,0.0,0.0,full_activation_gelu_rep05,94005,1002.5101657358994
gelu,1,gelu,3,1001.2344597204651,64,28.56350588798523,100,0.1,0.1,0.1,discrete,activation,5,0.0,0.0,0.0,full_activation_gelu_rep05,94005,1001.2344597204651
gelu,1,gelu,3,998.8583680227381,65,28.669949054718018,100,0.1,0.1,0.1,discrete,activation,5,0.0,0.0,0.0,full_activation_gelu_rep05,94005,998.8583680227381
gelu,1,gelu,3,1004.9232951836032,66,27.587838888168335,100,0.1,0.1,0.1,discrete,activation,5,0.0,0.0,0.0,full_activation_gelu_rep05,94005,1004.9232951836032
gelu,1,gelu,3,1004.252044565599,67,28.457256078720093,100,0.1,0.1,0.1,discrete,activation,5,0.0,0.0,0.0,full_activation_gelu_rep05,94005,1004.252044565599
gelu,1,gelu,3,1001.3717295331585,68,28.757629871368408,100,0.1,0.1,0.1,discrete,activation,5,0.0,0.0,0.0,full_activation_gelu_rep05,94005,1001.3717295331585
gelu,1,gelu,3,1002.1406969106458,69,27.836988925933838,100,0.1,0.1,0.1,discrete,activation,5,0.0,0.0,0.0,full_activation_gelu_rep05,94005,1002.1406969106458
gelu,1,gelu,3,1000.971442514792,70,28.732563972473145,100,0.1,0.1,0.1,discrete,activation,5,0.0,0.0,0.0,full_activation_gelu_rep05,94005,1000.971442514792
gelu,1,gelu,3,994.7095552253433,71,29.14478302001953,100,0.08,0.08,0.08,discrete,activation,5,0.0,0.0,0.0,full_activation_gelu_rep05,94005,994.7095552253433
gelu,1,gelu,3,983.6995088462704,72,28.240607023239136,100,0.08,0.08,0.08,discrete,activation,5,0.0,0.0,0.0,full_activation_gelu_rep05,94005,983.6995088462704
gelu,1,gelu,3,988.4698677682259,73,28.77288007736206,100,0.08,0.08,0.08,discrete,activation,5,0.0,0.0,0.0,full_activation_gelu_rep05,94005,988.4698677682259
gelu,1,gelu,3,985.5860157965815,74,29.000692129135132,100,0.08,0.08,0.08,discrete,activation,5,0.0,0.0,0.0,full_activation_gelu_rep05,94005,985.5860157965815
gelu,1,gelu,3,984.8741054970321,75,28.79769492149353,100,0.08,0.08,0.08,discrete,activation,5,0.0,0.0,0.0,full_activation_gelu_rep05,94005,984.8741054970321
gelu,1,gelu,3,982.6411209269197,76,28.986013889312744,100,0.08,0.08,0.08,discrete,activation,5,0.0,0.0,0.0,full_activation_gelu_rep05,94005,982.6411209269197
gelu,1,gelu,3,994.2291507962138,77,29.339114904403687,100,0.08,0.08,0.08,discrete,activation,5,0.0,0.0,0.0,full_activation_gelu_rep05,94005,994.2291507962138
gelu,1,gelu,3,988.5488803236766,78,28.528521060943604,100,0.08,0.08,0.08,discrete,activation,5,0.0,0.0,0.0,full_activation_gelu_rep05,94005,988.5488803236766
gelu,1,gelu,3,981.405847527078,79,29.257411003112793,100,0.08,0.08,0.08,discrete,activation,5,0.0,0.0,0.0,full_activation_gelu_rep05,94005,981.405847527078
gelu,1,gelu,3,986.6230511236852,80,29.565802097320557,100,0.08,0.08,0.08,discrete,activation,5,0.0,0.0,0.0,full_activation_gelu_rep05,94005,986.6230511236852
gelu,1,gelu,3,963.2932247439235,81,28.47271203994751,100,0.06,0.06,0.06,discrete,activation,5,0.0,0.0,0.0,full_activation_gelu_rep05,94005,963.2932247439235
gelu,1,gelu,3,972.661826556532,82,29.509429931640625,100,0.06,0.06,0.06,discrete,activation,5,0.0,0.0,0.0,full_activation_gelu_rep05,94005,972.661826556532
gelu,1,gelu,3,974.1284450522176,83,29.25178813934326,100,0.06,0.06,0.06,discrete,activation,5,0.0,0.0,0.0,full_activation_gelu_rep05,94005,974.1284450522176
gelu,1,gelu,3,973.0133325423114,84,29.876455068588257,100,0.06,0.06,0.06,discrete,activation,5,0.0,0.0,0.0,full_activation_gelu_rep05,94005,973.0133325423114
gelu,1,gelu,3,962.1592761325094,85,28.346511840820312,100,0.06,0.06,0.06,discrete,activation,5,0.0,0.0,0.0,full_activation_gelu_rep05,94005,962.1592761325094
gelu,1,gelu,3,973.5777708676936,86,29.41513991355896,100,0.06,0.06,0.06,discrete,activation,5,0.0,0.0,0.0,full_activation_gelu_rep05,94005,973.5777708676936
gelu,1,gelu,3,964.1361745761544,87,29.4634428024292,100,0.06,0.06,0.06,discrete,activation,5,0.0,0.0,0.0,full_activation_gelu_rep05,94005,964.1361745761544
gelu,1,gelu,3,967.7127373945533,88,28.42112398147583,100,0.06,0.06,0.06,discrete,activation,5,0.0,0.0,0.0,full_activation_gelu_rep05,94005,967.7127373945533
gelu,1,gelu,3,962.7905198661733,89,29.344202041625977,100,0.06,0.06,0.06,discrete,activation,5,0.0,0.0,0.0,full_activation_gelu_rep05,94005,962.7905198661733
gelu,1,gelu,3,972.0204567068814,90,29.994714975357056,100,0.06,0.06,0.06,discrete,activation,5,0.0,0.0,0.0,full_activation_gelu_rep05,94005,972.0204567068814
gelu,1,gelu,3,949.4860380446811,91,29.476922035217285,100,0.04,0.04,0.04,discrete,activation,5,0.0,0.0,0.0,full_activation_gelu_rep05,94005,949.4860380446811
gelu,1,gelu,3,945.5546857591543,92,30.493944883346558,100,0.04,0.04,0.04,discrete,activation,5,0.0,0.0,0.0,full_activation_gelu_rep05,94005,945.5546857591543
gelu,1,gelu,3,947.9574108853776,93,30.314056873321533,100,0.04,0.04,0.04,discrete,activation,5,0.0,0.0,0.0,full_activation_gelu_rep05,94005,947.9574108853776
gelu,1,gelu,3,943.7066280404327,94,29.25953698158264,100,0.04,0.04,0.04,discrete,activation,5,0.0,0.0,0.0,full_activation_gelu_rep05,94005,943.7066280404327
gelu,1,gelu,3,946.0610882512752,95,29.991806030273438,100,0.04,0.04,0.04,discrete,activation,5,0.0,0.0,0.0,full_activation_gelu_rep05,94005,946.0610882512752
gelu,1,gelu,3,947.1364233020462,96,31.42525291442871,100,0.04,0.04,0.04,discrete,activation,5,0.0,0.0,0.0,full_activation_gelu_rep05,94005,947.1364233020462
gelu,1,gelu,3,945.4211584347728,97,30.03115701675415,100,0.04,0.04,0.04,discrete,activation,5,0.0,0.0,0.0,full_activation_gelu_rep05,94005,945.4211584347728
gelu,1,gelu,3,939.3349963294609,98,29.107047080993652,100,0.04,0.04,0.04,discrete,activation,5,0.0,0.0,0.0,full_activation_gelu_rep05,94005,939.3349963294609
gelu,1,gelu,3,939.3873270215641,99,30.037002086639404,100,0.04,0.04,0.04,discrete,activation,5,0.0,0.0,0.0,full_activation_gelu_rep05,94005,939.3873270215641
gelu,1,gelu,3,946.3395691885376,100,30.851335048675537,100,0.04,0.04,0.04,discrete,activation,5,0.0,0.0,0.0,full_activation_gelu_rep05,94005,946.3395691885376
gelu,1,gelu,3,921.3607694808478,101,30.316159963607788,100,0.02,0.02,0.02,discrete,activation,5,0.0,0.0,0.0,full_activation_gelu_rep05,94005,921.3607694808478
gelu,1,gelu,3,919.1222803224908,102,31.382291078567505,100,0.02,0.02,0.02,discrete,activation,5,0.0,0.0,0.0,full_activation_gelu_rep05,94005,919.1222803224908
gelu,1,gelu,3,918.6706850441932,103,31.164037942886353,100,0.02,0.02,0.02,discrete,activation,5,0.0,0.0,0.0,full_activation_gelu_rep05,94005,918.6706850441932
gelu,1,gelu,3,922.399712986026,104,30.407160997390747,100,0.02,0.02,0.02,discrete,activation,5,0.0,0.0,0.0,full_activation_gelu_rep05,94005,922.399712986026
gelu,1,gelu,3,914.4828596386536,105,30.063758850097656,100,0.02,0.02,0.02,discrete,activation,5,0.0,0.0,0.0,full_activation_gelu_rep05,94005,914.4828596386536
gelu,1,gelu,3,923.6837392134998,106,31.428001165390015,100,0.02,0.02,0.02,discrete,activation,5,0.0,0.0,0.0,full_activation_gelu_rep05,94005,923.6837392134998
gelu,1,gelu,3,921.3723906187219,107,31.151896953582764,100,0.02,0.02,0.02,discrete,activation,5,0.0,0.0,0.0,full_activation_gelu_rep05,94005,921.3723906187219
gelu,1,gelu,3,911.9738759465123,108,30.601826906204224,100,0.02,0.02,0.02,discrete,activation,5,0.0,0.0,0.0,full_activation_gelu_rep05,94005,911.9738759465123
gelu,1,gelu,3,909.6667509879526,109,31.02783513069153,100,0.02,0.02,0.02,discrete,activation,5,0.0,0.0,0.0,full_activation_gelu_rep05,94005,909.6667509879526
gelu,1,gelu,3,919.7274063396683,110,31.464014053344727,100,0.02,0.02,0.02,discrete,activation,5,0.0,0.0,0.0,full_activation_gelu_rep05,94005,919.7274063396683
gelu,1,gelu,3,909.6994806021514,111,32.38835287094116,100,0.01,0.01,0.01,discrete,activation,5,0.0,0.0,0.0,full_activation_gelu_rep05,94005,909.6994806021514
gelu,1,gelu,3,902.6045762581961,112,31.334147214889526,100,0.01,0.01,0.01,discrete,activation,5,0.0,0.0,0.0,full_activation_gelu_rep05,94005,902.6045762581961
gelu,1,gelu,3,897.542484504605,113,32.25669598579407,100,0.01,0.01,0.01,discrete,activation,5,0.0,0.0,0.0,full_activation_gelu_rep05,94005,897.542484504605
gelu,1,gelu,3,894.4151208928389,114,32.25871515274048,100,0.01,0.01,0.01,discrete,activation,5,0.0,0.0,0.0,full_activation_gelu_rep05,94005,894.4151208928389
gelu,1,gelu,3,892.0805139386504,115,33.848357915878296,100,0.01,0.01,0.01,discrete,activation,5,0.0,0.0,0.0,full_activation_gelu_rep05,94005,892.0805139386504
gelu,1,gelu,3,897.0376658589958,116,31.255537033081055,100,0.01,0.01,0.01,discrete,activation,5,0.0,0.0,0.0,full_activation_gelu_rep05,94005,897.0376658589958
gelu,1,gelu,3,896.0230685427152,117,32.829444885253906,100,0.01,0.01,0.01,discrete,activation,5,0.0,0.0,0.0,full_activation_gelu_rep05,94005,896.0230685427152
gelu,1,gelu,3,895.0771516423108,118,32.21381211280823,100,0.01,0.01,0.01,discrete,activation,5,0.0,0.0,0.0,full_activation_gelu_rep05,94005,895.0771516423108
gelu,1,gelu,3,898.220604215617,119,31.860760927200317,100,0.01,0.01,0.01,discrete,activation,5,0.0,0.0,0.0,full_activation_gelu_rep05,94005,898.220604215617
gelu,1,gelu,3,898.9524412395745,120,32.194982051849365,100,0.01,0.01,0.01,discrete,activation,5,0.0,0.0,0.0,full_activation_gelu_rep05,94005,898.9524412395745
gelu,1,gelu,3,878.2986786013362,121,28.87642502784729,100,0.01,0.01,0.0,discrete,activation,5,0.0,0.0,0.0,full_activation_gelu_rep05,94005,878.2986786013362
gelu,1,gelu,3,867.9973420521054,122,25.259124994277954,100,0.01,0.01,0.0,discrete,activation,5,0.0,0.0,0.0,full_activation_gelu_rep05,94005,867.9973420521054
gelu,1,gelu,3,869.507756817995,123,26.616405963897705,100,0.01,0.01,0.0,discrete,activation,5,0.0,0.0,0.0,full_activation_gelu_rep05,94005,869.507756817995
gelu,1,gelu,3,875.2212580535598,124,25.61685299873352,100,0.01,0.01,0.0,discrete,activation,5,0.0,0.0,0.0,full_activation_gelu_rep05,94005,875.2212580535598
gelu,1,gelu,3,874.2459498617733,125,24.827517986297607,100,0.01,0.01,0.0,discrete,activation,5,0.0,0.0,0.0,full_activation_gelu_rep05,94005,874.2459498617733
gelu,1,gelu,3,874.6642418632139,126,25.568464994430542,100,0.01,0.01,0.0,discrete,activation,5,0.0,0.0,0.0,full_activation_gelu_rep05,94005,874.6642418632139
gelu,1,gelu,3,876.5385789181668,127,25.57225203514099,100,0.01,0.01,0.0,discrete,activation,5,0.0,0.0,0.0,full_activation_gelu_rep05,94005,876.5385789181668
gelu,1,gelu,3,878.2554720968733,128,24.68440890312195,100,0.01,0.01,0.0,discrete,activation,5,0.0,0.0,0.0,full_activation_gelu_rep05,94005,878.2554720968733
gelu,1,gelu,3,870.2326519798374,129,25.97164797782898,100,0.01,0.01,0.0,discrete,activation,5,0.0,0.0,0.0,full_activation_gelu_rep05,94005,870.2326519798374
gelu,1,gelu,3,872.9331308207886,130,27.179176092147827,100,0.01,0.01,0.0,discrete,activation,5,0.0,0.0,0.0,full_activation_gelu_rep05,94005,872.9331308207886
gelu,1,gelu,3,2103.62723459593,1,86.56259489059448,100,1.0,1.0,1.0,discrete,activation,6,0.0,0.0,0.0,full_activation_gelu_rep06,94006,2103.62723459593
gelu,1,gelu,3,1006.879892520411,2,28.111706972122192,100,1.0,1.0,1.0,discrete,activation,6,0.0,0.0,0.0,full_activation_gelu_rep06,94006,1006.879892520411
gelu,1,gelu,3,992.5470078403362,3,28.758739948272705,100,1.0,1.0,1.0,discrete,activation,6,0.0,0.0,0.0,full_activation_gelu_rep06,94006,992.5470078403362
gelu,1,gelu,3,984.6288061657833,4,28.810517072677612,100,1.0,1.0,1.0,discrete,activation,6,0.0,0.0,0.0,full_activation_gelu_rep06,94006,984.6288061657833
gelu,1,gelu,3,979.9615352541244,5,29.311453819274902,100,1.0,1.0,1.0,discrete,activation,6,0.0,0.0,0.0,full_activation_gelu_rep06,94006,979.9615352541244
gelu,1,gelu,3,977.0859154463244,6,27.873788118362427,100,1.0,1.0,1.0,discrete,activation,6,0.0,0.0,0.0,full_activation_gelu_rep06,94006,977.0859154463244
gelu,1,gelu,3,975.1885534942892,7,29.046133041381836,100,1.0,1.0,1.0,discrete,activation,6,0.0,0.0,0.0,full_activation_gelu_rep06,94006,975.1885534942892
gelu,1,gelu,3,973.8421458436305,8,29.217967987060547,100,1.0,1.0,1.0,discrete,activation,6,0.0,0.0,0.0,full_activation_gelu_rep06,94006,973.8421458436305
gelu,1,gelu,3,972.6441265648468,9,28.169500827789307,100,1.0,1.0,1.0,discrete,activation,6,0.0,0.0,0.0,full_activation_gelu_rep06,94006,972.6441265648468
gelu,1,gelu,3,971.4283240351884,10,29.611753940582275,100,1.0,1.0,1.0,discrete,activation,6,0.0,0.0,0.0,full_activation_gelu_rep06,94006,971.4283240351884
gelu,1,gelu,3,970.400256229168,11,28.991713047027588,100,1.0,1.0,1.0,discrete,activation,6,0.0,0.0,0.0,full_activation_gelu_rep06,94006,970.400256229168
gelu,1,gelu,3,969.7810311454173,12,28.301470041275024,100,1.0,1.0,1.0,discrete,activation,6,0.0,0.0,0.0,full_activation_gelu_rep06,94006,969.7810311454173
gelu,1,gelu,3,969.3464524398344,13,28.78514289855957,100,1.0,1.0,1.0,discrete,activation,6,0.0,0.0,0.0,full_activation_gelu_rep06,94006,969.3464524398344
gelu,1,gelu,3,968.924394408074,14,28.39656710624695,100,1.0,1.0,1.0,discrete,activation,6,0.0,0.0,0.0,full_activation_gelu_rep06,94006,968.924394408074
gelu,1,gelu,3,968.485283811397,15,27.748326063156128,100,1.0,1.0,1.0,discrete,activation,6,0.0,0.0,0.0,full_activation_gelu_rep06,94006,968.485283811397
gelu,1,gelu,3,967.9821542733811,16,29.21291494369507,100,1.0,1.0,1.0,discrete,activation,6,0.0,0.0,0.0,full_activation_gelu_rep06,94006,967.9821542733811
gelu,1,gelu,3,967.4871735150634,17,28.467263221740723,100,1.0,1.0,1.0,discrete,activation,6,0.0,0.0,0.0,full_activation_gelu_rep06,94006,967.4871735150634
gelu,1,gelu,3,967.0335092344149,18,27.699935913085938,100,1.0,1.0,1.0,discrete,activation,6,0.0,0.0,0.0,full_activation_gelu_rep06,94006,967.0335092344149
gelu,1,gelu,3,966.6372806420684,19,28.467825174331665,100,1.0,1.0,1.0,discrete,activation,6,0.0,0.0,0.0,full_activation_gelu_rep06,94006,966.6372806420684
gelu,1,gelu,3,966.38921170461,20,28.726001977920532,100,1.0,1.0,1.0,discrete,activation,6,0.0,0.0,0.0,full_activation_gelu_rep06,94006,966.38921170461
gelu,1,gelu,3,1044.5047772652968,21,27.741111993789673,100,0.8,0.8,0.8,discrete,activation,6,0.0,0.0,0.0,full_activation_gelu_rep06,94006,1044.5047772652968
gelu,1,gelu,3,1044.9720902372878,22,28.06598401069641,100,0.8,0.8,0.8,discrete,activation,6,0.0,0.0,0.0,full_activation_gelu_rep06,94006,1044.9720902372878
gelu,1,gelu,3,1044.0450904604184,23,28.48887300491333,100,0.8,0.8,0.8,discrete,activation,6,0.0,0.0,0.0,full_activation_gelu_rep06,94006,1044.0450904604184
gelu,1,gelu,3,1044.2410803295481,24,27.299930810928345,100,0.8,0.8,0.8,discrete,activation,6,0.0,0.0,0.0,full_activation_gelu_rep06,94006,1044.2410803295481
gelu,1,gelu,3,1043.880346794895,25,28.363229990005493,100,0.8,0.8,0.8,discrete,activation,6,0.0,0.0,0.0,full_activation_gelu_rep06,94006,1043.880346794895
gelu,1,gelu,3,1043.6218446539253,26,28.138542890548706,100,0.8,0.8,0.8,discrete,activation,6,0.0,0.0,0.0,full_activation_gelu_rep06,94006,1043.6218446539253
gelu,1,gelu,3,1043.4251720600594,27,27.474266052246094,100,0.8,0.8,0.8,discrete,activation,6,0.0,0.0,0.0,full_activation_gelu_rep06,94006,1043.4251720600594
gelu,1,gelu,3,1043.2418004196868,28,28.375750064849854,100,0.8,0.8,0.8,discrete,activation,6,0.0,0.0,0.0,full_activation_gelu_rep06,94006,1043.2418004196868
gelu,1,gelu,3,1043.0886207656304,29,28.393654108047485,100,0.8,0.8,0.8,discrete,activation,6,0.0,0.0,0.0,full_activation_gelu_rep06,94006,1043.0886207656304
gelu,1,gelu,3,1041.2306122916227,30,27.65122699737549,100,0.8,0.8,0.8,discrete,activation,6,0.0,0.0,0.0,full_activation_gelu_rep06,94006,1041.2306122916227
gelu,1,gelu,3,1099.7046096407064,31,28.64650797843933,100,0.6,0.6,0.6,discrete,activation,6,0.0,0.0,0.0,full_activation_gelu_rep06,94006,1099.7046096407064
gelu,1,gelu,3,1097.3422288981521,32,28.35518789291382,100,0.6,0.6,0.6,discrete,activation,6,0.0,0.0,0.0,full_activation_gelu_rep06,94006,1097.3422288981521
gelu,1,gelu,3,1098.2626408613394,33,28.10192584991455,100,0.6,0.6,0.6,discrete,activation,6,0.0,0.0,0.0,full_activation_gelu_rep06,94006,1098.2626408613394
gelu,1,gelu,3,1097.0646023418037,34,28.56896209716797,100,0.6,0.6,0.6,discrete,activation,6,0.0,0.0,0.0,full_activation_gelu_rep06,94006,1097.0646023418037
gelu,1,gelu,3,1097.633332669968,35,28.467153787612915,100,0.6,0.6,0.6,discrete,activation,6,0.0,0.0,0.0,full_activation_gelu_rep06,94006,1097.633332669968
gelu,1,gelu,3,1097.075665393705,36,27.457045793533325,100,0.6,0.6,0.6,discrete,activation,6,0.0,0.0,0.0,full_activation_gelu_rep06,94006,1097.075665393705
gelu,1,gelu,3,1098.3222875338763,37,28.917288064956665,100,0.6,0.6,0.6,discrete,activation,6,0.0,0.0,0.0,full_activation_gelu_rep06,94006,1098.3222875338763
gelu,1,gelu,3,1096.8741389138306,38,28.61383605003357,100,0.6,0.6,0.6,discrete,activation,6,0.0,0.0,0.0,full_activation_gelu_rep06,94006,1096.8741389138306
gelu,1,gelu,3,1098.3708166338545,39,27.01721501350403,100,0.6,0.6,0.6,discrete,activation,6,0.0,0.0,0.0,full_activation_gelu_rep06,94006,1098.3708166338545
gelu,1,gelu,3,1096.8392997018143,40,28.41911792755127,100,0.6,0.6,0.6,discrete,activation,6,0.0,0.0,0.0,full_activation_gelu_rep06,94006,1096.8392997018143
gelu,1,gelu,3,1125.5294831613799,41,28.016512155532837,100,0.4,0.4,0.4,discrete,activation,6,0.0,0.0,0.0,full_activation_gelu_rep06,94006,1125.5294831613799
gelu,1,gelu,3,1123.4826732297,42,27.328194856643677,100,0.4,0.4,0.4,discrete,activation,6,0.0,0.0,0.0,full_activation_gelu_rep06,94006,1123.4826732297
gelu,1,gelu,3,1123.24496687336,43,28.059566020965576,100,0.4,0.4,0.4,discrete,activation,6,0.0,0.0,0.0,full_activation_gelu_rep06,94006,1123.24496687336
gelu,1,gelu,3,1123.3896100932716,44,28.164017915725708,100,0.4,0.4,0.4,discrete,activation,6,0.0,0.0,0.0,full_activation_gelu_rep06,94006,1123.3896100932716
gelu,1,gelu,3,1123.077298619557,45,27.21979308128357,100,0.4,0.4,0.4,discrete,activation,6,0.0,0.0,0.0,full_activation_gelu_rep06,94006,1123.077298619557
gelu,1,gelu,3,1123.400936230608,46,28.369240045547485,100,0.4,0.4,0.4,discrete,activation,6,0.0,0.0,0.0,full_activation_gelu_rep06,94006,1123.400936230608
gelu,1,gelu,3,1122.8356577117215,47,27.844859838485718,100,0.4,0.4,0.4,discrete,activation,6,0.0,0.0,0.0,full_activation_gelu_rep06,94006,1122.8356577117215
gelu,1,gelu,3,1123.4868574917823,48,27.097831964492798,100,0.4,0.4,0.4,discrete,activation,6,0.0,0.0,0.0,full_activation_gelu_rep06,94006,1123.4868574917823
gelu,1,gelu,3,1123.3800664424252,49,27.82851791381836,100,0.4,0.4,0.4,discrete,activation,6,0.0,0.0,0.0,full_activation_gelu_rep06,94006,1123.3800664424252
gelu,1,gelu,3,1126.674006216583,50,27.995057821273804,100,0.4,0.4,0.4,discrete,activation,6,0.0,0.0,0.0,full_activation_gelu_rep06,94006,1126.674006216583
gelu,1,gelu,3,1096.25329109036,51,26.855180025100708,100,0.2,0.2,0.2,discrete,activation,6,0.0,0.0,0.0,full_activation_gelu_rep06,94006,1096.25329109036
gelu,1,gelu,3,1104.7960062069005,52,27.597648859024048,100,0.2,0.2,0.2,discrete,activation,6,0.0,0.0,0.0,full_activation_gelu_rep06,94006,1104.7960062069005
gelu,1,gelu,3,1096.5193460522853,53,27.802052974700928,100,0.2,0.2,0.2,discrete,activation,6,0.0,0.0,0.0,full_activation_gelu_rep06,94006,1096.5193460522853
gelu,1,gelu,3,1104.7423649852985,54,26.865810871124268,100,0.2,0.2,0.2,discrete,activation,6,0.0,0.0,0.0,full_activation_gelu_rep06,94006,1104.7423649852985
gelu,1,gelu,3,1093.961111503048,55,28.977087020874023,100,0.2,0.2,0.2,discrete,activation,6,0.0,0.0,0.0,full_activation_gelu_rep06,94006,1093.961111503048
gelu,1,gelu,3,1102.5485064332743,56,27.80535387992859,100,0.2,0.2,0.2,discrete,activation,6,0.0,0.0,0.0,full_activation_gelu_rep06,94006,1102.5485064332743
gelu,1,gelu,3,1096.528085010298,57,27.841912984848022,100,0.2,0.2,0.2,discrete,activation,6,0.0,0.0,0.0,full_activation_gelu_rep06,94006,1096.528085010298
gelu,1,gelu,3,1105.5901359665982,58,26.833932876586914,100,0.2,0.2,0.2,discrete,activation,6,0.0,0.0,0.0,full_activation_gelu_rep06,94006,1105.5901359665982
gelu,1,gelu,3,1094.911916697175,59,27.588629007339478,100,0.2,0.2,0.2,discrete,activation,6,0.0,0.0,0.0,full_activation_gelu_rep06,94006,1094.911916697175
gelu,1,gelu,3,1099.6581488691181,60,27.818248987197876,100,0.2,0.2,0.2,discrete,activation,6,0.0,0.0,0.0,full_activation_gelu_rep06,94006,1099.6581488691181
gelu,1,gelu,3,1055.101029720683,61,27.60571002960205,100,0.1,0.1,0.1,discrete,activation,6,0.0,0.0,0.0,full_activation_gelu_rep06,94006,1055.101029720683
gelu,1,gelu,3,1041.844372850452,62,28.591755151748657,100,0.1,0.1,0.1,discrete,activation,6,0.0,0.0,0.0,full_activation_gelu_rep06,94006,1041.844372850452
gelu,1,gelu,3,1045.1698319162708,63,28.162585973739624,100,0.1,0.1,0.1,discrete,activation,6,0.0,0.0,0.0,full_activation_gelu_rep06,94006,1045.1698319162708
gelu,1,gelu,3,1054.7050396251202,64,27.47909712791443,100,0.1,0.1,0.1,discrete,activation,6,0.0,0.0,0.0,full_activation_gelu_rep06,94006,1054.7050396251202
gelu,1,gelu,3,1044.2006805174922,65,27.909571170806885,100,0.1,0.1,0.1,discrete,activation,6,0.0,0.0,0.0,full_activation_gelu_rep06,94006,1044.2006805174922
gelu,1,gelu,3,1054.9530941775986,66,28.009827136993408,100,0.1,0.1,0.1,discrete,activation,6,0.0,0.0,0.0,full_activation_gelu_rep06,94006,1054.9530941775986
gelu,1,gelu,3,1044.4228133115432,67,27.131269931793213,100,0.1,0.1,0.1,discrete,activation,6,0.0,0.0,0.0,full_activation_gelu_rep06,94006,1044.4228133115432
gelu,1,gelu,3,1053.7154103827097,68,28.35871410369873,100,0.1,0.1,0.1,discrete,activation,6,0.0,0.0,0.0,full_activation_gelu_rep06,94006,1053.7154103827097
gelu,1,gelu,3,1043.483189006928,69,28.331820011138916,100,0.1,0.1,0.1,discrete,activation,6,0.0,0.0,0.0,full_activation_gelu_rep06,94006,1043.483189006928
gelu,1,gelu,3,1050.202342138269,70,28.533427953720093,100,0.1,0.1,0.1,discrete,activation,6,0.0,0.0,0.0,full_activation_gelu_rep06,94006,1050.202342138269
gelu,1,gelu,3,1029.8976511117887,71,27.63353991508484,100,0.08,0.08,0.08,discrete,activation,6,0.0,0.0,0.0,full_activation_gelu_rep06,94006,1029.8976511117887
gelu,1,gelu,3,1038.22746748336,72,28.76142191886902,100,0.08,0.08,0.08,discrete,activation,6,0.0,0.0,0.0,full_activation_gelu_rep06,94006,1038.22746748336
gelu,1,gelu,3,1037.1800586190345,73,28.493628978729248,100,0.08,0.08,0.08,discrete,activation,6,0.0,0.0,0.0,full_activation_gelu_rep06,94006,1037.1800586190345
gelu,1,gelu,3,1028.9438355559475,74,27.511430025100708,100,0.08,0.08,0.08,discrete,activation,6,0.0,0.0,0.0,full_activation_gelu_rep06,94006,1028.9438355559475
gelu,1,gelu,3,1034.6448947008732,75,28.55190086364746,100,0.08,0.08,0.08,discrete,activation,6,0.0,0.0,0.0,full_activation_gelu_rep06,94006,1034.6448947008732
gelu,1,gelu,3,1030.6130492908874,76,29.070961952209473,100,0.08,0.08,0.08,discrete,activation,6,0.0,0.0,0.0,full_activation_gelu_rep06,94006,1030.6130492908874
gelu,1,gelu,3,1026.0316950249096,77,28.698352098464966,100,0.08,0.08,0.08,discrete,activation,6,0.0,0.0,0.0,full_activation_gelu_rep06,94006,1026.0316950249096
gelu,1,gelu,3,1039.649216961076,78,27.677313089370728,100,0.08,0.08,0.08,discrete,activation,6,0.0,0.0,0.0,full_activation_gelu_rep06,94006,1039.649216961076
gelu,1,gelu,3,1028.9951386225027,79,28.390532970428467,100,0.08,0.08,0.08,discrete,activation,6,0.0,0.0,0.0,full_activation_gelu_rep06,94006,1028.9951386225027
gelu,1,gelu,3,1033.189764774528,80,28.833022117614746,100,0.08,0.08,0.08,discrete,activation,6,0.0,0.0,0.0,full_activation_gelu_rep06,94006,1033.189764774528
gelu,1,gelu,3,1021.6711985248924,81,28.38007116317749,100,0.06,0.06,0.06,discrete,activation,6,0.0,0.0,0.0,full_activation_gelu_rep06,94006,1021.6711985248924
gelu,1,gelu,3,1008.6327270724472,82,29.024827003479004,100,0.06,0.06,0.06,discrete,activation,6,0.0,0.0,0.0,full_activation_gelu_rep06,94006,1008.6327270724472
gelu,1,gelu,3,1008.9342273026451,83,28.58296513557434,100,0.06,0.06,0.06,discrete,activation,6,0.0,0.0,0.0,full_activation_gelu_rep06,94006,1008.9342273026451
gelu,1,gelu,3,1022.4521797522077,84,28.572171211242676,100,0.06,0.06,0.06,discrete,activation,6,0.0,0.0,0.0,full_activation_gelu_rep06,94006,1022.4521797522077
gelu,1,gelu,3,1007.3690989332011,85,28.071631908416748,100,0.06,0.06,0.06,discrete,activation,6,0.0,0.0,0.0,full_activation_gelu_rep06,94006,1007.3690989332011
gelu,1,gelu,3,1014.1276741943475,86,28.831351041793823,100,0.06,0.06,0.06,discrete,activation,6,0.0,0.0,0.0,full_activation_gelu_rep06,94006,1014.1276741943475
gelu,1,gelu,3,1024.7982180598804,87,28.59273409843445,100,0.06,0.06,0.06,discrete,activation,6,0.0,0.0,0.0,full_activation_gelu_rep06,94006,1024.7982180598804
gelu,1,gelu,3,1008.3851499092972,88,27.885728120803833,100,0.06,0.06,0.06,discrete,activation,6,0.0,0.0,0.0,full_activation_gelu_rep06,94006,1008.3851499092972
gelu,1,gelu,3,1020.5992717293958,89,28.665163040161133,100,0.06,0.06,0.06,discrete,activation,6,0.0,0.0,0.0,full_activation_gelu_rep06,94006,1020.5992717293958
gelu,1,gelu,3,1021.37865246244,90,28.908171892166138,100,0.06,0.06,0.06,discrete,activation,6,0.0,0.0,0.0,full_activation_gelu_rep06,94006,1021.37865246244
gelu,1,gelu,3,991.972771949229,91,29.19659686088562,100,0.04,0.04,0.04,discrete,activation,6,0.0,0.0,0.0,full_activation_gelu_rep06,94006,991.972771949229
gelu,1,gelu,3,987.2276467780289,92,28.045303106307983,100,0.04,0.04,0.04,discrete,activation,6,0.0,0.0,0.0,full_activation_gelu_rep06,94006,987.2276467780289
gelu,1,gelu,3,991.5301463488275,93,29.136609077453613,100,0.04,0.04,0.04,discrete,activation,6,0.0,0.0,0.0,full_activation_gelu_rep06,94006,991.5301463488275
gelu,1,gelu,3,986.0230567628876,94,29.26047110557556,100,0.04,0.04,0.04,discrete,activation,6,0.0,0.0,0.0,full_activation_gelu_rep06,94006,986.0230567628876
gelu,1,gelu,3,996.3343442176406,95,29.20820689201355,100,0.04,0.04,0.04,discrete,activation,6,0.0,0.0,0.0,full_activation_gelu_rep06,94006,996.3343442176406
gelu,1,gelu,3,998.287539692092,96,28.05222487449646,100,0.04,0.04,0.04,discrete,activation,6,0.0,0.0,0.0,full_activation_gelu_rep06,94006,998.287539692092
gelu,1,gelu,3,984.7425591823777,97,29.607926845550537,100,0.04,0.04,0.04,discrete,activation,6,0.0,0.0,0.0,full_activation_gelu_rep06,94006,984.7425591823777
gelu,1,gelu,3,990.3331571870522,98,28.724188089370728,100,0.04,0.04,0.04,discrete,activation,6,0.0,0.0,0.0,full_activation_gelu_rep06,94006,990.3331571870522
gelu,1,gelu,3,987.5936809580488,99,28.17867422103882,100,0.04,0.04,0.04,discrete,activation,6,0.0,0.0,0.0,full_activation_gelu_rep06,94006,987.5936809580488
gelu,1,gelu,3,986.6158083357675,100,28.177130222320557,100,0.04,0.04,0.04,discrete,activation,6,0.0,0.0,0.0,full_activation_gelu_rep06,94006,986.6158083357675
gelu,1,gelu,3,962.5140969385081,101,29.815659999847412,100,0.02,0.02,0.02,discrete,activation,6,0.0,0.0,0.0,full_activation_gelu_rep06,94006,962.5140969385081
gelu,1,gelu,3,962.467281791469,102,29.940206050872803,100,0.02,0.02,0.02,discrete,activation,6,0.0,0.0,0.0,full_activation_gelu_rep06,94006,962.467281791469
gelu,1,gelu,3,955.7275009812961,103,29.06547713279724,100,0.02,0.02,0.02,discrete,activation,6,0.0,0.0,0.0,full_activation_gelu_rep06,94006,955.7275009812961
gelu,1,gelu,3,956.1942165200046,104,29.719110012054443,100,0.02,0.02,0.02,discrete,activation,6,0.0,0.0,0.0,full_activation_gelu_rep06,94006,956.1942165200046
gelu,1,gelu,3,956.0346108489675,105,30.619590044021606,100,0.02,0.02,0.02,discrete,activation,6,0.0,0.0,0.0,full_activation_gelu_rep06,94006,956.0346108489675
gelu,1,gelu,3,974.772968190213,106,30.009644985198975,100,0.02,0.02,0.02,discrete,activation,6,0.0,0.0,0.0,full_activation_gelu_rep06,94006,974.772968190213
gelu,1,gelu,3,976.229170225086,107,28.948774099349976,100,0.02,0.02,0.02,discrete,activation,6,0.0,0.0,0.0,full_activation_gelu_rep06,94006,976.229170225086
gelu,1,gelu,3,957.4184724796578,108,28.946012020111084,100,0.02,0.02,0.02,discrete,activation,6,0.0,0.0,0.0,full_activation_gelu_rep06,94006,957.4184724796578
gelu,1,gelu,3,971.0909854992766,109,30.01805305480957,100,0.02,0.02,0.02,discrete,activation,6,0.0,0.0,0.0,full_activation_gelu_rep06,94006,971.0909854992766
gelu,1,gelu,3,957.199865968888,110,29.890094995498657,100,0.02,0.02,0.02,discrete,activation,6,0.0,0.0,0.0,full_activation_gelu_rep06,94006,957.199865968888
gelu,1,gelu,3,947.6877405282273,111,30.298049926757812,100,0.01,0.01,0.01,discrete,activation,6,0.0,0.0,0.0,full_activation_gelu_rep06,94006,947.6877405282273
gelu,1,gelu,3,950.2959786691483,112,31.394206047058105,100,0.01,0.01,0.01,discrete,activation,6,0.0,0.0,0.0,full_activation_gelu_rep06,94006,950.2959786691483
gelu,1,gelu,3,944.309222437838,113,31.38516902923584,100,0.01,0.01,0.01,discrete,activation,6,0.0,0.0,0.0,full_activation_gelu_rep06,94006,944.309222437838
gelu,1,gelu,3,949.5899946983361,114,30.99026894569397,100,0.01,0.01,0.01,discrete,activation,6,0.0,0.0,0.0,full_activation_gelu_rep06,94006,949.5899946983361
gelu,1,gelu,3,948.9262708471215,115,31.09373116493225,100,0.01,0.01,0.01,discrete,activation,6,0.0,0.0,0.0,full_activation_gelu_rep06,94006,948.9262708471215
gelu,1,gelu,3,942.4818071522686,116,30.038676977157593,100,0.01,0.01,0.01,discrete,activation,6,0.0,0.0,0.0,full_activation_gelu_rep06,94006,942.4818071522686
gelu,1,gelu,3,942.455658145802,117,32.407012939453125,100,0.01,0.01,0.01,discrete,activation,6,0.0,0.0,0.0,full_activation_gelu_rep06,94006,942.455658145802
gelu,1,gelu,3,949.9569854716765,118,31.190966844558716,100,0.01,0.01,0.01,discrete,activation,6,0.0,0.0,0.0,full_activation_gelu_rep06,94006,949.9569854716765
gelu,1,gelu,3,945.145557205269,119,31.04596710205078,100,0.01,0.01,0.01,discrete,activation,6,0.0,0.0,0.0,full_activation_gelu_rep06,94006,945.145557205269
gelu,1,gelu,3,936.5112103627215,120,30.1811261177063,100,0.01,0.01,0.01,discrete,activation,6,0.0,0.0,0.0,full_activation_gelu_rep06,94006,936.5112103627215
gelu,1,gelu,3,926.2555998202239,121,28.159823894500732,100,0.01,0.01,0.0,discrete,activation,6,0.0,0.0,0.0,full_activation_gelu_rep06,94006,926.2555998202239
gelu,1,gelu,3,923.91760877871,122,26.109217166900635,100,0.01,0.01,0.0,discrete,activation,6,0.0,0.0,0.0,full_activation_gelu_rep06,94006,923.91760877871
gelu,1,gelu,3,928.3927795991569,123,24.785587072372437,100,0.01,0.01,0.0,discrete,activation,6,0.0,0.0,0.0,full_activation_gelu_rep06,94006,928.3927795991569
gelu,1,gelu,3,925.9447929949436,124,24.978384017944336,100,0.01,0.01,0.0,discrete,activation,6,0.0,0.0,0.0,full_activation_gelu_rep06,94006,925.9447929949436
gelu,1,gelu,3,923.2492292357414,125,24.752673864364624,100,0.01,0.01,0.0,discrete,activation,6,0.0,0.0,0.0,full_activation_gelu_rep06,94006,923.2492292357414
gelu,1,gelu,3,923.0492748422206,126,24.228718996047974,100,0.01,0.01,0.0,discrete,activation,6,0.0,0.0,0.0,full_activation_gelu_rep06,94006,923.0492748422206
gelu,1,gelu,3,924.0339833802044,127,24.415359020233154,100,0.01,0.01,0.0,discrete,activation,6,0.0,0.0,0.0,full_activation_gelu_rep06,94006,924.0339833802044
gelu,1,gelu,3,917.3864896423495,128,24.60466980934143,100,0.01,0.01,0.0,discrete,activation,6,0.0,0.0,0.0,full_activation_gelu_rep06,94006,917.3864896423495
gelu,1,gelu,3,917.8490763056859,129,24.795488834381104,100,0.01,0.01,0.0,discrete,activation,6,0.0,0.0,0.0,full_activation_gelu_rep06,94006,917.8490763056859
gelu,1,gelu,3,918.8005474786846,130,24.17366600036621,100,0.01,0.01,0.0,discrete,activation,6,0.0,0.0,0.0,full_activation_gelu_rep06,94006,918.8005474786846
relu,1,relu,3,1871.2192675247131,1,85.26433897018433,100,1.0,1.0,1.0,discrete,activation,1,0.0,0.0,0.0,full_activation_relu_rep01,94001,1871.2192675247131
relu,1,relu,3,982.0134382726443,2,28.089068174362183,100,1.0,1.0,1.0,discrete,activation,1,0.0,0.0,0.0,full_activation_relu_rep01,94001,982.0134382726443
relu,1,relu,3,963.2646149315296,3,28.445060968399048,100,1.0,1.0,1.0,discrete,activation,1,0.0,0.0,0.0,full_activation_relu_rep01,94001,963.2646149315296
relu,1,relu,3,951.2111513716891,4,28.592458963394165,100,1.0,1.0,1.0,discrete,activation,1,0.0,0.0,0.0,full_activation_relu_rep01,94001,951.2111513716891
relu,1,relu,3,949.297590382328,5,28.36970615386963,100,1.0,1.0,1.0,discrete,activation,1,0.0,0.0,0.0,full_activation_relu_rep01,94001,949.297590382328
relu,1,relu,3,948.2145100198043,6,27.64227318763733,100,1.0,1.0,1.0,discrete,activation,1,0.0,0.0,0.0,full_activation_relu_rep01,94001,948.2145100198043
relu,1,relu,3,947.7316748104686,7,28.944308042526245,100,1.0,1.0,1.0,discrete,activation,1,0.0,0.0,0.0,full_activation_relu_rep01,94001,947.7316748104686
relu,1,relu,3,947.6216392176149,8,28.604212999343872,100,1.0,1.0,1.0,discrete,activation,1,0.0,0.0,0.0,full_activation_relu_rep01,94001,947.6216392176149
relu,1,relu,3,947.6932025212346,9,27.298606872558594,100,1.0,1.0,1.0,discrete,activation,1,0.0,0.0,0.0,full_activation_relu_rep01,94001,947.6932025212346
relu,1,relu,3,947.798036450822,10,28.703682899475098,100,1.0,1.0,1.0,discrete,activation,1,0.0,0.0,0.0,full_activation_relu_rep01,94001,947.798036450822
relu,1,relu,3,947.7498788317088,11,28.74772000312805,100,1.0,1.0,1.0,discrete,activation,1,0.0,0.0,0.0,full_activation_relu_rep01,94001,947.7498788317088
relu,1,relu,3,947.8659051400564,12,28.17813992500305,100,1.0,1.0,1.0,discrete,activation,1,0.0,0.0,0.0,full_activation_relu_rep01,94001,947.8659051400564
relu,1,relu,3,947.9142853154385,13,28.504180192947388,100,1.0,1.0,1.0,discrete,activation,1,0.0,0.0,0.0,full_activation_relu_rep01,94001,947.9142853154385
relu,1,relu,3,947.8605359541431,14,28.43876600265503,100,1.0,1.0,1.0,discrete,activation,1,0.0,0.0,0.0,full_activation_relu_rep01,94001,947.8605359541431
relu,1,relu,3,947.8258903742219,15,27.409631967544556,100,1.0,1.0,1.0,discrete,activation,1,0.0,0.0,0.0,full_activation_relu_rep01,94001,947.8258903742219
relu,1,relu,3,947.5796447938186,16,28.817880868911743,100,1.0,1.0,1.0,discrete,activation,1,0.0,0.0,0.0,full_activation_relu_rep01,94001,947.5796447938186
relu,1,relu,3,947.6460353428394,17,28.609058141708374,100,1.0,1.0,1.0,discrete,activation,1,0.0,0.0,0.0,full_activation_relu_rep01,94001,947.6460353428394
relu,1,relu,3,947.6149290642383,18,27.451762914657593,100,1.0,1.0,1.0,discrete,activation,1,0.0,0.0,0.0,full_activation_relu_rep01,94001,947.6149290642383
relu,1,relu,3,947.3949362656574,19,28.74575400352478,100,1.0,1.0,1.0,discrete,activation,1,0.0,0.0,0.0,full_activation_relu_rep01,94001,947.3949362656574
relu,1,relu,3,947.1969796939075,20,28.790844202041626,100,1.0,1.0,1.0,discrete,activation,1,0.0,0.0,0.0,full_activation_relu_rep01,94001,947.1969796939075
relu,1,relu,3,1025.736906830623,21,27.69010305404663,100,0.8,0.8,0.8,discrete,activation,1,0.0,0.0,0.0,full_activation_relu_rep01,94001,1025.736906830623
relu,1,relu,3,1025.1144228738262,22,28.310739994049072,100,0.8,0.8,0.8,discrete,activation,1,0.0,0.0,0.0,full_activation_relu_rep01,94001,1025.1144228738262
relu,1,relu,3,1024.9082661770854,23,28.623220920562744,100,0.8,0.8,0.8,discrete,activation,1,0.0,0.0,0.0,full_activation_relu_rep01,94001,1024.9082661770854
relu,1,relu,3,1024.7829855569207,24,27.552675008773804,100,0.8,0.8,0.8,discrete,activation,1,0.0,0.0,0.0,full_activation_relu_rep01,94001,1024.7829855569207
relu,1,relu,3,1024.4733523749203,25,28.54463791847229,100,0.8,0.8,0.8,discrete,activation,1,0.0,0.0,0.0,full_activation_relu_rep01,94001,1024.4733523749203
relu,1,relu,3,1024.516504154862,26,27.67944622039795,100,0.8,0.8,0.8,discrete,activation,1,0.0,0.0,0.0,full_activation_relu_rep01,94001,1024.516504154862
relu,1,relu,3,1024.1659918657274,27,27.407028913497925,100,0.8,0.8,0.8,discrete,activation,1,0.0,0.0,0.0,full_activation_relu_rep01,94001,1024.1659918657274
relu,1,relu,3,1023.7647825314801,28,28.57803201675415,100,0.8,0.8,0.8,discrete,activation,1,0.0,0.0,0.0,full_activation_relu_rep01,94001,1023.7647825314801
relu,1,relu,3,1023.4583813672414,29,29.300901889801025,100,0.8,0.8,0.8,discrete,activation,1,0.0,0.0,0.0,full_activation_relu_rep01,94001,1023.4583813672414
relu,1,relu,3,1023.0314771194529,30,27.276846885681152,100,0.8,0.8,0.8,discrete,activation,1,0.0,0.0,0.0,full_activation_relu_rep01,94001,1023.0314771194529
relu,1,relu,3,1078.4669263214857,31,28.32049298286438,100,0.6,0.6,0.6,discrete,activation,1,0.0,0.0,0.0,full_activation_relu_rep01,94001,1078.4669263214857
relu,1,relu,3,1078.2136084492683,32,27.537330865859985,100,0.6,0.6,0.6,discrete,activation,1,0.0,0.0,0.0,full_activation_relu_rep01,94001,1078.2136084492683
relu,1,relu,3,1077.8835626152459,33,29.437156915664673,100,0.6,0.6,0.6,discrete,activation,1,0.0,0.0,0.0,full_activation_relu_rep01,94001,1077.8835626152459
relu,1,relu,3,1077.0658021109846,34,28.517088890075684,100,0.6,0.6,0.6,discrete,activation,1,0.0,0.0,0.0,full_activation_relu_rep01,94001,1077.0658021109846
relu,1,relu,3,1076.6152908604306,35,27.40243101119995,100,0.6,0.6,0.6,discrete,activation,1,0.0,0.0,0.0,full_activation_relu_rep01,94001,1076.6152908604306
relu,1,relu,3,1076.5486723641561,36,28.674741983413696,100,0.6,0.6,0.6,discrete,activation,1,0.0,0.0,0.0,full_activation_relu_rep01,94001,1076.5486723641561
relu,1,relu,3,1075.856492125936,37,28.98044991493225,100,0.6,0.6,0.6,discrete,activation,1,0.0,0.0,0.0,full_activation_relu_rep01,94001,1075.856492125936
relu,1,relu,3,1075.7779315796645,38,27.477935075759888,100,0.6,0.6,0.6,discrete,activation,1,0.0,0.0,0.0,full_activation_relu_rep01,94001,1075.7779315796645
relu,1,relu,3,1075.0753379487794,39,28.04892110824585,100,0.6,0.6,0.6,discrete,activation,1,0.0,0.0,0.0,full_activation_relu_rep01,94001,1075.0753379487794
relu,1,relu,3,1074.4904536770473,40,28.17242407798767,100,0.6,0.6,0.6,discrete,activation,1,0.0,0.0,0.0,full_activation_relu_rep01,94001,1074.4904536770473
relu,1,relu,3,1099.7384076498606,41,26.866459131240845,100,0.4,0.4,0.4,discrete,activation,1,0.0,0.0,0.0,full_activation_relu_rep01,94001,1099.7384076498606
relu,1,relu,3,1098.6387956287547,42,28.861407041549683,100,0.4,0.4,0.4,discrete,activation,1,0.0,0.0,0.0,full_activation_relu_rep01,94001,1098.6387956287547
relu,1,relu,3,1098.088731142639,43,28.230273962020874,100,0.4,0.4,0.4,discrete,activation,1,0.0,0.0,0.0,full_activation_relu_rep01,94001,1098.088731142639
relu,1,relu,3,1098.2530738825524,44,27.49162793159485,100,0.4,0.4,0.4,discrete,activation,1,0.0,0.0,0.0,full_activation_relu_rep01,94001,1098.2530738825524
relu,1,relu,3,1096.4390814840328,45,28.443490982055664,100,0.4,0.4,0.4,discrete,activation,1,0.0,0.0,0.0,full_activation_relu_rep01,94001,1096.4390814840328
relu,1,relu,3,1098.6991766617653,46,27.36757206916809,100,0.4,0.4,0.4,discrete,activation,1,0.0,0.0,0.0,full_activation_relu_rep01,94001,1098.6991766617653
relu,1,relu,3,1097.2565524299341,47,28.49530291557312,100,0.4,0.4,0.4,discrete,activation,1,0.0,0.0,0.0,full_activation_relu_rep01,94001,1097.2565524299341
relu,1,relu,3,1096.4948928833649,48,28.459985971450806,100,0.4,0.4,0.4,discrete,activation,1,0.0,0.0,0.0,full_activation_relu_rep01,94001,1096.4948928833649
relu,1,relu,3,1095.975534141964,49,27.417021989822388,100,0.4,0.4,0.4,discrete,activation,1,0.0,0.0,0.0,full_activation_relu_rep01,94001,1095.975534141964
relu,1,relu,3,1095.6058388497477,50,28.514035940170288,100,0.4,0.4,0.4,discrete,activation,1,0.0,0.0,0.0,full_activation_relu_rep01,94001,1095.6058388497477
relu,1,relu,3,1067.3094021901452,51,28.48492693901062,100,0.2,0.2,0.2,discrete,activation,1,0.0,0.0,0.0,full_activation_relu_rep01,94001,1067.3094021901452
relu,1,relu,3,1070.4360285131092,52,26.94534993171692,100,0.2,0.2,0.2,discrete,activation,1,0.0,0.0,0.0,full_activation_relu_rep01,94001,1070.4360285131092
relu,1,relu,3,1067.7074447707569,53,28.02728796005249,100,0.2,0.2,0.2,discrete,activation,1,0.0,0.0,0.0,full_activation_relu_rep01,94001,1067.7074447707569
relu,1,relu,3,1068.907443458694,54,28.253199100494385,100,0.2,0.2,0.2,discrete,activation,1,0.0,0.0,0.0,full_activation_relu_rep01,94001,1068.907443458694
relu,1,relu,3,1062.6462666376874,55,28.277748107910156,100,0.2,0.2,0.2,discrete,activation,1,0.0,0.0,0.0,full_activation_relu_rep01,94001,1062.6462666376874
relu,1,relu,3,1069.3875984745644,56,28.038206815719604,100,0.2,0.2,0.2,discrete,activation,1,0.0,0.0,0.0,full_activation_relu_rep01,94001,1069.3875984745644
relu,1,relu,3,1064.2793297827257,57,28.417642831802368,100,0.2,0.2,0.2,discrete,activation,1,0.0,0.0,0.0,full_activation_relu_rep01,94001,1064.2793297827257
relu,1,relu,3,1064.6568519237587,58,27.27807116508484,100,0.2,0.2,0.2,discrete,activation,1,0.0,0.0,0.0,full_activation_relu_rep01,94001,1064.6568519237587
relu,1,relu,3,1063.2861568121057,59,28.47687816619873,100,0.2,0.2,0.2,discrete,activation,1,0.0,0.0,0.0,full_activation_relu_rep01,94001,1063.2861568121057
relu,1,relu,3,1062.956898775775,60,27.962537050247192,100,0.2,0.2,0.2,discrete,activation,1,0.0,0.0,0.0,full_activation_relu_rep01,94001,1062.956898775775
relu,1,relu,3,1010.051178786189,61,27.714269876480103,100,0.1,0.1,0.1,discrete,activation,1,0.0,0.0,0.0,full_activation_relu_rep01,94001,1010.051178786189
relu,1,relu,3,1015.7203319783023,62,28.828078031539917,100,0.1,0.1,0.1,discrete,activation,1,0.0,0.0,0.0,full_activation_relu_rep01,94001,1015.7203319783023
relu,1,relu,3,1011.9718544438621,63,29.44058394432068,100,0.1,0.1,0.1,discrete,activation,1,0.0,0.0,0.0,full_activation_relu_rep01,94001,1011.9718544438621
relu,1,relu,3,1016.4915416221722,64,28.11324405670166,100,0.1,0.1,0.1,discrete,activation,1,0.0,0.0,0.0,full_activation_relu_rep01,94001,1016.4915416221722
relu,1,relu,3,1013.5106847457188,65,28.889626026153564,100,0.1,0.1,0.1,discrete,activation,1,0.0,0.0,0.0,full_activation_relu_rep01,94001,1013.5106847457188
relu,1,relu,3,1015.6781308816468,66,28.56764507293701,100,0.1,0.1,0.1,discrete,activation,1,0.0,0.0,0.0,full_activation_relu_rep01,94001,1015.6781308816468
relu,1,relu,3,1011.7982642806137,67,27.687754154205322,100,0.1,0.1,0.1,discrete,activation,1,0.0,0.0,0.0,full_activation_relu_rep01,94001,1011.7982642806137
relu,1,relu,3,1009.0432361977222,68,29.07892107963562,100,0.1,0.1,0.1,discrete,activation,1,0.0,0.0,0.0,full_activation_relu_rep01,94001,1009.0432361977222
relu,1,relu,3,1014.0790282541541,69,29.491534948349,100,0.1,0.1,0.1,discrete,activation,1,0.0,0.0,0.0,full_activation_relu_rep01,94001,1014.0790282541541
relu,1,relu,3,1013.2458897866283,70,28.264596939086914,100,0.1,0.1,0.1,discrete,activation,1,0.0,0.0,0.0,full_activation_relu_rep01,94001,1013.2458897866283
relu,1,relu,3,997.463367933644,71,29.0813570022583,100,0.08,0.08,0.08,discrete,activation,1,0.0,0.0,0.0,full_activation_relu_rep01,94001,997.463367933644
relu,1,relu,3,997.4504327842446,72,29.051414012908936,100,0.08,0.08,0.08,discrete,activation,1,0.0,0.0,0.0,full_activation_relu_rep01,94001,997.4504327842446
relu,1,relu,3,992.3682219273713,73,27.802315950393677,100,0.08,0.08,0.08,discrete,activation,1,0.0,0.0,0.0,full_activation_relu_rep01,94001,992.3682219273713
relu,1,relu,3,999.5514269444778,74,29.423656940460205,100,0.08,0.08,0.08,discrete,activation,1,0.0,0.0,0.0,full_activation_relu_rep01,94001,999.5514269444778
relu,1,relu,3,992.4644150620204,75,29.06190299987793,100,0.08,0.08,0.08,discrete,activation,1,0.0,0.0,0.0,full_activation_relu_rep01,94001,992.4644150620204
relu,1,relu,3,1002.2329996807827,76,28.918612957000732,100,0.08,0.08,0.08,discrete,activation,1,0.0,0.0,0.0,full_activation_relu_rep01,94001,1002.2329996807827
relu,1,relu,3,1000.1815927861988,77,28.965914011001587,100,0.08,0.08,0.08,discrete,activation,1,0.0,0.0,0.0,full_activation_relu_rep01,94001,1000.1815927861988
relu,1,relu,3,1002.045205967713,78,29.064712047576904,100,0.08,0.08,0.08,discrete,activation,1,0.0,0.0,0.0,full_activation_relu_rep01,94001,1002.045205967713
relu,1,relu,3,994.3744962771209,79,28.0642831325531,100,0.08,0.08,0.08,discrete,activation,1,0.0,0.0,0.0,full_activation_relu_rep01,94001,994.3744962771209
relu,1,relu,3,996.7813019492746,80,29.077672958374023,100,0.08,0.08,0.08,discrete,activation,1,0.0,0.0,0.0,full_activation_relu_rep01,94001,996.7813019492746
relu,1,relu,3,978.4911886030765,81,29.069108963012695,100,0.06,0.06,0.06,discrete,activation,1,0.0,0.0,0.0,full_activation_relu_rep01,94001,978.4911886030765
relu,1,relu,3,975.7073374274802,82,28.35876703262329,100,0.06,0.06,0.06,discrete,activation,1,0.0,0.0,0.0,full_activation_relu_rep01,94001,975.7073374274802
relu,1,relu,3,985.4398497583106,83,29.19565486907959,100,0.06,0.06,0.06,discrete,activation,1,0.0,0.0,0.0,full_activation_relu_rep01,94001,985.4398497583106
relu,1,relu,3,977.8577022791491,84,29.571324110031128,100,0.06,0.06,0.06,discrete,activation,1,0.0,0.0,0.0,full_activation_relu_rep01,94001,977.8577022791491
relu,1,relu,3,973.8993794844087,85,28.343538999557495,100,0.06,0.06,0.06,discrete,activation,1,0.0,0.0,0.0,full_activation_relu_rep01,94001,973.8993794844087
relu,1,relu,3,979.1787160660289,86,29.277559995651245,100,0.06,0.06,0.06,discrete,activation,1,0.0,0.0,0.0,full_activation_relu_rep01,94001,979.1787160660289
relu,1,relu,3,984.0865949605412,87,29.625046968460083,100,0.06,0.06,0.06,discrete,activation,1,0.0,0.0,0.0,full_activation_relu_rep01,94001,984.0865949605412
relu,1,relu,3,983.8441682195739,88,28.303816080093384,100,0.06,0.06,0.06,discrete,activation,1,0.0,0.0,0.0,full_activation_relu_rep01,94001,983.8441682195739
relu,1,relu,3,978.5720903507952,89,29.052394151687622,100,0.06,0.06,0.06,discrete,activation,1,0.0,0.0,0.0,full_activation_relu_rep01,94001,978.5720903507952
relu,1,relu,3,974.9603147118951,90,29.414823055267334,100,0.06,0.06,0.06,discrete,activation,1,0.0,0.0,0.0,full_activation_relu_rep01,94001,974.9603147118951
relu,1,relu,3,959.6950007591821,91,30.348237991333008,100,0.04,0.04,0.04,discrete,activation,1,0.0,0.0,0.0,full_activation_relu_rep01,94001,959.6950007591821
relu,1,relu,3,967.1568960840306,92,28.897910118103027,100,0.04,0.04,0.04,discrete,activation,1,0.0,0.0,0.0,full_activation_relu_rep01,94001,967.1568960840306
relu,1,relu,3,959.1872937572115,93,29.832463026046753,100,0.04,0.04,0.04,discrete,activation,1,0.0,0.0,0.0,full_activation_relu_rep01,94001,959.1872937572115
relu,1,relu,3,964.3240468539666,94,30.268697023391724,100,0.04,0.04,0.04,discrete,activation,1,0.0,0.0,0.0,full_activation_relu_rep01,94001,964.3240468539666
relu,1,relu,3,959.4520009247602,95,28.68257212638855,100,0.04,0.04,0.04,discrete,activation,1,0.0,0.0,0.0,full_activation_relu_rep01,94001,959.4520009247602
relu,1,relu,3,959.6594187813938,96,31.32888388633728,100,0.04,0.04,0.04,discrete,activation,1,0.0,0.0,0.0,full_activation_relu_rep01,94001,959.6594187813938
relu,1,relu,3,968.7425353436099,97,29.712426900863647,100,0.04,0.04,0.04,discrete,activation,1,0.0,0.0,0.0,full_activation_relu_rep01,94001,968.7425353436099
relu,1,relu,3,948.0622110671072,98,28.68478512763977,100,0.04,0.04,0.04,discrete,activation,1,0.0,0.0,0.0,full_activation_relu_rep01,94001,948.0622110671072
relu,1,relu,3,953.2363456473358,99,29.654126167297363,100,0.04,0.04,0.04,discrete,activation,1,0.0,0.0,0.0,full_activation_relu_rep01,94001,953.2363456473358
relu,1,relu,3,959.8436530302685,100,29.604695081710815,100,0.04,0.04,0.04,discrete,activation,1,0.0,0.0,0.0,full_activation_relu_rep01,94001,959.8436530302685
relu,1,relu,3,924.454837133301,101,30.50850009918213,100,0.02,0.02,0.02,discrete,activation,1,0.0,0.0,0.0,full_activation_relu_rep01,94001,924.454837133301
relu,1,relu,3,929.9863876473166,102,31.343576908111572,100,0.02,0.02,0.02,discrete,activation,1,0.0,0.0,0.0,full_activation_relu_rep01,94001,929.9863876473166
relu,1,relu,3,925.279603474011,103,31.17040514945984,100,0.02,0.02,0.02,discrete,activation,1,0.0,0.0,0.0,full_activation_relu_rep01,94001,925.279603474011
relu,1,relu,3,927.0284144971245,104,31.642613887786865,100,0.02,0.02,0.02,discrete,activation,1,0.0,0.0,0.0,full_activation_relu_rep01,94001,927.0284144971245
relu,1,relu,3,931.3040006551186,105,29.99141788482666,100,0.02,0.02,0.02,discrete,activation,1,0.0,0.0,0.0,full_activation_relu_rep01,94001,931.3040006551186
relu,1,relu,3,927.0246523412975,106,31.03197193145752,100,0.02,0.02,0.02,discrete,activation,1,0.0,0.0,0.0,full_activation_relu_rep01,94001,927.0246523412975
relu,1,relu,3,920.0282893632996,107,31.21738290786743,100,0.02,0.02,0.02,discrete,activation,1,0.0,0.0,0.0,full_activation_relu_rep01,94001,920.0282893632996
relu,1,relu,3,941.9499937321884,108,30.48226499557495,100,0.02,0.02,0.02,discrete,activation,1,0.0,0.0,0.0,full_activation_relu_rep01,94001,941.9499937321884
relu,1,relu,3,928.6626310508873,109,31.08700203895569,100,0.02,0.02,0.02,discrete,activation,1,0.0,0.0,0.0,full_activation_relu_rep01,94001,928.6626310508873
relu,1,relu,3,933.4554836247896,110,30.926066875457764,100,0.02,0.02,0.02,discrete,activation,1,0.0,0.0,0.0,full_activation_relu_rep01,94001,933.4554836247896
relu,1,relu,3,915.1830444568923,111,32.618557929992676,100,0.01,0.01,0.01,discrete,activation,1,0.0,0.0,0.0,full_activation_relu_rep01,94001,915.1830444568923
relu,1,relu,3,909.8137787646895,112,32.03478789329529,100,0.01,0.01,0.01,discrete,activation,1,0.0,0.0,0.0,full_activation_relu_rep01,94001,909.8137787646895
relu,1,relu,3,909.9898202770212,113,32.28350591659546,100,0.01,0.01,0.01,discrete,activation,1,0.0,0.0,0.0,full_activation_relu_rep01,94001,909.9898202770212
relu,1,relu,3,911.8419877384192,114,32.42000603675842,100,0.01,0.01,0.01,discrete,activation,1,0.0,0.0,0.0,full_activation_relu_rep01,94001,911.8419877384192
relu,1,relu,3,910.9980669126885,115,33.81851601600647,100,0.01,0.01,0.01,discrete,activation,1,0.0,0.0,0.0,full_activation_relu_rep01,94001,910.9980669126885
relu,1,relu,3,910.5207270455197,116,31.844913005828857,100,0.01,0.01,0.01,discrete,activation,1,0.0,0.0,0.0,full_activation_relu_rep01,94001,910.5207270455197
relu,1,relu,3,920.8772309134615,117,32.47663903236389,100,0.01,0.01,0.01,discrete,activation,1,0.0,0.0,0.0,full_activation_relu_rep01,94001,920.8772309134615
relu,1,relu,3,915.3218994306658,118,32.64546489715576,100,0.01,0.01,0.01,discrete,activation,1,0.0,0.0,0.0,full_activation_relu_rep01,94001,915.3218994306658
relu,1,relu,3,910.7649395186814,119,33.126741886138916,100,0.01,0.01,0.01,discrete,activation,1,0.0,0.0,0.0,full_activation_relu_rep01,94001,910.7649395186814
relu,1,relu,3,911.0802122787261,120,31.539533853530884,100,0.01,0.01,0.01,discrete,activation,1,0.0,0.0,0.0,full_activation_relu_rep01,94001,911.0802122787261
relu,1,relu,3,891.5481769482805,121,29.03800106048584,100,0.01,0.01,0.0,discrete,activation,1,0.0,0.0,0.0,full_activation_relu_rep01,94001,891.5481769482805
relu,1,relu,3,889.245956273958,122,27.042793035507202,100,0.01,0.01,0.0,discrete,activation,1,0.0,0.0,0.0,full_activation_relu_rep01,94001,889.245956273958
relu,1,relu,3,888.5482016144181,123,26.250897884368896,100,0.01,0.01,0.0,discrete,activation,1,0.0,0.0,0.0,full_activation_relu_rep01,94001,888.5482016144181
relu,1,relu,3,895.443812783176,124,26.13999891281128,100,0.01,0.01,0.0,discrete,activation,1,0.0,0.0,0.0,full_activation_relu_rep01,94001,895.443812783176
relu,1,relu,3,887.1286387508027,125,26.34395694732666,100,0.01,0.01,0.0,discrete,activation,1,0.0,0.0,0.0,full_activation_relu_rep01,94001,887.1286387508027
relu,1,relu,3,893.7333412521796,126,26.654232025146484,100,0.01,0.01,0.0,discrete,activation,1,0.0,0.0,0.0,full_activation_relu_rep01,94001,893.7333412521796
relu,1,relu,3,893.5623003502416,127,25.91948413848877,100,0.01,0.01,0.0,discrete,activation,1,0.0,0.0,0.0,full_activation_relu_rep01,94001,893.5623003502416
relu,1,relu,3,885.612152183326,128,25.924593925476074,100,0.01,0.01,0.0,discrete,activation,1,0.0,0.0,0.0,full_activation_relu_rep01,94001,885.612152183326
relu,1,relu,3,890.8655472654668,129,27.286262035369873,100,0.01,0.01,0.0,discrete,activation,1,0.0,0.0,0.0,full_activation_relu_rep01,94001,890.8655472654668
relu,1,relu,3,880.6638343136474,130,26.910176038742065,100,0.01,0.01,0.0,discrete,activation,1,0.0,0.0,0.0,full_activation_relu_rep01,94001,880.6638343136474
relu,1,relu,3,2002.7879487201128,1,85.54272985458374,100,1.0,1.0,1.0,discrete,activation,2,0.0,0.0,0.0,full_activation_relu_rep02,94002,2002.7879487201128
relu,1,relu,3,995.2981344841008,2,28.873793125152588,100,1.0,1.0,1.0,discrete,activation,2,0.0,0.0,0.0,full_activation_relu_rep02,94002,995.2981344841008
relu,1,relu,3,981.541985824278,3,27.690630197525024,100,1.0,1.0,1.0,discrete,activation,2,0.0,0.0,0.0,full_activation_relu_rep02,94002,981.541985824278
relu,1,relu,3,981.2925644650211,4,28.53687596321106,100,1.0,1.0,1.0,discrete,activation,2,0.0,0.0,0.0,full_activation_relu_rep02,94002,981.2925644650211
relu,1,relu,3,981.7722892791489,5,28.80029296875,100,1.0,1.0,1.0,discrete,activation,2,0.0,0.0,0.0,full_activation_relu_rep02,94002,981.7722892791489
relu,1,relu,3,981.9158675943492,6,28.731956958770752,100,1.0,1.0,1.0,discrete,activation,2,0.0,0.0,0.0,full_activation_relu_rep02,94002,981.9158675943492
relu,1,relu,3,981.803081207526,7,27.93999695777893,100,1.0,1.0,1.0,discrete,activation,2,0.0,0.0,0.0,full_activation_relu_rep02,94002,981.803081207526
relu,1,relu,3,981.9696792900769,8,28.674889087677002,100,1.0,1.0,1.0,discrete,activation,2,0.0,0.0,0.0,full_activation_relu_rep02,94002,981.9696792900769
relu,1,relu,3,981.5222811311583,9,28.40369701385498,100,1.0,1.0,1.0,discrete,activation,2,0.0,0.0,0.0,full_activation_relu_rep02,94002,981.5222811311583
relu,1,relu,3,981.3810800747486,10,28.55973219871521,100,1.0,1.0,1.0,discrete,activation,2,0.0,0.0,0.0,full_activation_relu_rep02,94002,981.3810800747486
relu,1,relu,3,981.0054463278962,11,27.631221055984497,100,1.0,1.0,1.0,discrete,activation,2,0.0,0.0,0.0,full_activation_relu_rep02,94002,981.0054463278962
relu,1,relu,3,980.7174421529116,12,30.138413906097412,100,1.0,1.0,1.0,discrete,activation,2,0.0,0.0,0.0,full_activation_relu_rep02,94002,980.7174421529116
relu,1,relu,3,980.3935607862124,13,28.554989099502563,100,1.0,1.0,1.0,discrete,activation,2,0.0,0.0,0.0,full_activation_relu_rep02,94002,980.3935607862124
relu,1,relu,3,980.2507871692396,14,27.647831916809082,100,1.0,1.0,1.0,discrete,activation,2,0.0,0.0,0.0,full_activation_relu_rep02,94002,980.2507871692396
relu,1,relu,3,979.6989488692069,15,28.303607940673828,100,1.0,1.0,1.0,discrete,activation,2,0.0,0.0,0.0,full_activation_relu_rep02,94002,979.6989488692069
relu,1,relu,3,979.2090497922638,16,28.51303195953369,100,1.0,1.0,1.0,discrete,activation,2,0.0,0.0,0.0,full_activation_relu_rep02,94002,979.2090497922638
relu,1,relu,3,978.8615688389815,17,27.59123396873474,100,1.0,1.0,1.0,discrete,activation,2,0.0,0.0,0.0,full_activation_relu_rep02,94002,978.8615688389815
relu,1,relu,3,978.1230805735925,18,28.70589590072632,100,1.0,1.0,1.0,discrete,activation,2,0.0,0.0,0.0,full_activation_relu_rep02,94002,978.1230805735925
relu,1,relu,3,977.6250921265627,19,28.465327978134155,100,1.0,1.0,1.0,discrete,activation,2,0.0,0.0,0.0,full_activation_relu_rep02,94002,977.6250921265627
relu,1,relu,3,977.4115238559442,20,27.51163601875305,100,1.0,1.0,1.0,discrete,activation,2,0.0,0.0,0.0,full_activation_relu_rep02,94002,977.4115238559442
relu,1,relu,3,1056.2864322512248,21,27.989956855773926,100,0.8,0.8,0.8,discrete,activation,2,0.0,0.0,0.0,full_activation_relu_rep02,94002,1056.2864322512248
relu,1,relu,3,1054.468826060061,22,28.0020170211792,100,0.8,0.8,0.8,discrete,activation,2,0.0,0.0,0.0,full_activation_relu_rep02,94002,1054.468826060061
relu,1,relu,3,1053.8093858428497,23,28.6827609539032,100,0.8,0.8,0.8,discrete,activation,2,0.0,0.0,0.0,full_activation_relu_rep02,94002,1053.8093858428497
relu,1,relu,3,1052.9868360521673,24,27.428766012191772,100,0.8,0.8,0.8,discrete,activation,2,0.0,0.0,0.0,full_activation_relu_rep02,94002,1052.9868360521673
relu,1,relu,3,1051.9348364573484,25,28.446681022644043,100,0.8,0.8,0.8,discrete,activation,2,0.0,0.0,0.0,full_activation_relu_rep02,94002,1051.9348364573484
relu,1,relu,3,1051.158812436246,26,28.06606101989746,100,0.8,0.8,0.8,discrete,activation,2,0.0,0.0,0.0,full_activation_relu_rep02,94002,1051.158812436246
relu,1,relu,3,1050.0391348590192,27,27.690118074417114,100,0.8,0.8,0.8,discrete,activation,2,0.0,0.0,0.0,full_activation_relu_rep02,94002,1050.0391348590192
relu,1,relu,3,1047.526422028728,28,28.116533994674683,100,0.8,0.8,0.8,discrete,activation,2,0.0,0.0,0.0,full_activation_relu_rep02,94002,1047.526422028728
relu,1,relu,3,1045.7414675774933,29,28.506262063980103,100,0.8,0.8,0.8,discrete,activation,2,0.0,0.0,0.0,full_activation_relu_rep02,94002,1045.7414675774933
relu,1,relu,3,1049.6774411333768,30,28.292673110961914,100,0.8,0.8,0.8,discrete,activation,2,0.0,0.0,0.0,full_activation_relu_rep02,94002,1049.6774411333768
relu,1,relu,3,1109.247845174111,31,27.170072078704834,100,0.6,0.6,0.6,discrete,activation,2,0.0,0.0,0.0,full_activation_relu_rep02,94002,1109.247845174111
relu,1,relu,3,1107.2197272429885,32,28.58129906654358,100,0.6,0.6,0.6,discrete,activation,2,0.0,0.0,0.0,full_activation_relu_rep02,94002,1107.2197272429885
relu,1,relu,3,1106.0235361308717,33,28.83390998840332,100,0.6,0.6,0.6,discrete,activation,2,0.0,0.0,0.0,full_activation_relu_rep02,94002,1106.0235361308717
relu,1,relu,3,1105.4125635508385,34,27.60315179824829,100,0.6,0.6,0.6,discrete,activation,2,0.0,0.0,0.0,full_activation_relu_rep02,94002,1105.4125635508385
relu,1,relu,3,1103.9710326301645,35,28.185893058776855,100,0.6,0.6,0.6,discrete,activation,2,0.0,0.0,0.0,full_activation_relu_rep02,94002,1103.9710326301645
relu,1,relu,3,1098.512501294539,36,28.305480003356934,100,0.6,0.6,0.6,discrete,activation,2,0.0,0.0,0.0,full_activation_relu_rep02,94002,1098.512501294539
relu,1,relu,3,1110.1177115561318,37,27.78181505203247,100,0.6,0.6,0.6,discrete,activation,2,0.0,0.0,0.0,full_activation_relu_rep02,94002,1110.1177115561318
relu,1,relu,3,1108.4622614935697,38,28.3072190284729,100,0.6,0.6,0.6,discrete,activation,2,0.0,0.0,0.0,full_activation_relu_rep02,94002,1108.4622614935697
relu,1,relu,3,1101.2503925351189,39,28.47022795677185,100,0.6,0.6,0.6,discrete,activation,2,0.0,0.0,0.0,full_activation_relu_rep02,94002,1101.2503925351189
relu,1,relu,3,1100.2605446897605,40,27.27645516395569,100,0.6,0.6,0.6,discrete,activation,2,0.0,0.0,0.0,full_activation_relu_rep02,94002,1100.2605446897605
relu,1,relu,3,1144.5600160893364,41,27.87257981300354,100,0.4,0.4,0.4,discrete,activation,2,0.0,0.0,0.0,full_activation_relu_rep02,94002,1144.5600160893364
relu,1,relu,3,1137.6879673836247,42,28.1542329788208,100,0.4,0.4,0.4,discrete,activation,2,0.0,0.0,0.0,full_activation_relu_rep02,94002,1137.6879673836247
relu,1,relu,3,1133.0745714567065,43,27.477187871932983,100,0.4,0.4,0.4,discrete,activation,2,0.0,0.0,0.0,full_activation_relu_rep02,94002,1133.0745714567065
relu,1,relu,3,1126.6959805441406,44,27.3716721534729,100,0.4,0.4,0.4,discrete,activation,2,0.0,0.0,0.0,full_activation_relu_rep02,94002,1126.6959805441406
relu,1,relu,3,1125.0655164853354,45,28.101351976394653,100,0.4,0.4,0.4,discrete,activation,2,0.0,0.0,0.0,full_activation_relu_rep02,94002,1125.0655164853354
relu,1,relu,3,1129.4204311451933,46,28.662480115890503,100,0.4,0.4,0.4,discrete,activation,2,0.0,0.0,0.0,full_activation_relu_rep02,94002,1129.4204311451933
relu,1,relu,3,1137.8463657640825,47,27.179004192352295,100,0.4,0.4,0.4,discrete,activation,2,0.0,0.0,0.0,full_activation_relu_rep02,94002,1137.8463657640825
relu,1,relu,3,1137.4917630528255,48,28.132163047790527,100,0.4,0.4,0.4,discrete,activation,2,0.0,0.0,0.0,full_activation_relu_rep02,94002,1137.4917630528255
relu,1,relu,3,1139.9214162025903,49,28.501366138458252,100,0.4,0.4,0.4,discrete,activation,2,0.0,0.0,0.0,full_activation_relu_rep02,94002,1139.9214162025903
relu,1,relu,3,1142.201205726028,50,27.871502161026,100,0.4,0.4,0.4,discrete,activation,2,0.0,0.0,0.0,full_activation_relu_rep02,94002,1142.201205726028
relu,1,relu,3,1109.696036862504,51,28.67992401123047,100,0.2,0.2,0.2,discrete,activation,2,0.0,0.0,0.0,full_activation_relu_rep02,94002,1109.696036862504
relu,1,relu,3,1106.0931980992991,52,28.187615156173706,100,0.2,0.2,0.2,discrete,activation,2,0.0,0.0,0.0,full_activation_relu_rep02,94002,1106.0931980992991
relu,1,relu,3,1107.220475896175,53,27.564001083374023,100,0.2,0.2,0.2,discrete,activation,2,0.0,0.0,0.0,full_activation_relu_rep02,94002,1107.220475896175
relu,1,relu,3,1110.5673372998217,54,27.987618923187256,100,0.2,0.2,0.2,discrete,activation,2,0.0,0.0,0.0,full_activation_relu_rep02,94002,1110.5673372998217
relu,1,relu,3,1115.1153284222378,55,29.162452936172485,100,0.2,0.2,0.2,discrete,activation,2,0.0,0.0,0.0,full_activation_relu_rep02,94002,1115.1153284222378
relu,1,relu,3,1101.50680608411,56,27.40688395500183,100,0.2,0.2,0.2,discrete,activation,2,0.0,0.0,0.0,full_activation_relu_rep02,94002,1101.50680608411
relu,1,relu,3,1109.912979819915,57,28.614085912704468,100,0.2,0.2,0.2,discrete,activation,2,0.0,0.0,0.0,full_activation_relu_rep02,94002,1109.912979819915
relu,1,relu,3,1118.457286173584,58,28.264205932617188,100,0.2,0.2,0.2,discrete,activation,2,0.0,0.0,0.0,full_activation_relu_rep02,94002,1118.457286173584
relu,1,relu,3,1115.5875986287572,59,28.609637022018433,100,0.2,0.2,0.2,discrete,activation,2,0.0,0.0,0.0,full_activation_relu_rep02,94002,1115.5875986287572
relu,1,relu,3,1107.7402777581783,60,27.00689697265625,100,0.2,0.2,0.2,discrete,activation,2,0.0,0.0,0.0,full_activation_relu_rep02,94002,1107.7402777581783
relu,1,relu,3,1075.1214883198677,61,28.82225203514099,100,0.1,0.1,0.1,discrete,activation,2,0.0,0.0,0.0,full_activation_relu_rep02,94002,1075.1214883198677
relu,1,relu,3,1066.0197081604979,62,28.879021883010864,100,0.1,0.1,0.1,discrete,activation,2,0.0,0.0,0.0,full_activation_relu_rep02,94002,1066.0197081604979
relu,1,relu,3,1067.7835481688585,63,28.155892848968506,100,0.1,0.1,0.1,discrete,activation,2,0.0,0.0,0.0,full_activation_relu_rep02,94002,1067.7835481688585
relu,1,relu,3,1067.391162279401,64,28.887197971343994,100,0.1,0.1,0.1,discrete,activation,2,0.0,0.0,0.0,full_activation_relu_rep02,94002,1067.391162279401
relu,1,relu,3,1057.6659545562477,65,28.900774002075195,100,0.1,0.1,0.1,discrete,activation,2,0.0,0.0,0.0,full_activation_relu_rep02,94002,1057.6659545562477
relu,1,relu,3,1054.6382684081577,66,28.596917867660522,100,0.1,0.1,0.1,discrete,activation,2,0.0,0.0,0.0,full_activation_relu_rep02,94002,1054.6382684081577
relu,1,relu,3,1063.6110510916687,67,27.813032865524292,100,0.1,0.1,0.1,discrete,activation,2,0.0,0.0,0.0,full_activation_relu_rep02,94002,1063.6110510916687
relu,1,relu,3,1055.3247344510291,68,28.636866092681885,100,0.1,0.1,0.1,discrete,activation,2,0.0,0.0,0.0,full_activation_relu_rep02,94002,1055.3247344510291
relu,1,relu,3,1061.560632646423,69,28.861198902130127,100,0.1,0.1,0.1,discrete,activation,2,0.0,0.0,0.0,full_activation_relu_rep02,94002,1061.560632646423
relu,1,relu,3,1067.369570833066,70,27.91947603225708,100,0.1,0.1,0.1,discrete,activation,2,0.0,0.0,0.0,full_activation_relu_rep02,94002,1067.369570833066
relu,1,relu,3,1047.5119861994226,71,28.795546054840088,100,0.08,0.08,0.08,discrete,activation,2,0.0,0.0,0.0,full_activation_relu_rep02,94002,1047.5119861994226
relu,1,relu,3,1050.2920520037706,72,29.163872003555298,100,0.08,0.08,0.08,discrete,activation,2,0.0,0.0,0.0,full_activation_relu_rep02,94002,1050.2920520037706
relu,1,relu,3,1050.263011121678,73,27.863476037979126,100,0.08,0.08,0.08,discrete,activation,2,0.0,0.0,0.0,full_activation_relu_rep02,94002,1050.263011121678
relu,1,relu,3,1050.7739325779582,74,29.153419971466064,100,0.08,0.08,0.08,discrete,activation,2,0.0,0.0,0.0,full_activation_relu_rep02,94002,1050.7739325779582
relu,1,relu,3,1044.1295314338415,75,29.056060075759888,100,0.08,0.08,0.08,discrete,activation,2,0.0,0.0,0.0,full_activation_relu_rep02,94002,1044.1295314338415
relu,1,relu,3,1044.6870692317534,76,30.746299982070923,100,0.08,0.08,0.08,discrete,activation,2,0.0,0.0,0.0,full_activation_relu_rep02,94002,1044.6870692317534
relu,1,relu,3,1036.5546238457073,77,28.256442070007324,100,0.08,0.08,0.08,discrete,activation,2,0.0,0.0,0.0,full_activation_relu_rep02,94002,1036.5546238457073
relu,1,relu,3,1033.6583562806356,78,29.17636799812317,100,0.08,0.08,0.08,discrete,activation,2,0.0,0.0,0.0,full_activation_relu_rep02,94002,1033.6583562806356
relu,1,relu,3,1041.1227050349669,79,29.112048149108887,100,0.08,0.08,0.08,discrete,activation,2,0.0,0.0,0.0,full_activation_relu_rep02,94002,1041.1227050349669
relu,1,relu,3,1049.273283496697,80,29.760788202285767,100,0.08,0.08,0.08,discrete,activation,2,0.0,0.0,0.0,full_activation_relu_rep02,94002,1049.273283496697
relu,1,relu,3,1020.7412387176491,81,28.124599933624268,100,0.06,0.06,0.06,discrete,activation,2,0.0,0.0,0.0,full_activation_relu_rep02,94002,1020.7412387176491
relu,1,relu,3,1033.833229596594,82,29.50722098350525,100,0.06,0.06,0.06,discrete,activation,2,0.0,0.0,0.0,full_activation_relu_rep02,94002,1033.833229596594
relu,1,relu,3,1037.3758282518493,83,29.120121955871582,100,0.06,0.06,0.06,discrete,activation,2,0.0,0.0,0.0,full_activation_relu_rep02,94002,1037.3758282518493
relu,1,relu,3,1028.2170970921202,84,28.532871961593628,100,0.06,0.06,0.06,discrete,activation,2,0.0,0.0,0.0,full_activation_relu_rep02,94002,1028.2170970921202
relu,1,relu,3,1019.4668367349768,85,28.890269994735718,100,0.06,0.06,0.06,discrete,activation,2,0.0,0.0,0.0,full_activation_relu_rep02,94002,1019.4668367349768
relu,1,relu,3,1017.7503449954224,86,29.31336498260498,100,0.06,0.06,0.06,discrete,activation,2,0.0,0.0,0.0,full_activation_relu_rep02,94002,1017.7503449954224
relu,1,relu,3,1028.0908799568626,87,29.017608880996704,100,0.06,0.06,0.06,discrete,activation,2,0.0,0.0,0.0,full_activation_relu_rep02,94002,1028.0908799568626
relu,1,relu,3,1025.4408172262754,88,28.221783876419067,100,0.06,0.06,0.06,discrete,activation,2,0.0,0.0,0.0,full_activation_relu_rep02,94002,1025.4408172262754
relu,1,relu,3,1022.9433214084357,89,28.842252016067505,100,0.06,0.06,0.06,discrete,activation,2,0.0,0.0,0.0,full_activation_relu_rep02,94002,1022.9433214084357
relu,1,relu,3,1025.4741196057264,90,29.258695125579834,100,0.06,0.06,0.06,discrete,activation,2,0.0,0.0,0.0,full_activation_relu_rep02,94002,1025.4741196057264
relu,1,relu,3,1008.2864174731717,91,30.29607605934143,100,0.04,0.04,0.04,discrete,activation,2,0.0,0.0,0.0,full_activation_relu_rep02,94002,1008.2864174731717
relu,1,relu,3,999.9972298070657,92,29.148590087890625,100,0.04,0.04,0.04,discrete,activation,2,0.0,0.0,0.0,full_activation_relu_rep02,94002,999.9972298070657
relu,1,relu,3,992.9563419015947,93,30.080963134765625,100,0.04,0.04,0.04,discrete,activation,2,0.0,0.0,0.0,full_activation_relu_rep02,94002,992.9563419015947
relu,1,relu,3,1007.809287757203,94,29.868125915527344,100,0.04,0.04,0.04,discrete,activation,2,0.0,0.0,0.0,full_activation_relu_rep02,94002,1007.809287757203
relu,1,relu,3,997.8921733813854,95,28.98471212387085,100,0.04,0.04,0.04,discrete,activation,2,0.0,0.0,0.0,full_activation_relu_rep02,94002,997.8921733813854
relu,1,relu,3,990.1210193524951,96,29.785485982894897,100,0.04,0.04,0.04,discrete,activation,2,0.0,0.0,0.0,full_activation_relu_rep02,94002,990.1210193524951
relu,1,relu,3,999.930890217027,97,29.775375843048096,100,0.04,0.04,0.04,discrete,activation,2,0.0,0.0,0.0,full_activation_relu_rep02,94002,999.930890217027
relu,1,relu,3,1011.3964065418174,98,30.133050203323364,100,0.04,0.04,0.04,discrete,activation,2,0.0,0.0,0.0,full_activation_relu_rep02,94002,1011.3964065418174
relu,1,relu,3,994.3162762064105,99,28.905203104019165,100,0.04,0.04,0.04,discrete,activation,2,0.0,0.0,0.0,full_activation_relu_rep02,94002,994.3162762064105
relu,1,relu,3,1004.8283021322454,100,29.792009115219116,100,0.04,0.04,0.04,discrete,activation,2,0.0,0.0,0.0,full_activation_relu_rep02,94002,1004.8283021322454
relu,1,relu,3,972.6941123805,101,31.12929892539978,100,0.02,0.02,0.02,discrete,activation,2,0.0,0.0,0.0,full_activation_relu_rep02,94002,972.6941123805
relu,1,relu,3,960.1514185600464,102,30.941532135009766,100,0.02,0.02,0.02,discrete,activation,2,0.0,0.0,0.0,full_activation_relu_rep02,94002,960.1514185600464
relu,1,relu,3,982.2229550683365,103,30.371663808822632,100,0.02,0.02,0.02,discrete,activation,2,0.0,0.0,0.0,full_activation_relu_rep02,94002,982.2229550683365
relu,1,relu,3,977.3573970019031,104,30.99634599685669,100,0.02,0.02,0.02,discrete,activation,2,0.0,0.0,0.0,full_activation_relu_rep02,94002,977.3573970019031
relu,1,relu,3,975.8242094748908,105,31.23412799835205,100,0.02,0.02,0.02,discrete,activation,2,0.0,0.0,0.0,full_activation_relu_rep02,94002,975.8242094748908
relu,1,relu,3,980.1824557008736,106,31.072471857070923,100,0.02,0.02,0.02,discrete,activation,2,0.0,0.0,0.0,full_activation_relu_rep02,94002,980.1824557008736
relu,1,relu,3,982.9944886758402,107,30.403668880462646,100,0.02,0.02,0.02,discrete,activation,2,0.0,0.0,0.0,full_activation_relu_rep02,94002,982.9944886758402
relu,1,relu,3,968.6953532459331,108,31.288202047348022,100,0.02,0.02,0.02,discrete,activation,2,0.0,0.0,0.0,full_activation_relu_rep02,94002,968.6953532459331
relu,1,relu,3,967.7338043339207,109,31.215306997299194,100,0.02,0.02,0.02,discrete,activation,2,0.0,0.0,0.0,full_activation_relu_rep02,94002,967.7338043339207
relu,1,relu,3,955.0703261922712,110,31.052892923355103,100,0.02,0.02,0.02,discrete,activation,2,0.0,0.0,0.0,full_activation_relu_rep02,94002,955.0703261922712
relu,1,relu,3,946.0416881422705,111,32.3384530544281,100,0.01,0.01,0.01,discrete,activation,2,0.0,0.0,0.0,full_activation_relu_rep02,94002,946.0416881422705
relu,1,relu,3,956.597961496157,112,31.702791929244995,100,0.01,0.01,0.01,discrete,activation,2,0.0,0.0,0.0,full_activation_relu_rep02,94002,956.597961496157
relu,1,relu,3,948.0586473539023,113,32.137661933898926,100,0.01,0.01,0.01,discrete,activation,2,0.0,0.0,0.0,full_activation_relu_rep02,94002,948.0586473539023
relu,1,relu,3,954.9190217203542,114,32.248088121414185,100,0.01,0.01,0.01,discrete,activation,2,0.0,0.0,0.0,full_activation_relu_rep02,94002,954.9190217203542
relu,1,relu,3,953.9383265938876,115,33.035682916641235,100,0.01,0.01,0.01,discrete,activation,2,0.0,0.0,0.0,full_activation_relu_rep02,94002,953.9383265938876
relu,1,relu,3,958.2838134294901,116,32.6669499874115,100,0.01,0.01,0.01,discrete,activation,2,0.0,0.0,0.0,full_activation_relu_rep02,94002,958.2838134294901
relu,1,relu,3,945.2329276246396,117,31.492289066314697,100,0.01,0.01,0.01,discrete,activation,2,0.0,0.0,0.0,full_activation_relu_rep02,94002,945.2329276246396
relu,1,relu,3,957.6306859438181,118,32.360193967819214,100,0.01,0.01,0.01,discrete,activation,2,0.0,0.0,0.0,full_activation_relu_rep02,94002,957.6306859438181
relu,1,relu,3,948.1305965451107,119,32.75757193565369,100,0.01,0.01,0.01,discrete,activation,2,0.0,0.0,0.0,full_activation_relu_rep02,94002,948.1305965451107
relu,1,relu,3,952.5431067289751,120,32.45861101150513,100,0.01,0.01,0.01,discrete,activation,2,0.0,0.0,0.0,full_activation_relu_rep02,94002,952.5431067289751
relu,1,relu,3,936.6585599705887,121,29.021930932998657,100,0.01,0.01,0.0,discrete,activation,2,0.0,0.0,0.0,full_activation_relu_rep02,94002,936.6585599705887
relu,1,relu,3,931.9735723944094,122,25.636878967285156,100,0.01,0.01,0.0,discrete,activation,2,0.0,0.0,0.0,full_activation_relu_rep02,94002,931.9735723944094
relu,1,relu,3,927.8048773553378,123,26.006630897521973,100,0.01,0.01,0.0,discrete,activation,2,0.0,0.0,0.0,full_activation_relu_rep02,94002,927.8048773553378
relu,1,relu,3,934.3096580376705,124,26.323503017425537,100,0.01,0.01,0.0,discrete,activation,2,0.0,0.0,0.0,full_activation_relu_rep02,94002,934.3096580376705
relu,1,relu,3,935.3490907901838,125,25.348212003707886,100,0.01,0.01,0.0,discrete,activation,2,0.0,0.0,0.0,full_activation_relu_rep02,94002,935.3490907901838
relu,1,relu,3,926.3709493393804,126,25.492379903793335,100,0.01,0.01,0.0,discrete,activation,2,0.0,0.0,0.0,full_activation_relu_rep02,94002,926.3709493393804
relu,1,relu,3,933.8095348476047,127,26.86055588722229,100,0.01,0.01,0.0,discrete,activation,2,0.0,0.0,0.0,full_activation_relu_rep02,94002,933.8095348476047
relu,1,relu,3,940.5424471109295,128,26.017737865447998,100,0.01,0.01,0.0,discrete,activation,2,0.0,0.0,0.0,full_activation_relu_rep02,94002,940.5424471109295
relu,1,relu,3,931.8862614521231,129,27.863957166671753,100,0.01,0.01,0.0,discrete,activation,2,0.0,0.0,0.0,full_activation_relu_rep02,94002,931.8862614521231
relu,1,relu,3,923.1708434654207,130,27.62837290763855,100,0.01,0.01,0.0,discrete,activation,2,0.0,0.0,0.0,full_activation_relu_rep02,94002,923.1708434654207
relu,1,relu,3,1782.809294962922,1,83.97093510627747,100,1.0,1.0,1.0,discrete,activation,3,0.0,0.0,0.0,full_activation_relu_rep03,94003,1782.809294962922
relu,1,relu,3,945.9719626705913,2,27.57167100906372,100,1.0,1.0,1.0,discrete,activation,3,0.0,0.0,0.0,full_activation_relu_rep03,94003,945.9719626705913
relu,1,relu,3,933.4852214725424,3,28.49722695350647,100,1.0,1.0,1.0,discrete,activation,3,0.0,0.0,0.0,full_activation_relu_rep03,94003,933.4852214725424
relu,1,relu,3,925.6955895248254,4,28.165050983428955,100,1.0,1.0,1.0,discrete,activation,3,0.0,0.0,0.0,full_activation_relu_rep03,94003,925.6955895248254
relu,1,relu,3,921.447937943933,5,27.982895135879517,100,1.0,1.0,1.0,discrete,activation,3,0.0,0.0,0.0,full_activation_relu_rep03,94003,921.447937943933
relu,1,relu,3,918.4925917813314,6,28.220230102539062,100,1.0,1.0,1.0,discrete,activation,3,0.0,0.0,0.0,full_activation_relu_rep03,94003,918.4925917813314
relu,1,relu,3,917.6264237847072,7,28.528972864151,100,1.0,1.0,1.0,discrete,activation,3,0.0,0.0,0.0,full_activation_relu_rep03,94003,917.6264237847072
relu,1,relu,3,917.6106522739616,8,27.54079794883728,100,1.0,1.0,1.0,discrete,activation,3,0.0,0.0,0.0,full_activation_relu_rep03,94003,917.6106522739616
relu,1,relu,3,916.8316497677982,9,28.479867935180664,100,1.0,1.0,1.0,discrete,activation,3,0.0,0.0,0.0,full_activation_relu_rep03,94003,916.8316497677982
relu,1,relu,3,917.5837473337574,10,28.321166038513184,100,1.0,1.0,1.0,discrete,activation,3,0.0,0.0,0.0,full_activation_relu_rep03,94003,917.5837473337574
relu,1,relu,3,916.9564750711713,11,28.08613395690918,100,1.0,1.0,1.0,discrete,activation,3,0.0,0.0,0.0,full_activation_relu_rep03,94003,916.9564750711713
relu,1,relu,3,916.2868216838687,12,28.485564947128296,100,1.0,1.0,1.0,discrete,activation,3,0.0,0.0,0.0,full_activation_relu_rep03,94003,916.2868216838687
relu,1,relu,3,917.3078100398224,13,28.4998619556427,100,1.0,1.0,1.0,discrete,activation,3,0.0,0.0,0.0,full_activation_relu_rep03,94003,917.3078100398224
relu,1,relu,3,916.4914031456346,14,27.320353031158447,100,1.0,1.0,1.0,discrete,activation,3,0.0,0.0,0.0,full_activation_relu_rep03,94003,916.4914031456346
relu,1,relu,3,916.5497419079603,15,28.940201997756958,100,1.0,1.0,1.0,discrete,activation,3,0.0,0.0,0.0,full_activation_relu_rep03,94003,916.5497419079603
relu,1,relu,3,916.9828684622385,16,28.78144884109497,100,1.0,1.0,1.0,discrete,activation,3,0.0,0.0,0.0,full_activation_relu_rep03,94003,916.9828684622385
relu,1,relu,3,916.5046323768476,17,29.085245847702026,100,1.0,1.0,1.0,discrete,activation,3,0.0,0.0,0.0,full_activation_relu_rep03,94003,916.5046323768476
relu,1,relu,3,916.2740673363643,18,28.716397047042847,100,1.0,1.0,1.0,discrete,activation,3,0.0,0.0,0.0,full_activation_relu_rep03,94003,916.2740673363643
relu,1,relu,3,915.8414961883318,19,28.61117696762085,100,1.0,1.0,1.0,discrete,activation,3,0.0,0.0,0.0,full_activation_relu_rep03,94003,915.8414961883318
relu,1,relu,3,915.5078650518143,20,27.667996168136597,100,1.0,1.0,1.0,discrete,activation,3,0.0,0.0,0.0,full_activation_relu_rep03,94003,915.5078650518143
relu,1,relu,3,990.1850148822126,21,28.875205993652344,100,0.8,0.8,0.8,discrete,activation,3,0.0,0.0,0.0,full_activation_relu_rep03,94003,990.1850148822126
relu,1,relu,3,989.9434042531589,22,27.42159390449524,100,0.8,0.8,0.8,discrete,activation,3,0.0,0.0,0.0,full_activation_relu_rep03,94003,989.9434042531589
relu,1,relu,3,989.6813454783817,23,28.29377007484436,100,0.8,0.8,0.8,discrete,activation,3,0.0,0.0,0.0,full_activation_relu_rep03,94003,989.6813454783817
relu,1,relu,3,989.3319546680362,24,28.44676113128662,100,0.8,0.8,0.8,discrete,activation,3,0.0,0.0,0.0,full_activation_relu_rep03,94003,989.3319546680362
relu,1,relu,3,989.0902388485988,25,27.58106303215027,100,0.8,0.8,0.8,discrete,activation,3,0.0,0.0,0.0,full_activation_relu_rep03,94003,989.0902388485988
relu,1,relu,3,988.9115646997551,26,28.210000038146973,100,0.8,0.8,0.8,discrete,activation,3,0.0,0.0,0.0,full_activation_relu_rep03,94003,988.9115646997551
relu,1,relu,3,988.727740437939,27,28.957210063934326,100,0.8,0.8,0.8,discrete,activation,3,0.0,0.0,0.0,full_activation_relu_rep03,94003,988.727740437939
relu,1,relu,3,988.5898766830843,28,27.370845079421997,100,0.8,0.8,0.8,discrete,activation,3,0.0,0.0,0.0,full_activation_relu_rep03,94003,988.5898766830843
relu,1,relu,3,988.4741790866838,29,28.28880000114441,100,0.8,0.8,0.8,discrete,activation,3,0.0,0.0,0.0,full_activation_relu_rep03,94003,988.4741790866838
relu,1,relu,3,988.4236377760872,30,28.4724600315094,100,0.8,0.8,0.8,discrete,activation,3,0.0,0.0,0.0,full_activation_relu_rep03,94003,988.4236377760872
relu,1,relu,3,1041.8092807707355,31,27.011974096298218,100,0.6,0.6,0.6,discrete,activation,3,0.0,0.0,0.0,full_activation_relu_rep03,94003,1041.8092807707355
relu,1,relu,3,1041.8054225964243,32,27.926466941833496,100,0.6,0.6,0.6,discrete,activation,3,0.0,0.0,0.0,full_activation_relu_rep03,94003,1041.8054225964243
relu,1,relu,3,1041.80858940886,33,27.9395968914032,100,0.6,0.6,0.6,discrete,activation,3,0.0,0.0,0.0,full_activation_relu_rep03,94003,1041.80858940886
relu,1,relu,3,1041.7243276612514,34,27.652354955673218,100,0.6,0.6,0.6,discrete,activation,3,0.0,0.0,0.0,full_activation_relu_rep03,94003,1041.7243276612514
relu,1,relu,3,1041.5589532930603,35,28.17354416847229,100,0.6,0.6,0.6,discrete,activation,3,0.0,0.0,0.0,full_activation_relu_rep03,94003,1041.5589532930603
relu,1,relu,3,1041.5346625194884,36,28.41503596305847,100,0.6,0.6,0.6,discrete,activation,3,0.0,0.0,0.0,full_activation_relu_rep03,94003,1041.5346625194884
relu,1,relu,3,1041.6907148933462,37,27.458024978637695,100,0.6,0.6,0.6,discrete,activation,3,0.0,0.0,0.0,full_activation_relu_rep03,94003,1041.6907148933462
relu,1,relu,3,1041.698708765464,38,28.42323398590088,100,0.6,0.6,0.6,discrete,activation,3,0.0,0.0,0.0,full_activation_relu_rep03,94003,1041.698708765464
relu,1,relu,3,1041.2549861738762,39,27.78839898109436,100,0.6,0.6,0.6,discrete,activation,3,0.0,0.0,0.0,full_activation_relu_rep03,94003,1041.2549861738762
relu,1,relu,3,1041.2813279611403,40,27.257893085479736,100,0.6,0.6,0.6,discrete,activation,3,0.0,0.0,0.0,full_activation_relu_rep03,94003,1041.2813279611403
relu,1,relu,3,1065.1782279648487,41,28.0070378780365,100,0.4,0.4,0.4,discrete,activation,3,0.0,0.0,0.0,full_activation_relu_rep03,94003,1065.1782279648487
relu,1,relu,3,1065.5529711323213,42,28.300734996795654,100,0.4,0.4,0.4,discrete,activation,3,0.0,0.0,0.0,full_activation_relu_rep03,94003,1065.5529711323213
relu,1,relu,3,1065.240178120607,43,27.370171070098877,100,0.4,0.4,0.4,discrete,activation,3,0.0,0.0,0.0,full_activation_relu_rep03,94003,1065.240178120607
relu,1,relu,3,1064.488995199301,44,27.864795923233032,100,0.4,0.4,0.4,discrete,activation,3,0.0,0.0,0.0,full_activation_relu_rep03,94003,1064.488995199301
relu,1,relu,3,1064.946784455519,45,28.303541898727417,100,0.4,0.4,0.4,discrete,activation,3,0.0,0.0,0.0,full_activation_relu_rep03,94003,1064.946784455519
relu,1,relu,3,1065.4667707135948,46,27.22395610809326,100,0.4,0.4,0.4,discrete,activation,3,0.0,0.0,0.0,full_activation_relu_rep03,94003,1065.4667707135948
relu,1,relu,3,1065.5363691539385,47,27.985175848007202,100,0.4,0.4,0.4,discrete,activation,3,0.0,0.0,0.0,full_activation_relu_rep03,94003,1065.5363691539385
relu,1,relu,3,1065.4103247022424,48,28.221790075302124,100,0.4,0.4,0.4,discrete,activation,3,0.0,0.0,0.0,full_activation_relu_rep03,94003,1065.4103247022424
relu,1,relu,3,1065.5563974891293,49,27.25433087348938,100,0.4,0.4,0.4,discrete,activation,3,0.0,0.0,0.0,full_activation_relu_rep03,94003,1065.5563974891293
relu,1,relu,3,1065.483452806397,50,27.94565987586975,100,0.4,0.4,0.4,discrete,activation,3,0.0,0.0,0.0,full_activation_relu_rep03,94003,1065.483452806397
relu,1,relu,3,1040.9029308332476,51,28.11134099960327,100,0.2,0.2,0.2,discrete,activation,3,0.0,0.0,0.0,full_activation_relu_rep03,94003,1040.9029308332476
relu,1,relu,3,1039.7935380108502,52,27.068263053894043,100,0.2,0.2,0.2,discrete,activation,3,0.0,0.0,0.0,full_activation_relu_rep03,94003,1039.7935380108502
relu,1,relu,3,1038.4031007755461,53,27.679003953933716,100,0.2,0.2,0.2,discrete,activation,3,0.0,0.0,0.0,full_activation_relu_rep03,94003,1038.4031007755461
relu,1,relu,3,1037.0551777545063,54,27.866086959838867,100,0.2,0.2,0.2,discrete,activation,3,0.0,0.0,0.0,full_activation_relu_rep03,94003,1037.0551777545063
relu,1,relu,3,1038.0098684952284,55,26.76813316345215,100,0.2,0.2,0.2,discrete,activation,3,0.0,0.0,0.0,full_activation_relu_rep03,94003,1038.0098684952284
relu,1,relu,3,1036.5352519800558,56,27.3505380153656,100,0.2,0.2,0.2,discrete,activation,3,0.0,0.0,0.0,full_activation_relu_rep03,94003,1036.5352519800558
relu,1,relu,3,1036.1087733332229,57,27.515515089035034,100,0.2,0.2,0.2,discrete,activation,3,0.0,0.0,0.0,full_activation_relu_rep03,94003,1036.1087733332229
relu,1,relu,3,1040.1398705818442,58,26.67452311515808,100,0.2,0.2,0.2,discrete,activation,3,0.0,0.0,0.0,full_activation_relu_rep03,94003,1040.1398705818442
relu,1,relu,3,1039.518821564284,59,27.68373680114746,100,0.2,0.2,0.2,discrete,activation,3,0.0,0.0,0.0,full_activation_relu_rep03,94003,1039.518821564284
relu,1,relu,3,1037.9486800698674,60,28.749643087387085,100,0.2,0.2,0.2,discrete,activation,3,0.0,0.0,0.0,full_activation_relu_rep03,94003,1037.9486800698674
relu,1,relu,3,990.1272287637498,61,27.945968866348267,100,0.1,0.1,0.1,discrete,activation,3,0.0,0.0,0.0,full_activation_relu_rep03,94003,990.1272287637498
relu,1,relu,3,987.0480177804939,62,28.542484998703003,100,0.1,0.1,0.1,discrete,activation,3,0.0,0.0,0.0,full_activation_relu_rep03,94003,987.0480177804939
relu,1,relu,3,988.1677855963826,63,28.692240953445435,100,0.1,0.1,0.1,discrete,activation,3,0.0,0.0,0.0,full_activation_relu_rep03,94003,988.1677855963826
relu,1,relu,3,983.0832605603744,64,27.66207194328308,100,0.1,0.1,0.1,discrete,activation,3,0.0,0.0,0.0,full_activation_relu_rep03,94003,983.0832605603744
relu,1,relu,3,988.9474965480565,65,28.92579197883606,100,0.1,0.1,0.1,discrete,activation,3,0.0,0.0,0.0,full_activation_relu_rep03,94003,988.9474965480565
relu,1,relu,3,994.7764032677804,66,28.395267009735107,100,0.1,0.1,0.1,discrete,activation,3,0.0,0.0,0.0,full_activation_relu_rep03,94003,994.7764032677804
relu,1,relu,3,988.8845999726042,67,28.54887104034424,100,0.1,0.1,0.1,discrete,activation,3,0.0,0.0,0.0,full_activation_relu_rep03,94003,988.8845999726042
relu,1,relu,3,991.7351745427692,68,27.554584980010986,100,0.1,0.1,0.1,discrete,activation,3,0.0,0.0,0.0,full_activation_relu_rep03,94003,991.7351745427692
relu,1,relu,3,988.0405963514166,69,28.718882083892822,100,0.1,0.1,0.1,discrete,activation,3,0.0,0.0,0.0,full_activation_relu_rep03,94003,988.0405963514166
relu,1,relu,3,988.1665719568575,70,28.58777904510498,100,0.1,0.1,0.1,discrete,activation,3,0.0,0.0,0.0,full_activation_relu_rep03,94003,988.1665719568575
relu,1,relu,3,978.0621874417716,71,27.864784955978394,100,0.08,0.08,0.08,discrete,activation,3,0.0,0.0,0.0,full_activation_relu_rep03,94003,978.0621874417716
relu,1,relu,3,975.9685093809557,72,28.88516902923584,100,0.08,0.08,0.08,discrete,activation,3,0.0,0.0,0.0,full_activation_relu_rep03,94003,975.9685093809557
relu,1,relu,3,972.3711457264544,73,29.118979930877686,100,0.08,0.08,0.08,discrete,activation,3,0.0,0.0,0.0,full_activation_relu_rep03,94003,972.3711457264544
relu,1,relu,3,974.1189252109451,74,27.654863119125366,100,0.08,0.08,0.08,discrete,activation,3,0.0,0.0,0.0,full_activation_relu_rep03,94003,974.1189252109451
relu,1,relu,3,970.7991656042358,75,29.18416404724121,100,0.08,0.08,0.08,discrete,activation,3,0.0,0.0,0.0,full_activation_relu_rep03,94003,970.7991656042358
relu,1,relu,3,979.8455825030237,76,29.067832946777344,100,0.08,0.08,0.08,discrete,activation,3,0.0,0.0,0.0,full_activation_relu_rep03,94003,979.8455825030237
relu,1,relu,3,972.713798764971,77,28.040015935897827,100,0.08,0.08,0.08,discrete,activation,3,0.0,0.0,0.0,full_activation_relu_rep03,94003,972.713798764971
relu,1,relu,3,972.4569243169029,78,28.8858540058136,100,0.08,0.08,0.08,discrete,activation,3,0.0,0.0,0.0,full_activation_relu_rep03,94003,972.4569243169029
relu,1,relu,3,975.281759412339,79,28.750756978988647,100,0.08,0.08,0.08,discrete,activation,3,0.0,0.0,0.0,full_activation_relu_rep03,94003,975.281759412339
relu,1,relu,3,973.5817807640062,80,27.725871086120605,100,0.08,0.08,0.08,discrete,activation,3,0.0,0.0,0.0,full_activation_relu_rep03,94003,973.5817807640062
relu,1,relu,3,957.8001705497459,81,29.16938090324402,100,0.06,0.06,0.06,discrete,activation,3,0.0,0.0,0.0,full_activation_relu_rep03,94003,957.8001705497459
relu,1,relu,3,955.4428237026556,82,28.644926071166992,100,0.06,0.06,0.06,discrete,activation,3,0.0,0.0,0.0,full_activation_relu_rep03,94003,955.4428237026556
relu,1,relu,3,963.1425503499963,83,28.907520055770874,100,0.06,0.06,0.06,discrete,activation,3,0.0,0.0,0.0,full_activation_relu_rep03,94003,963.1425503499963
relu,1,relu,3,954.2293541836921,84,27.95213294029236,100,0.06,0.06,0.06,discrete,activation,3,0.0,0.0,0.0,full_activation_relu_rep03,94003,954.2293541836921
relu,1,relu,3,954.2377956249775,85,28.737909078598022,100,0.06,0.06,0.06,discrete,activation,3,0.0,0.0,0.0,full_activation_relu_rep03,94003,954.2377956249775
relu,1,relu,3,963.5841464551459,86,28.63965892791748,100,0.06,0.06,0.06,discrete,activation,3,0.0,0.0,0.0,full_activation_relu_rep03,94003,963.5841464551459
relu,1,relu,3,955.7598228213017,87,27.584797859191895,100,0.06,0.06,0.06,discrete,activation,3,0.0,0.0,0.0,full_activation_relu_rep03,94003,955.7598228213017
relu,1,relu,3,958.1693678445009,88,28.60647201538086,100,0.06,0.06,0.06,discrete,activation,3,0.0,0.0,0.0,full_activation_relu_rep03,94003,958.1693678445009
relu,1,relu,3,956.5634751831619,89,28.44481611251831,100,0.06,0.06,0.06,discrete,activation,3,0.0,0.0,0.0,full_activation_relu_rep03,94003,956.5634751831619
relu,1,relu,3,955.8396437461968,90,28.37863802909851,100,0.06,0.06,0.06,discrete,activation,3,0.0,0.0,0.0,full_activation_relu_rep03,94003,955.8396437461968
relu,1,relu,3,943.3687969582421,91,29.024891138076782,100,0.04,0.04,0.04,discrete,activation,3,0.0,0.0,0.0,full_activation_relu_rep03,94003,943.3687969582421
relu,1,relu,3,934.7203193257426,92,29.449589014053345,100,0.04,0.04,0.04,discrete,activation,3,0.0,0.0,0.0,full_activation_relu_rep03,94003,934.7203193257426
relu,1,relu,3,937.2308040697279,93,29.15045189857483,100,0.04,0.04,0.04,discrete,activation,3,0.0,0.0,0.0,full_activation_relu_rep03,94003,937.2308040697279
relu,1,relu,3,932.7642168500577,94,28.16252303123474,100,0.04,0.04,0.04,discrete,activation,3,0.0,0.0,0.0,full_activation_relu_rep03,94003,932.7642168500577
relu,1,relu,3,930.8085156268666,95,29.24199390411377,100,0.04,0.04,0.04,discrete,activation,3,0.0,0.0,0.0,full_activation_relu_rep03,94003,930.8085156268666
relu,1,relu,3,938.1485093440413,96,28.950298070907593,100,0.04,0.04,0.04,discrete,activation,3,0.0,0.0,0.0,full_activation_relu_rep03,94003,938.1485093440413
relu,1,relu,3,934.8549971495761,97,28.246854066848755,100,0.04,0.04,0.04,discrete,activation,3,0.0,0.0,0.0,full_activation_relu_rep03,94003,934.8549971495761
relu,1,relu,3,931.5362846494613,98,29.224901914596558,100,0.04,0.04,0.04,discrete,activation,3,0.0,0.0,0.0,full_activation_relu_rep03,94003,931.5362846494613
relu,1,relu,3,931.3105235842281,99,29.073618173599243,100,0.04,0.04,0.04,discrete,activation,3,0.0,0.0,0.0,full_activation_relu_rep03,94003,931.3105235842281
relu,1,relu,3,930.15872136715,100,29.150630950927734,100,0.04,0.04,0.04,discrete,activation,3,0.0,0.0,0.0,full_activation_relu_rep03,94003,930.15872136715
relu,1,relu,3,903.8107853313529,101,29.205831050872803,100,0.02,0.02,0.02,discrete,activation,3,0.0,0.0,0.0,full_activation_relu_rep03,94003,903.8107853313529
relu,1,relu,3,904.1008145062688,102,30.54458713531494,100,0.02,0.02,0.02,discrete,activation,3,0.0,0.0,0.0,full_activation_relu_rep03,94003,904.1008145062688
relu,1,relu,3,902.3752139450877,103,30.07807207107544,100,0.02,0.02,0.02,discrete,activation,3,0.0,0.0,0.0,full_activation_relu_rep03,94003,902.3752139450877
relu,1,relu,3,907.2536515355321,104,29.112065076828003,100,0.02,0.02,0.02,discrete,activation,3,0.0,0.0,0.0,full_activation_relu_rep03,94003,907.2536515355321
relu,1,relu,3,899.3379610761809,105,29.72206997871399,100,0.02,0.02,0.02,discrete,activation,3,0.0,0.0,0.0,full_activation_relu_rep03,94003,899.3379610761809
relu,1,relu,3,903.1599711713984,106,29.880248069763184,100,0.02,0.02,0.02,discrete,activation,3,0.0,0.0,0.0,full_activation_relu_rep03,94003,903.1599711713984
relu,1,relu,3,918.3351565487413,107,29.839200019836426,100,0.02,0.02,0.02,discrete,activation,3,0.0,0.0,0.0,full_activation_relu_rep03,94003,918.3351565487413
relu,1,relu,3,904.998464214045,108,28.83975100517273,100,0.02,0.02,0.02,discrete,activation,3,0.0,0.0,0.0,full_activation_relu_rep03,94003,904.998464214045
relu,1,relu,3,898.3687452921225,109,29.955013036727905,100,0.02,0.02,0.02,discrete,activation,3,0.0,0.0,0.0,full_activation_relu_rep03,94003,898.3687452921225
relu,1,relu,3,913.0156083368712,110,29.598258018493652,100,0.02,0.02,0.02,discrete,activation,3,0.0,0.0,0.0,full_activation_relu_rep03,94003,913.0156083368712
relu,1,relu,3,886.0716071155398,111,31.20293116569519,100,0.01,0.01,0.01,discrete,activation,3,0.0,0.0,0.0,full_activation_relu_rep03,94003,886.0716071155398
relu,1,relu,3,889.9346966597127,112,29.936347007751465,100,0.01,0.01,0.01,discrete,activation,3,0.0,0.0,0.0,full_activation_relu_rep03,94003,889.9346966597127
relu,1,relu,3,890.7633618136264,113,30.749918937683105,100,0.01,0.01,0.01,discrete,activation,3,0.0,0.0,0.0,full_activation_relu_rep03,94003,890.7633618136264
relu,1,relu,3,891.0408654600116,114,30.902491092681885,100,0.01,0.01,0.01,discrete,activation,3,0.0,0.0,0.0,full_activation_relu_rep03,94003,891.0408654600116
relu,1,relu,3,888.1901695201578,115,30.812570095062256,100,0.01,0.01,0.01,discrete,activation,3,0.0,0.0,0.0,full_activation_relu_rep03,94003,888.1901695201578
relu,1,relu,3,882.9263644616844,116,29.96153211593628,100,0.01,0.01,0.01,discrete,activation,3,0.0,0.0,0.0,full_activation_relu_rep03,94003,882.9263644616844
relu,1,relu,3,886.3029005916862,117,30.85961413383484,100,0.01,0.01,0.01,discrete,activation,3,0.0,0.0,0.0,full_activation_relu_rep03,94003,886.3029005916862
relu,1,relu,3,883.0937325153589,118,31.138048887252808,100,0.01,0.01,0.01,discrete,activation,3,0.0,0.0,0.0,full_activation_relu_rep03,94003,883.0937325153589
relu,1,relu,3,884.404820449,119,31.108779907226562,100,0.01,0.01,0.01,discrete,activation,3,0.0,0.0,0.0,full_activation_relu_rep03,94003,884.404820449
relu,1,relu,3,879.6018182927569,120,30.107712984085083,100,0.01,0.01,0.01,discrete,activation,3,0.0,0.0,0.0,full_activation_relu_rep03,94003,879.6018182927569
relu,1,relu,3,867.6562431506816,121,29.198033094406128,100,0.01,0.01,0.0,discrete,activation,3,0.0,0.0,0.0,full_activation_relu_rep03,94003,867.6562431506816
relu,1,relu,3,862.2393551408906,122,26.267044067382812,100,0.01,0.01,0.0,discrete,activation,3,0.0,0.0,0.0,full_activation_relu_rep03,94003,862.2393551408906
relu,1,relu,3,855.3900447368018,123,25.393836975097656,100,0.01,0.01,0.0,discrete,activation,3,0.0,0.0,0.0,full_activation_relu_rep03,94003,855.3900447368018
relu,1,relu,3,859.5929190231035,124,25.49187994003296,100,0.01,0.01,0.0,discrete,activation,3,0.0,0.0,0.0,full_activation_relu_rep03,94003,859.5929190231035
relu,1,relu,3,859.9952032835209,125,24.920464038848877,100,0.01,0.01,0.0,discrete,activation,3,0.0,0.0,0.0,full_activation_relu_rep03,94003,859.9952032835209
relu,1,relu,3,858.5444276639615,126,24.81395387649536,100,0.01,0.01,0.0,discrete,activation,3,0.0,0.0,0.0,full_activation_relu_rep03,94003,858.5444276639615
relu,1,relu,3,860.3515594673646,127,24.947899103164673,100,0.01,0.01,0.0,discrete,activation,3,0.0,0.0,0.0,full_activation_relu_rep03,94003,860.3515594673646
relu,1,relu,3,868.8140575475207,128,24.96427893638611,100,0.01,0.01,0.0,discrete,activation,3,0.0,0.0,0.0,full_activation_relu_rep03,94003,868.8140575475207
relu,1,relu,3,856.5269873551285,129,25.061217784881592,100,0.01,0.01,0.0,discrete,activation,3,0.0,0.0,0.0,full_activation_relu_rep03,94003,856.5269873551285
relu,1,relu,3,862.7929877588307,130,24.63712191581726,100,0.01,0.01,0.0,discrete,activation,3,0.0,0.0,0.0,full_activation_relu_rep03,94003,862.7929877588307
relu,1,relu,3,1874.3985339834478,1,85.9357430934906,100,1.0,1.0,1.0,discrete,activation,4,0.0,0.0,0.0,full_activation_relu_rep04,94004,1874.3985339834478
relu,1,relu,3,951.7849194451097,2,27.72123098373413,100,1.0,1.0,1.0,discrete,activation,4,0.0,0.0,0.0,full_activation_relu_rep04,94004,951.7849194451097
relu,1,relu,3,935.907981277802,3,28.593764066696167,100,1.0,1.0,1.0,discrete,activation,4,0.0,0.0,0.0,full_activation_relu_rep04,94004,935.907981277802
relu,1,relu,3,931.2974238349267,4,28.73945713043213,100,1.0,1.0,1.0,discrete,activation,4,0.0,0.0,0.0,full_activation_relu_rep04,94004,931.2974238349267
relu,1,relu,3,930.4840183361725,5,27.40931487083435,100,1.0,1.0,1.0,discrete,activation,4,0.0,0.0,0.0,full_activation_relu_rep04,94004,930.4840183361725
relu,1,relu,3,930.0754470916145,6,28.38100504875183,100,1.0,1.0,1.0,discrete,activation,4,0.0,0.0,0.0,full_activation_relu_rep04,94004,930.0754470916145
relu,1,relu,3,929.6188489653415,7,29.125955820083618,100,1.0,1.0,1.0,discrete,activation,4,0.0,0.0,0.0,full_activation_relu_rep04,94004,929.6188489653415
relu,1,relu,3,929.1181780868006,8,27.710717916488647,100,1.0,1.0,1.0,discrete,activation,4,0.0,0.0,0.0,full_activation_relu_rep04,94004,929.1181780868006
relu,1,relu,3,928.6515321162904,9,28.743483066558838,100,1.0,1.0,1.0,discrete,activation,4,0.0,0.0,0.0,full_activation_relu_rep04,94004,928.6515321162904
relu,1,relu,3,928.1635542820084,10,28.00749897956848,100,1.0,1.0,1.0,discrete,activation,4,0.0,0.0,0.0,full_activation_relu_rep04,94004,928.1635542820084
relu,1,relu,3,927.6255209504116,11,28.550444841384888,100,1.0,1.0,1.0,discrete,activation,4,0.0,0.0,0.0,full_activation_relu_rep04,94004,927.6255209504116
relu,1,relu,3,927.1408437536552,12,28.563209056854248,100,1.0,1.0,1.0,discrete,activation,4,0.0,0.0,0.0,full_activation_relu_rep04,94004,927.1408437536552
relu,1,relu,3,926.6711928160804,13,28.064164876937866,100,1.0,1.0,1.0,discrete,activation,4,0.0,0.0,0.0,full_activation_relu_rep04,94004,926.6711928160804
relu,1,relu,3,926.2580724718495,14,29.034340858459473,100,1.0,1.0,1.0,discrete,activation,4,0.0,0.0,0.0,full_activation_relu_rep04,94004,926.2580724718495
relu,1,relu,3,925.9032496838231,15,28.730664014816284,100,1.0,1.0,1.0,discrete,activation,4,0.0,0.0,0.0,full_activation_relu_rep04,94004,925.9032496838231
relu,1,relu,3,925.6758416398175,16,29.116531133651733,100,1.0,1.0,1.0,discrete,activation,4,0.0,0.0,0.0,full_activation_relu_rep04,94004,925.6758416398175
relu,1,relu,3,925.5171449881856,17,28.85579204559326,100,1.0,1.0,1.0,discrete,activation,4,0.0,0.0,0.0,full_activation_relu_rep04,94004,925.5171449881856
relu,1,relu,3,925.4339052830909,18,28.724153995513916,100,1.0,1.0,1.0,discrete,activation,4,0.0,0.0,0.0,full_activation_relu_rep04,94004,925.4339052830909
relu,1,relu,3,925.4637402152325,19,27.533327102661133,100,1.0,1.0,1.0,discrete,activation,4,0.0,0.0,0.0,full_activation_relu_rep04,94004,925.4637402152325
relu,1,relu,3,925.527772730109,20,28.762826204299927,100,1.0,1.0,1.0,discrete,activation,4,0.0,0.0,0.0,full_activation_relu_rep04,94004,925.527772730109
relu,1,relu,3,1000.9746016842022,21,27.865404844284058,100,0.8,0.8,0.8,discrete,activation,4,0.0,0.0,0.0,full_activation_relu_rep04,94004,1000.9746016842022
relu,1,relu,3,1001.259248013805,22,28.300434112548828,100,0.8,0.8,0.8,discrete,activation,4,0.0,0.0,0.0,full_activation_relu_rep04,94004,1001.259248013805
relu,1,relu,3,1000.9619790722867,23,28.522422075271606,100,0.8,0.8,0.8,discrete,activation,4,0.0,0.0,0.0,full_activation_relu_rep04,94004,1000.9619790722867
relu,1,relu,3,1001.1072461861917,24,27.6282000541687,100,0.8,0.8,0.8,discrete,activation,4,0.0,0.0,0.0,full_activation_relu_rep04,94004,1001.1072461861917
relu,1,relu,3,1000.8660300246618,25,28.524950981140137,100,0.8,0.8,0.8,discrete,activation,4,0.0,0.0,0.0,full_activation_relu_rep04,94004,1000.8660300246618
relu,1,relu,3,1001.0083481338318,26,29.298101902008057,100,0.8,0.8,0.8,discrete,activation,4,0.0,0.0,0.0,full_activation_relu_rep04,94004,1001.0083481338318
relu,1,relu,3,1000.6410694589864,27,27.58817982673645,100,0.8,0.8,0.8,discrete,activation,4,0.0,0.0,0.0,full_activation_relu_rep04,94004,1000.6410694589864
relu,1,relu,3,1000.9136003689304,28,28.61829710006714,100,0.8,0.8,0.8,discrete,activation,4,0.0,0.0,0.0,full_activation_relu_rep04,94004,1000.9136003689304
relu,1,relu,3,1000.5434387367028,29,27.556320905685425,100,0.8,0.8,0.8,discrete,activation,4,0.0,0.0,0.0,full_activation_relu_rep04,94004,1000.5434387367028
relu,1,relu,3,1000.9104392508648,30,28.435245990753174,100,0.8,0.8,0.8,discrete,activation,4,0.0,0.0,0.0,full_activation_relu_rep04,94004,1000.9104392508648
relu,1,relu,3,1055.1394721690162,31,28.68775200843811,100,0.6,0.6,0.6,discrete,activation,4,0.0,0.0,0.0,full_activation_relu_rep04,94004,1055.1394721690162
relu,1,relu,3,1055.6570280418266,32,27.701000928878784,100,0.6,0.6,0.6,discrete,activation,4,0.0,0.0,0.0,full_activation_relu_rep04,94004,1055.6570280418266
relu,1,relu,3,1055.1490015575548,33,28.303407907485962,100,0.6,0.6,0.6,discrete,activation,4,0.0,0.0,0.0,full_activation_relu_rep04,94004,1055.1490015575548
relu,1,relu,3,1055.70026219037,34,28.527709007263184,100,0.6,0.6,0.6,discrete,activation,4,0.0,0.0,0.0,full_activation_relu_rep04,94004,1055.70026219037
relu,1,relu,3,1054.6834760090894,35,27.52610182762146,100,0.6,0.6,0.6,discrete,activation,4,0.0,0.0,0.0,full_activation_relu_rep04,94004,1054.6834760090894
relu,1,relu,3,1056.150048651882,36,28.42294406890869,100,0.6,0.6,0.6,discrete,activation,4,0.0,0.0,0.0,full_activation_relu_rep04,94004,1056.150048651882
relu,1,relu,3,1054.5348329463493,37,29.71858501434326,100,0.6,0.6,0.6,discrete,activation,4,0.0,0.0,0.0,full_activation_relu_rep04,94004,1054.5348329463493
relu,1,relu,3,1056.2334926632022,38,27.130678176879883,100,0.6,0.6,0.6,discrete,activation,4,0.0,0.0,0.0,full_activation_relu_rep04,94004,1056.2334926632022
relu,1,relu,3,1054.2490623323977,39,28.39071798324585,100,0.6,0.6,0.6,discrete,activation,4,0.0,0.0,0.0,full_activation_relu_rep04,94004,1054.2490623323977
relu,1,relu,3,1056.1994543719286,40,27.37371301651001,100,0.6,0.6,0.6,discrete,activation,4,0.0,0.0,0.0,full_activation_relu_rep04,94004,1056.1994543719286
relu,1,relu,3,1080.5130943926406,41,27.866326093673706,100,0.4,0.4,0.4,discrete,activation,4,0.0,0.0,0.0,full_activation_relu_rep04,94004,1080.5130943926406
relu,1,relu,3,1080.2009536768835,42,28.28385305404663,100,0.4,0.4,0.4,discrete,activation,4,0.0,0.0,0.0,full_activation_relu_rep04,94004,1080.2009536768835
relu,1,relu,3,1079.8616243006588,43,26.88862895965576,100,0.4,0.4,0.4,discrete,activation,4,0.0,0.0,0.0,full_activation_relu_rep04,94004,1079.8616243006588
relu,1,relu,3,1079.9658702007646,44,27.95546007156372,100,0.4,0.4,0.4,discrete,activation,4,0.0,0.0,0.0,full_activation_relu_rep04,94004,1079.9658702007646
relu,1,relu,3,1079.569567722663,45,27.823266983032227,100,0.4,0.4,0.4,discrete,activation,4,0.0,0.0,0.0,full_activation_relu_rep04,94004,1079.569567722663
relu,1,relu,3,1079.7617493856117,46,26.93430781364441,100,0.4,0.4,0.4,discrete,activation,4,0.0,0.0,0.0,full_activation_relu_rep04,94004,1079.7617493856117
relu,1,relu,3,1079.5425925911102,47,27.828542947769165,100,0.4,0.4,0.4,discrete,activation,4,0.0,0.0,0.0,full_activation_relu_rep04,94004,1079.5425925911102
relu,1,relu,3,1079.6062113150547,48,27.007650136947632,100,0.4,0.4,0.4,discrete,activation,4,0.0,0.0,0.0,full_activation_relu_rep04,94004,1079.6062113150547
relu,1,relu,3,1079.2466268041258,49,27.723350048065186,100,0.4,0.4,0.4,discrete,activation,4,0.0,0.0,0.0,full_activation_relu_rep04,94004,1079.2466268041258
relu,1,relu,3,1079.525236533072,50,27.995366096496582,100,0.4,0.4,0.4,discrete,activation,4,0.0,0.0,0.0,full_activation_relu_rep04,94004,1079.525236533072
relu,1,relu,3,1054.4771361430269,51,27.630851984024048,100,0.2,0.2,0.2,discrete,activation,4,0.0,0.0,0.0,full_activation_relu_rep04,94004,1054.4771361430269
relu,1,relu,3,1051.7643032765857,52,28.196300983428955,100,0.2,0.2,0.2,discrete,activation,4,0.0,0.0,0.0,full_activation_relu_rep04,94004,1051.7643032765857
relu,1,relu,3,1054.8058812307083,53,28.059433221817017,100,0.2,0.2,0.2,discrete,activation,4,0.0,0.0,0.0,full_activation_relu_rep04,94004,1054.8058812307083
relu,1,relu,3,1054.573565687698,54,26.981268882751465,100,0.2,0.2,0.2,discrete,activation,4,0.0,0.0,0.0,full_activation_relu_rep04,94004,1054.573565687698
relu,1,relu,3,1054.6258052367648,55,28.16775918006897,100,0.2,0.2,0.2,discrete,activation,4,0.0,0.0,0.0,full_activation_relu_rep04,94004,1054.6258052367648
relu,1,relu,3,1050.5916223418806,56,28.092748880386353,100,0.2,0.2,0.2,discrete,activation,4,0.0,0.0,0.0,full_activation_relu_rep04,94004,1050.5916223418806
relu,1,relu,3,1054.9977225373598,57,27.01033592224121,100,0.2,0.2,0.2,discrete,activation,4,0.0,0.0,0.0,full_activation_relu_rep04,94004,1054.9977225373598
relu,1,relu,3,1054.234785955304,58,27.933566093444824,100,0.2,0.2,0.2,discrete,activation,4,0.0,0.0,0.0,full_activation_relu_rep04,94004,1054.234785955304
relu,1,relu,3,1050.7600233206547,59,28.028661966323853,100,0.2,0.2,0.2,discrete,activation,4,0.0,0.0,0.0,full_activation_relu_rep04,94004,1050.7600233206547
relu,1,relu,3,1053.855972908281,60,27.86890697479248,100,0.2,0.2,0.2,discrete,activation,4,0.0,0.0,0.0,full_activation_relu_rep04,94004,1053.855972908281
relu,1,relu,3,1005.829055730571,61,28.961833953857422,100,0.1,0.1,0.1,discrete,activation,4,0.0,0.0,0.0,full_activation_relu_rep04,94004,1005.829055730571
relu,1,relu,3,1008.2196035027372,62,27.815846920013428,100,0.1,0.1,0.1,discrete,activation,4,0.0,0.0,0.0,full_activation_relu_rep04,94004,1008.2196035027372
relu,1,relu,3,1005.0998187951459,63,28.7209370136261,100,0.1,0.1,0.1,discrete,activation,4,0.0,0.0,0.0,full_activation_relu_rep04,94004,1005.0998187951459
relu,1,relu,3,1003.5122483758059,64,28.710445880889893,100,0.1,0.1,0.1,discrete,activation,4,0.0,0.0,0.0,full_activation_relu_rep04,94004,1003.5122483758059
relu,1,relu,3,1013.1778686597254,65,27.527770042419434,100,0.1,0.1,0.1,discrete,activation,4,0.0,0.0,0.0,full_activation_relu_rep04,94004,1013.1778686597254
relu,1,relu,3,1008.7712333843072,66,28.54470419883728,100,0.1,0.1,0.1,discrete,activation,4,0.0,0.0,0.0,full_activation_relu_rep04,94004,1008.7712333843072
relu,1,relu,3,1003.4541751692736,67,28.78405499458313,100,0.1,0.1,0.1,discrete,activation,4,0.0,0.0,0.0,full_activation_relu_rep04,94004,1003.4541751692736
relu,1,relu,3,1007.7264030126909,68,27.80886220932007,100,0.1,0.1,0.1,discrete,activation,4,0.0,0.0,0.0,full_activation_relu_rep04,94004,1007.7264030126909
relu,1,relu,3,1006.964624777709,69,28.8010151386261,100,0.1,0.1,0.1,discrete,activation,4,0.0,0.0,0.0,full_activation_relu_rep04,94004,1006.964624777709
relu,1,relu,3,1005.5499497174163,70,28.722686052322388,100,0.1,0.1,0.1,discrete,activation,4,0.0,0.0,0.0,full_activation_relu_rep04,94004,1005.5499497174163
relu,1,relu,3,989.4284898867388,71,27.979910135269165,100,0.08,0.08,0.08,discrete,activation,4,0.0,0.0,0.0,full_activation_relu_rep04,94004,989.4284898867388
relu,1,relu,3,992.4969856311308,72,29.088306188583374,100,0.08,0.08,0.08,discrete,activation,4,0.0,0.0,0.0,full_activation_relu_rep04,94004,992.4969856311308
relu,1,relu,3,998.933424910081,73,28.95272397994995,100,0.08,0.08,0.08,discrete,activation,4,0.0,0.0,0.0,full_activation_relu_rep04,94004,998.933424910081
relu,1,relu,3,993.8719203211358,74,27.902196168899536,100,0.08,0.08,0.08,discrete,activation,4,0.0,0.0,0.0,full_activation_relu_rep04,94004,993.8719203211358
relu,1,relu,3,987.6255939681126,75,28.577574014663696,100,0.08,0.08,0.08,discrete,activation,4,0.0,0.0,0.0,full_activation_relu_rep04,94004,987.6255939681126
relu,1,relu,3,993.0170451475827,76,29.08863592147827,100,0.08,0.08,0.08,discrete,activation,4,0.0,0.0,0.0,full_activation_relu_rep04,94004,993.0170451475827
relu,1,relu,3,994.0217095738175,77,27.712947130203247,100,0.08,0.08,0.08,discrete,activation,4,0.0,0.0,0.0,full_activation_relu_rep04,94004,994.0217095738175
relu,1,relu,3,990.8489461707884,78,28.80139708518982,100,0.08,0.08,0.08,discrete,activation,4,0.0,0.0,0.0,full_activation_relu_rep04,94004,990.8489461707884
relu,1,relu,3,992.6092372842568,79,29.012668132781982,100,0.08,0.08,0.08,discrete,activation,4,0.0,0.0,0.0,full_activation_relu_rep04,94004,992.6092372842568
relu,1,relu,3,990.6268855920935,80,29.634047985076904,100,0.08,0.08,0.08,discrete,activation,4,0.0,0.0,0.0,full_activation_relu_rep04,94004,990.6268855920935
relu,1,relu,3,985.3872325478947,81,28.705474853515625,100,0.06,0.06,0.06,discrete,activation,4,0.0,0.0,0.0,full_activation_relu_rep04,94004,985.3872325478947
relu,1,relu,3,983.2135823987754,82,29.178026914596558,100,0.06,0.06,0.06,discrete,activation,4,0.0,0.0,0.0,full_activation_relu_rep04,94004,983.2135823987754
relu,1,relu,3,983.6964403215005,83,28.452980995178223,100,0.06,0.06,0.06,discrete,activation,4,0.0,0.0,0.0,full_activation_relu_rep04,94004,983.6964403215005
relu,1,relu,3,983.142323453763,84,28.918724060058594,100,0.06,0.06,0.06,discrete,activation,4,0.0,0.0,0.0,full_activation_relu_rep04,94004,983.142323453763
relu,1,relu,3,985.6247998044001,85,29.40670084953308,100,0.06,0.06,0.06,discrete,activation,4,0.0,0.0,0.0,full_activation_relu_rep04,94004,985.6247998044001
relu,1,relu,3,985.0633614050587,86,28.116641998291016,100,0.06,0.06,0.06,discrete,activation,4,0.0,0.0,0.0,full_activation_relu_rep04,94004,985.0633614050587
relu,1,relu,3,983.2358333460148,87,27.99981188774109,100,0.06,0.06,0.06,discrete,activation,4,0.0,0.0,0.0,full_activation_relu_rep04,94004,983.2358333460148
relu,1,relu,3,980.9941285663288,88,28.98422598838806,100,0.06,0.06,0.06,discrete,activation,4,0.0,0.0,0.0,full_activation_relu_rep04,94004,980.9941285663288
relu,1,relu,3,982.2102181307262,89,29.14357089996338,100,0.06,0.06,0.06,discrete,activation,4,0.0,0.0,0.0,full_activation_relu_rep04,94004,982.2102181307262
relu,1,relu,3,982.1803086065179,90,27.89860200881958,100,0.06,0.06,0.06,discrete,activation,4,0.0,0.0,0.0,full_activation_relu_rep04,94004,982.1803086065179
relu,1,relu,3,987.9703123487762,91,29.247740983963013,100,0.04,0.04,0.04,discrete,activation,4,0.0,0.0,0.0,full_activation_relu_rep04,94004,987.9703123487762
relu,1,relu,3,986.8733288266309,92,29.2554988861084,100,0.04,0.04,0.04,discrete,activation,4,0.0,0.0,0.0,full_activation_relu_rep04,94004,986.8733288266309
relu,1,relu,3,982.370109895358,93,29.188045978546143,100,0.04,0.04,0.04,discrete,activation,4,0.0,0.0,0.0,full_activation_relu_rep04,94004,982.370109895358
relu,1,relu,3,979.9254434906815,94,28.384920120239258,100,0.04,0.04,0.04,discrete,activation,4,0.0,0.0,0.0,full_activation_relu_rep04,94004,979.9254434906815
relu,1,relu,3,984.351707161065,95,29.453337907791138,100,0.04,0.04,0.04,discrete,activation,4,0.0,0.0,0.0,full_activation_relu_rep04,94004,984.351707161065
relu,1,relu,3,978.7433133309647,96,28.959048986434937,100,0.04,0.04,0.04,discrete,activation,4,0.0,0.0,0.0,full_activation_relu_rep04,94004,978.7433133309647
relu,1,relu,3,977.5341014098609,97,28.326540231704712,100,0.04,0.04,0.04,discrete,activation,4,0.0,0.0,0.0,full_activation_relu_rep04,94004,977.5341014098609
relu,1,relu,3,980.9521314173163,98,29.320189952850342,100,0.04,0.04,0.04,discrete,activation,4,0.0,0.0,0.0,full_activation_relu_rep04,94004,980.9521314173163
relu,1,relu,3,983.3660143858848,99,29.26594591140747,100,0.04,0.04,0.04,discrete,activation,4,0.0,0.0,0.0,full_activation_relu_rep04,94004,983.3660143858848
relu,1,relu,3,976.5246902391945,100,29.311957120895386,100,0.04,0.04,0.04,discrete,activation,4,0.0,0.0,0.0,full_activation_relu_rep04,94004,976.5246902391945
relu,1,relu,3,989.5426667182066,101,29.752604961395264,100,0.02,0.02,0.02,discrete,activation,4,0.0,0.0,0.0,full_activation_relu_rep04,94004,989.5426667182066
relu,1,relu,3,986.2610778270797,102,29.783402919769287,100,0.02,0.02,0.02,discrete,activation,4,0.0,0.0,0.0,full_activation_relu_rep04,94004,986.2610778270797
relu,1,relu,3,988.478467143073,103,29.757511854171753,100,0.02,0.02,0.02,discrete,activation,4,0.0,0.0,0.0,full_activation_relu_rep04,94004,988.478467143073
relu,1,relu,3,988.9021880476445,104,28.82338309288025,100,0.02,0.02,0.02,discrete,activation,4,0.0,0.0,0.0,full_activation_relu_rep04,94004,988.9021880476445
relu,1,relu,3,988.4262990942308,105,30.024688959121704,100,0.02,0.02,0.02,discrete,activation,4,0.0,0.0,0.0,full_activation_relu_rep04,94004,988.4262990942308
relu,1,relu,3,989.5901210327917,106,29.597434997558594,100,0.02,0.02,0.02,discrete,activation,4,0.0,0.0,0.0,full_activation_relu_rep04,94004,989.5901210327917
relu,1,relu,3,984.8031374795993,107,29.037112951278687,100,0.02,0.02,0.02,discrete,activation,4,0.0,0.0,0.0,full_activation_relu_rep04,94004,984.8031374795993
relu,1,relu,3,993.8096752416377,108,28.852338075637817,100,0.02,0.02,0.02,discrete,activation,4,0.0,0.0,0.0,full_activation_relu_rep04,94004,993.8096752416377
relu,1,relu,3,1003.0494295512091,109,30.334569931030273,100,0.02,0.02,0.02,discrete,activation,4,0.0,0.0,0.0,full_activation_relu_rep04,94004,1003.0494295512091
relu,1,relu,3,986.915586349686,110,29.769368886947632,100,0.02,0.02,0.02,discrete,activation,4,0.0,0.0,0.0,full_activation_relu_rep04,94004,986.915586349686
relu,1,relu,3,985.2050923536486,111,29.98344612121582,100,0.01,0.01,0.01,discrete,activation,4,0.0,0.0,0.0,full_activation_relu_rep04,94004,985.2050923536486
relu,1,relu,3,985.1576534891573,112,30.566490173339844,100,0.01,0.01,0.01,discrete,activation,4,0.0,0.0,0.0,full_activation_relu_rep04,94004,985.1576534891573
relu,1,relu,3,986.359261904211,113,30.95688486099243,100,0.01,0.01,0.01,discrete,activation,4,0.0,0.0,0.0,full_activation_relu_rep04,94004,986.359261904211
relu,1,relu,3,982.9735465440029,114,30.967143058776855,100,0.01,0.01,0.01,discrete,activation,4,0.0,0.0,0.0,full_activation_relu_rep04,94004,982.9735465440029
relu,1,relu,3,988.1248468142311,115,29.905812978744507,100,0.01,0.01,0.01,discrete,activation,4,0.0,0.0,0.0,full_activation_relu_rep04,94004,988.1248468142311
relu,1,relu,3,987.7222147904157,116,30.74549412727356,100,0.01,0.01,0.01,discrete,activation,4,0.0,0.0,0.0,full_activation_relu_rep04,94004,987.7222147904157
relu,1,relu,3,997.910934716174,117,30.664602994918823,100,0.01,0.01,0.01,discrete,activation,4,0.0,0.0,0.0,full_activation_relu_rep04,94004,997.910934716174
relu,1,relu,3,982.932837345439,118,31.09497904777527,100,0.01,0.01,0.01,discrete,activation,4,0.0,0.0,0.0,full_activation_relu_rep04,94004,982.932837345439
relu,1,relu,3,992.3141780726742,119,30.026254177093506,100,0.01,0.01,0.01,discrete,activation,4,0.0,0.0,0.0,full_activation_relu_rep04,94004,992.3141780726742
relu,1,relu,3,987.3217664649538,120,31.940932989120483,100,0.01,0.01,0.01,discrete,activation,4,0.0,0.0,0.0,full_activation_relu_rep04,94004,987.3217664649538
relu,1,relu,3,954.9029333174823,121,27.72293496131897,100,0.01,0.01,0.0,discrete,activation,4,0.0,0.0,0.0,full_activation_relu_rep04,94004,954.9029333174823
relu,1,relu,3,951.0382219579423,122,24.951133012771606,100,0.01,0.01,0.0,discrete,activation,4,0.0,0.0,0.0,full_activation_relu_rep04,94004,951.0382219579423
relu,1,relu,3,957.5105090600798,123,24.637573957443237,100,0.01,0.01,0.0,discrete,activation,4,0.0,0.0,0.0,full_activation_relu_rep04,94004,957.5105090600798
relu,1,relu,3,958.6208744594843,124,24.586527109146118,100,0.01,0.01,0.0,discrete,activation,4,0.0,0.0,0.0,full_activation_relu_rep04,94004,958.6208744594843
relu,1,relu,3,957.9269029276746,125,24.34157109260559,100,0.01,0.01,0.0,discrete,activation,4,0.0,0.0,0.0,full_activation_relu_rep04,94004,957.9269029276746
relu,1,relu,3,959.3933077291298,126,24.799793004989624,100,0.01,0.01,0.0,discrete,activation,4,0.0,0.0,0.0,full_activation_relu_rep04,94004,959.3933077291298
relu,1,relu,3,955.052601963487,127,23.312110900878906,100,0.01,0.01,0.0,discrete,activation,4,0.0,0.0,0.0,full_activation_relu_rep04,94004,955.052601963487
relu,1,relu,3,957.8090059721527,128,25.124578952789307,100,0.01,0.01,0.0,discrete,activation,4,0.0,0.0,0.0,full_activation_relu_rep04,94004,957.8090059721527
relu,1,relu,3,955.6730971351276,129,24.712280988693237,100,0.01,0.01,0.0,discrete,activation,4,0.0,0.0,0.0,full_activation_relu_rep04,94004,955.6730971351276
relu,1,relu,3,955.7812761310648,130,25.20940089225769,100,0.01,0.01,0.0,discrete,activation,4,0.0,0.0,0.0,full_activation_relu_rep04,94004,955.7812761310648
relu,1,relu,3,2029.2028225085753,1,86.08254194259644,100,1.0,1.0,1.0,discrete,activation,5,0.0,0.0,0.0,full_activation_relu_rep05,94005,2029.2028225085753
relu,1,relu,3,997.5125274749865,2,27.821589946746826,100,1.0,1.0,1.0,discrete,activation,5,0.0,0.0,0.0,full_activation_relu_rep05,94005,997.5125274749865
relu,1,relu,3,964.1966178726298,3,29.024062871932983,100,1.0,1.0,1.0,discrete,activation,5,0.0,0.0,0.0,full_activation_relu_rep05,94005,964.1966178726298
relu,1,relu,3,955.9072879180698,4,28.906903982162476,100,1.0,1.0,1.0,discrete,activation,5,0.0,0.0,0.0,full_activation_relu_rep05,94005,955.9072879180698
relu,1,relu,3,952.6872309970952,5,27.85175895690918,100,1.0,1.0,1.0,discrete,activation,5,0.0,0.0,0.0,full_activation_relu_rep05,94005,952.6872309970952
relu,1,relu,3,950.4007111900127,6,28.572860956192017,100,1.0,1.0,1.0,discrete,activation,5,0.0,0.0,0.0,full_activation_relu_rep05,94005,950.4007111900127
relu,1,relu,3,948.565109967953,7,28.801492929458618,100,1.0,1.0,1.0,discrete,activation,5,0.0,0.0,0.0,full_activation_relu_rep05,94005,948.565109967953
relu,1,relu,3,946.7974781132084,8,27.87688398361206,100,1.0,1.0,1.0,discrete,activation,5,0.0,0.0,0.0,full_activation_relu_rep05,94005,946.7974781132084
relu,1,relu,3,944.975882404588,9,28.886677026748657,100,1.0,1.0,1.0,discrete,activation,5,0.0,0.0,0.0,full_activation_relu_rep05,94005,944.975882404588
relu,1,relu,3,942.8504539252889,10,28.726724863052368,100,1.0,1.0,1.0,discrete,activation,5,0.0,0.0,0.0,full_activation_relu_rep05,94005,942.8504539252889
relu,1,relu,3,940.8550824975688,11,28.166547060012817,100,1.0,1.0,1.0,discrete,activation,5,0.0,0.0,0.0,full_activation_relu_rep05,94005,940.8550824975688
relu,1,relu,3,939.4336044600323,12,28.9144229888916,100,1.0,1.0,1.0,discrete,activation,5,0.0,0.0,0.0,full_activation_relu_rep05,94005,939.4336044600323
relu,1,relu,3,938.3124002617456,13,29.069440126419067,100,1.0,1.0,1.0,discrete,activation,5,0.0,0.0,0.0,full_activation_relu_rep05,94005,938.3124002617456
relu,1,relu,3,937.4772673828069,14,27.61812710762024,100,1.0,1.0,1.0,discrete,activation,5,0.0,0.0,0.0,full_activation_relu_rep05,94005,937.4772673828069
relu,1,relu,3,936.7941099404587,15,29.682188987731934,100,1.0,1.0,1.0,discrete,activation,5,0.0,0.0,0.0,full_activation_relu_rep05,94005,936.7941099404587
relu,1,relu,3,936.0882790112174,16,28.6317400932312,100,1.0,1.0,1.0,discrete,activation,5,0.0,0.0,0.0,full_activation_relu_rep05,94005,936.0882790112174
relu,1,relu,3,935.4771068162161,17,27.787137985229492,100,1.0,1.0,1.0,discrete,activation,5,0.0,0.0,0.0,full_activation_relu_rep05,94005,935.4771068162161
relu,1,relu,3,934.8924121980272,18,28.571910858154297,100,1.0,1.0,1.0,discrete,activation,5,0.0,0.0,0.0,full_activation_relu_rep05,94005,934.8924121980272
relu,1,relu,3,934.464807306047,19,28.7190580368042,100,1.0,1.0,1.0,discrete,activation,5,0.0,0.0,0.0,full_activation_relu_rep05,94005,934.464807306047
relu,1,relu,3,933.9946746478622,20,28.213977098464966,100,1.0,1.0,1.0,discrete,activation,5,0.0,0.0,0.0,full_activation_relu_rep05,94005,933.9946746478622
relu,1,relu,3,1009.8478823231903,21,28.519181966781616,100,0.8,0.8,0.8,discrete,activation,5,0.0,0.0,0.0,full_activation_relu_rep05,94005,1009.8478823231903
relu,1,relu,3,1009.3751734467822,22,27.48461604118347,100,0.8,0.8,0.8,discrete,activation,5,0.0,0.0,0.0,full_activation_relu_rep05,94005,1009.3751734467822
relu,1,relu,3,1008.0449090440223,23,28.208493947982788,100,0.8,0.8,0.8,discrete,activation,5,0.0,0.0,0.0,full_activation_relu_rep05,94005,1008.0449090440223
relu,1,relu,3,1008.1794153235268,24,28.806386947631836,100,0.8,0.8,0.8,discrete,activation,5,0.0,0.0,0.0,full_activation_relu_rep05,94005,1008.1794153235268
relu,1,relu,3,1007.0607880716718,25,28.091833114624023,100,0.8,0.8,0.8,discrete,activation,5,0.0,0.0,0.0,full_activation_relu_rep05,94005,1007.0607880716718
relu,1,relu,3,1007.1621271248035,26,28.339694023132324,100,0.8,0.8,0.8,discrete,activation,5,0.0,0.0,0.0,full_activation_relu_rep05,94005,1007.1621271248035
relu,1,relu,3,1006.5442195523433,27,28.68736481666565,100,0.8,0.8,0.8,discrete,activation,5,0.0,0.0,0.0,full_activation_relu_rep05,94005,1006.5442195523433
relu,1,relu,3,1006.086509487694,28,27.69879913330078,100,0.8,0.8,0.8,discrete,activation,5,0.0,0.0,0.0,full_activation_relu_rep05,94005,1006.086509487694
relu,1,relu,3,1005.8914618526434,29,28.761979818344116,100,0.8,0.8,0.8,discrete,activation,5,0.0,0.0,0.0,full_activation_relu_rep05,94005,1005.8914618526434
relu,1,relu,3,1005.7319816574952,30,28.62909197807312,100,0.8,0.8,0.8,discrete,activation,5,0.0,0.0,0.0,full_activation_relu_rep05,94005,1005.7319816574952
relu,1,relu,3,1061.3408816843667,31,27.38067603111267,100,0.6,0.6,0.6,discrete,activation,5,0.0,0.0,0.0,full_activation_relu_rep05,94005,1061.3408816843667
relu,1,relu,3,1062.1044784548012,32,28.387887954711914,100,0.6,0.6,0.6,discrete,activation,5,0.0,0.0,0.0,full_activation_relu_rep05,94005,1062.1044784548012
relu,1,relu,3,1060.8553644554333,33,27.752814054489136,100,0.6,0.6,0.6,discrete,activation,5,0.0,0.0,0.0,full_activation_relu_rep05,94005,1060.8553644554333
relu,1,relu,3,1061.2575800095144,34,28.381845951080322,100,0.6,0.6,0.6,discrete,activation,5,0.0,0.0,0.0,full_activation_relu_rep05,94005,1061.2575800095144
relu,1,relu,3,1060.0599151709011,35,28.542112112045288,100,0.6,0.6,0.6,discrete,activation,5,0.0,0.0,0.0,full_activation_relu_rep05,94005,1060.0599151709011
relu,1,relu,3,1060.9095501710083,36,28.435060024261475,100,0.6,0.6,0.6,discrete,activation,5,0.0,0.0,0.0,full_activation_relu_rep05,94005,1060.9095501710083
relu,1,relu,3,1059.6790777282508,37,28.223425149917603,100,0.6,0.6,0.6,discrete,activation,5,0.0,0.0,0.0,full_activation_relu_rep05,94005,1059.6790777282508
relu,1,relu,3,1060.2384824466678,38,28.476313829421997,100,0.6,0.6,0.6,discrete,activation,5,0.0,0.0,0.0,full_activation_relu_rep05,94005,1060.2384824466678
relu,1,relu,3,1059.683477299242,39,27.08729100227356,100,0.6,0.6,0.6,discrete,activation,5,0.0,0.0,0.0,full_activation_relu_rep05,94005,1059.683477299242
relu,1,relu,3,1059.257254839773,40,28.330346822738647,100,0.6,0.6,0.6,discrete,activation,5,0.0,0.0,0.0,full_activation_relu_rep05,94005,1059.257254839773
relu,1,relu,3,1085.6675015605986,41,27.744575023651123,100,0.4,0.4,0.4,discrete,activation,5,0.0,0.0,0.0,full_activation_relu_rep05,94005,1085.6675015605986
relu,1,relu,3,1091.182465088113,42,28.68814706802368,100,0.4,0.4,0.4,discrete,activation,5,0.0,0.0,0.0,full_activation_relu_rep05,94005,1091.182465088113
relu,1,relu,3,1087.209359578862,43,28.8180251121521,100,0.4,0.4,0.4,discrete,activation,5,0.0,0.0,0.0,full_activation_relu_rep05,94005,1087.209359578862
relu,1,relu,3,1089.0570283726393,44,27.342128038406372,100,0.4,0.4,0.4,discrete,activation,5,0.0,0.0,0.0,full_activation_relu_rep05,94005,1089.0570283726393
relu,1,relu,3,1086.8868832319092,45,28.303966999053955,100,0.4,0.4,0.4,discrete,activation,5,0.0,0.0,0.0,full_activation_relu_rep05,94005,1086.8868832319092
relu,1,relu,3,1088.0844318227778,46,28.53297710418701,100,0.4,0.4,0.4,discrete,activation,5,0.0,0.0,0.0,full_activation_relu_rep05,94005,1088.0844318227778
relu,1,relu,3,1086.2448769869645,47,27.355545043945312,100,0.4,0.4,0.4,discrete,activation,5,0.0,0.0,0.0,full_activation_relu_rep05,94005,1086.2448769869645
relu,1,relu,3,1090.8954564352314,48,28.55082678794861,100,0.4,0.4,0.4,discrete,activation,5,0.0,0.0,0.0,full_activation_relu_rep05,94005,1090.8954564352314
relu,1,relu,3,1085.7345181959802,49,28.02627182006836,100,0.4,0.4,0.4,discrete,activation,5,0.0,0.0,0.0,full_activation_relu_rep05,94005,1085.7345181959802
relu,1,relu,3,1089.0517999241522,50,27.58861207962036,100,0.4,0.4,0.4,discrete,activation,5,0.0,0.0,0.0,full_activation_relu_rep05,94005,1089.0517999241522
relu,1,relu,3,1063.0726245849598,51,28.503355026245117,100,0.2,0.2,0.2,discrete,activation,5,0.0,0.0,0.0,full_activation_relu_rep05,94005,1063.0726245849598
relu,1,relu,3,1061.9998323564732,52,27.469172954559326,100,0.2,0.2,0.2,discrete,activation,5,0.0,0.0,0.0,full_activation_relu_rep05,94005,1061.9998323564732
relu,1,relu,3,1066.9769965228063,53,28.227778911590576,100,0.2,0.2,0.2,discrete,activation,5,0.0,0.0,0.0,full_activation_relu_rep05,94005,1066.9769965228063
relu,1,relu,3,1060.666757536849,54,28.021545886993408,100,0.2,0.2,0.2,discrete,activation,5,0.0,0.0,0.0,full_activation_relu_rep05,94005,1060.666757536849
relu,1,relu,3,1062.6591454257068,55,27.39129614830017,100,0.2,0.2,0.2,discrete,activation,5,0.0,0.0,0.0,full_activation_relu_rep05,94005,1062.6591454257068
relu,1,relu,3,1062.3290469999,56,28.52243399620056,100,0.2,0.2,0.2,discrete,activation,5,0.0,0.0,0.0,full_activation_relu_rep05,94005,1062.3290469999
relu,1,relu,3,1067.4149632317863,57,29.773271083831787,100,0.2,0.2,0.2,discrete,activation,5,0.0,0.0,0.0,full_activation_relu_rep05,94005,1067.4149632317863
relu,1,relu,3,1061.8450250101703,58,27.405027866363525,100,0.2,0.2,0.2,discrete,activation,5,0.0,0.0,0.0,full_activation_relu_rep05,94005,1061.8450250101703
relu,1,relu,3,1068.770612387544,59,28.43910312652588,100,0.2,0.2,0.2,discrete,activation,5,0.0,0.0,0.0,full_activation_relu_rep05,94005,1068.770612387544
relu,1,relu,3,1061.5660425290132,60,28.87443208694458,100,0.2,0.2,0.2,discrete,activation,5,0.0,0.0,0.0,full_activation_relu_rep05,94005,1061.5660425290132
relu,1,relu,3,1009.4907643974018,61,28.06687903404236,100,0.1,0.1,0.1,discrete,activation,5,0.0,0.0,0.0,full_activation_relu_rep05,94005,1009.4907643974018
relu,1,relu,3,1015.0033121235377,62,28.999119997024536,100,0.1,0.1,0.1,discrete,activation,5,0.0,0.0,0.0,full_activation_relu_rep05,94005,1015.0033121235377
relu,1,relu,3,1014.3541118243888,63,29.245479106903076,100,0.1,0.1,0.1,discrete,activation,5,0.0,0.0,0.0,full_activation_relu_rep05,94005,1014.3541118243888
relu,1,relu,3,1013.7267950351769,64,27.75151801109314,100,0.1,0.1,0.1,discrete,activation,5,0.0,0.0,0.0,full_activation_relu_rep05,94005,1013.7267950351769
relu,1,relu,3,1013.2794075689707,65,28.60376501083374,100,0.1,0.1,0.1,discrete,activation,5,0.0,0.0,0.0,full_activation_relu_rep05,94005,1013.2794075689707
relu,1,relu,3,1018.0328185867969,66,28.386822938919067,100,0.1,0.1,0.1,discrete,activation,5,0.0,0.0,0.0,full_activation_relu_rep05,94005,1018.0328185867969
relu,1,relu,3,1012.6221624955314,67,27.898438930511475,100,0.1,0.1,0.1,discrete,activation,5,0.0,0.0,0.0,full_activation_relu_rep05,94005,1012.6221624955314
relu,1,relu,3,1012.732960965514,68,29.16746711730957,100,0.1,0.1,0.1,discrete,activation,5,0.0,0.0,0.0,full_activation_relu_rep05,94005,1012.732960965514
relu,1,relu,3,1011.4136499367828,69,28.37656593322754,100,0.1,0.1,0.1,discrete,activation,5,0.0,0.0,0.0,full_activation_relu_rep05,94005,1011.4136499367828
relu,1,relu,3,1014.2924905598705,70,29.30435800552368,100,0.1,0.1,0.1,discrete,activation,5,0.0,0.0,0.0,full_activation_relu_rep05,94005,1014.2924905598705
relu,1,relu,3,997.0283132018474,71,29.35578417778015,100,0.08,0.08,0.08,discrete,activation,5,0.0,0.0,0.0,full_activation_relu_rep05,94005,997.0283132018474
relu,1,relu,3,998.7270050648859,72,28.79656195640564,100,0.08,0.08,0.08,discrete,activation,5,0.0,0.0,0.0,full_activation_relu_rep05,94005,998.7270050648859
relu,1,relu,3,1000.529899710635,73,29.01555895805359,100,0.08,0.08,0.08,discrete,activation,5,0.0,0.0,0.0,full_activation_relu_rep05,94005,1000.529899710635
relu,1,relu,3,1002.3127715276439,74,29.383618116378784,100,0.08,0.08,0.08,discrete,activation,5,0.0,0.0,0.0,full_activation_relu_rep05,94005,1002.3127715276439
relu,1,relu,3,1002.0171240130517,75,28.156785011291504,100,0.08,0.08,0.08,discrete,activation,5,0.0,0.0,0.0,full_activation_relu_rep05,94005,1002.0171240130517
relu,1,relu,3,999.438261774456,76,28.22679901123047,100,0.08,0.08,0.08,discrete,activation,5,0.0,0.0,0.0,full_activation_relu_rep05,94005,999.438261774456
relu,1,relu,3,1004.5604540013845,77,29.030205011367798,100,0.08,0.08,0.08,discrete,activation,5,0.0,0.0,0.0,full_activation_relu_rep05,94005,1004.5604540013845
relu,1,relu,3,1002.9802369561751,78,30.265957832336426,100,0.08,0.08,0.08,discrete,activation,5,0.0,0.0,0.0,full_activation_relu_rep05,94005,1002.9802369561751
relu,1,relu,3,998.6217039011935,79,27.93889284133911,100,0.08,0.08,0.08,discrete,activation,5,0.0,0.0,0.0,full_activation_relu_rep05,94005,998.6217039011935
relu,1,relu,3,1003.4859308478709,80,29.064111948013306,100,0.08,0.08,0.08,discrete,activation,5,0.0,0.0,0.0,full_activation_relu_rep05,94005,1003.4859308478709
relu,1,relu,3,986.3156299916343,81,29.2462420463562,100,0.06,0.06,0.06,discrete,activation,5,0.0,0.0,0.0,full_activation_relu_rep05,94005,986.3156299916343
relu,1,relu,3,985.1294086524689,82,28.438302993774414,100,0.06,0.06,0.06,discrete,activation,5,0.0,0.0,0.0,full_activation_relu_rep05,94005,985.1294086524689
relu,1,relu,3,992.587376701555,83,29.37916588783264,100,0.06,0.06,0.06,discrete,activation,5,0.0,0.0,0.0,full_activation_relu_rep05,94005,992.587376701555
relu,1,relu,3,981.7778923459913,84,29.05418300628662,100,0.06,0.06,0.06,discrete,activation,5,0.0,0.0,0.0,full_activation_relu_rep05,94005,981.7778923459913
relu,1,relu,3,989.24054258781,85,27.86286997795105,100,0.06,0.06,0.06,discrete,activation,5,0.0,0.0,0.0,full_activation_relu_rep05,94005,989.24054258781
relu,1,relu,3,981.3204347044423,86,28.754190921783447,100,0.06,0.06,0.06,discrete,activation,5,0.0,0.0,0.0,full_activation_relu_rep05,94005,981.3204347044423
relu,1,relu,3,988.4039129873122,87,29.501105070114136,100,0.06,0.06,0.06,discrete,activation,5,0.0,0.0,0.0,full_activation_relu_rep05,94005,988.4039129873122
relu,1,relu,3,985.4720326258184,88,27.94587016105652,100,0.06,0.06,0.06,discrete,activation,5,0.0,0.0,0.0,full_activation_relu_rep05,94005,985.4720326258184
relu,1,relu,3,979.4796877269124,89,29.40818691253662,100,0.06,0.06,0.06,discrete,activation,5,0.0,0.0,0.0,full_activation_relu_rep05,94005,979.4796877269124
relu,1,relu,3,989.609767965904,90,29.043632984161377,100,0.06,0.06,0.06,discrete,activation,5,0.0,0.0,0.0,full_activation_relu_rep05,94005,989.609767965904
relu,1,relu,3,976.8560747294166,91,28.341008186340332,100,0.04,0.04,0.04,discrete,activation,5,0.0,0.0,0.0,full_activation_relu_rep05,94005,976.8560747294166
relu,1,relu,3,981.8740294375144,92,28.776142835617065,100,0.04,0.04,0.04,discrete,activation,5,0.0,0.0,0.0,full_activation_relu_rep05,94005,981.8740294375144
relu,1,relu,3,979.8968963243278,93,29.347934007644653,100,0.04,0.04,0.04,discrete,activation,5,0.0,0.0,0.0,full_activation_relu_rep05,94005,979.8968963243278
relu,1,relu,3,973.0706181713275,94,27.964787006378174,100,0.04,0.04,0.04,discrete,activation,5,0.0,0.0,0.0,full_activation_relu_rep05,94005,973.0706181713275
relu,1,relu,3,975.353447066452,95,29.047091007232666,100,0.04,0.04,0.04,discrete,activation,5,0.0,0.0,0.0,full_activation_relu_rep05,94005,975.353447066452
relu,1,relu,3,974.1349849691562,96,28.892909049987793,100,0.04,0.04,0.04,discrete,activation,5,0.0,0.0,0.0,full_activation_relu_rep05,94005,974.1349849691562
relu,1,relu,3,971.68720655785,97,28.12574791908264,100,0.04,0.04,0.04,discrete,activation,5,0.0,0.0,0.0,full_activation_relu_rep05,94005,971.68720655785
relu,1,relu,3,984.298910441626,98,28.88103413581848,100,0.04,0.04,0.04,discrete,activation,5,0.0,0.0,0.0,full_activation_relu_rep05,94005,984.298910441626
relu,1,relu,3,987.1882342342107,99,30.638767957687378,100,0.04,0.04,0.04,discrete,activation,5,0.0,0.0,0.0,full_activation_relu_rep05,94005,987.1882342342107
relu,1,relu,3,972.333901494331,100,27.916631937026978,100,0.04,0.04,0.04,discrete,activation,5,0.0,0.0,0.0,full_activation_relu_rep05,94005,972.333901494331
relu,1,relu,3,978.3861112419244,101,30.11343502998352,100,0.02,0.02,0.02,discrete,activation,5,0.0,0.0,0.0,full_activation_relu_rep05,94005,978.3861112419244
relu,1,relu,3,966.9366980965476,102,29.98128604888916,100,0.02,0.02,0.02,discrete,activation,5,0.0,0.0,0.0,full_activation_relu_rep05,94005,966.9366980965476
relu,1,relu,3,977.6053609031243,103,29.28054714202881,100,0.02,0.02,0.02,discrete,activation,5,0.0,0.0,0.0,full_activation_relu_rep05,94005,977.6053609031243
relu,1,relu,3,975.2496918746094,104,29.962333917617798,100,0.02,0.02,0.02,discrete,activation,5,0.0,0.0,0.0,full_activation_relu_rep05,94005,975.2496918746094
relu,1,relu,3,979.4126461812458,105,29.928668975830078,100,0.02,0.02,0.02,discrete,activation,5,0.0,0.0,0.0,full_activation_relu_rep05,94005,979.4126461812458
relu,1,relu,3,969.0339787618033,106,28.87465500831604,100,0.02,0.02,0.02,discrete,activation,5,0.0,0.0,0.0,full_activation_relu_rep05,94005,969.0339787618033
relu,1,relu,3,977.3051004484197,107,28.83177399635315,100,0.02,0.02,0.02,discrete,activation,5,0.0,0.0,0.0,full_activation_relu_rep05,94005,977.3051004484197
relu,1,relu,3,973.2328875501398,108,29.925348043441772,100,0.02,0.02,0.02,discrete,activation,5,0.0,0.0,0.0,full_activation_relu_rep05,94005,973.2328875501398
relu,1,relu,3,982.7443661196792,109,29.949101209640503,100,0.02,0.02,0.02,discrete,activation,5,0.0,0.0,0.0,full_activation_relu_rep05,94005,982.7443661196792
relu,1,relu,3,971.0312538181142,110,28.64572501182556,100,0.02,0.02,0.02,discrete,activation,5,0.0,0.0,0.0,full_activation_relu_rep05,94005,971.0312538181142
relu,1,relu,3,971.2828645399281,111,31.520309925079346,100,0.01,0.01,0.01,discrete,activation,5,0.0,0.0,0.0,full_activation_relu_rep05,94005,971.2828645399281
relu,1,relu,3,971.7437044348839,112,31.222625970840454,100,0.01,0.01,0.01,discrete,activation,5,0.0,0.0,0.0,full_activation_relu_rep05,94005,971.7437044348839
relu,1,relu,3,961.7666773687986,113,30.36679697036743,100,0.01,0.01,0.01,discrete,activation,5,0.0,0.0,0.0,full_activation_relu_rep05,94005,961.7666773687986
relu,1,relu,3,974.0986740319785,114,31.12681293487549,100,0.01,0.01,0.01,discrete,activation,5,0.0,0.0,0.0,full_activation_relu_rep05,94005,974.0986740319785
relu,1,relu,3,957.3886837725212,115,31.483086109161377,100,0.01,0.01,0.01,discrete,activation,5,0.0,0.0,0.0,full_activation_relu_rep05,94005,957.3886837725212
relu,1,relu,3,966.616737961302,116,31.2297420501709,100,0.01,0.01,0.01,discrete,activation,5,0.0,0.0,0.0,full_activation_relu_rep05,94005,966.616737961302
relu,1,relu,3,979.5428570189624,117,30.476648092269897,100,0.01,0.01,0.01,discrete,activation,5,0.0,0.0,0.0,full_activation_relu_rep05,94005,979.5428570189624
relu,1,relu,3,966.1700034467723,118,31.32047700881958,100,0.01,0.01,0.01,discrete,activation,5,0.0,0.0,0.0,full_activation_relu_rep05,94005,966.1700034467723
relu,1,relu,3,967.673543761964,119,32.26987099647522,100,0.01,0.01,0.01,discrete,activation,5,0.0,0.0,0.0,full_activation_relu_rep05,94005,967.673543761964
relu,1,relu,3,972.2358571262938,120,31.922319173812866,100,0.01,0.01,0.01,discrete,activation,5,0.0,0.0,0.0,full_activation_relu_rep05,94005,972.2358571262938
relu,1,relu,3,928.1506950247733,121,29.329853057861328,100,0.01,0.01,0.0,discrete,activation,5,0.0,0.0,0.0,full_activation_relu_rep05,94005,928.1506950247733
relu,1,relu,3,940.675614693764,122,25.354918003082275,100,0.01,0.01,0.0,discrete,activation,5,0.0,0.0,0.0,full_activation_relu_rep05,94005,940.675614693764
relu,1,relu,3,935.873533762491,123,24.465128898620605,100,0.01,0.01,0.0,discrete,activation,5,0.0,0.0,0.0,full_activation_relu_rep05,94005,935.873533762491
relu,1,relu,3,934.1524179874989,124,24.382508993148804,100,0.01,0.01,0.0,discrete,activation,5,0.0,0.0,0.0,full_activation_relu_rep05,94005,934.1524179874989
relu,1,relu,3,945.0961182475818,125,24.893415212631226,100,0.01,0.01,0.0,discrete,activation,5,0.0,0.0,0.0,full_activation_relu_rep05,94005,945.0961182475818
relu,1,relu,3,944.3460352485621,126,24.875770092010498,100,0.01,0.01,0.0,discrete,activation,5,0.0,0.0,0.0,full_activation_relu_rep05,94005,944.3460352485621
relu,1,relu,3,940.6588908710553,127,24.693819046020508,100,0.01,0.01,0.0,discrete,activation,5,0.0,0.0,0.0,full_activation_relu_rep05,94005,940.6588908710553
relu,1,relu,3,947.9748144758103,128,25.943541049957275,100,0.01,0.01,0.0,discrete,activation,5,0.0,0.0,0.0,full_activation_relu_rep05,94005,947.9748144758103
relu,1,relu,3,953.4314404703324,129,26.432099103927612,100,0.01,0.01,0.0,discrete,activation,5,0.0,0.0,0.0,full_activation_relu_rep05,94005,953.4314404703324
relu,1,relu,3,930.7415530163423,130,27.083269119262695,100,0.01,0.01,0.0,discrete,activation,5,0.0,0.0,0.0,full_activation_relu_rep05,94005,930.7415530163423
relu,1,relu,3,2078.917529529974,1,86.05189394950867,100,1.0,1.0,1.0,discrete,activation,6,0.0,0.0,0.0,full_activation_relu_rep06,94006,2078.917529529974
relu,1,relu,3,997.6430335020616,2,27.85618495941162,100,1.0,1.0,1.0,discrete,activation,6,0.0,0.0,0.0,full_activation_relu_rep06,94006,997.6430335020616
relu,1,relu,3,983.1785813459428,3,28.533902168273926,100,1.0,1.0,1.0,discrete,activation,6,0.0,0.0,0.0,full_activation_relu_rep06,94006,983.1785813459428
relu,1,relu,3,987.5213516627097,4,28.497256994247437,100,1.0,1.0,1.0,discrete,activation,6,0.0,0.0,0.0,full_activation_relu_rep06,94006,987.5213516627097
relu,1,relu,3,986.1877980153599,5,27.655046939849854,100,1.0,1.0,1.0,discrete,activation,6,0.0,0.0,0.0,full_activation_relu_rep06,94006,986.1877980153599
relu,1,relu,3,984.7748517523896,6,28.672080039978027,100,1.0,1.0,1.0,discrete,activation,6,0.0,0.0,0.0,full_activation_relu_rep06,94006,984.7748517523896
relu,1,relu,3,983.7292644665903,7,28.4492290019989,100,1.0,1.0,1.0,discrete,activation,6,0.0,0.0,0.0,full_activation_relu_rep06,94006,983.7292644665903
relu,1,relu,3,982.8782975825558,8,27.473461151123047,100,1.0,1.0,1.0,discrete,activation,6,0.0,0.0,0.0,full_activation_relu_rep06,94006,982.8782975825558
relu,1,relu,3,982.0929050168446,9,28.410096883773804,100,1.0,1.0,1.0,discrete,activation,6,0.0,0.0,0.0,full_activation_relu_rep06,94006,982.0929050168446
relu,1,relu,3,981.3069999835452,10,28.405532836914062,100,1.0,1.0,1.0,discrete,activation,6,0.0,0.0,0.0,full_activation_relu_rep06,94006,981.3069999835452
relu,1,relu,3,980.4935577386392,11,27.55772590637207,100,1.0,1.0,1.0,discrete,activation,6,0.0,0.0,0.0,full_activation_relu_rep06,94006,980.4935577386392
relu,1,relu,3,979.6156864247394,12,28.837684869766235,100,1.0,1.0,1.0,discrete,activation,6,0.0,0.0,0.0,full_activation_relu_rep06,94006,979.6156864247394
relu,1,relu,3,978.8330351200206,13,27.87122416496277,100,1.0,1.0,1.0,discrete,activation,6,0.0,0.0,0.0,full_activation_relu_rep06,94006,978.8330351200206
relu,1,relu,3,978.0728757647382,14,28.32520079612732,100,1.0,1.0,1.0,discrete,activation,6,0.0,0.0,0.0,full_activation_relu_rep06,94006,978.0728757647382
relu,1,relu,3,977.2714147848002,15,28.859867095947266,100,1.0,1.0,1.0,discrete,activation,6,0.0,0.0,0.0,full_activation_relu_rep06,94006,977.2714147848002
relu,1,relu,3,976.575221290029,16,27.576824188232422,100,1.0,1.0,1.0,discrete,activation,6,0.0,0.0,0.0,full_activation_relu_rep06,94006,976.575221290029
relu,1,relu,3,975.9315459659778,17,28.487800121307373,100,1.0,1.0,1.0,discrete,activation,6,0.0,0.0,0.0,full_activation_relu_rep06,94006,975.9315459659778
relu,1,relu,3,975.3470206661032,18,28.609885931015015,100,1.0,1.0,1.0,discrete,activation,6,0.0,0.0,0.0,full_activation_relu_rep06,94006,975.3470206661032
relu,1,relu,3,974.7843728067332,19,27.726693868637085,100,1.0,1.0,1.0,discrete,activation,6,0.0,0.0,0.0,full_activation_relu_rep06,94006,974.7843728067332
relu,1,relu,3,974.2984910108795,20,28.714563131332397,100,1.0,1.0,1.0,discrete,activation,6,0.0,0.0,0.0,full_activation_relu_rep06,94006,974.2984910108795
relu,1,relu,3,1052.6331277193433,21,28.366930961608887,100,0.8,0.8,0.8,discrete,activation,6,0.0,0.0,0.0,full_activation_relu_rep06,94006,1052.6331277193433
relu,1,relu,3,1052.4230000867751,22,27.398455142974854,100,0.8,0.8,0.8,discrete,activation,6,0.0,0.0,0.0,full_activation_relu_rep06,94006,1052.4230000867751
relu,1,relu,3,1051.9614082149478,23,28.343069076538086,100,0.8,0.8,0.8,discrete,activation,6,0.0,0.0,0.0,full_activation_relu_rep06,94006,1051.9614082149478
relu,1,relu,3,1051.4967296942493,24,28.588441133499146,100,0.8,0.8,0.8,discrete,activation,6,0.0,0.0,0.0,full_activation_relu_rep06,94006,1051.4967296942493
relu,1,relu,3,1051.1298569401763,25,27.40657615661621,100,0.8,0.8,0.8,discrete,activation,6,0.0,0.0,0.0,full_activation_relu_rep06,94006,1051.1298569401763
relu,1,relu,3,1050.6752762053893,26,28.50490689277649,100,0.8,0.8,0.8,discrete,activation,6,0.0,0.0,0.0,full_activation_relu_rep06,94006,1050.6752762053893
relu,1,relu,3,1050.426576947222,27,27.446157932281494,100,0.8,0.8,0.8,discrete,activation,6,0.0,0.0,0.0,full_activation_relu_rep06,94006,1050.426576947222
relu,1,relu,3,1049.9978761577108,28,28.160531044006348,100,0.8,0.8,0.8,discrete,activation,6,0.0,0.0,0.0,full_activation_relu_rep06,94006,1049.9978761577108
relu,1,relu,3,1049.6020948242885,29,28.282955169677734,100,0.8,0.8,0.8,discrete,activation,6,0.0,0.0,0.0,full_activation_relu_rep06,94006,1049.6020948242885
relu,1,relu,3,1049.221823413437,30,27.400259017944336,100,0.8,0.8,0.8,discrete,activation,6,0.0,0.0,0.0,full_activation_relu_rep06,94006,1049.221823413437
relu,1,relu,3,1106.501315583894,31,28.267786979675293,100,0.6,0.6,0.6,discrete,activation,6,0.0,0.0,0.0,full_activation_relu_rep06,94006,1106.501315583894
relu,1,relu,3,1106.6789732477341,32,28.386798858642578,100,0.6,0.6,0.6,discrete,activation,6,0.0,0.0,0.0,full_activation_relu_rep06,94006,1106.6789732477341
relu,1,relu,3,1106.3262681258436,33,27.583441972732544,100,0.6,0.6,0.6,discrete,activation,6,0.0,0.0,0.0,full_activation_relu_rep06,94006,1106.3262681258436
relu,1,relu,3,1106.0226768971854,34,28.03946089744568,100,0.6,0.6,0.6,discrete,activation,6,0.0,0.0,0.0,full_activation_relu_rep06,94006,1106.0226768971854
relu,1,relu,3,1105.7386756230558,35,28.298192024230957,100,0.6,0.6,0.6,discrete,activation,6,0.0,0.0,0.0,full_activation_relu_rep06,94006,1105.7386756230558
relu,1,relu,3,1105.426258927061,36,28.22359013557434,100,0.6,0.6,0.6,discrete,activation,6,0.0,0.0,0.0,full_activation_relu_rep06,94006,1105.426258927061
relu,1,relu,3,1105.0580243754378,37,28.123478174209595,100,0.6,0.6,0.6,discrete,activation,6,0.0,0.0,0.0,full_activation_relu_rep06,94006,1105.0580243754378
relu,1,relu,3,1104.7199813381062,38,27.673431873321533,100,0.6,0.6,0.6,discrete,activation,6,0.0,0.0,0.0,full_activation_relu_rep06,94006,1104.7199813381062
relu,1,relu,3,1104.4475447909501,39,28.06035304069519,100,0.6,0.6,0.6,discrete,activation,6,0.0,0.0,0.0,full_activation_relu_rep06,94006,1104.4475447909501
relu,1,relu,3,1104.2342923259453,40,28.502671003341675,100,0.6,0.6,0.6,discrete,activation,6,0.0,0.0,0.0,full_activation_relu_rep06,94006,1104.2342923259453
relu,1,relu,3,1131.8071334580766,41,27.2913658618927,100,0.4,0.4,0.4,discrete,activation,6,0.0,0.0,0.0,full_activation_relu_rep06,94006,1131.8071334580766
relu,1,relu,3,1131.9777162041898,42,28.16265106201172,100,0.4,0.4,0.4,discrete,activation,6,0.0,0.0,0.0,full_activation_relu_rep06,94006,1131.9777162041898
relu,1,relu,3,1131.677288507859,43,28.64208984375,100,0.4,0.4,0.4,discrete,activation,6,0.0,0.0,0.0,full_activation_relu_rep06,94006,1131.677288507859
relu,1,relu,3,1131.633788475172,44,27.387646913528442,100,0.4,0.4,0.4,discrete,activation,6,0.0,0.0,0.0,full_activation_relu_rep06,94006,1131.633788475172
relu,1,relu,3,1131.4305982870399,45,28.5485360622406,100,0.4,0.4,0.4,discrete,activation,6,0.0,0.0,0.0,full_activation_relu_rep06,94006,1131.4305982870399
relu,1,relu,3,1131.1696992977888,46,28.239752054214478,100,0.4,0.4,0.4,discrete,activation,6,0.0,0.0,0.0,full_activation_relu_rep06,94006,1131.1696992977888
relu,1,relu,3,1130.886723663263,47,27.438886165618896,100,0.4,0.4,0.4,discrete,activation,6,0.0,0.0,0.0,full_activation_relu_rep06,94006,1130.886723663263
relu,1,relu,3,1130.80349069403,48,28.232197046279907,100,0.4,0.4,0.4,discrete,activation,6,0.0,0.0,0.0,full_activation_relu_rep06,94006,1130.80349069403
relu,1,relu,3,1130.622979485978,49,28.741605043411255,100,0.4,0.4,0.4,discrete,activation,6,0.0,0.0,0.0,full_activation_relu_rep06,94006,1130.622979485978
relu,1,relu,3,1130.580662546555,50,27.44105100631714,100,0.4,0.4,0.4,discrete,activation,6,0.0,0.0,0.0,full_activation_relu_rep06,94006,1130.580662546555
relu,1,relu,3,1105.830728396476,51,28.410761833190918,100,0.2,0.2,0.2,discrete,activation,6,0.0,0.0,0.0,full_activation_relu_rep06,94006,1105.830728396476
relu,1,relu,3,1110.665632694244,52,27.475956916809082,100,0.2,0.2,0.2,discrete,activation,6,0.0,0.0,0.0,full_activation_relu_rep06,94006,1110.665632694244
relu,1,relu,3,1109.9486839631388,53,28.39106011390686,100,0.2,0.2,0.2,discrete,activation,6,0.0,0.0,0.0,full_activation_relu_rep06,94006,1109.9486839631388
relu,1,relu,3,1111.030770993177,54,28.088852882385254,100,0.2,0.2,0.2,discrete,activation,6,0.0,0.0,0.0,full_activation_relu_rep06,94006,1111.030770993177
relu,1,relu,3,1110.086610638041,55,27.58303999900818,100,0.2,0.2,0.2,discrete,activation,6,0.0,0.0,0.0,full_activation_relu_rep06,94006,1110.086610638041
relu,1,relu,3,1108.2543830858867,56,28.20933699607849,100,0.2,0.2,0.2,discrete,activation,6,0.0,0.0,0.0,full_activation_relu_rep06,94006,1108.2543830858867
relu,1,relu,3,1106.898573546322,57,29.374290943145752,100,0.2,0.2,0.2,discrete,activation,6,0.0,0.0,0.0,full_activation_relu_rep06,94006,1106.898573546322
relu,1,relu,3,1108.6438782312698,58,27.21271586418152,100,0.2,0.2,0.2,discrete,activation,6,0.0,0.0,0.0,full_activation_relu_rep06,94006,1108.6438782312698
relu,1,relu,3,1108.5489793311149,59,28.207008123397827,100,0.2,0.2,0.2,discrete,activation,6,0.0,0.0,0.0,full_activation_relu_rep06,94006,1108.5489793311149
relu,1,relu,3,1107.7548559256156,60,28.495159149169922,100,0.2,0.2,0.2,discrete,activation,6,0.0,0.0,0.0,full_activation_relu_rep06,94006,1107.7548559256156
relu,1,relu,3,1070.1828879301777,61,28.067161083221436,100,0.1,0.1,0.1,discrete,activation,6,0.0,0.0,0.0,full_activation_relu_rep06,94006,1070.1828879301777
relu,1,relu,3,1069.6992126308678,62,29.33434009552002,100,0.1,0.1,0.1,discrete,activation,6,0.0,0.0,0.0,full_activation_relu_rep06,94006,1069.6992126308678
relu,1,relu,3,1071.2035644178134,63,29.925865173339844,100,0.1,0.1,0.1,discrete,activation,6,0.0,0.0,0.0,full_activation_relu_rep06,94006,1071.2035644178134
relu,1,relu,3,1070.769677027095,64,27.89022207260132,100,0.1,0.1,0.1,discrete,activation,6,0.0,0.0,0.0,full_activation_relu_rep06,94006,1070.769677027095
relu,1,relu,3,1070.2681091654817,65,29.14857506752014,100,0.1,0.1,0.1,discrete,activation,6,0.0,0.0,0.0,full_activation_relu_rep06,94006,1070.2681091654817
relu,1,relu,3,1074.2403480907315,66,29.4022479057312,100,0.1,0.1,0.1,discrete,activation,6,0.0,0.0,0.0,full_activation_relu_rep06,94006,1074.2403480907315
relu,1,relu,3,1075.3553158705176,67,28.03263807296753,100,0.1,0.1,0.1,discrete,activation,6,0.0,0.0,0.0,full_activation_relu_rep06,94006,1075.3553158705176
relu,1,relu,3,1077.3070364307102,68,29.0344340801239,100,0.1,0.1,0.1,discrete,activation,6,0.0,0.0,0.0,full_activation_relu_rep06,94006,1077.3070364307102
relu,1,relu,3,1072.318858880893,69,29.400947093963623,100,0.1,0.1,0.1,discrete,activation,6,0.0,0.0,0.0,full_activation_relu_rep06,94006,1072.318858880893
relu,1,relu,3,1070.8499203465137,70,28.608290910720825,100,0.1,0.1,0.1,discrete,activation,6,0.0,0.0,0.0,full_activation_relu_rep06,94006,1070.8499203465137
relu,1,relu,3,1069.451250737434,71,29.651124000549316,100,0.08,0.08,0.08,discrete,activation,6,0.0,0.0,0.0,full_activation_relu_rep06,94006,1069.451250737434
relu,1,relu,3,1068.1939378484124,72,29.82727313041687,100,0.08,0.08,0.08,discrete,activation,6,0.0,0.0,0.0,full_activation_relu_rep06,94006,1068.1939378484124
relu,1,relu,3,1069.4304663969945,73,28.541496992111206,100,0.08,0.08,0.08,discrete,activation,6,0.0,0.0,0.0,full_activation_relu_rep06,94006,1069.4304663969945
relu,1,relu,3,1068.3359690474988,74,29.53882598876953,100,0.08,0.08,0.08,discrete,activation,6,0.0,0.0,0.0,full_activation_relu_rep06,94006,1068.3359690474988
relu,1,relu,3,1067.1444012746474,75,29.361419916152954,100,0.08,0.08,0.08,discrete,activation,6,0.0,0.0,0.0,full_activation_relu_rep06,94006,1067.1444012746474
relu,1,relu,3,1065.3681207075692,76,28.272160053253174,100,0.08,0.08,0.08,discrete,activation,6,0.0,0.0,0.0,full_activation_relu_rep06,94006,1065.3681207075692
relu,1,relu,3,1068.1215123903012,77,29.632779121398926,100,0.08,0.08,0.08,discrete,activation,6,0.0,0.0,0.0,full_activation_relu_rep06,94006,1068.1215123903012
relu,1,relu,3,1066.0728943296062,78,30.489540815353394,100,0.08,0.08,0.08,discrete,activation,6,0.0,0.0,0.0,full_activation_relu_rep06,94006,1066.0728943296062
relu,1,relu,3,1065.943163074972,79,28.54331398010254,100,0.08,0.08,0.08,discrete,activation,6,0.0,0.0,0.0,full_activation_relu_rep06,94006,1065.943163074972
relu,1,relu,3,1067.163619658319,80,29.35101318359375,100,0.08,0.08,0.08,discrete,activation,6,0.0,0.0,0.0,full_activation_relu_rep06,94006,1067.163619658319
relu,1,relu,3,1069.3517009302332,81,29.83315896987915,100,0.06,0.06,0.06,discrete,activation,6,0.0,0.0,0.0,full_activation_relu_rep06,94006,1069.3517009302332
relu,1,relu,3,1069.935416561768,82,28.326644897460938,100,0.06,0.06,0.06,discrete,activation,6,0.0,0.0,0.0,full_activation_relu_rep06,94006,1069.935416561768
relu,1,relu,3,1067.294003299415,83,29.438297986984253,100,0.06,0.06,0.06,discrete,activation,6,0.0,0.0,0.0,full_activation_relu_rep06,94006,1067.294003299415
relu,1,relu,3,1069.7670253496353,84,28.99658489227295,100,0.06,0.06,0.06,discrete,activation,6,0.0,0.0,0.0,full_activation_relu_rep06,94006,1069.7670253496353
relu,1,relu,3,1063.704225343671,85,28.267080068588257,100,0.06,0.06,0.06,discrete,activation,6,0.0,0.0,0.0,full_activation_relu_rep06,94006,1063.704225343671
relu,1,relu,3,1074.300206001718,86,29.260671854019165,100,0.06,0.06,0.06,discrete,activation,6,0.0,0.0,0.0,full_activation_relu_rep06,94006,1074.300206001718
relu,1,relu,3,1063.0218988288163,87,29.187340021133423,100,0.06,0.06,0.06,discrete,activation,6,0.0,0.0,0.0,full_activation_relu_rep06,94006,1063.0218988288163
relu,1,relu,3,1069.4380361529657,88,28.336321115493774,100,0.06,0.06,0.06,discrete,activation,6,0.0,0.0,0.0,full_activation_relu_rep06,94006,1069.4380361529657
relu,1,relu,3,1064.0751136211013,89,29.252105951309204,100,0.06,0.06,0.06,discrete,activation,6,0.0,0.0,0.0,full_activation_relu_rep06,94006,1064.0751136211013
relu,1,relu,3,1065.175743231571,90,29.7590229511261,100,0.06,0.06,0.06,discrete,activation,6,0.0,0.0,0.0,full_activation_relu_rep06,94006,1065.175743231571
relu,1,relu,3,1078.4543960165313,91,29.341859102249146,100,0.04,0.04,0.04,discrete,activation,6,0.0,0.0,0.0,full_activation_relu_rep06,94006,1078.4543960165313
relu,1,relu,3,1085.1970975735442,92,29.61975908279419,100,0.04,0.04,0.04,discrete,activation,6,0.0,0.0,0.0,full_activation_relu_rep06,94006,1085.1970975735442
relu,1,relu,3,1079.3589881219555,93,29.737892150878906,100,0.04,0.04,0.04,discrete,activation,6,0.0,0.0,0.0,full_activation_relu_rep06,94006,1079.3589881219555
relu,1,relu,3,1075.621928635634,94,28.8995840549469,100,0.04,0.04,0.04,discrete,activation,6,0.0,0.0,0.0,full_activation_relu_rep06,94006,1075.621928635634
relu,1,relu,3,1073.6997027348316,95,30.123915910720825,100,0.04,0.04,0.04,discrete,activation,6,0.0,0.0,0.0,full_activation_relu_rep06,94006,1073.6997027348316
relu,1,relu,3,1078.5345653245474,96,29.943403005599976,100,0.04,0.04,0.04,discrete,activation,6,0.0,0.0,0.0,full_activation_relu_rep06,94006,1078.5345653245474
relu,1,relu,3,1076.604425968379,97,30.42646598815918,100,0.04,0.04,0.04,discrete,activation,6,0.0,0.0,0.0,full_activation_relu_rep06,94006,1076.604425968379
relu,1,relu,3,1088.5743182967844,98,29.93700623512268,100,0.04,0.04,0.04,discrete,activation,6,0.0,0.0,0.0,full_activation_relu_rep06,94006,1088.5743182967844
relu,1,relu,3,1086.442143854267,99,30.363435983657837,100,0.04,0.04,0.04,discrete,activation,6,0.0,0.0,0.0,full_activation_relu_rep06,94006,1086.442143854267
relu,1,relu,3,1075.9715660615093,100,30.17929983139038,100,0.04,0.04,0.04,discrete,activation,6,0.0,0.0,0.0,full_activation_relu_rep06,94006,1075.9715660615093
relu,1,relu,3,1073.2905000273092,101,29.474951028823853,100,0.02,0.02,0.02,discrete,activation,6,0.0,0.0,0.0,full_activation_relu_rep06,94006,1073.2905000273092
relu,1,relu,3,1073.6300613031544,102,30.64508295059204,100,0.02,0.02,0.02,discrete,activation,6,0.0,0.0,0.0,full_activation_relu_rep06,94006,1073.6300613031544
relu,1,relu,3,1070.6605015831642,103,30.94169306755066,100,0.02,0.02,0.02,discrete,activation,6,0.0,0.0,0.0,full_activation_relu_rep06,94006,1070.6605015831642
relu,1,relu,3,1070.7559620027978,104,29.81238102912903,100,0.02,0.02,0.02,discrete,activation,6,0.0,0.0,0.0,full_activation_relu_rep06,94006,1070.7559620027978
relu,1,relu,3,1071.6922594382224,105,30.482250928878784,100,0.02,0.02,0.02,discrete,activation,6,0.0,0.0,0.0,full_activation_relu_rep06,94006,1071.6922594382224
relu,1,relu,3,1069.6116247432979,106,30.64690923690796,100,0.02,0.02,0.02,discrete,activation,6,0.0,0.0,0.0,full_activation_relu_rep06,94006,1069.6116247432979
relu,1,relu,3,1075.3712967135107,107,29.941363096237183,100,0.02,0.02,0.02,discrete,activation,6,0.0,0.0,0.0,full_activation_relu_rep06,94006,1075.3712967135107
relu,1,relu,3,1071.692708782887,108,30.578413009643555,100,0.02,0.02,0.02,discrete,activation,6,0.0,0.0,0.0,full_activation_relu_rep06,94006,1071.692708782887
relu,1,relu,3,1075.266858747482,109,30.377318143844604,100,0.02,0.02,0.02,discrete,activation,6,0.0,0.0,0.0,full_activation_relu_rep06,94006,1075.266858747482
relu,1,relu,3,1075.3923012581022,110,29.768887042999268,100,0.02,0.02,0.02,discrete,activation,6,0.0,0.0,0.0,full_activation_relu_rep06,94006,1075.3923012581022
relu,1,relu,3,1074.9528732142999,111,30.343987941741943,100,0.01,0.01,0.01,discrete,activation,6,0.0,0.0,0.0,full_activation_relu_rep06,94006,1074.9528732142999
relu,1,relu,3,1065.937614445947,112,31.754033088684082,100,0.01,0.01,0.01,discrete,activation,6,0.0,0.0,0.0,full_activation_relu_rep06,94006,1065.937614445947
relu,1,relu,3,1082.9086285379294,113,31.76450204849243,100,0.01,0.01,0.01,discrete,activation,6,0.0,0.0,0.0,full_activation_relu_rep06,94006,1082.9086285379294
relu,1,relu,3,1070.5556700201735,114,30.572184085845947,100,0.01,0.01,0.01,discrete,activation,6,0.0,0.0,0.0,full_activation_relu_rep06,94006,1070.5556700201735
relu,1,relu,3,1071.4881848333418,115,31.41863512992859,100,0.01,0.01,0.01,discrete,activation,6,0.0,0.0,0.0,full_activation_relu_rep06,94006,1071.4881848333418
relu,1,relu,3,1063.241040748036,116,31.804700136184692,100,0.01,0.01,0.01,discrete,activation,6,0.0,0.0,0.0,full_activation_relu_rep06,94006,1063.241040748036
relu,1,relu,3,1062.4874531612652,117,32.05868101119995,100,0.01,0.01,0.01,discrete,activation,6,0.0,0.0,0.0,full_activation_relu_rep06,94006,1062.4874531612652
relu,1,relu,3,1076.1677789422251,118,31.518399000167847,100,0.01,0.01,0.01,discrete,activation,6,0.0,0.0,0.0,full_activation_relu_rep06,94006,1076.1677789422251
relu,1,relu,3,1080.8582179040109,119,31.488444089889526,100,0.01,0.01,0.01,discrete,activation,6,0.0,0.0,0.0,full_activation_relu_rep06,94006,1080.8582179040109
relu,1,relu,3,1064.9857081448336,120,31.507106065750122,100,0.01,0.01,0.01,discrete,activation,6,0.0,0.0,0.0,full_activation_relu_rep06,94006,1064.9857081448336
relu,1,relu,3,1039.419446480681,121,27.509953022003174,100,0.01,0.01,0.0,discrete,activation,6,0.0,0.0,0.0,full_activation_relu_rep06,94006,1039.419446480681
relu,1,relu,3,1042.8292416251747,122,25.457015991210938,100,0.01,0.01,0.0,discrete,activation,6,0.0,0.0,0.0,full_activation_relu_rep06,94006,1042.8292416251747
relu,1,relu,3,1036.116546481609,123,24.684231996536255,100,0.01,0.01,0.0,discrete,activation,6,0.0,0.0,0.0,full_activation_relu_rep06,94006,1036.116546481609
relu,1,relu,3,1037.7496331921523,124,25.49609398841858,100,0.01,0.01,0.0,discrete,activation,6,0.0,0.0,0.0,full_activation_relu_rep06,94006,1037.7496331921523
relu,1,relu,3,1047.1300015111244,125,24.715226888656616,100,0.01,0.01,0.0,discrete,activation,6,0.0,0.0,0.0,full_activation_relu_rep06,94006,1047.1300015111244
relu,1,relu,3,1033.9707167028985,126,24.720283031463623,100,0.01,0.01,0.0,discrete,activation,6,0.0,0.0,0.0,full_activation_relu_rep06,94006,1033.9707167028985
relu,1,relu,3,1033.3182409506696,127,24.705907106399536,100,0.01,0.01,0.0,discrete,activation,6,0.0,0.0,0.0,full_activation_relu_rep06,94006,1033.3182409506696
relu,1,relu,3,1055.37761855836,128,25.612337112426758,100,0.01,0.01,0.0,discrete,activation,6,0.0,0.0,0.0,full_activation_relu_rep06,94006,1055.37761855836
relu,1,relu,3,1046.0323800915755,129,25.928228855133057,100,0.01,0.01,0.0,discrete,activation,6,0.0,0.0,0.0,full_activation_relu_rep06,94006,1046.0323800915755
relu,1,relu,3,1041.5205419225047,130,26.55972695350647,100,0.01,0.01,0.0,discrete,activation,6,0.0,0.0,0.0,full_activation_relu_rep06,94006,1041.5205419225047
silu,1,silu,3,1883.4610073417998,1,88.57539105415344,100,1.0,1.0,1.0,discrete,activation,1,0.0,0.0,0.0,full_activation_silu_rep01,94001,1883.4610073417998
silu,1,silu,3,982.426665585195,2,27.787175178527832,100,1.0,1.0,1.0,discrete,activation,1,0.0,0.0,0.0,full_activation_silu_rep01,94001,982.426665585195
silu,1,silu,3,963.3097712569762,3,28.47722315788269,100,1.0,1.0,1.0,discrete,activation,1,0.0,0.0,0.0,full_activation_silu_rep01,94001,963.3097712569762
silu,1,silu,3,952.9491142140306,4,29.02526092529297,100,1.0,1.0,1.0,discrete,activation,1,0.0,0.0,0.0,full_activation_silu_rep01,94001,952.9491142140306
silu,1,silu,3,949.6467529154721,5,27.839539051055908,100,1.0,1.0,1.0,discrete,activation,1,0.0,0.0,0.0,full_activation_silu_rep01,94001,949.6467529154721
silu,1,silu,3,947.3332006908993,6,28.70069718360901,100,1.0,1.0,1.0,discrete,activation,1,0.0,0.0,0.0,full_activation_silu_rep01,94001,947.3332006908993
silu,1,silu,3,945.4064699565821,7,28.44732904434204,100,1.0,1.0,1.0,discrete,activation,1,0.0,0.0,0.0,full_activation_silu_rep01,94001,945.4064699565821
silu,1,silu,3,943.7261820546843,8,27.49905800819397,100,1.0,1.0,1.0,discrete,activation,1,0.0,0.0,0.0,full_activation_silu_rep01,94001,943.7261820546843
silu,1,silu,3,942.2082476592632,9,28.113998889923096,100,1.0,1.0,1.0,discrete,activation,1,0.0,0.0,0.0,full_activation_silu_rep01,94001,942.2082476592632
silu,1,silu,3,940.8538621613011,10,28.608158111572266,100,1.0,1.0,1.0,discrete,activation,1,0.0,0.0,0.0,full_activation_silu_rep01,94001,940.8538621613011
silu,1,silu,3,939.6641582228592,11,27.8777117729187,100,1.0,1.0,1.0,discrete,activation,1,0.0,0.0,0.0,full_activation_silu_rep01,94001,939.6641582228592
silu,1,silu,3,938.6695087143002,12,28.670367002487183,100,1.0,1.0,1.0,discrete,activation,1,0.0,0.0,0.0,full_activation_silu_rep01,94001,938.6695087143002
silu,1,silu,3,937.8853426138787,13,27.695806980133057,100,1.0,1.0,1.0,discrete,activation,1,0.0,0.0,0.0,full_activation_silu_rep01,94001,937.8853426138787
silu,1,silu,3,937.2824595563134,14,29.335752964019775,100,1.0,1.0,1.0,discrete,activation,1,0.0,0.0,0.0,full_activation_silu_rep01,94001,937.2824595563134
silu,1,silu,3,936.8582005489667,15,28.40110492706299,100,1.0,1.0,1.0,discrete,activation,1,0.0,0.0,0.0,full_activation_silu_rep01,94001,936.8582005489667
silu,1,silu,3,936.5522079177566,16,27.55322813987732,100,1.0,1.0,1.0,discrete,activation,1,0.0,0.0,0.0,full_activation_silu_rep01,94001,936.5522079177566
silu,1,silu,3,936.3563657596324,17,28.191211938858032,100,1.0,1.0,1.0,discrete,activation,1,0.0,0.0,0.0,full_activation_silu_rep01,94001,936.3563657596324
silu,1,silu,3,936.2547502042169,18,27.731240034103394,100,1.0,1.0,1.0,discrete,activation,1,0.0,0.0,0.0,full_activation_silu_rep01,94001,936.2547502042169
silu,1,silu,3,936.254002617801,19,28.301682949066162,100,1.0,1.0,1.0,discrete,activation,1,0.0,0.0,0.0,full_activation_silu_rep01,94001,936.254002617801
silu,1,silu,3,936.3089967571184,20,28.394460201263428,100,1.0,1.0,1.0,discrete,activation,1,0.0,0.0,0.0,full_activation_silu_rep01,94001,936.3089967571184
silu,1,silu,3,1013.38892769751,21,27.434253931045532,100,0.8,0.8,0.8,discrete,activation,1,0.0,0.0,0.0,full_activation_silu_rep01,94001,1013.38892769751
silu,1,silu,3,1012.8369164159828,22,28.261096000671387,100,0.8,0.8,0.8,discrete,activation,1,0.0,0.0,0.0,full_activation_silu_rep01,94001,1012.8369164159828
silu,1,silu,3,1012.9900373629366,23,27.392035961151123,100,0.8,0.8,0.8,discrete,activation,1,0.0,0.0,0.0,full_activation_silu_rep01,94001,1012.9900373629366
silu,1,silu,3,1013.0144226786546,24,28.698014974594116,100,0.8,0.8,0.8,discrete,activation,1,0.0,0.0,0.0,full_activation_silu_rep01,94001,1013.0144226786546
silu,1,silu,3,1013.1238416711772,25,28.858216047286987,100,0.8,0.8,0.8,discrete,activation,1,0.0,0.0,0.0,full_activation_silu_rep01,94001,1013.1238416711772
silu,1,silu,3,1013.2148563674091,26,27.4149808883667,100,0.8,0.8,0.8,discrete,activation,1,0.0,0.0,0.0,full_activation_silu_rep01,94001,1013.2148563674091
silu,1,silu,3,1013.3443008250516,27,28.255136013031006,100,0.8,0.8,0.8,discrete,activation,1,0.0,0.0,0.0,full_activation_silu_rep01,94001,1013.3443008250516
silu,1,silu,3,1013.4607922217051,28,28.44741201400757,100,0.8,0.8,0.8,discrete,activation,1,0.0,0.0,0.0,full_activation_silu_rep01,94001,1013.4607922217051
silu,1,silu,3,1013.5894609082841,29,27.17933702468872,100,0.8,0.8,0.8,discrete,activation,1,0.0,0.0,0.0,full_activation_silu_rep01,94001,1013.5894609082841
silu,1,silu,3,1013.6901364751814,30,28.30597496032715,100,0.8,0.8,0.8,discrete,activation,1,0.0,0.0,0.0,full_activation_silu_rep01,94001,1013.6901364751814
silu,1,silu,3,1070.5535005446466,31,28.61501407623291,100,0.6,0.6,0.6,discrete,activation,1,0.0,0.0,0.0,full_activation_silu_rep01,94001,1070.5535005446466
silu,1,silu,3,1070.4724381813105,32,27.0610032081604,100,0.6,0.6,0.6,discrete,activation,1,0.0,0.0,0.0,full_activation_silu_rep01,94001,1070.4724381813105
silu,1,silu,3,1070.8947784082302,33,28.415959119796753,100,0.6,0.6,0.6,discrete,activation,1,0.0,0.0,0.0,full_activation_silu_rep01,94001,1070.8947784082302
silu,1,silu,3,1070.9053806689908,34,27.390238046646118,100,0.6,0.6,0.6,discrete,activation,1,0.0,0.0,0.0,full_activation_silu_rep01,94001,1070.9053806689908
silu,1,silu,3,1070.928730103065,35,28.60014319419861,100,0.6,0.6,0.6,discrete,activation,1,0.0,0.0,0.0,full_activation_silu_rep01,94001,1070.928730103065
silu,1,silu,3,1070.850226416786,36,28.988083124160767,100,0.6,0.6,0.6,discrete,activation,1,0.0,0.0,0.0,full_activation_silu_rep01,94001,1070.850226416786
silu,1,silu,3,1070.6185563714614,37,27.681735038757324,100,0.6,0.6,0.6,discrete,activation,1,0.0,0.0,0.0,full_activation_silu_rep01,94001,1070.6185563714614
silu,1,silu,3,1070.318605319014,38,28.66041088104248,100,0.6,0.6,0.6,discrete,activation,1,0.0,0.0,0.0,full_activation_silu_rep01,94001,1070.318605319014
silu,1,silu,3,1069.778036169125,39,27.48211908340454,100,0.6,0.6,0.6,discrete,activation,1,0.0,0.0,0.0,full_activation_silu_rep01,94001,1069.778036169125
silu,1,silu,3,1068.6903430151613,40,28.692941188812256,100,0.6,0.6,0.6,discrete,activation,1,0.0,0.0,0.0,full_activation_silu_rep01,94001,1068.6903430151613
silu,1,silu,3,1095.9227531323177,41,27.9030179977417,100,0.4,0.4,0.4,discrete,activation,1,0.0,0.0,0.0,full_activation_silu_rep01,94001,1095.9227531323177
silu,1,silu,3,1095.1414721791862,42,27.33380913734436,100,0.4,0.4,0.4,discrete,activation,1,0.0,0.0,0.0,full_activation_silu_rep01,94001,1095.1414721791862
silu,1,silu,3,1094.6844739682733,43,28.19709300994873,100,0.4,0.4,0.4,discrete,activation,1,0.0,0.0,0.0,full_activation_silu_rep01,94001,1094.6844739682733
silu,1,silu,3,1094.1369175897216,44,28.326655864715576,100,0.4,0.4,0.4,discrete,activation,1,0.0,0.0,0.0,full_activation_silu_rep01,94001,1094.1369175897216
silu,1,silu,3,1093.6206124818027,45,27.471369981765747,100,0.4,0.4,0.4,discrete,activation,1,0.0,0.0,0.0,full_activation_silu_rep01,94001,1093.6206124818027
silu,1,silu,3,1092.9505182256016,46,28.30743098258972,100,0.4,0.4,0.4,discrete,activation,1,0.0,0.0,0.0,full_activation_silu_rep01,94001,1092.9505182256016
silu,1,silu,3,1096.3490321077572,47,28.40069007873535,100,0.4,0.4,0.4,discrete,activation,1,0.0,0.0,0.0,full_activation_silu_rep01,94001,1096.3490321077572
silu,1,silu,3,1104.0123417712548,48,27.401145935058594,100,0.4,0.4,0.4,discrete,activation,1,0.0,0.0,0.0,full_activation_silu_rep01,94001,1104.0123417712548
silu,1,silu,3,1093.3161072533258,49,28.261690139770508,100,0.4,0.4,0.4,discrete,activation,1,0.0,0.0,0.0,full_activation_silu_rep01,94001,1093.3161072533258
silu,1,silu,3,1092.9627428435713,50,27.681150913238525,100,0.4,0.4,0.4,discrete,activation,1,0.0,0.0,0.0,full_activation_silu_rep01,94001,1092.9627428435713
silu,1,silu,3,1084.1515917891631,51,28.598783016204834,100,0.2,0.2,0.2,discrete,activation,1,0.0,0.0,0.0,full_activation_silu_rep01,94001,1084.1515917891631
silu,1,silu,3,1071.7917510994616,52,28.32101798057556,100,0.2,0.2,0.2,discrete,activation,1,0.0,0.0,0.0,full_activation_silu_rep01,94001,1071.7917510994616
silu,1,silu,3,1075.476964300322,53,27.347021102905273,100,0.2,0.2,0.2,discrete,activation,1,0.0,0.0,0.0,full_activation_silu_rep01,94001,1075.476964300322
silu,1,silu,3,1078.0021034761726,54,28.784982204437256,100,0.2,0.2,0.2,discrete,activation,1,0.0,0.0,0.0,full_activation_silu_rep01,94001,1078.0021034761726
silu,1,silu,3,1077.16906201101,55,28.40712308883667,100,0.2,0.2,0.2,discrete,activation,1,0.0,0.0,0.0,full_activation_silu_rep01,94001,1077.16906201101
silu,1,silu,3,1073.6894835227838,56,27.228976011276245,100,0.2,0.2,0.2,discrete,activation,1,0.0,0.0,0.0,full_activation_silu_rep01,94001,1073.6894835227838
silu,1,silu,3,1076.320344337323,57,30.15738582611084,100,0.2,0.2,0.2,discrete,activation,1,0.0,0.0,0.0,full_activation_silu_rep01,94001,1076.320344337323
silu,1,silu,3,1070.0641484925745,58,27.326961040496826,100,0.2,0.2,0.2,discrete,activation,1,0.0,0.0,0.0,full_activation_silu_rep01,94001,1070.0641484925745
silu,1,silu,3,1076.4424674835982,59,28.467654943466187,100,0.2,0.2,0.2,discrete,activation,1,0.0,0.0,0.0,full_activation_silu_rep01,94001,1076.4424674835982
silu,1,silu,3,1070.9461308395043,60,28.175178050994873,100,0.2,0.2,0.2,discrete,activation,1,0.0,0.0,0.0,full_activation_silu_rep01,94001,1070.9461308395043
silu,1,silu,3,1037.309324397091,61,28.282151222229004,100,0.1,0.1,0.1,discrete,activation,1,0.0,0.0,0.0,full_activation_silu_rep01,94001,1037.309324397091
silu,1,silu,3,1048.6035223537117,62,29.04616618156433,100,0.1,0.1,0.1,discrete,activation,1,0.0,0.0,0.0,full_activation_silu_rep01,94001,1048.6035223537117
silu,1,silu,3,1032.1686569957321,63,29.324650049209595,100,0.1,0.1,0.1,discrete,activation,1,0.0,0.0,0.0,full_activation_silu_rep01,94001,1032.1686569957321
silu,1,silu,3,1033.56786916994,64,28.256815910339355,100,0.1,0.1,0.1,discrete,activation,1,0.0,0.0,0.0,full_activation_silu_rep01,94001,1033.56786916994
silu,1,silu,3,1035.9193794520324,65,29.477214813232422,100,0.1,0.1,0.1,discrete,activation,1,0.0,0.0,0.0,full_activation_silu_rep01,94001,1035.9193794520324
silu,1,silu,3,1031.4036913826783,66,29.957807064056396,100,0.1,0.1,0.1,discrete,activation,1,0.0,0.0,0.0,full_activation_silu_rep01,94001,1031.4036913826783
silu,1,silu,3,1030.9484417171607,67,28.17534899711609,100,0.1,0.1,0.1,discrete,activation,1,0.0,0.0,0.0,full_activation_silu_rep01,94001,1030.9484417171607
silu,1,silu,3,1047.3802743852896,68,29.275007963180542,100,0.1,0.1,0.1,discrete,activation,1,0.0,0.0,0.0,full_activation_silu_rep01,94001,1047.3802743852896
silu,1,silu,3,1029.6495706774715,69,29.10173201560974,100,0.1,0.1,0.1,discrete,activation,1,0.0,0.0,0.0,full_activation_silu_rep01,94001,1029.6495706774715
silu,1,silu,3,1027.5912503328846,70,28.36299705505371,100,0.1,0.1,0.1,discrete,activation,1,0.0,0.0,0.0,full_activation_silu_rep01,94001,1027.5912503328846
silu,1,silu,3,1019.0411256636643,71,30.124382972717285,100,0.08,0.08,0.08,discrete,activation,1,0.0,0.0,0.0,full_activation_silu_rep01,94001,1019.0411256636643
silu,1,silu,3,1021.693012686957,72,29.49125099182129,100,0.08,0.08,0.08,discrete,activation,1,0.0,0.0,0.0,full_activation_silu_rep01,94001,1021.693012686957
silu,1,silu,3,1022.3711912135835,73,29.16457200050354,100,0.08,0.08,0.08,discrete,activation,1,0.0,0.0,0.0,full_activation_silu_rep01,94001,1022.3711912135835
silu,1,silu,3,1018.8266408224689,74,29.964112997055054,100,0.08,0.08,0.08,discrete,activation,1,0.0,0.0,0.0,full_activation_silu_rep01,94001,1018.8266408224689
silu,1,silu,3,1025.7978250839367,75,29.74743390083313,100,0.08,0.08,0.08,discrete,activation,1,0.0,0.0,0.0,full_activation_silu_rep01,94001,1025.7978250839367
silu,1,silu,3,1022.4752513304691,76,28.785465955734253,100,0.08,0.08,0.08,discrete,activation,1,0.0,0.0,0.0,full_activation_silu_rep01,94001,1022.4752513304691
silu,1,silu,3,1019.2339722783512,77,30.85665488243103,100,0.08,0.08,0.08,discrete,activation,1,0.0,0.0,0.0,full_activation_silu_rep01,94001,1019.2339722783512
silu,1,silu,3,1021.1808173835573,78,30.18141508102417,100,0.08,0.08,0.08,discrete,activation,1,0.0,0.0,0.0,full_activation_silu_rep01,94001,1021.1808173835573
silu,1,silu,3,1018.4729116928921,79,28.998126983642578,100,0.08,0.08,0.08,discrete,activation,1,0.0,0.0,0.0,full_activation_silu_rep01,94001,1018.4729116928921
silu,1,silu,3,1016.2230484946045,80,29.573120832443237,100,0.08,0.08,0.08,discrete,activation,1,0.0,0.0,0.0,full_activation_silu_rep01,94001,1016.2230484946045
silu,1,silu,3,1033.1556724248758,81,29.340046882629395,100,0.06,0.06,0.06,discrete,activation,1,0.0,0.0,0.0,full_activation_silu_rep01,94001,1033.1556724248758
silu,1,silu,3,1024.0504241366152,82,28.484344959259033,100,0.06,0.06,0.06,discrete,activation,1,0.0,0.0,0.0,full_activation_silu_rep01,94001,1024.0504241366152
silu,1,silu,3,1023.5225766176148,83,29.325418949127197,100,0.06,0.06,0.06,discrete,activation,1,0.0,0.0,0.0,full_activation_silu_rep01,94001,1023.5225766176148
silu,1,silu,3,1025.1234398986733,84,29.338942050933838,100,0.06,0.06,0.06,discrete,activation,1,0.0,0.0,0.0,full_activation_silu_rep01,94001,1025.1234398986733
silu,1,silu,3,1023.2756763210834,85,28.41740393638611,100,0.06,0.06,0.06,discrete,activation,1,0.0,0.0,0.0,full_activation_silu_rep01,94001,1023.2756763210834
silu,1,silu,3,1026.217560366108,86,30.021716117858887,100,0.06,0.06,0.06,discrete,activation,1,0.0,0.0,0.0,full_activation_silu_rep01,94001,1026.217560366108
silu,1,silu,3,1023.3334473169983,87,29.168761014938354,100,0.06,0.06,0.06,discrete,activation,1,0.0,0.0,0.0,full_activation_silu_rep01,94001,1023.3334473169983
silu,1,silu,3,1023.6410583349935,88,28.270623922348022,100,0.06,0.06,0.06,discrete,activation,1,0.0,0.0,0.0,full_activation_silu_rep01,94001,1023.6410583349935
silu,1,silu,3,1028.932949412365,89,29.393894910812378,100,0.06,0.06,0.06,discrete,activation,1,0.0,0.0,0.0,full_activation_silu_rep01,94001,1028.932949412365
silu,1,silu,3,1026.7273048625914,90,28.59648299217224,100,0.06,0.06,0.06,discrete,activation,1,0.0,0.0,0.0,full_activation_silu_rep01,94001,1026.7273048625914
silu,1,silu,3,1049.0192307397133,91,28.359211921691895,100,0.04,0.04,0.04,discrete,activation,1,0.0,0.0,0.0,full_activation_silu_rep01,94001,1049.0192307397133
silu,1,silu,3,1051.864676902654,92,29.399276971817017,100,0.04,0.04,0.04,discrete,activation,1,0.0,0.0,0.0,full_activation_silu_rep01,94001,1051.864676902654
silu,1,silu,3,1047.0755212668225,93,29.630824089050293,100,0.04,0.04,0.04,discrete,activation,1,0.0,0.0,0.0,full_activation_silu_rep01,94001,1047.0755212668225
silu,1,silu,3,1050.2552348343424,94,28.839184045791626,100,0.04,0.04,0.04,discrete,activation,1,0.0,0.0,0.0,full_activation_silu_rep01,94001,1050.2552348343424
silu,1,silu,3,1050.648083155289,95,29.502535104751587,100,0.04,0.04,0.04,discrete,activation,1,0.0,0.0,0.0,full_activation_silu_rep01,94001,1050.648083155289
silu,1,silu,3,1052.0270662570965,96,29.746330976486206,100,0.04,0.04,0.04,discrete,activation,1,0.0,0.0,0.0,full_activation_silu_rep01,94001,1052.0270662570965
silu,1,silu,3,1047.9936551102826,97,28.477608919143677,100,0.04,0.04,0.04,discrete,activation,1,0.0,0.0,0.0,full_activation_silu_rep01,94001,1047.9936551102826
silu,1,silu,3,1050.2312399625214,98,31.231698036193848,100,0.04,0.04,0.04,discrete,activation,1,0.0,0.0,0.0,full_activation_silu_rep01,94001,1050.2312399625214
silu,1,silu,3,1053.8902364742503,99,29.402435064315796,100,0.04,0.04,0.04,discrete,activation,1,0.0,0.0,0.0,full_activation_silu_rep01,94001,1053.8902364742503
silu,1,silu,3,1047.250251766577,100,28.600661993026733,100,0.04,0.04,0.04,discrete,activation,1,0.0,0.0,0.0,full_activation_silu_rep01,94001,1047.250251766577
silu,1,silu,3,1088.0258358369426,101,29.985092878341675,100,0.02,0.02,0.02,discrete,activation,1,0.0,0.0,0.0,full_activation_silu_rep01,94001,1088.0258358369426
silu,1,silu,3,1071.2110228505467,102,30.168967962265015,100,0.02,0.02,0.02,discrete,activation,1,0.0,0.0,0.0,full_activation_silu_rep01,94001,1071.2110228505467
silu,1,silu,3,1067.1929553063565,103,29.064821004867554,100,0.02,0.02,0.02,discrete,activation,1,0.0,0.0,0.0,full_activation_silu_rep01,94001,1067.1929553063565
silu,1,silu,3,1072.5953897641793,104,29.87481999397278,100,0.02,0.02,0.02,discrete,activation,1,0.0,0.0,0.0,full_activation_silu_rep01,94001,1072.5953897641793
silu,1,silu,3,1073.4530920469708,105,29.87985110282898,100,0.02,0.02,0.02,discrete,activation,1,0.0,0.0,0.0,full_activation_silu_rep01,94001,1073.4530920469708
silu,1,silu,3,1087.6397286998404,106,29.22693705558777,100,0.02,0.02,0.02,discrete,activation,1,0.0,0.0,0.0,full_activation_silu_rep01,94001,1087.6397286998404
silu,1,silu,3,1071.87897136499,107,29.834057092666626,100,0.02,0.02,0.02,discrete,activation,1,0.0,0.0,0.0,full_activation_silu_rep01,94001,1071.87897136499
silu,1,silu,3,1073.1494208570473,108,30.001603841781616,100,0.02,0.02,0.02,discrete,activation,1,0.0,0.0,0.0,full_activation_silu_rep01,94001,1073.1494208570473
silu,1,silu,3,1069.8152061920396,109,29.107108116149902,100,0.02,0.02,0.02,discrete,activation,1,0.0,0.0,0.0,full_activation_silu_rep01,94001,1069.8152061920396
silu,1,silu,3,1086.359827737761,110,30.09691596031189,100,0.02,0.02,0.02,discrete,activation,1,0.0,0.0,0.0,full_activation_silu_rep01,94001,1086.359827737761
silu,1,silu,3,1079.0600365198388,111,30.952302932739258,100,0.01,0.01,0.01,discrete,activation,1,0.0,0.0,0.0,full_activation_silu_rep01,94001,1079.0600365198388
silu,1,silu,3,1078.3823752128812,112,30.281010150909424,100,0.01,0.01,0.01,discrete,activation,1,0.0,0.0,0.0,full_activation_silu_rep01,94001,1078.3823752128812
silu,1,silu,3,1094.480154347006,113,30.81700110435486,100,0.01,0.01,0.01,discrete,activation,1,0.0,0.0,0.0,full_activation_silu_rep01,94001,1094.480154347006
silu,1,silu,3,1092.3962972643094,114,30.8018000125885,100,0.01,0.01,0.01,discrete,activation,1,0.0,0.0,0.0,full_activation_silu_rep01,94001,1092.3962972643094
silu,1,silu,3,1087.9043661729986,115,30.119954824447632,100,0.01,0.01,0.01,discrete,activation,1,0.0,0.0,0.0,full_activation_silu_rep01,94001,1087.9043661729986
silu,1,silu,3,1080.72163482582,116,31.177370071411133,100,0.01,0.01,0.01,discrete,activation,1,0.0,0.0,0.0,full_activation_silu_rep01,94001,1080.72163482582
silu,1,silu,3,1080.2001483778922,117,31.237143993377686,100,0.01,0.01,0.01,discrete,activation,1,0.0,0.0,0.0,full_activation_silu_rep01,94001,1080.2001483778922
silu,1,silu,3,1082.7324286189164,118,31.80017399787903,100,0.01,0.01,0.01,discrete,activation,1,0.0,0.0,0.0,full_activation_silu_rep01,94001,1082.7324286189164
silu,1,silu,3,1077.3770628310097,119,29.73090100288391,100,0.01,0.01,0.01,discrete,activation,1,0.0,0.0,0.0,full_activation_silu_rep01,94001,1077.3770628310097
silu,1,silu,3,1081.4133158489294,120,31.179960012435913,100,0.01,0.01,0.01,discrete,activation,1,0.0,0.0,0.0,full_activation_silu_rep01,94001,1081.4133158489294
silu,1,silu,3,1048.8790820653378,121,28.506720781326294,100,0.01,0.01,0.0,discrete,activation,1,0.0,0.0,0.0,full_activation_silu_rep01,94001,1048.8790820653378
silu,1,silu,3,1054.1734137577293,122,24.022041082382202,100,0.01,0.01,0.0,discrete,activation,1,0.0,0.0,0.0,full_activation_silu_rep01,94001,1054.1734137577293
silu,1,silu,3,1049.4921100691033,123,24.453984022140503,100,0.01,0.01,0.0,discrete,activation,1,0.0,0.0,0.0,full_activation_silu_rep01,94001,1049.4921100691033
silu,1,silu,3,1051.8121233542122,124,24.825972080230713,100,0.01,0.01,0.0,discrete,activation,1,0.0,0.0,0.0,full_activation_silu_rep01,94001,1051.8121233542122
silu,1,silu,3,1049.8996390713812,125,24.758747816085815,100,0.01,0.01,0.0,discrete,activation,1,0.0,0.0,0.0,full_activation_silu_rep01,94001,1049.8996390713812
silu,1,silu,3,1059.8430034851374,126,24.713467836380005,100,0.01,0.01,0.0,discrete,activation,1,0.0,0.0,0.0,full_activation_silu_rep01,94001,1059.8430034851374
silu,1,silu,3,1042.6440622962975,127,26.091976165771484,100,0.01,0.01,0.0,discrete,activation,1,0.0,0.0,0.0,full_activation_silu_rep01,94001,1042.6440622962975
silu,1,silu,3,1041.885128500511,128,27.57732105255127,100,0.01,0.01,0.0,discrete,activation,1,0.0,0.0,0.0,full_activation_silu_rep01,94001,1041.885128500511
silu,1,silu,3,1042.264425932509,129,26.179317951202393,100,0.01,0.01,0.0,discrete,activation,1,0.0,0.0,0.0,full_activation_silu_rep01,94001,1042.264425932509
silu,1,silu,3,1050.5753427859881,130,26.098732948303223,100,0.01,0.01,0.0,discrete,activation,1,0.0,0.0,0.0,full_activation_silu_rep01,94001,1050.5753427859881
silu,1,silu,3,1979.7421174002636,1,89.17496418952942,100,1.0,1.0,1.0,discrete,activation,2,0.0,0.0,0.0,full_activation_silu_rep02,94002,1979.7421174002636
silu,1,silu,3,1005.7207078847009,2,28.174083948135376,100,1.0,1.0,1.0,discrete,activation,2,0.0,0.0,0.0,full_activation_silu_rep02,94002,1005.7207078847009
silu,1,silu,3,987.9725145916548,3,28.600027084350586,100,1.0,1.0,1.0,discrete,activation,2,0.0,0.0,0.0,full_activation_silu_rep02,94002,987.9725145916548
silu,1,silu,3,982.2400630267671,4,28.934191942214966,100,1.0,1.0,1.0,discrete,activation,2,0.0,0.0,0.0,full_activation_silu_rep02,94002,982.2400630267671
silu,1,silu,3,978.2575820201687,5,27.711372137069702,100,1.0,1.0,1.0,discrete,activation,2,0.0,0.0,0.0,full_activation_silu_rep02,94002,978.2575820201687
silu,1,silu,3,975.1177051210175,6,29.037354946136475,100,1.0,1.0,1.0,discrete,activation,2,0.0,0.0,0.0,full_activation_silu_rep02,94002,975.1177051210175
silu,1,silu,3,971.7430918824834,7,28.58883810043335,100,1.0,1.0,1.0,discrete,activation,2,0.0,0.0,0.0,full_activation_silu_rep02,94002,971.7430918824834
silu,1,silu,3,969.5336656188159,8,28.016505002975464,100,1.0,1.0,1.0,discrete,activation,2,0.0,0.0,0.0,full_activation_silu_rep02,94002,969.5336656188159
silu,1,silu,3,968.069024851425,9,28.45466899871826,100,1.0,1.0,1.0,discrete,activation,2,0.0,0.0,0.0,full_activation_silu_rep02,94002,968.069024851425
silu,1,silu,3,967.1976259025273,10,29.231353044509888,100,1.0,1.0,1.0,discrete,activation,2,0.0,0.0,0.0,full_activation_silu_rep02,94002,967.1976259025273
silu,1,silu,3,966.6038139875077,11,27.905508995056152,100,1.0,1.0,1.0,discrete,activation,2,0.0,0.0,0.0,full_activation_silu_rep02,94002,966.6038139875077
silu,1,silu,3,966.2500975782064,12,29.024040937423706,100,1.0,1.0,1.0,discrete,activation,2,0.0,0.0,0.0,full_activation_silu_rep02,94002,966.2500975782064
silu,1,silu,3,965.9607910450529,13,28.9892361164093,100,1.0,1.0,1.0,discrete,activation,2,0.0,0.0,0.0,full_activation_silu_rep02,94002,965.9607910450529
silu,1,silu,3,965.7282981691009,14,28.73806595802307,100,1.0,1.0,1.0,discrete,activation,2,0.0,0.0,0.0,full_activation_silu_rep02,94002,965.7282981691009
silu,1,silu,3,965.5775971516338,15,28.820387840270996,100,1.0,1.0,1.0,discrete,activation,2,0.0,0.0,0.0,full_activation_silu_rep02,94002,965.5775971516338
silu,1,silu,3,965.4257990160975,16,27.960808992385864,100,1.0,1.0,1.0,discrete,activation,2,0.0,0.0,0.0,full_activation_silu_rep02,94002,965.4257990160975
silu,1,silu,3,965.2862929319838,17,28.550801992416382,100,1.0,1.0,1.0,discrete,activation,2,0.0,0.0,0.0,full_activation_silu_rep02,94002,965.2862929319838
silu,1,silu,3,965.1637887292267,18,28.597803115844727,100,1.0,1.0,1.0,discrete,activation,2,0.0,0.0,0.0,full_activation_silu_rep02,94002,965.1637887292267
silu,1,silu,3,965.0265550064239,19,27.875635862350464,100,1.0,1.0,1.0,discrete,activation,2,0.0,0.0,0.0,full_activation_silu_rep02,94002,965.0265550064239
silu,1,silu,3,964.9763023505823,20,28.676959991455078,100,1.0,1.0,1.0,discrete,activation,2,0.0,0.0,0.0,full_activation_silu_rep02,94002,964.9763023505823
silu,1,silu,3,1042.9709186041443,21,28.71298599243164,100,0.8,0.8,0.8,discrete,activation,2,0.0,0.0,0.0,full_activation_silu_rep02,94002,1042.9709186041443
silu,1,silu,3,1043.8470746490996,22,27.63281798362732,100,0.8,0.8,0.8,discrete,activation,2,0.0,0.0,0.0,full_activation_silu_rep02,94002,1043.8470746490996
silu,1,silu,3,1043.8240588200963,23,29.043090105056763,100,0.8,0.8,0.8,discrete,activation,2,0.0,0.0,0.0,full_activation_silu_rep02,94002,1043.8240588200963
silu,1,silu,3,1043.7376971002723,24,28.500301837921143,100,0.8,0.8,0.8,discrete,activation,2,0.0,0.0,0.0,full_activation_silu_rep02,94002,1043.7376971002723
silu,1,silu,3,1043.6440493041043,25,27.6498920917511,100,0.8,0.8,0.8,discrete,activation,2,0.0,0.0,0.0,full_activation_silu_rep02,94002,1043.6440493041043
silu,1,silu,3,1043.4893394584115,26,28.48200297355652,100,0.8,0.8,0.8,discrete,activation,2,0.0,0.0,0.0,full_activation_silu_rep02,94002,1043.4893394584115
silu,1,silu,3,1043.2996467129205,27,27.935860872268677,100,0.8,0.8,0.8,discrete,activation,2,0.0,0.0,0.0,full_activation_silu_rep02,94002,1043.2996467129205
silu,1,silu,3,1043.0977165383438,28,28.84382390975952,100,0.8,0.8,0.8,discrete,activation,2,0.0,0.0,0.0,full_activation_silu_rep02,94002,1043.0977165383438
silu,1,silu,3,1042.8668319441506,29,29.296632766723633,100,0.8,0.8,0.8,discrete,activation,2,0.0,0.0,0.0,full_activation_silu_rep02,94002,1042.8668319441506
silu,1,silu,3,1042.620855714561,30,27.806585788726807,100,0.8,0.8,0.8,discrete,activation,2,0.0,0.0,0.0,full_activation_silu_rep02,94002,1042.620855714561
silu,1,silu,3,1099.9102062907884,31,28.374608993530273,100,0.6,0.6,0.6,discrete,activation,2,0.0,0.0,0.0,full_activation_silu_rep02,94002,1099.9102062907884
silu,1,silu,3,1101.0061305397953,32,28.39998507499695,100,0.6,0.6,0.6,discrete,activation,2,0.0,0.0,0.0,full_activation_silu_rep02,94002,1101.0061305397953
silu,1,silu,3,1103.2499036611107,33,27.488399028778076,100,0.6,0.6,0.6,discrete,activation,2,0.0,0.0,0.0,full_activation_silu_rep02,94002,1103.2499036611107
silu,1,silu,3,1103.4310030792037,34,28.173471212387085,100,0.6,0.6,0.6,discrete,activation,2,0.0,0.0,0.0,full_activation_silu_rep02,94002,1103.4310030792037
silu,1,silu,3,1102.526542051216,35,29.61051297187805,100,0.6,0.6,0.6,discrete,activation,2,0.0,0.0,0.0,full_activation_silu_rep02,94002,1102.526542051216
silu,1,silu,3,1101.5027006712871,36,27.41655397415161,100,0.6,0.6,0.6,discrete,activation,2,0.0,0.0,0.0,full_activation_silu_rep02,94002,1101.5027006712871
silu,1,silu,3,1100.4520599587368,37,28.28678297996521,100,0.6,0.6,0.6,discrete,activation,2,0.0,0.0,0.0,full_activation_silu_rep02,94002,1100.4520599587368
silu,1,silu,3,1099.1790874958535,38,28.478185892105103,100,0.6,0.6,0.6,discrete,activation,2,0.0,0.0,0.0,full_activation_silu_rep02,94002,1099.1790874958535
silu,1,silu,3,1097.7861916976356,39,27.799718856811523,100,0.6,0.6,0.6,discrete,activation,2,0.0,0.0,0.0,full_activation_silu_rep02,94002,1097.7861916976356
silu,1,silu,3,1096.463662089867,40,28.540874004364014,100,0.6,0.6,0.6,discrete,activation,2,0.0,0.0,0.0,full_activation_silu_rep02,94002,1096.463662089867
silu,1,silu,3,1128.0689010891706,41,27.55550503730774,100,0.4,0.4,0.4,discrete,activation,2,0.0,0.0,0.0,full_activation_silu_rep02,94002,1128.0689010891706
silu,1,silu,3,1120.5931119033407,42,28.738963842391968,100,0.4,0.4,0.4,discrete,activation,2,0.0,0.0,0.0,full_activation_silu_rep02,94002,1120.5931119033407
silu,1,silu,3,1126.6230257392144,43,28.289899826049805,100,0.4,0.4,0.4,discrete,activation,2,0.0,0.0,0.0,full_activation_silu_rep02,94002,1126.6230257392144
silu,1,silu,3,1129.3783466259435,44,27.667919158935547,100,0.4,0.4,0.4,discrete,activation,2,0.0,0.0,0.0,full_activation_silu_rep02,94002,1129.3783466259435
silu,1,silu,3,1130.4289859146293,45,28.585989952087402,100,0.4,0.4,0.4,discrete,activation,2,0.0,0.0,0.0,full_activation_silu_rep02,94002,1130.4289859146293
silu,1,silu,3,1129.4200720468427,46,28.710379123687744,100,0.4,0.4,0.4,discrete,activation,2,0.0,0.0,0.0,full_activation_silu_rep02,94002,1129.4200720468427
silu,1,silu,3,1125.6979716156163,47,27.472718000411987,100,0.4,0.4,0.4,discrete,activation,2,0.0,0.0,0.0,full_activation_silu_rep02,94002,1125.6979716156163
silu,1,silu,3,1124.880077552009,48,29.074310064315796,100,0.4,0.4,0.4,discrete,activation,2,0.0,0.0,0.0,full_activation_silu_rep02,94002,1124.880077552009
silu,1,silu,3,1124.2584653555286,49,28.797987937927246,100,0.4,0.4,0.4,discrete,activation,2,0.0,0.0,0.0,full_activation_silu_rep02,94002,1124.2584653555286
silu,1,silu,3,1123.4489642004958,50,27.959394216537476,100,0.4,0.4,0.4,discrete,activation,2,0.0,0.0,0.0,full_activation_silu_rep02,94002,1123.4489642004958
silu,1,silu,3,1092.3637798412308,51,28.661069869995117,100,0.2,0.2,0.2,discrete,activation,2,0.0,0.0,0.0,full_activation_silu_rep02,94002,1092.3637798412308
silu,1,silu,3,1092.1620183636107,52,27.75904607772827,100,0.2,0.2,0.2,discrete,activation,2,0.0,0.0,0.0,full_activation_silu_rep02,94002,1092.1620183636107
silu,1,silu,3,1099.3626206421268,53,28.359654903411865,100,0.2,0.2,0.2,discrete,activation,2,0.0,0.0,0.0,full_activation_silu_rep02,94002,1099.3626206421268
silu,1,silu,3,1091.9510313563849,54,28.540004014968872,100,0.2,0.2,0.2,discrete,activation,2,0.0,0.0,0.0,full_activation_silu_rep02,94002,1091.9510313563849
silu,1,silu,3,1090.683495051972,55,27.297080039978027,100,0.2,0.2,0.2,discrete,activation,2,0.0,0.0,0.0,full_activation_silu_rep02,94002,1090.683495051972
silu,1,silu,3,1089.3939303620177,56,29.46182608604431,100,0.2,0.2,0.2,discrete,activation,2,0.0,0.0,0.0,full_activation_silu_rep02,94002,1089.3939303620177
silu,1,silu,3,1088.2739804392013,57,28.845168828964233,100,0.2,0.2,0.2,discrete,activation,2,0.0,0.0,0.0,full_activation_silu_rep02,94002,1088.2739804392013
silu,1,silu,3,1097.673214437055,58,27.48813009262085,100,0.2,0.2,0.2,discrete,activation,2,0.0,0.0,0.0,full_activation_silu_rep02,94002,1097.673214437055
silu,1,silu,3,1090.5904957898836,59,29.086515188217163,100,0.2,0.2,0.2,discrete,activation,2,0.0,0.0,0.0,full_activation_silu_rep02,94002,1090.5904957898836
silu,1,silu,3,1100.3665901212444,60,28.86685013771057,100,0.2,0.2,0.2,discrete,activation,2,0.0,0.0,0.0,full_activation_silu_rep02,94002,1100.3665901212444
silu,1,silu,3,1042.0763889262996,61,28.092787981033325,100,0.1,0.1,0.1,discrete,activation,2,0.0,0.0,0.0,full_activation_silu_rep02,94002,1042.0763889262996
silu,1,silu,3,1047.1529641883742,62,28.930481910705566,100,0.1,0.1,0.1,discrete,activation,2,0.0,0.0,0.0,full_activation_silu_rep02,94002,1047.1529641883742
silu,1,silu,3,1040.5016956929903,63,28.105658054351807,100,0.1,0.1,0.1,discrete,activation,2,0.0,0.0,0.0,full_activation_silu_rep02,94002,1040.5016956929903
silu,1,silu,3,1036.541317802333,64,29.067452907562256,100,0.1,0.1,0.1,discrete,activation,2,0.0,0.0,0.0,full_activation_silu_rep02,94002,1036.541317802333
silu,1,silu,3,1049.4140877276018,65,29.146794080734253,100,0.1,0.1,0.1,discrete,activation,2,0.0,0.0,0.0,full_activation_silu_rep02,94002,1049.4140877276018
silu,1,silu,3,1041.822395933905,66,28.125293016433716,100,0.1,0.1,0.1,discrete,activation,2,0.0,0.0,0.0,full_activation_silu_rep02,94002,1041.822395933905
silu,1,silu,3,1035.3817176243247,67,28.75033712387085,100,0.1,0.1,0.1,discrete,activation,2,0.0,0.0,0.0,full_activation_silu_rep02,94002,1035.3817176243247
silu,1,silu,3,1042.9052919033531,68,28.862598180770874,100,0.1,0.1,0.1,discrete,activation,2,0.0,0.0,0.0,full_activation_silu_rep02,94002,1042.9052919033531
silu,1,silu,3,1043.720440003478,69,28.36493992805481,100,0.1,0.1,0.1,discrete,activation,2,0.0,0.0,0.0,full_activation_silu_rep02,94002,1043.720440003478
silu,1,silu,3,1038.2523115626548,70,28.992352962493896,100,0.1,0.1,0.1,discrete,activation,2,0.0,0.0,0.0,full_activation_silu_rep02,94002,1038.2523115626548
silu,1,silu,3,1029.2587440678958,71,29.58924412727356,100,0.08,0.08,0.08,discrete,activation,2,0.0,0.0,0.0,full_activation_silu_rep02,94002,1029.2587440678958
silu,1,silu,3,1031.665739456374,72,28.439958095550537,100,0.08,0.08,0.08,discrete,activation,2,0.0,0.0,0.0,full_activation_silu_rep02,94002,1031.665739456374
silu,1,silu,3,1036.5145473601513,73,29.05256700515747,100,0.08,0.08,0.08,discrete,activation,2,0.0,0.0,0.0,full_activation_silu_rep02,94002,1036.5145473601513
silu,1,silu,3,1029.1986261761767,74,29.03113603591919,100,0.08,0.08,0.08,discrete,activation,2,0.0,0.0,0.0,full_activation_silu_rep02,94002,1029.1986261761767
silu,1,silu,3,1022.8065529356152,75,28.390251874923706,100,0.08,0.08,0.08,discrete,activation,2,0.0,0.0,0.0,full_activation_silu_rep02,94002,1022.8065529356152
silu,1,silu,3,1022.3443680121304,76,29.076218128204346,100,0.08,0.08,0.08,discrete,activation,2,0.0,0.0,0.0,full_activation_silu_rep02,94002,1022.3443680121304
silu,1,silu,3,1027.6957271694175,77,30.458499908447266,100,0.08,0.08,0.08,discrete,activation,2,0.0,0.0,0.0,full_activation_silu_rep02,94002,1027.6957271694175
silu,1,silu,3,1028.0421548671118,78,28.327749967575073,100,0.08,0.08,0.08,discrete,activation,2,0.0,0.0,0.0,full_activation_silu_rep02,94002,1028.0421548671118
silu,1,silu,3,1026.9955087573962,79,29.488110065460205,100,0.08,0.08,0.08,discrete,activation,2,0.0,0.0,0.0,full_activation_silu_rep02,94002,1026.9955087573962
silu,1,silu,3,1021.7503074443216,80,29.0717511177063,100,0.08,0.08,0.08,discrete,activation,2,0.0,0.0,0.0,full_activation_silu_rep02,94002,1021.7503074443216
silu,1,silu,3,1010.400826630377,81,28.52163791656494,100,0.06,0.06,0.06,discrete,activation,2,0.0,0.0,0.0,full_activation_silu_rep02,94002,1010.400826630377
silu,1,silu,3,1009.9900877798946,82,29.36163878440857,100,0.06,0.06,0.06,discrete,activation,2,0.0,0.0,0.0,full_activation_silu_rep02,94002,1009.9900877798946
silu,1,silu,3,1005.1177849319404,83,29.43250012397766,100,0.06,0.06,0.06,discrete,activation,2,0.0,0.0,0.0,full_activation_silu_rep02,94002,1005.1177849319404
silu,1,silu,3,1010.0995914854483,84,28.17598795890808,100,0.06,0.06,0.06,discrete,activation,2,0.0,0.0,0.0,full_activation_silu_rep02,94002,1010.0995914854483
silu,1,silu,3,1010.2514671760625,85,29.379103899002075,100,0.06,0.06,0.06,discrete,activation,2,0.0,0.0,0.0,full_activation_silu_rep02,94002,1010.2514671760625
silu,1,silu,3,1010.5971017582166,86,29.583302974700928,100,0.06,0.06,0.06,discrete,activation,2,0.0,0.0,0.0,full_activation_silu_rep02,94002,1010.5971017582166
silu,1,silu,3,1006.1537925519674,87,28.080538988113403,100,0.06,0.06,0.06,discrete,activation,2,0.0,0.0,0.0,full_activation_silu_rep02,94002,1006.1537925519674
silu,1,silu,3,1011.4294748445874,88,29.111834049224854,100,0.06,0.06,0.06,discrete,activation,2,0.0,0.0,0.0,full_activation_silu_rep02,94002,1011.4294748445874
silu,1,silu,3,1016.7133701786015,89,29.344539880752563,100,0.06,0.06,0.06,discrete,activation,2,0.0,0.0,0.0,full_activation_silu_rep02,94002,1016.7133701786015
silu,1,silu,3,1005.4276370706788,90,28.456004858016968,100,0.06,0.06,0.06,discrete,activation,2,0.0,0.0,0.0,full_activation_silu_rep02,94002,1005.4276370706788
silu,1,silu,3,986.8125408635344,91,29.649595022201538,100,0.04,0.04,0.04,discrete,activation,2,0.0,0.0,0.0,full_activation_silu_rep02,94002,986.8125408635344
silu,1,silu,3,991.6728486632554,92,29.90245008468628,100,0.04,0.04,0.04,discrete,activation,2,0.0,0.0,0.0,full_activation_silu_rep02,94002,991.6728486632554
silu,1,silu,3,989.5898894599154,93,30.03277897834778,100,0.04,0.04,0.04,discrete,activation,2,0.0,0.0,0.0,full_activation_silu_rep02,94002,989.5898894599154
silu,1,silu,3,984.7411113368747,94,28.912421941757202,100,0.04,0.04,0.04,discrete,activation,2,0.0,0.0,0.0,full_activation_silu_rep02,94002,984.7411113368747
silu,1,silu,3,984.5913549539214,95,29.97232699394226,100,0.04,0.04,0.04,discrete,activation,2,0.0,0.0,0.0,full_activation_silu_rep02,94002,984.5913549539214
silu,1,silu,3,997.1813621676998,96,29.93451714515686,100,0.04,0.04,0.04,discrete,activation,2,0.0,0.0,0.0,full_activation_silu_rep02,94002,997.1813621676998
silu,1,silu,3,996.350725643141,97,29.923274040222168,100,0.04,0.04,0.04,discrete,activation,2,0.0,0.0,0.0,full_activation_silu_rep02,94002,996.350725643141
silu,1,silu,3,989.0534937029057,98,30.165414810180664,100,0.04,0.04,0.04,discrete,activation,2,0.0,0.0,0.0,full_activation_silu_rep02,94002,989.0534937029057
silu,1,silu,3,974.2914680460501,99,29.76307988166809,100,0.04,0.04,0.04,discrete,activation,2,0.0,0.0,0.0,full_activation_silu_rep02,94002,974.2914680460501
silu,1,silu,3,986.0487011515107,100,28.93841791152954,100,0.04,0.04,0.04,discrete,activation,2,0.0,0.0,0.0,full_activation_silu_rep02,94002,986.0487011515107
silu,1,silu,3,972.5701582458186,101,30.656583070755005,100,0.02,0.02,0.02,discrete,activation,2,0.0,0.0,0.0,full_activation_silu_rep02,94002,972.5701582458186
silu,1,silu,3,967.890987772717,102,30.825390815734863,100,0.02,0.02,0.02,discrete,activation,2,0.0,0.0,0.0,full_activation_silu_rep02,94002,967.890987772717
silu,1,silu,3,954.7630574333623,103,29.87258815765381,100,0.02,0.02,0.02,discrete,activation,2,0.0,0.0,0.0,full_activation_silu_rep02,94002,954.7630574333623
silu,1,silu,3,967.0360352666409,104,30.699057817459106,100,0.02,0.02,0.02,discrete,activation,2,0.0,0.0,0.0,full_activation_silu_rep02,94002,967.0360352666409
silu,1,silu,3,952.2616870986813,105,30.791451930999756,100,0.02,0.02,0.02,discrete,activation,2,0.0,0.0,0.0,full_activation_silu_rep02,94002,952.2616870986813
silu,1,silu,3,962.2958097458801,106,30.6214599609375,100,0.02,0.02,0.02,discrete,activation,2,0.0,0.0,0.0,full_activation_silu_rep02,94002,962.2958097458801
silu,1,silu,3,959.2942667314313,107,29.817458868026733,100,0.02,0.02,0.02,discrete,activation,2,0.0,0.0,0.0,full_activation_silu_rep02,94002,959.2942667314313
silu,1,silu,3,957.5478312522505,108,30.64651894569397,100,0.02,0.02,0.02,discrete,activation,2,0.0,0.0,0.0,full_activation_silu_rep02,94002,957.5478312522505
silu,1,silu,3,966.0975381846392,109,31.26890206336975,100,0.02,0.02,0.02,discrete,activation,2,0.0,0.0,0.0,full_activation_silu_rep02,94002,966.0975381846392
silu,1,silu,3,959.8407635959213,110,29.935601949691772,100,0.02,0.02,0.02,discrete,activation,2,0.0,0.0,0.0,full_activation_silu_rep02,94002,959.8407635959213
silu,1,silu,3,936.8317198080044,111,31.727588891983032,100,0.01,0.01,0.01,discrete,activation,2,0.0,0.0,0.0,full_activation_silu_rep02,94002,936.8317198080044
silu,1,silu,3,940.8257003962182,112,32.02715516090393,100,0.01,0.01,0.01,discrete,activation,2,0.0,0.0,0.0,full_activation_silu_rep02,94002,940.8257003962182
silu,1,silu,3,941.5285107027476,113,31.135857105255127,100,0.01,0.01,0.01,discrete,activation,2,0.0,0.0,0.0,full_activation_silu_rep02,94002,941.5285107027476
silu,1,silu,3,941.483820003318,114,31.964529037475586,100,0.01,0.01,0.01,discrete,activation,2,0.0,0.0,0.0,full_activation_silu_rep02,94002,941.483820003318
silu,1,silu,3,938.8791383463009,115,32.32546615600586,100,0.01,0.01,0.01,discrete,activation,2,0.0,0.0,0.0,full_activation_silu_rep02,94002,938.8791383463009
silu,1,silu,3,956.6471159772,116,32.24190306663513,100,0.01,0.01,0.01,discrete,activation,2,0.0,0.0,0.0,full_activation_silu_rep02,94002,956.6471159772
silu,1,silu,3,940.0486483902273,117,32.219578981399536,100,0.01,0.01,0.01,discrete,activation,2,0.0,0.0,0.0,full_activation_silu_rep02,94002,940.0486483902273
silu,1,silu,3,934.4407453010608,118,32.490225076675415,100,0.01,0.01,0.01,discrete,activation,2,0.0,0.0,0.0,full_activation_silu_rep02,94002,934.4407453010608
silu,1,silu,3,938.1044061810669,119,32.20964002609253,100,0.01,0.01,0.01,discrete,activation,2,0.0,0.0,0.0,full_activation_silu_rep02,94002,938.1044061810669
silu,1,silu,3,939.2743985948747,120,30.040842056274414,100,0.01,0.01,0.01,discrete,activation,2,0.0,0.0,0.0,full_activation_silu_rep02,94002,939.2743985948747
silu,1,silu,3,912.1233908773634,121,30.108686923980713,100,0.01,0.01,0.0,discrete,activation,2,0.0,0.0,0.0,full_activation_silu_rep02,94002,912.1233908773634
silu,1,silu,3,914.5645708097195,122,25.769356966018677,100,0.01,0.01,0.0,discrete,activation,2,0.0,0.0,0.0,full_activation_silu_rep02,94002,914.5645708097195
silu,1,silu,3,912.1816924899874,123,25.439922094345093,100,0.01,0.01,0.0,discrete,activation,2,0.0,0.0,0.0,full_activation_silu_rep02,94002,912.1816924899874
silu,1,silu,3,919.2010635642422,124,25.493875980377197,100,0.01,0.01,0.0,discrete,activation,2,0.0,0.0,0.0,full_activation_silu_rep02,94002,919.2010635642422
silu,1,silu,3,922.7589055602766,125,25.281929969787598,100,0.01,0.01,0.0,discrete,activation,2,0.0,0.0,0.0,full_activation_silu_rep02,94002,922.7589055602766
silu,1,silu,3,919.9401957550525,126,26.055644035339355,100,0.01,0.01,0.0,discrete,activation,2,0.0,0.0,0.0,full_activation_silu_rep02,94002,919.9401957550525
silu,1,silu,3,920.5802237248872,127,26.180450916290283,100,0.01,0.01,0.0,discrete,activation,2,0.0,0.0,0.0,full_activation_silu_rep02,94002,920.5802237248872
silu,1,silu,3,916.776722930088,128,26.76527500152588,100,0.01,0.01,0.0,discrete,activation,2,0.0,0.0,0.0,full_activation_silu_rep02,94002,916.776722930088
silu,1,silu,3,934.851852705481,129,27.150614023208618,100,0.01,0.01,0.0,discrete,activation,2,0.0,0.0,0.0,full_activation_silu_rep02,94002,934.851852705481
silu,1,silu,3,920.3149547399855,130,29.053109884262085,100,0.01,0.01,0.0,discrete,activation,2,0.0,0.0,0.0,full_activation_silu_rep02,94002,920.3149547399855
silu,1,silu,3,1818.276496116819,1,88.64186191558838,100,1.0,1.0,1.0,discrete,activation,3,0.0,0.0,0.0,full_activation_silu_rep03,94003,1818.276496116819
silu,1,silu,3,939.3602720945465,2,27.84153413772583,100,1.0,1.0,1.0,discrete,activation,3,0.0,0.0,0.0,full_activation_silu_rep03,94003,939.3602720945465
silu,1,silu,3,927.0322622600465,3,28.622854948043823,100,1.0,1.0,1.0,discrete,activation,3,0.0,0.0,0.0,full_activation_silu_rep03,94003,927.0322622600465
silu,1,silu,3,923.5047388440398,4,28.760618925094604,100,1.0,1.0,1.0,discrete,activation,3,0.0,0.0,0.0,full_activation_silu_rep03,94003,923.5047388440398
silu,1,silu,3,922.242278531942,5,28.34402108192444,100,1.0,1.0,1.0,discrete,activation,3,0.0,0.0,0.0,full_activation_silu_rep03,94003,922.242278531942
silu,1,silu,3,921.452372885348,6,28.919229984283447,100,1.0,1.0,1.0,discrete,activation,3,0.0,0.0,0.0,full_activation_silu_rep03,94003,921.452372885348
silu,1,silu,3,920.8609747927412,7,28.851837873458862,100,1.0,1.0,1.0,discrete,activation,3,0.0,0.0,0.0,full_activation_silu_rep03,94003,920.8609747927412
silu,1,silu,3,920.3695386219886,8,28.029412031173706,100,1.0,1.0,1.0,discrete,activation,3,0.0,0.0,0.0,full_activation_silu_rep03,94003,920.3695386219886
silu,1,silu,3,919.9306852943554,9,28.732258081436157,100,1.0,1.0,1.0,discrete,activation,3,0.0,0.0,0.0,full_activation_silu_rep03,94003,919.9306852943554
silu,1,silu,3,919.51716338884,10,28.75184202194214,100,1.0,1.0,1.0,discrete,activation,3,0.0,0.0,0.0,full_activation_silu_rep03,94003,919.51716338884
silu,1,silu,3,919.111518648997,11,27.641721963882446,100,1.0,1.0,1.0,discrete,activation,3,0.0,0.0,0.0,full_activation_silu_rep03,94003,919.111518648997
silu,1,silu,3,918.7282961153261,12,28.496337890625,100,1.0,1.0,1.0,discrete,activation,3,0.0,0.0,0.0,full_activation_silu_rep03,94003,918.7282961153261
silu,1,silu,3,918.3693728995053,13,28.61803698539734,100,1.0,1.0,1.0,discrete,activation,3,0.0,0.0,0.0,full_activation_silu_rep03,94003,918.3693728995053
silu,1,silu,3,918.0560508134572,14,28.79485297203064,100,1.0,1.0,1.0,discrete,activation,3,0.0,0.0,0.0,full_activation_silu_rep03,94003,918.0560508134572
silu,1,silu,3,917.7931056476998,15,29.026341915130615,100,1.0,1.0,1.0,discrete,activation,3,0.0,0.0,0.0,full_activation_silu_rep03,94003,917.7931056476998
silu,1,silu,3,917.5617707532455,16,28.439604997634888,100,1.0,1.0,1.0,discrete,activation,3,0.0,0.0,0.0,full_activation_silu_rep03,94003,917.5617707532455
silu,1,silu,3,917.349095251476,17,27.733236074447632,100,1.0,1.0,1.0,discrete,activation,3,0.0,0.0,0.0,full_activation_silu_rep03,94003,917.349095251476
silu,1,silu,3,917.1627864028787,18,28.61915397644043,100,1.0,1.0,1.0,discrete,activation,3,0.0,0.0,0.0,full_activation_silu_rep03,94003,917.1627864028787
silu,1,silu,3,916.9832089981392,19,27.965590000152588,100,1.0,1.0,1.0,discrete,activation,3,0.0,0.0,0.0,full_activation_silu_rep03,94003,916.9832089981392
silu,1,silu,3,916.8265474227086,20,28.42517399787903,100,1.0,1.0,1.0,discrete,activation,3,0.0,0.0,0.0,full_activation_silu_rep03,94003,916.8265474227086
silu,1,silu,3,991.9941772949054,21,28.40618395805359,100,0.8,0.8,0.8,discrete,activation,3,0.0,0.0,0.0,full_activation_silu_rep03,94003,991.9941772949054
silu,1,silu,3,991.875601180382,22,27.9999840259552,100,0.8,0.8,0.8,discrete,activation,3,0.0,0.0,0.0,full_activation_silu_rep03,94003,991.875601180382
silu,1,silu,3,991.7310778480165,23,28.44572401046753,100,0.8,0.8,0.8,discrete,activation,3,0.0,0.0,0.0,full_activation_silu_rep03,94003,991.7310778480165
silu,1,silu,3,991.5923730561722,24,28.845288038253784,100,0.8,0.8,0.8,discrete,activation,3,0.0,0.0,0.0,full_activation_silu_rep03,94003,991.5923730561722
silu,1,silu,3,991.4619406855986,25,27.52705407142639,100,0.8,0.8,0.8,discrete,activation,3,0.0,0.0,0.0,full_activation_silu_rep03,94003,991.4619406855986
silu,1,silu,3,991.3323154775039,26,28.48909592628479,100,0.8,0.8,0.8,discrete,activation,3,0.0,0.0,0.0,full_activation_silu_rep03,94003,991.3323154775039
silu,1,silu,3,991.220234659529,27,28.92485809326172,100,0.8,0.8,0.8,discrete,activation,3,0.0,0.0,0.0,full_activation_silu_rep03,94003,991.220234659529
silu,1,silu,3,991.1173315620856,28,27.733596086502075,100,0.8,0.8,0.8,discrete,activation,3,0.0,0.0,0.0,full_activation_silu_rep03,94003,991.1173315620856
silu,1,silu,3,991.0110459700242,29,28.51285409927368,100,0.8,0.8,0.8,discrete,activation,3,0.0,0.0,0.0,full_activation_silu_rep03,94003,991.0110459700242
silu,1,silu,3,990.9225124598473,30,28.44252109527588,100,0.8,0.8,0.8,discrete,activation,3,0.0,0.0,0.0,full_activation_silu_rep03,94003,990.9225124598473
silu,1,silu,3,1045.5286813527105,31,27.7780659198761,100,0.6,0.6,0.6,discrete,activation,3,0.0,0.0,0.0,full_activation_silu_rep03,94003,1045.5286813527105
silu,1,silu,3,1045.632640192865,32,28.10543990135193,100,0.6,0.6,0.6,discrete,activation,3,0.0,0.0,0.0,full_activation_silu_rep03,94003,1045.632640192865
silu,1,silu,3,1045.553592596859,33,28.435773849487305,100,0.6,0.6,0.6,discrete,activation,3,0.0,0.0,0.0,full_activation_silu_rep03,94003,1045.553592596859
silu,1,silu,3,1045.4575951163854,34,27.247328996658325,100,0.6,0.6,0.6,discrete,activation,3,0.0,0.0,0.0,full_activation_silu_rep03,94003,1045.4575951163854
silu,1,silu,3,1045.3609467849728,35,29.7902090549469,100,0.6,0.6,0.6,discrete,activation,3,0.0,0.0,0.0,full_activation_silu_rep03,94003,1045.3609467849728
silu,1,silu,3,1045.273406406291,36,28.499736070632935,100,0.6,0.6,0.6,discrete,activation,3,0.0,0.0,0.0,full_activation_silu_rep03,94003,1045.273406406291
silu,1,silu,3,1045.1828063897283,37,27.74448800086975,100,0.6,0.6,0.6,discrete,activation,3,0.0,0.0,0.0,full_activation_silu_rep03,94003,1045.1828063897283
silu,1,silu,3,1045.1035292797503,38,28.15175986289978,100,0.6,0.6,0.6,discrete,activation,3,0.0,0.0,0.0,full_activation_silu_rep03,94003,1045.1035292797503
silu,1,silu,3,1045.0246345319822,39,28.799659967422485,100,0.6,0.6,0.6,discrete,activation,3,0.0,0.0,0.0,full_activation_silu_rep03,94003,1045.0246345319822
silu,1,silu,3,1044.9518584403684,40,27.657077074050903,100,0.6,0.6,0.6,discrete,activation,3,0.0,0.0,0.0,full_activation_silu_rep03,94003,1044.9518584403684
silu,1,silu,3,1069.2929871686495,41,29.02278709411621,100,0.4,0.4,0.4,discrete,activation,3,0.0,0.0,0.0,full_activation_silu_rep03,94003,1069.2929871686495
silu,1,silu,3,1070.6666199624085,42,27.532975912094116,100,0.4,0.4,0.4,discrete,activation,3,0.0,0.0,0.0,full_activation_silu_rep03,94003,1070.6666199624085
silu,1,silu,3,1069.424152637857,43,27.418899059295654,100,0.4,0.4,0.4,discrete,activation,3,0.0,0.0,0.0,full_activation_silu_rep03,94003,1069.424152637857
silu,1,silu,3,1070.722295155384,44,28.21444797515869,100,0.4,0.4,0.4,discrete,activation,3,0.0,0.0,0.0,full_activation_silu_rep03,94003,1070.722295155384
silu,1,silu,3,1069.07548795309,45,27.706947803497314,100,0.4,0.4,0.4,discrete,activation,3,0.0,0.0,0.0,full_activation_silu_rep03,94003,1069.07548795309
silu,1,silu,3,1069.1973626922752,46,28.552500009536743,100,0.4,0.4,0.4,discrete,activation,3,0.0,0.0,0.0,full_activation_silu_rep03,94003,1069.1973626922752
silu,1,silu,3,1070.3604644215886,47,28.703153133392334,100,0.4,0.4,0.4,discrete,activation,3,0.0,0.0,0.0,full_activation_silu_rep03,94003,1070.3604644215886
silu,1,silu,3,1068.788138337901,48,27.950082063674927,100,0.4,0.4,0.4,discrete,activation,3,0.0,0.0,0.0,full_activation_silu_rep03,94003,1068.788138337901
silu,1,silu,3,1068.6639640856731,49,28.394595861434937,100,0.4,0.4,0.4,discrete,activation,3,0.0,0.0,0.0,full_activation_silu_rep03,94003,1068.6639640856731
silu,1,silu,3,1070.069164146123,50,28.36309790611267,100,0.4,0.4,0.4,discrete,activation,3,0.0,0.0,0.0,full_activation_silu_rep03,94003,1070.069164146123
silu,1,silu,3,1044.0878481420893,51,27.219050884246826,100,0.2,0.2,0.2,discrete,activation,3,0.0,0.0,0.0,full_activation_silu_rep03,94003,1044.0878481420893
silu,1,silu,3,1044.8215323393313,52,28.311516046524048,100,0.2,0.2,0.2,discrete,activation,3,0.0,0.0,0.0,full_activation_silu_rep03,94003,1044.8215323393313
silu,1,silu,3,1043.5980060253717,53,28.58089303970337,100,0.2,0.2,0.2,discrete,activation,3,0.0,0.0,0.0,full_activation_silu_rep03,94003,1043.5980060253717
silu,1,silu,3,1043.0717543383573,54,27.387646913528442,100,0.2,0.2,0.2,discrete,activation,3,0.0,0.0,0.0,full_activation_silu_rep03,94003,1043.0717543383573
silu,1,silu,3,1043.604048185758,55,28.609041929244995,100,0.2,0.2,0.2,discrete,activation,3,0.0,0.0,0.0,full_activation_silu_rep03,94003,1043.604048185758
silu,1,silu,3,1040.3168239613326,56,29.739498138427734,100,0.2,0.2,0.2,discrete,activation,3,0.0,0.0,0.0,full_activation_silu_rep03,94003,1040.3168239613326
silu,1,silu,3,1039.5244418288066,57,27.44297194480896,100,0.2,0.2,0.2,discrete,activation,3,0.0,0.0,0.0,full_activation_silu_rep03,94003,1039.5244418288066
silu,1,silu,3,1041.7239932879052,58,28.33704900741577,100,0.2,0.2,0.2,discrete,activation,3,0.0,0.0,0.0,full_activation_silu_rep03,94003,1041.7239932879052
silu,1,silu,3,1043.9230379442743,59,27.876874923706055,100,0.2,0.2,0.2,discrete,activation,3,0.0,0.0,0.0,full_activation_silu_rep03,94003,1043.9230379442743
silu,1,silu,3,1040.1080804112937,60,28.27140498161316,100,0.2,0.2,0.2,discrete,activation,3,0.0,0.0,0.0,full_activation_silu_rep03,94003,1040.1080804112937
silu,1,silu,3,988.0666808548568,61,29.535276889801025,100,0.1,0.1,0.1,discrete,activation,3,0.0,0.0,0.0,full_activation_silu_rep03,94003,988.0666808548568
silu,1,silu,3,994.2334988867085,62,28.256977081298828,100,0.1,0.1,0.1,discrete,activation,3,0.0,0.0,0.0,full_activation_silu_rep03,94003,994.2334988867085
silu,1,silu,3,993.2549764258164,63,28.802048921585083,100,0.1,0.1,0.1,discrete,activation,3,0.0,0.0,0.0,full_activation_silu_rep03,94003,993.2549764258164
silu,1,silu,3,993.1078548842638,64,29.211379051208496,100,0.1,0.1,0.1,discrete,activation,3,0.0,0.0,0.0,full_activation_silu_rep03,94003,993.1078548842638
silu,1,silu,3,993.2806307726794,65,28.481324911117554,100,0.1,0.1,0.1,discrete,activation,3,0.0,0.0,0.0,full_activation_silu_rep03,94003,993.2806307726794
silu,1,silu,3,993.5650899739267,66,28.834545850753784,100,0.1,0.1,0.1,discrete,activation,3,0.0,0.0,0.0,full_activation_silu_rep03,94003,993.5650899739267
silu,1,silu,3,993.6103704392896,67,29.030194997787476,100,0.1,0.1,0.1,discrete,activation,3,0.0,0.0,0.0,full_activation_silu_rep03,94003,993.6103704392896
silu,1,silu,3,988.4253051095187,68,28.20637011528015,100,0.1,0.1,0.1,discrete,activation,3,0.0,0.0,0.0,full_activation_silu_rep03,94003,988.4253051095187
silu,1,silu,3,986.990999766726,69,28.99699306488037,100,0.1,0.1,0.1,discrete,activation,3,0.0,0.0,0.0,full_activation_silu_rep03,94003,986.990999766726
silu,1,silu,3,984.0148844589598,70,29.27610492706299,100,0.1,0.1,0.1,discrete,activation,3,0.0,0.0,0.0,full_activation_silu_rep03,94003,984.0148844589598
silu,1,silu,3,968.5398160517191,71,28.50419306755066,100,0.08,0.08,0.08,discrete,activation,3,0.0,0.0,0.0,full_activation_silu_rep03,94003,968.5398160517191
silu,1,silu,3,967.4114783107766,72,29.014912128448486,100,0.08,0.08,0.08,discrete,activation,3,0.0,0.0,0.0,full_activation_silu_rep03,94003,967.4114783107766
silu,1,silu,3,970.3102601563271,73,29.29270911216736,100,0.08,0.08,0.08,discrete,activation,3,0.0,0.0,0.0,full_activation_silu_rep03,94003,970.3102601563271
silu,1,silu,3,966.7444279847572,74,28.065738916397095,100,0.08,0.08,0.08,discrete,activation,3,0.0,0.0,0.0,full_activation_silu_rep03,94003,966.7444279847572
silu,1,silu,3,969.2808802069635,75,28.894234895706177,100,0.08,0.08,0.08,discrete,activation,3,0.0,0.0,0.0,full_activation_silu_rep03,94003,969.2808802069635
silu,1,silu,3,970.3480686869684,76,28.898165941238403,100,0.08,0.08,0.08,discrete,activation,3,0.0,0.0,0.0,full_activation_silu_rep03,94003,970.3480686869684
silu,1,silu,3,969.7761960724321,77,28.960513830184937,100,0.08,0.08,0.08,discrete,activation,3,0.0,0.0,0.0,full_activation_silu_rep03,94003,969.7761960724321
silu,1,silu,3,969.748728076667,78,28.537184953689575,100,0.08,0.08,0.08,discrete,activation,3,0.0,0.0,0.0,full_activation_silu_rep03,94003,969.748728076667
silu,1,silu,3,969.9667172301193,79,29.176326990127563,100,0.08,0.08,0.08,discrete,activation,3,0.0,0.0,0.0,full_activation_silu_rep03,94003,969.9667172301193
silu,1,silu,3,968.7197474862674,80,28.272610187530518,100,0.08,0.08,0.08,discrete,activation,3,0.0,0.0,0.0,full_activation_silu_rep03,94003,968.7197474862674
silu,1,silu,3,948.2033550561713,81,29.206398010253906,100,0.06,0.06,0.06,discrete,activation,3,0.0,0.0,0.0,full_activation_silu_rep03,94003,948.2033550561713
silu,1,silu,3,946.0094485108143,82,29.51572299003601,100,0.06,0.06,0.06,discrete,activation,3,0.0,0.0,0.0,full_activation_silu_rep03,94003,946.0094485108143
silu,1,silu,3,956.2311552604039,83,28.32603907585144,100,0.06,0.06,0.06,discrete,activation,3,0.0,0.0,0.0,full_activation_silu_rep03,94003,956.2311552604039
silu,1,silu,3,948.8849228950265,84,29.101542949676514,100,0.06,0.06,0.06,discrete,activation,3,0.0,0.0,0.0,full_activation_silu_rep03,94003,948.8849228950265
silu,1,silu,3,948.8162244620751,85,29.767853021621704,100,0.06,0.06,0.06,discrete,activation,3,0.0,0.0,0.0,full_activation_silu_rep03,94003,948.8162244620751
silu,1,silu,3,952.3566314294018,86,28.582196950912476,100,0.06,0.06,0.06,discrete,activation,3,0.0,0.0,0.0,full_activation_silu_rep03,94003,952.3566314294018
silu,1,silu,3,945.0699755508846,87,29.4267578125,100,0.06,0.06,0.06,discrete,activation,3,0.0,0.0,0.0,full_activation_silu_rep03,94003,945.0699755508846
silu,1,silu,3,949.394823527553,88,29.346943140029907,100,0.06,0.06,0.06,discrete,activation,3,0.0,0.0,0.0,full_activation_silu_rep03,94003,949.394823527553
silu,1,silu,3,948.7343158506912,89,28.87855100631714,100,0.06,0.06,0.06,discrete,activation,3,0.0,0.0,0.0,full_activation_silu_rep03,94003,948.7343158506912
silu,1,silu,3,947.4476991575472,90,29.44241189956665,100,0.06,0.06,0.06,discrete,activation,3,0.0,0.0,0.0,full_activation_silu_rep03,94003,947.4476991575472
silu,1,silu,3,925.7255692469408,91,29.8439838886261,100,0.04,0.04,0.04,discrete,activation,3,0.0,0.0,0.0,full_activation_silu_rep03,94003,925.7255692469408
silu,1,silu,3,925.4315237698363,92,29.07576894760132,100,0.04,0.04,0.04,discrete,activation,3,0.0,0.0,0.0,full_activation_silu_rep03,94003,925.4315237698363
silu,1,silu,3,929.4413242777966,93,29.745918035507202,100,0.04,0.04,0.04,discrete,activation,3,0.0,0.0,0.0,full_activation_silu_rep03,94003,929.4413242777966
silu,1,silu,3,926.5934647384304,94,30.08691692352295,100,0.04,0.04,0.04,discrete,activation,3,0.0,0.0,0.0,full_activation_silu_rep03,94003,926.5934647384304
silu,1,silu,3,929.4488225640077,95,29.2500479221344,100,0.04,0.04,0.04,discrete,activation,3,0.0,0.0,0.0,full_activation_silu_rep03,94003,929.4488225640077
silu,1,silu,3,927.6687710323447,96,29.535847902297974,100,0.04,0.04,0.04,discrete,activation,3,0.0,0.0,0.0,full_activation_silu_rep03,94003,927.6687710323447
silu,1,silu,3,929.2755320208935,97,31.52585196495056,100,0.04,0.04,0.04,discrete,activation,3,0.0,0.0,0.0,full_activation_silu_rep03,94003,929.2755320208935
silu,1,silu,3,928.0266701580083,98,28.790475130081177,100,0.04,0.04,0.04,discrete,activation,3,0.0,0.0,0.0,full_activation_silu_rep03,94003,928.0266701580083
silu,1,silu,3,928.2774146166914,99,29.037076950073242,100,0.04,0.04,0.04,discrete,activation,3,0.0,0.0,0.0,full_activation_silu_rep03,94003,928.2774146166914
silu,1,silu,3,928.923788050476,100,29.7642240524292,100,0.04,0.04,0.04,discrete,activation,3,0.0,0.0,0.0,full_activation_silu_rep03,94003,928.923788050476
silu,1,silu,3,896.2388957126309,101,31.104804039001465,100,0.02,0.02,0.02,discrete,activation,3,0.0,0.0,0.0,full_activation_silu_rep03,94003,896.2388957126309
silu,1,silu,3,897.0621095533226,102,29.744666814804077,100,0.02,0.02,0.02,discrete,activation,3,0.0,0.0,0.0,full_activation_silu_rep03,94003,897.0621095533226
silu,1,silu,3,901.9552786991778,103,30.742959022521973,100,0.02,0.02,0.02,discrete,activation,3,0.0,0.0,0.0,full_activation_silu_rep03,94003,901.9552786991778
silu,1,silu,3,902.4282917371254,104,30.72849702835083,100,0.02,0.02,0.02,discrete,activation,3,0.0,0.0,0.0,full_activation_silu_rep03,94003,902.4282917371254
silu,1,silu,3,898.1793206899107,105,30.234192848205566,100,0.02,0.02,0.02,discrete,activation,3,0.0,0.0,0.0,full_activation_silu_rep03,94003,898.1793206899107
silu,1,silu,3,897.7906148473277,106,30.449018001556396,100,0.02,0.02,0.02,discrete,activation,3,0.0,0.0,0.0,full_activation_silu_rep03,94003,897.7906148473277
silu,1,silu,3,898.9972267279977,107,30.550530910491943,100,0.02,0.02,0.02,discrete,activation,3,0.0,0.0,0.0,full_activation_silu_rep03,94003,898.9972267279977
silu,1,silu,3,898.6797735612703,108,30.905472993850708,100,0.02,0.02,0.02,discrete,activation,3,0.0,0.0,0.0,full_activation_silu_rep03,94003,898.6797735612703
silu,1,silu,3,899.5390177769173,109,29.755263090133667,100,0.02,0.02,0.02,discrete,activation,3,0.0,0.0,0.0,full_activation_silu_rep03,94003,899.5390177769173
silu,1,silu,3,896.5633379837661,110,30.812223196029663,100,0.02,0.02,0.02,discrete,activation,3,0.0,0.0,0.0,full_activation_silu_rep03,94003,896.5633379837661
silu,1,silu,3,907.4923060697397,111,31.52407693862915,100,0.01,0.01,0.01,discrete,activation,3,0.0,0.0,0.0,full_activation_silu_rep03,94003,907.4923060697397
silu,1,silu,3,885.5899083643194,112,30.776202917099,100,0.01,0.01,0.01,discrete,activation,3,0.0,0.0,0.0,full_activation_silu_rep03,94003,885.5899083643194
silu,1,silu,3,881.0060834288726,113,31.61679220199585,100,0.01,0.01,0.01,discrete,activation,3,0.0,0.0,0.0,full_activation_silu_rep03,94003,881.0060834288726
silu,1,silu,3,876.5977361581987,114,31.865298986434937,100,0.01,0.01,0.01,discrete,activation,3,0.0,0.0,0.0,full_activation_silu_rep03,94003,876.5977361581987
silu,1,silu,3,877.6532778749446,115,31.8105411529541,100,0.01,0.01,0.01,discrete,activation,3,0.0,0.0,0.0,full_activation_silu_rep03,94003,877.6532778749446
silu,1,silu,3,882.6469445980158,116,30.42815089225769,100,0.01,0.01,0.01,discrete,activation,3,0.0,0.0,0.0,full_activation_silu_rep03,94003,882.6469445980158
silu,1,silu,3,889.1816937531594,117,32.42874002456665,100,0.01,0.01,0.01,discrete,activation,3,0.0,0.0,0.0,full_activation_silu_rep03,94003,889.1816937531594
silu,1,silu,3,879.7973355660811,118,32.14246106147766,100,0.01,0.01,0.01,discrete,activation,3,0.0,0.0,0.0,full_activation_silu_rep03,94003,879.7973355660811
silu,1,silu,3,883.8579918182154,119,30.874345064163208,100,0.01,0.01,0.01,discrete,activation,3,0.0,0.0,0.0,full_activation_silu_rep03,94003,883.8579918182154
silu,1,silu,3,891.0486301878816,120,30.447547912597656,100,0.01,0.01,0.01,discrete,activation,3,0.0,0.0,0.0,full_activation_silu_rep03,94003,891.0486301878816
silu,1,silu,3,861.183851244678,121,28.014461994171143,100,0.01,0.01,0.0,discrete,activation,3,0.0,0.0,0.0,full_activation_silu_rep03,94003,861.183851244678
silu,1,silu,3,854.2784921420703,122,24.98416304588318,100,0.01,0.01,0.0,discrete,activation,3,0.0,0.0,0.0,full_activation_silu_rep03,94003,854.2784921420703
silu,1,silu,3,853.9316552734006,123,24.857277870178223,100,0.01,0.01,0.0,discrete,activation,3,0.0,0.0,0.0,full_activation_silu_rep03,94003,853.9316552734006
silu,1,silu,3,864.8147880782141,124,25.368918895721436,100,0.01,0.01,0.0,discrete,activation,3,0.0,0.0,0.0,full_activation_silu_rep03,94003,864.8147880782141
silu,1,silu,3,858.9948025109863,125,24.515972137451172,100,0.01,0.01,0.0,discrete,activation,3,0.0,0.0,0.0,full_activation_silu_rep03,94003,858.9948025109863
silu,1,silu,3,857.9092896166212,126,26.36421298980713,100,0.01,0.01,0.0,discrete,activation,3,0.0,0.0,0.0,full_activation_silu_rep03,94003,857.9092896166212
silu,1,silu,3,861.5716571179579,127,26.286445140838623,100,0.01,0.01,0.0,discrete,activation,3,0.0,0.0,0.0,full_activation_silu_rep03,94003,861.5716571179579
silu,1,silu,3,871.2985490114987,128,26.93392300605774,100,0.01,0.01,0.0,discrete,activation,3,0.0,0.0,0.0,full_activation_silu_rep03,94003,871.2985490114987
silu,1,silu,3,852.5648715659627,129,28.096745014190674,100,0.01,0.01,0.0,discrete,activation,3,0.0,0.0,0.0,full_activation_silu_rep03,94003,852.5648715659627
silu,1,silu,3,854.791200593407,130,28.059507131576538,100,0.01,0.01,0.0,discrete,activation,3,0.0,0.0,0.0,full_activation_silu_rep03,94003,854.791200593407
silu,1,silu,3,1857.4030262028034,1,89.7127640247345,100,1.0,1.0,1.0,discrete,activation,4,0.0,0.0,0.0,full_activation_silu_rep04,94004,1857.4030262028034
silu,1,silu,3,951.6655491613927,2,27.547477960586548,100,1.0,1.0,1.0,discrete,activation,4,0.0,0.0,0.0,full_activation_silu_rep04,94004,951.6655491613927
silu,1,silu,3,935.1959668854447,3,28.194544076919556,100,1.0,1.0,1.0,discrete,activation,4,0.0,0.0,0.0,full_activation_silu_rep04,94004,935.1959668854447
silu,1,silu,3,930.6986362360673,4,28.095492124557495,100,1.0,1.0,1.0,discrete,activation,4,0.0,0.0,0.0,full_activation_silu_rep04,94004,930.6986362360673
silu,1,silu,3,929.4180514875011,5,28.450393199920654,100,1.0,1.0,1.0,discrete,activation,4,0.0,0.0,0.0,full_activation_silu_rep04,94004,929.4180514875011
silu,1,silu,3,928.8594432132238,6,27.215480089187622,100,1.0,1.0,1.0,discrete,activation,4,0.0,0.0,0.0,full_activation_silu_rep04,94004,928.8594432132238
silu,1,silu,3,928.5147133631123,7,28.181445121765137,100,1.0,1.0,1.0,discrete,activation,4,0.0,0.0,0.0,full_activation_silu_rep04,94004,928.5147133631123
silu,1,silu,3,928.2604187055764,8,28.384602069854736,100,1.0,1.0,1.0,discrete,activation,4,0.0,0.0,0.0,full_activation_silu_rep04,94004,928.2604187055764
silu,1,silu,3,928.0550668128296,9,27.16483497619629,100,1.0,1.0,1.0,discrete,activation,4,0.0,0.0,0.0,full_activation_silu_rep04,94004,928.0550668128296
silu,1,silu,3,927.8808007417398,10,28.24222493171692,100,1.0,1.0,1.0,discrete,activation,4,0.0,0.0,0.0,full_activation_silu_rep04,94004,927.8808007417398
silu,1,silu,3,927.7272120496568,11,27.54645013809204,100,1.0,1.0,1.0,discrete,activation,4,0.0,0.0,0.0,full_activation_silu_rep04,94004,927.7272120496568
silu,1,silu,3,927.5876632865974,12,28.58900499343872,100,1.0,1.0,1.0,discrete,activation,4,0.0,0.0,0.0,full_activation_silu_rep04,94004,927.5876632865974
silu,1,silu,3,927.4577799874572,13,28.49750590324402,100,1.0,1.0,1.0,discrete,activation,4,0.0,0.0,0.0,full_activation_silu_rep04,94004,927.4577799874572
silu,1,silu,3,927.3331267312595,14,28.45221495628357,100,1.0,1.0,1.0,discrete,activation,4,0.0,0.0,0.0,full_activation_silu_rep04,94004,927.3331267312595
silu,1,silu,3,927.2100055174365,15,28.40380597114563,100,1.0,1.0,1.0,discrete,activation,4,0.0,0.0,0.0,full_activation_silu_rep04,94004,927.2100055174365
silu,1,silu,3,927.0841682170561,16,28.20194101333618,100,1.0,1.0,1.0,discrete,activation,4,0.0,0.0,0.0,full_activation_silu_rep04,94004,927.0841682170561
silu,1,silu,3,926.951330879895,17,27.15722894668579,100,1.0,1.0,1.0,discrete,activation,4,0.0,0.0,0.0,full_activation_silu_rep04,94004,926.951330879895
silu,1,silu,3,926.8075054905889,18,28.175055980682373,100,1.0,1.0,1.0,discrete,activation,4,0.0,0.0,0.0,full_activation_silu_rep04,94004,926.8075054905889
silu,1,silu,3,926.6501422907018,19,28.205421924591064,100,1.0,1.0,1.0,discrete,activation,4,0.0,0.0,0.0,full_activation_silu_rep04,94004,926.6501422907018
silu,1,silu,3,926.4754194185052,20,27.244136095046997,100,1.0,1.0,1.0,discrete,activation,4,0.0,0.0,0.0,full_activation_silu_rep04,94004,926.4754194185052
silu,1,silu,3,1002.914128308455,21,28.208570957183838,100,0.8,0.8,0.8,discrete,activation,4,0.0,0.0,0.0,full_activation_silu_rep04,94004,1002.914128308455
silu,1,silu,3,1003.1417692800264,22,27.260866165161133,100,0.8,0.8,0.8,discrete,activation,4,0.0,0.0,0.0,full_activation_silu_rep04,94004,1003.1417692800264
silu,1,silu,3,1002.802093356906,23,28.15919280052185,100,0.8,0.8,0.8,discrete,activation,4,0.0,0.0,0.0,full_activation_silu_rep04,94004,1002.802093356906
silu,1,silu,3,1002.3779219862331,24,28.787678003311157,100,0.8,0.8,0.8,discrete,activation,4,0.0,0.0,0.0,full_activation_silu_rep04,94004,1002.3779219862331
silu,1,silu,3,1001.8519136630737,25,27.154284954071045,100,0.8,0.8,0.8,discrete,activation,4,0.0,0.0,0.0,full_activation_silu_rep04,94004,1001.8519136630737
silu,1,silu,3,1001.3461245187315,26,28.03928804397583,100,0.8,0.8,0.8,discrete,activation,4,0.0,0.0,0.0,full_activation_silu_rep04,94004,1001.3461245187315
silu,1,silu,3,1001.0816029405943,27,27.5318820476532,100,0.8,0.8,0.8,discrete,activation,4,0.0,0.0,0.0,full_activation_silu_rep04,94004,1001.0816029405943
silu,1,silu,3,1000.8308778403535,28,28.22230577468872,100,0.8,0.8,0.8,discrete,activation,4,0.0,0.0,0.0,full_activation_silu_rep04,94004,1000.8308778403535
silu,1,silu,3,1000.6045911206846,29,28.5033540725708,100,0.8,0.8,0.8,discrete,activation,4,0.0,0.0,0.0,full_activation_silu_rep04,94004,1000.6045911206846
silu,1,silu,3,1000.8420449140094,30,27.596158981323242,100,0.8,0.8,0.8,discrete,activation,4,0.0,0.0,0.0,full_activation_silu_rep04,94004,1000.8420449140094
silu,1,silu,3,1056.0568052169647,31,28.265015840530396,100,0.6,0.6,0.6,discrete,activation,4,0.0,0.0,0.0,full_activation_silu_rep04,94004,1056.0568052169647
silu,1,silu,3,1055.7552375462774,32,28.31146216392517,100,0.6,0.6,0.6,discrete,activation,4,0.0,0.0,0.0,full_activation_silu_rep04,94004,1055.7552375462774
silu,1,silu,3,1055.4458364848126,33,27.252800941467285,100,0.6,0.6,0.6,discrete,activation,4,0.0,0.0,0.0,full_activation_silu_rep04,94004,1055.4458364848126
silu,1,silu,3,1055.3399765037782,34,27.850481033325195,100,0.6,0.6,0.6,discrete,activation,4,0.0,0.0,0.0,full_activation_silu_rep04,94004,1055.3399765037782
silu,1,silu,3,1055.3008609704716,35,29.60473895072937,100,0.6,0.6,0.6,discrete,activation,4,0.0,0.0,0.0,full_activation_silu_rep04,94004,1055.3008609704716
silu,1,silu,3,1055.3068292641747,36,27.07405400276184,100,0.6,0.6,0.6,discrete,activation,4,0.0,0.0,0.0,full_activation_silu_rep04,94004,1055.3068292641747
silu,1,silu,3,1055.3301253749105,37,28.115490913391113,100,0.6,0.6,0.6,discrete,activation,4,0.0,0.0,0.0,full_activation_silu_rep04,94004,1055.3301253749105
silu,1,silu,3,1055.3554224292375,38,27.118958950042725,100,0.6,0.6,0.6,discrete,activation,4,0.0,0.0,0.0,full_activation_silu_rep04,94004,1055.3554224292375
silu,1,silu,3,1055.3768018560563,39,27.957454204559326,100,0.6,0.6,0.6,discrete,activation,4,0.0,0.0,0.0,full_activation_silu_rep04,94004,1055.3768018560563
silu,1,silu,3,1055.3880205942028,40,28.024556159973145,100,0.6,0.6,0.6,discrete,activation,4,0.0,0.0,0.0,full_activation_silu_rep04,94004,1055.3880205942028
silu,1,silu,3,1083.9279144700768,41,27.022050142288208,100,0.4,0.4,0.4,discrete,activation,4,0.0,0.0,0.0,full_activation_silu_rep04,94004,1083.9279144700768
silu,1,silu,3,1082.942423466558,42,28.105722904205322,100,0.4,0.4,0.4,discrete,activation,4,0.0,0.0,0.0,full_activation_silu_rep04,94004,1082.942423466558
silu,1,silu,3,1082.6875356501223,43,28.026047945022583,100,0.4,0.4,0.4,discrete,activation,4,0.0,0.0,0.0,full_activation_silu_rep04,94004,1082.6875356501223
silu,1,silu,3,1082.832108169288,44,26.757087230682373,100,0.4,0.4,0.4,discrete,activation,4,0.0,0.0,0.0,full_activation_silu_rep04,94004,1082.832108169288
silu,1,silu,3,1082.8990808272417,45,27.92836093902588,100,0.4,0.4,0.4,discrete,activation,4,0.0,0.0,0.0,full_activation_silu_rep04,94004,1082.8990808272417
silu,1,silu,3,1082.9273466598838,46,27.713474988937378,100,0.4,0.4,0.4,discrete,activation,4,0.0,0.0,0.0,full_activation_silu_rep04,94004,1082.9273466598838
silu,1,silu,3,1082.941681151031,47,27.022305011749268,100,0.4,0.4,0.4,discrete,activation,4,0.0,0.0,0.0,full_activation_silu_rep04,94004,1082.941681151031
silu,1,silu,3,1082.9438390655332,48,28.190534830093384,100,0.4,0.4,0.4,discrete,activation,4,0.0,0.0,0.0,full_activation_silu_rep04,94004,1082.9438390655332
silu,1,silu,3,1082.9416973089083,49,27.19208598136902,100,0.4,0.4,0.4,discrete,activation,4,0.0,0.0,0.0,full_activation_silu_rep04,94004,1082.9416973089083
silu,1,silu,3,1082.9285348065596,50,27.829025983810425,100,0.4,0.4,0.4,discrete,activation,4,0.0,0.0,0.0,full_activation_silu_rep04,94004,1082.9285348065596
silu,1,silu,3,1062.2420838477965,51,28.827808141708374,100,0.2,0.2,0.2,discrete,activation,4,0.0,0.0,0.0,full_activation_silu_rep04,94004,1062.2420838477965
silu,1,silu,3,1055.8446329802287,52,27.348387002944946,100,0.2,0.2,0.2,discrete,activation,4,0.0,0.0,0.0,full_activation_silu_rep04,94004,1055.8446329802287
silu,1,silu,3,1056.864894313396,53,28.499897003173828,100,0.2,0.2,0.2,discrete,activation,4,0.0,0.0,0.0,full_activation_silu_rep04,94004,1056.864894313396
silu,1,silu,3,1057.15685330489,54,28.39981198310852,100,0.2,0.2,0.2,discrete,activation,4,0.0,0.0,0.0,full_activation_silu_rep04,94004,1057.15685330489
silu,1,silu,3,1057.4901212144193,55,27.474527835845947,100,0.2,0.2,0.2,discrete,activation,4,0.0,0.0,0.0,full_activation_silu_rep04,94004,1057.4901212144193
silu,1,silu,3,1057.3021083620583,56,28.208017110824585,100,0.2,0.2,0.2,discrete,activation,4,0.0,0.0,0.0,full_activation_silu_rep04,94004,1057.3021083620583
silu,1,silu,3,1055.560428428876,57,29.268922090530396,100,0.2,0.2,0.2,discrete,activation,4,0.0,0.0,0.0,full_activation_silu_rep04,94004,1055.560428428876
silu,1,silu,3,1056.0920344301123,58,27.405627965927124,100,0.2,0.2,0.2,discrete,activation,4,0.0,0.0,0.0,full_activation_silu_rep04,94004,1056.0920344301123
silu,1,silu,3,1055.2934247104383,59,28.502701997756958,100,0.2,0.2,0.2,discrete,activation,4,0.0,0.0,0.0,full_activation_silu_rep04,94004,1055.2934247104383
silu,1,silu,3,1055.6237878631212,60,27.384335041046143,100,0.2,0.2,0.2,discrete,activation,4,0.0,0.0,0.0,full_activation_silu_rep04,94004,1055.6237878631212
silu,1,silu,3,1009.9903312378835,61,28.653314113616943,100,0.1,0.1,0.1,discrete,activation,4,0.0,0.0,0.0,full_activation_silu_rep04,94004,1009.9903312378835
silu,1,silu,3,1001.8894806235559,62,29.589138984680176,100,0.1,0.1,0.1,discrete,activation,4,0.0,0.0,0.0,full_activation_silu_rep04,94004,1001.8894806235559
silu,1,silu,3,1007.1153324789188,63,27.90496301651001,100,0.1,0.1,0.1,discrete,activation,4,0.0,0.0,0.0,full_activation_silu_rep04,94004,1007.1153324789188
silu,1,silu,3,1004.6536206659995,64,28.77009391784668,100,0.1,0.1,0.1,discrete,activation,4,0.0,0.0,0.0,full_activation_silu_rep04,94004,1004.6536206659995
silu,1,silu,3,1008.5310035882452,65,29.166451930999756,100,0.1,0.1,0.1,discrete,activation,4,0.0,0.0,0.0,full_activation_silu_rep04,94004,1008.5310035882452
silu,1,silu,3,1005.9776730732793,66,28.43853187561035,100,0.1,0.1,0.1,discrete,activation,4,0.0,0.0,0.0,full_activation_silu_rep04,94004,1005.9776730732793
silu,1,silu,3,1005.3238839743035,67,28.79984712600708,100,0.1,0.1,0.1,discrete,activation,4,0.0,0.0,0.0,full_activation_silu_rep04,94004,1005.3238839743035
silu,1,silu,3,1006.5993541652715,68,29.05473804473877,100,0.1,0.1,0.1,discrete,activation,4,0.0,0.0,0.0,full_activation_silu_rep04,94004,1006.5993541652715
silu,1,silu,3,1003.359304477361,69,28.385515928268433,100,0.1,0.1,0.1,discrete,activation,4,0.0,0.0,0.0,full_activation_silu_rep04,94004,1003.359304477361
silu,1,silu,3,1005.2596742057066,70,28.23036289215088,100,0.1,0.1,0.1,discrete,activation,4,0.0,0.0,0.0,full_activation_silu_rep04,94004,1005.2596742057066
silu,1,silu,3,986.5476916790321,71,28.717392921447754,100,0.08,0.08,0.08,discrete,activation,4,0.0,0.0,0.0,full_activation_silu_rep04,94004,986.5476916790321
silu,1,silu,3,987.6790841990722,72,29.720147848129272,100,0.08,0.08,0.08,discrete,activation,4,0.0,0.0,0.0,full_activation_silu_rep04,94004,987.6790841990722
silu,1,silu,3,986.2754346227748,73,28.004204988479614,100,0.08,0.08,0.08,discrete,activation,4,0.0,0.0,0.0,full_activation_silu_rep04,94004,986.2754346227748
silu,1,silu,3,988.9764946299857,74,29.24385905265808,100,0.08,0.08,0.08,discrete,activation,4,0.0,0.0,0.0,full_activation_silu_rep04,94004,988.9764946299857
silu,1,silu,3,986.22129445033,75,28.115880012512207,100,0.08,0.08,0.08,discrete,activation,4,0.0,0.0,0.0,full_activation_silu_rep04,94004,986.22129445033
silu,1,silu,3,988.7826565748675,76,27.917382955551147,100,0.08,0.08,0.08,discrete,activation,4,0.0,0.0,0.0,full_activation_silu_rep04,94004,988.7826565748675
silu,1,silu,3,982.925523495347,77,29.596554040908813,100,0.08,0.08,0.08,discrete,activation,4,0.0,0.0,0.0,full_activation_silu_rep04,94004,982.925523495347
silu,1,silu,3,989.6645191586873,78,29.6635160446167,100,0.08,0.08,0.08,discrete,activation,4,0.0,0.0,0.0,full_activation_silu_rep04,94004,989.6645191586873
silu,1,silu,3,983.537352903892,79,28.09733295440674,100,0.08,0.08,0.08,discrete,activation,4,0.0,0.0,0.0,full_activation_silu_rep04,94004,983.537352903892
silu,1,silu,3,984.5424337943977,80,29.191443920135498,100,0.08,0.08,0.08,discrete,activation,4,0.0,0.0,0.0,full_activation_silu_rep04,94004,984.5424337943977
silu,1,silu,3,963.2099053816343,81,29.181304216384888,100,0.06,0.06,0.06,discrete,activation,4,0.0,0.0,0.0,full_activation_silu_rep04,94004,963.2099053816343
silu,1,silu,3,961.7623130363927,82,28.213988065719604,100,0.06,0.06,0.06,discrete,activation,4,0.0,0.0,0.0,full_activation_silu_rep04,94004,961.7623130363927
silu,1,silu,3,962.3561203579685,83,28.77920699119568,100,0.06,0.06,0.06,discrete,activation,4,0.0,0.0,0.0,full_activation_silu_rep04,94004,962.3561203579685
silu,1,silu,3,964.2988588994064,84,29.044585943222046,100,0.06,0.06,0.06,discrete,activation,4,0.0,0.0,0.0,full_activation_silu_rep04,94004,964.2988588994064
silu,1,silu,3,967.5916270486415,85,28.18533706665039,100,0.06,0.06,0.06,discrete,activation,4,0.0,0.0,0.0,full_activation_silu_rep04,94004,967.5916270486415
silu,1,silu,3,965.9134286301359,86,29.539059162139893,100,0.06,0.06,0.06,discrete,activation,4,0.0,0.0,0.0,full_activation_silu_rep04,94004,965.9134286301359
silu,1,silu,3,960.2389369171517,87,29.06053400039673,100,0.06,0.06,0.06,discrete,activation,4,0.0,0.0,0.0,full_activation_silu_rep04,94004,960.2389369171517
silu,1,silu,3,965.179805000019,88,28.187095165252686,100,0.06,0.06,0.06,discrete,activation,4,0.0,0.0,0.0,full_activation_silu_rep04,94004,965.179805000019
silu,1,silu,3,963.7011596494808,89,29.115211009979248,100,0.06,0.06,0.06,discrete,activation,4,0.0,0.0,0.0,full_activation_silu_rep04,94004,963.7011596494808
silu,1,silu,3,960.0879480974929,90,28.749464988708496,100,0.06,0.06,0.06,discrete,activation,4,0.0,0.0,0.0,full_activation_silu_rep04,94004,960.0879480974929
silu,1,silu,3,940.3720464613007,91,28.62699317932129,100,0.04,0.04,0.04,discrete,activation,4,0.0,0.0,0.0,full_activation_silu_rep04,94004,940.3720464613007
silu,1,silu,3,941.3706430808456,92,29.722266912460327,100,0.04,0.04,0.04,discrete,activation,4,0.0,0.0,0.0,full_activation_silu_rep04,94004,941.3706430808456
silu,1,silu,3,938.5676223875106,93,29.674641847610474,100,0.04,0.04,0.04,discrete,activation,4,0.0,0.0,0.0,full_activation_silu_rep04,94004,938.5676223875106
silu,1,silu,3,941.938520362894,94,28.935006856918335,100,0.04,0.04,0.04,discrete,activation,4,0.0,0.0,0.0,full_activation_silu_rep04,94004,941.938520362894
silu,1,silu,3,939.085214185903,95,29.689423084259033,100,0.04,0.04,0.04,discrete,activation,4,0.0,0.0,0.0,full_activation_silu_rep04,94004,939.085214185903
silu,1,silu,3,939.450592267247,96,29.61245584487915,100,0.04,0.04,0.04,discrete,activation,4,0.0,0.0,0.0,full_activation_silu_rep04,94004,939.450592267247
silu,1,silu,3,938.197403134415,97,28.80155611038208,100,0.04,0.04,0.04,discrete,activation,4,0.0,0.0,0.0,full_activation_silu_rep04,94004,938.197403134415
silu,1,silu,3,937.1603669483768,98,31.03807306289673,100,0.04,0.04,0.04,discrete,activation,4,0.0,0.0,0.0,full_activation_silu_rep04,94004,937.1603669483768
silu,1,silu,3,941.2452390455733,99,29.572659969329834,100,0.04,0.04,0.04,discrete,activation,4,0.0,0.0,0.0,full_activation_silu_rep04,94004,941.2452390455733
silu,1,silu,3,940.6921435012475,100,28.62567901611328,100,0.04,0.04,0.04,discrete,activation,4,0.0,0.0,0.0,full_activation_silu_rep04,94004,940.6921435012475
silu,1,silu,3,914.7389119660942,101,30.602974891662598,100,0.02,0.02,0.02,discrete,activation,4,0.0,0.0,0.0,full_activation_silu_rep04,94004,914.7389119660942
silu,1,silu,3,911.949608888739,102,30.80881905555725,100,0.02,0.02,0.02,discrete,activation,4,0.0,0.0,0.0,full_activation_silu_rep04,94004,911.949608888739
silu,1,silu,3,909.717656285276,103,30.791057109832764,100,0.02,0.02,0.02,discrete,activation,4,0.0,0.0,0.0,full_activation_silu_rep04,94004,909.717656285276
silu,1,silu,3,908.9049492208902,104,29.811408042907715,100,0.02,0.02,0.02,discrete,activation,4,0.0,0.0,0.0,full_activation_silu_rep04,94004,908.9049492208902
silu,1,silu,3,913.2201964437996,105,31.04517102241516,100,0.02,0.02,0.02,discrete,activation,4,0.0,0.0,0.0,full_activation_silu_rep04,94004,913.2201964437996
silu,1,silu,3,911.8984005664278,106,30.339906930923462,100,0.02,0.02,0.02,discrete,activation,4,0.0,0.0,0.0,full_activation_silu_rep04,94004,911.8984005664278
silu,1,silu,3,909.6896462983345,107,29.72217082977295,100,0.02,0.02,0.02,discrete,activation,4,0.0,0.0,0.0,full_activation_silu_rep04,94004,909.6896462983345
silu,1,silu,3,908.9093119301562,108,30.82837700843811,100,0.02,0.02,0.02,discrete,activation,4,0.0,0.0,0.0,full_activation_silu_rep04,94004,908.9093119301562
silu,1,silu,3,910.010748601818,109,30.93454384803772,100,0.02,0.02,0.02,discrete,activation,4,0.0,0.0,0.0,full_activation_silu_rep04,94004,910.010748601818
silu,1,silu,3,911.9655047888837,110,29.947788953781128,100,0.02,0.02,0.02,discrete,activation,4,0.0,0.0,0.0,full_activation_silu_rep04,94004,911.9655047888837
silu,1,silu,3,889.8896660160503,111,31.035879850387573,100,0.01,0.01,0.01,discrete,activation,4,0.0,0.0,0.0,full_activation_silu_rep04,94004,889.8896660160503
silu,1,silu,3,891.8263587304034,112,31.626876831054688,100,0.01,0.01,0.01,discrete,activation,4,0.0,0.0,0.0,full_activation_silu_rep04,94004,891.8263587304034
silu,1,silu,3,891.2888922868958,113,31.513937950134277,100,0.01,0.01,0.01,discrete,activation,4,0.0,0.0,0.0,full_activation_silu_rep04,94004,891.2888922868958
silu,1,silu,3,890.146078871208,114,30.51589798927307,100,0.01,0.01,0.01,discrete,activation,4,0.0,0.0,0.0,full_activation_silu_rep04,94004,890.146078871208
silu,1,silu,3,896.5727373310558,115,31.477004051208496,100,0.01,0.01,0.01,discrete,activation,4,0.0,0.0,0.0,full_activation_silu_rep04,94004,896.5727373310558
silu,1,silu,3,893.068028713498,116,31.735482931137085,100,0.01,0.01,0.01,discrete,activation,4,0.0,0.0,0.0,full_activation_silu_rep04,94004,893.068028713498
silu,1,silu,3,896.2890834274066,117,30.906705141067505,100,0.01,0.01,0.01,discrete,activation,4,0.0,0.0,0.0,full_activation_silu_rep04,94004,896.2890834274066
silu,1,silu,3,893.8627976859038,118,33.22972393035889,100,0.01,0.01,0.01,discrete,activation,4,0.0,0.0,0.0,full_activation_silu_rep04,94004,893.8627976859038
silu,1,silu,3,899.7976473447624,119,31.350653171539307,100,0.01,0.01,0.01,discrete,activation,4,0.0,0.0,0.0,full_activation_silu_rep04,94004,899.7976473447624
silu,1,silu,3,893.1715495996436,120,31.03685188293457,100,0.01,0.01,0.01,discrete,activation,4,0.0,0.0,0.0,full_activation_silu_rep04,94004,893.1715495996436
silu,1,silu,3,860.245488790338,121,28.653447151184082,100,0.01,0.01,0.0,discrete,activation,4,0.0,0.0,0.0,full_activation_silu_rep04,94004,860.245488790338
silu,1,silu,3,867.2786449982824,122,24.692089796066284,100,0.01,0.01,0.0,discrete,activation,4,0.0,0.0,0.0,full_activation_silu_rep04,94004,867.2786449982824
silu,1,silu,3,866.958988455643,123,25.06796908378601,100,0.01,0.01,0.0,discrete,activation,4,0.0,0.0,0.0,full_activation_silu_rep04,94004,866.958988455643
silu,1,silu,3,864.7649206861595,124,25.13615584373474,100,0.01,0.01,0.0,discrete,activation,4,0.0,0.0,0.0,full_activation_silu_rep04,94004,864.7649206861595
silu,1,silu,3,870.9621449091442,125,25.23631501197815,100,0.01,0.01,0.0,discrete,activation,4,0.0,0.0,0.0,full_activation_silu_rep04,94004,870.9621449091442
silu,1,silu,3,870.0548469670935,126,25.195746898651123,100,0.01,0.01,0.0,discrete,activation,4,0.0,0.0,0.0,full_activation_silu_rep04,94004,870.0548469670935
silu,1,silu,3,869.5129726575724,127,25.720961093902588,100,0.01,0.01,0.0,discrete,activation,4,0.0,0.0,0.0,full_activation_silu_rep04,94004,869.5129726575724
silu,1,silu,3,871.4835598503331,128,27.29844903945923,100,0.01,0.01,0.0,discrete,activation,4,0.0,0.0,0.0,full_activation_silu_rep04,94004,871.4835598503331
silu,1,silu,3,871.253827581158,129,26.394768953323364,100,0.01,0.01,0.0,discrete,activation,4,0.0,0.0,0.0,full_activation_silu_rep04,94004,871.253827581158
silu,1,silu,3,870.9851600404221,130,26.889077186584473,100,0.01,0.01,0.0,discrete,activation,4,0.0,0.0,0.0,full_activation_silu_rep04,94004,870.9851600404221
silu,1,silu,3,1933.5009076089837,1,75.63820886611938,100,1.0,1.0,1.0,discrete,activation,5,0.0,0.0,0.0,full_activation_silu_rep05,94005,1933.5009076089837
silu,1,silu,3,996.1001389294736,2,13.59488582611084,100,1.0,1.0,1.0,discrete,activation,5,0.0,0.0,0.0,full_activation_silu_rep05,94005,996.1001389294736
silu,1,silu,3,962.245113036632,3,14.435966968536377,100,1.0,1.0,1.0,discrete,activation,5,0.0,0.0,0.0,full_activation_silu_rep05,94005,962.245113036632
silu,1,silu,3,956.811310221268,4,14.163228988647461,100,1.0,1.0,1.0,discrete,activation,5,0.0,0.0,0.0,full_activation_silu_rep05,94005,956.811310221268
silu,1,silu,3,953.8871198691252,5,14.300412893295288,100,1.0,1.0,1.0,discrete,activation,5,0.0,0.0,0.0,full_activation_silu_rep05,94005,953.8871198691252
silu,1,silu,3,951.3983012645605,6,14.36494493484497,100,1.0,1.0,1.0,discrete,activation,5,0.0,0.0,0.0,full_activation_silu_rep05,94005,951.3983012645605
silu,1,silu,3,949.131893228185,7,13.857438087463379,100,1.0,1.0,1.0,discrete,activation,5,0.0,0.0,0.0,full_activation_silu_rep05,94005,949.131893228185
silu,1,silu,3,947.3047506907137,8,14.59590196609497,100,1.0,1.0,1.0,discrete,activation,5,0.0,0.0,0.0,full_activation_silu_rep05,94005,947.3047506907137
silu,1,silu,3,945.8745537748686,9,13.867559909820557,100,1.0,1.0,1.0,discrete,activation,5,0.0,0.0,0.0,full_activation_silu_rep05,94005,945.8745537748686
silu,1,silu,3,944.9144416035929,10,14.421075820922852,100,1.0,1.0,1.0,discrete,activation,5,0.0,0.0,0.0,full_activation_silu_rep05,94005,944.9144416035929
silu,1,silu,3,944.3955950198091,11,13.838284015655518,100,1.0,1.0,1.0,discrete,activation,5,0.0,0.0,0.0,full_activation_silu_rep05,94005,944.3955950198091
silu,1,silu,3,944.4576569698307,12,14.364051103591919,100,1.0,1.0,1.0,discrete,activation,5,0.0,0.0,0.0,full_activation_silu_rep05,94005,944.4576569698307
silu,1,silu,3,945.8213174910934,13,13.59783411026001,100,1.0,1.0,1.0,discrete,activation,5,0.0,0.0,0.0,full_activation_silu_rep05,94005,945.8213174910934
silu,1,silu,3,945.1716944330573,14,13.876708984375,100,1.0,1.0,1.0,discrete,activation,5,0.0,0.0,0.0,full_activation_silu_rep05,94005,945.1716944330573
silu,1,silu,3,944.5940992329697,15,14.453491926193237,100,1.0,1.0,1.0,discrete,activation,5,0.0,0.0,0.0,full_activation_silu_rep05,94005,944.5940992329697
silu,1,silu,3,943.9923925951215,16,13.91300106048584,100,1.0,1.0,1.0,discrete,activation,5,0.0,0.0,0.0,full_activation_silu_rep05,94005,943.9923925951215
silu,1,silu,3,943.4376470551808,17,14.425158977508545,100,1.0,1.0,1.0,discrete,activation,5,0.0,0.0,0.0,full_activation_silu_rep05,94005,943.4376470551808
silu,1,silu,3,942.9219178576012,18,13.84481406211853,100,1.0,1.0,1.0,discrete,activation,5,0.0,0.0,0.0,full_activation_silu_rep05,94005,942.9219178576012
silu,1,silu,3,942.4418949069643,19,14.192140102386475,100,1.0,1.0,1.0,discrete,activation,5,0.0,0.0,0.0,full_activation_silu_rep05,94005,942.4418949069643
silu,1,silu,3,941.9905997850084,20,13.653810977935791,100,1.0,1.0,1.0,discrete,activation,5,0.0,0.0,0.0,full_activation_silu_rep05,94005,941.9905997850084
silu,1,silu,3,1018.743883840368,21,14.03770399093628,100,0.8,0.8,0.8,discrete,activation,5,0.0,0.0,0.0,full_activation_silu_rep05,94005,1018.743883840368
silu,1,silu,3,1018.4020300799048,22,13.471702098846436,100,0.8,0.8,0.8,discrete,activation,5,0.0,0.0,0.0,full_activation_silu_rep05,94005,1018.4020300799048
silu,1,silu,3,1017.9506753442527,23,13.37595796585083,100,0.8,0.8,0.8,discrete,activation,5,0.0,0.0,0.0,full_activation_silu_rep05,94005,1017.9506753442527
silu,1,silu,3,1017.5236179577441,24,13.995508193969727,100,0.8,0.8,0.8,discrete,activation,5,0.0,0.0,0.0,full_activation_silu_rep05,94005,1017.5236179577441
silu,1,silu,3,1017.1314416938372,25,13.573303937911987,100,0.8,0.8,0.8,discrete,activation,5,0.0,0.0,0.0,full_activation_silu_rep05,94005,1017.1314416938372
silu,1,silu,3,1016.8110663279725,26,14.240489959716797,100,0.8,0.8,0.8,discrete,activation,5,0.0,0.0,0.0,full_activation_silu_rep05,94005,1016.8110663279725
silu,1,silu,3,1016.5770693043546,27,13.426466941833496,100,0.8,0.8,0.8,discrete,activation,5,0.0,0.0,0.0,full_activation_silu_rep05,94005,1016.5770693043546
silu,1,silu,3,1016.3671162329279,28,13.67198395729065,100,0.8,0.8,0.8,discrete,activation,5,0.0,0.0,0.0,full_activation_silu_rep05,94005,1016.3671162329279
silu,1,silu,3,1016.0790127120365,29,14.18782091140747,100,0.8,0.8,0.8,discrete,activation,5,0.0,0.0,0.0,full_activation_silu_rep05,94005,1016.0790127120365
silu,1,silu,3,1015.5912673985152,30,13.750063180923462,100,0.8,0.8,0.8,discrete,activation,5,0.0,0.0,0.0,full_activation_silu_rep05,94005,1015.5912673985152
silu,1,silu,3,1072.5284448552277,31,14.065369129180908,100,0.6,0.6,0.6,discrete,activation,5,0.0,0.0,0.0,full_activation_silu_rep05,94005,1072.5284448552277
silu,1,silu,3,1071.4198324312363,32,13.381096839904785,100,0.6,0.6,0.6,discrete,activation,5,0.0,0.0,0.0,full_activation_silu_rep05,94005,1071.4198324312363
silu,1,silu,3,1070.5119670267688,33,14.45828914642334,100,0.6,0.6,0.6,discrete,activation,5,0.0,0.0,0.0,full_activation_silu_rep05,94005,1070.5119670267688
silu,1,silu,3,1069.4922152909053,34,13.56738805770874,100,0.6,0.6,0.6,discrete,activation,5,0.0,0.0,0.0,full_activation_silu_rep05,94005,1069.4922152909053
silu,1,silu,3,1067.6782290882825,35,14.14109206199646,100,0.6,0.6,0.6,discrete,activation,5,0.0,0.0,0.0,full_activation_silu_rep05,94005,1067.6782290882825
silu,1,silu,3,1067.5780394794704,36,12.994261026382446,100,0.6,0.6,0.6,discrete,activation,5,0.0,0.0,0.0,full_activation_silu_rep05,94005,1067.5780394794704
silu,1,silu,3,1064.687237130772,37,13.363365173339844,100,0.6,0.6,0.6,discrete,activation,5,0.0,0.0,0.0,full_activation_silu_rep05,94005,1064.687237130772
silu,1,silu,3,1065.6885752636656,38,14.112143993377686,100,0.6,0.6,0.6,discrete,activation,5,0.0,0.0,0.0,full_activation_silu_rep05,94005,1065.6885752636656
silu,1,silu,3,1062.9030709586343,39,13.596026182174683,100,0.6,0.6,0.6,discrete,activation,5,0.0,0.0,0.0,full_activation_silu_rep05,94005,1062.9030709586343
silu,1,silu,3,1060.8672043187448,40,14.195761919021606,100,0.6,0.6,0.6,discrete,activation,5,0.0,0.0,0.0,full_activation_silu_rep05,94005,1060.8672043187448
silu,1,silu,3,1083.5449838698507,41,13.54287600517273,100,0.4,0.4,0.4,discrete,activation,5,0.0,0.0,0.0,full_activation_silu_rep05,94005,1083.5449838698507
silu,1,silu,3,1089.1079829321682,42,14.746049165725708,100,0.4,0.4,0.4,discrete,activation,5,0.0,0.0,0.0,full_activation_silu_rep05,94005,1089.1079829321682
silu,1,silu,3,1083.2269371610223,43,13.221860885620117,100,0.4,0.4,0.4,discrete,activation,5,0.0,0.0,0.0,full_activation_silu_rep05,94005,1083.2269371610223
silu,1,silu,3,1085.3407320288823,44,13.244280099868774,100,0.4,0.4,0.4,discrete,activation,5,0.0,0.0,0.0,full_activation_silu_rep05,94005,1085.3407320288823
silu,1,silu,3,1081.714537173249,45,13.939436912536621,100,0.4,0.4,0.4,discrete,activation,5,0.0,0.0,0.0,full_activation_silu_rep05,94005,1081.714537173249
silu,1,silu,3,1084.4863891661344,46,13.259687185287476,100,0.4,0.4,0.4,discrete,activation,5,0.0,0.0,0.0,full_activation_silu_rep05,94005,1084.4863891661344
silu,1,silu,3,1083.3786379472174,47,13.785279989242554,100,0.4,0.4,0.4,discrete,activation,5,0.0,0.0,0.0,full_activation_silu_rep05,94005,1083.3786379472174
silu,1,silu,3,1084.4738758117805,48,13.380746841430664,100,0.4,0.4,0.4,discrete,activation,5,0.0,0.0,0.0,full_activation_silu_rep05,94005,1084.4738758117805
silu,1,silu,3,1082.7982206397955,49,13.23534893989563,100,0.4,0.4,0.4,discrete,activation,5,0.0,0.0,0.0,full_activation_silu_rep05,94005,1082.7982206397955
silu,1,silu,3,1080.9148250873354,50,14.193058967590332,100,0.4,0.4,0.4,discrete,activation,5,0.0,0.0,0.0,full_activation_silu_rep05,94005,1080.9148250873354
silu,1,silu,3,1052.231626787444,51,13.607477903366089,100,0.2,0.2,0.2,discrete,activation,5,0.0,0.0,0.0,full_activation_silu_rep05,94005,1052.231626787444
silu,1,silu,3,1051.8400929694417,52,14.090983867645264,100,0.2,0.2,0.2,discrete,activation,5,0.0,0.0,0.0,full_activation_silu_rep05,94005,1051.8400929694417
silu,1,silu,3,1061.8374367822294,53,13.509820938110352,100,0.2,0.2,0.2,discrete,activation,5,0.0,0.0,0.0,full_activation_silu_rep05,94005,1061.8374367822294
silu,1,silu,3,1051.5702603582859,54,14.054971933364868,100,0.2,0.2,0.2,discrete,activation,5,0.0,0.0,0.0,full_activation_silu_rep05,94005,1051.5702603582859
silu,1,silu,3,1061.2409312078146,55,13.510042905807495,100,0.2,0.2,0.2,discrete,activation,5,0.0,0.0,0.0,full_activation_silu_rep05,94005,1061.2409312078146
silu,1,silu,3,1059.1759098405862,56,13.50099492073059,100,0.2,0.2,0.2,discrete,activation,5,0.0,0.0,0.0,full_activation_silu_rep05,94005,1059.1759098405862
silu,1,silu,3,1053.276528030646,57,13.679233074188232,100,0.2,0.2,0.2,discrete,activation,5,0.0,0.0,0.0,full_activation_silu_rep05,94005,1053.276528030646
silu,1,silu,3,1060.5445847972762,58,13.47971487045288,100,0.2,0.2,0.2,discrete,activation,5,0.0,0.0,0.0,full_activation_silu_rep05,94005,1060.5445847972762
silu,1,silu,3,1052.5142098519843,59,14.268829822540283,100,0.2,0.2,0.2,discrete,activation,5,0.0,0.0,0.0,full_activation_silu_rep05,94005,1052.5142098519843
silu,1,silu,3,1060.0503966548104,60,13.632640838623047,100,0.2,0.2,0.2,discrete,activation,5,0.0,0.0,0.0,full_activation_silu_rep05,94005,1060.0503966548104
silu,1,silu,3,1009.7502630328543,61,14.660635948181152,100,0.1,0.1,0.1,discrete,activation,5,0.0,0.0,0.0,full_activation_silu_rep05,94005,1009.7502630328543
silu,1,silu,3,1009.3949654757764,62,14.036839008331299,100,0.1,0.1,0.1,discrete,activation,5,0.0,0.0,0.0,full_activation_silu_rep05,94005,1009.3949654757764
silu,1,silu,3,1009.0721616437997,63,14.586687088012695,100,0.1,0.1,0.1,discrete,activation,5,0.0,0.0,0.0,full_activation_silu_rep05,94005,1009.0721616437997
silu,1,silu,3,1010.9119825045253,64,14.089637041091919,100,0.1,0.1,0.1,discrete,activation,5,0.0,0.0,0.0,full_activation_silu_rep05,94005,1010.9119825045253
silu,1,silu,3,1010.7596271794255,65,14.607168912887573,100,0.1,0.1,0.1,discrete,activation,5,0.0,0.0,0.0,full_activation_silu_rep05,94005,1010.7596271794255
silu,1,silu,3,1012.1794043926716,66,13.767213821411133,100,0.1,0.1,0.1,discrete,activation,5,0.0,0.0,0.0,full_activation_silu_rep05,94005,1012.1794043926716
silu,1,silu,3,1009.2675175692722,67,14.685391902923584,100,0.1,0.1,0.1,discrete,activation,5,0.0,0.0,0.0,full_activation_silu_rep05,94005,1009.2675175692722
silu,1,silu,3,1008.1465097680017,68,14.03147292137146,100,0.1,0.1,0.1,discrete,activation,5,0.0,0.0,0.0,full_activation_silu_rep05,94005,1008.1465097680017
silu,1,silu,3,1013.4511403014575,69,14.943094968795776,100,0.1,0.1,0.1,discrete,activation,5,0.0,0.0,0.0,full_activation_silu_rep05,94005,1013.4511403014575
silu,1,silu,3,1014.0906282495447,70,13.853662014007568,100,0.1,0.1,0.1,discrete,activation,5,0.0,0.0,0.0,full_activation_silu_rep05,94005,1014.0906282495447
silu,1,silu,3,993.1367156528415,71,14.193248987197876,100,0.08,0.08,0.08,discrete,activation,5,0.0,0.0,0.0,full_activation_silu_rep05,94005,993.1367156528415
silu,1,silu,3,993.4756227250764,72,14.309286117553711,100,0.08,0.08,0.08,discrete,activation,5,0.0,0.0,0.0,full_activation_silu_rep05,94005,993.4756227250764
silu,1,silu,3,990.7915954559477,73,14.054609060287476,100,0.08,0.08,0.08,discrete,activation,5,0.0,0.0,0.0,full_activation_silu_rep05,94005,990.7915954559477
silu,1,silu,3,993.2798635100141,74,14.925213098526001,100,0.08,0.08,0.08,discrete,activation,5,0.0,0.0,0.0,full_activation_silu_rep05,94005,993.2798635100141
silu,1,silu,3,985.0436100844361,75,14.115836143493652,100,0.08,0.08,0.08,discrete,activation,5,0.0,0.0,0.0,full_activation_silu_rep05,94005,985.0436100844361
silu,1,silu,3,994.8605376726923,76,14.722872018814087,100,0.08,0.08,0.08,discrete,activation,5,0.0,0.0,0.0,full_activation_silu_rep05,94005,994.8605376726923
silu,1,silu,3,987.7500585363773,77,13.95779299736023,100,0.08,0.08,0.08,discrete,activation,5,0.0,0.0,0.0,full_activation_silu_rep05,94005,987.7500585363773
silu,1,silu,3,990.1789942056806,78,14.759827852249146,100,0.08,0.08,0.08,discrete,activation,5,0.0,0.0,0.0,full_activation_silu_rep05,94005,990.1789942056806
silu,1,silu,3,985.43523314353,79,14.191264152526855,100,0.08,0.08,0.08,discrete,activation,5,0.0,0.0,0.0,full_activation_silu_rep05,94005,985.43523314353
silu,1,silu,3,988.3481050115834,80,14.728173971176147,100,0.08,0.08,0.08,discrete,activation,5,0.0,0.0,0.0,full_activation_silu_rep05,94005,988.3481050115834
silu,1,silu,3,972.476514846219,81,14.47922396659851,100,0.06,0.06,0.06,discrete,activation,5,0.0,0.0,0.0,full_activation_silu_rep05,94005,972.476514846219
silu,1,silu,3,968.1084036951568,82,15.020624160766602,100,0.06,0.06,0.06,discrete,activation,5,0.0,0.0,0.0,full_activation_silu_rep05,94005,968.1084036951568
silu,1,silu,3,969.7323507469468,83,14.075817108154297,100,0.06,0.06,0.06,discrete,activation,5,0.0,0.0,0.0,full_activation_silu_rep05,94005,969.7323507469468
silu,1,silu,3,977.687946351635,84,14.914177894592285,100,0.06,0.06,0.06,discrete,activation,5,0.0,0.0,0.0,full_activation_silu_rep05,94005,977.687946351635
silu,1,silu,3,974.7807236365891,85,14.30751895904541,100,0.06,0.06,0.06,discrete,activation,5,0.0,0.0,0.0,full_activation_silu_rep05,94005,974.7807236365891
silu,1,silu,3,972.5322339287192,86,14.896661043167114,100,0.06,0.06,0.06,discrete,activation,5,0.0,0.0,0.0,full_activation_silu_rep05,94005,972.5322339287192
silu,1,silu,3,975.4320539988644,87,14.223840951919556,100,0.06,0.06,0.06,discrete,activation,5,0.0,0.0,0.0,full_activation_silu_rep05,94005,975.4320539988644
silu,1,silu,3,975.7202581415108,88,15.020960092544556,100,0.06,0.06,0.06,discrete,activation,5,0.0,0.0,0.0,full_activation_silu_rep05,94005,975.7202581415108
silu,1,silu,3,982.2664271661146,89,13.932231903076172,100,0.06,0.06,0.06,discrete,activation,5,0.0,0.0,0.0,full_activation_silu_rep05,94005,982.2664271661146
silu,1,silu,3,974.4428455958425,90,14.936182975769043,100,0.06,0.06,0.06,discrete,activation,5,0.0,0.0,0.0,full_activation_silu_rep05,94005,974.4428455958425
silu,1,silu,3,953.897546051269,91,14.532818794250488,100,0.04,0.04,0.04,discrete,activation,5,0.0,0.0,0.0,full_activation_silu_rep05,94005,953.897546051269
silu,1,silu,3,952.8149397003538,92,15.171202182769775,100,0.04,0.04,0.04,discrete,activation,5,0.0,0.0,0.0,full_activation_silu_rep05,94005,952.8149397003538
silu,1,silu,3,958.7235369679726,93,14.181282997131348,100,0.04,0.04,0.04,discrete,activation,5,0.0,0.0,0.0,full_activation_silu_rep05,94005,958.7235369679726
silu,1,silu,3,955.2873163337707,94,15.229307889938354,100,0.04,0.04,0.04,discrete,activation,5,0.0,0.0,0.0,full_activation_silu_rep05,94005,955.2873163337707
silu,1,silu,3,955.2445637942769,95,14.545905113220215,100,0.04,0.04,0.04,discrete,activation,5,0.0,0.0,0.0,full_activation_silu_rep05,94005,955.2445637942769
silu,1,silu,3,951.6089627541521,96,15.133826971054077,100,0.04,0.04,0.04,discrete,activation,5,0.0,0.0,0.0,full_activation_silu_rep05,94005,951.6089627541521
silu,1,silu,3,954.3883493216788,97,14.427305936813354,100,0.04,0.04,0.04,discrete,activation,5,0.0,0.0,0.0,full_activation_silu_rep05,94005,954.3883493216788
silu,1,silu,3,949.9059274808196,98,14.909847021102905,100,0.04,0.04,0.04,discrete,activation,5,0.0,0.0,0.0,full_activation_silu_rep05,94005,949.9059274808196
silu,1,silu,3,948.368203126794,99,14.261243104934692,100,0.04,0.04,0.04,discrete,activation,5,0.0,0.0,0.0,full_activation_silu_rep05,94005,948.368203126794
silu,1,silu,3,945.5885674902182,100,15.08407998085022,100,0.04,0.04,0.04,discrete,activation,5,0.0,0.0,0.0,full_activation_silu_rep05,94005,945.5885674902182
silu,1,silu,3,920.5486612064898,101,15.44943904876709,100,0.02,0.02,0.02,discrete,activation,5,0.0,0.0,0.0,full_activation_silu_rep05,94005,920.5486612064898
silu,1,silu,3,929.8921082888972,102,16.25605297088623,100,0.02,0.02,0.02,discrete,activation,5,0.0,0.0,0.0,full_activation_silu_rep05,94005,929.8921082888972
silu,1,silu,3,921.2130910439733,103,15.25940489768982,100,0.02,0.02,0.02,discrete,activation,5,0.0,0.0,0.0,full_activation_silu_rep05,94005,921.2130910439733
silu,1,silu,3,922.5816886129,104,15.728803873062134,100,0.02,0.02,0.02,discrete,activation,5,0.0,0.0,0.0,full_activation_silu_rep05,94005,922.5816886129
silu,1,silu,3,919.5406599337999,105,15.452006101608276,100,0.02,0.02,0.02,discrete,activation,5,0.0,0.0,0.0,full_activation_silu_rep05,94005,919.5406599337999
silu,1,silu,3,923.811740372002,106,15.842206001281738,100,0.02,0.02,0.02,discrete,activation,5,0.0,0.0,0.0,full_activation_silu_rep05,94005,923.811740372002
silu,1,silu,3,928.8719483942051,107,15.129132986068726,100,0.02,0.02,0.02,discrete,activation,5,0.0,0.0,0.0,full_activation_silu_rep05,94005,928.8719483942051
silu,1,silu,3,933.0982735173606,108,15.903897047042847,100,0.02,0.02,0.02,discrete,activation,5,0.0,0.0,0.0,full_activation_silu_rep05,94005,933.0982735173606
silu,1,silu,3,927.7843368405374,109,14.975411891937256,100,0.02,0.02,0.02,discrete,activation,5,0.0,0.0,0.0,full_activation_silu_rep05,94005,927.7843368405374
silu,1,silu,3,921.9712884078117,110,15.671447992324829,100,0.02,0.02,0.02,discrete,activation,5,0.0,0.0,0.0,full_activation_silu_rep05,94005,921.9712884078117
silu,1,silu,3,904.3671283933995,111,15.628886938095093,100,0.01,0.01,0.01,discrete,activation,5,0.0,0.0,0.0,full_activation_silu_rep05,94005,904.3671283933995
silu,1,silu,3,907.2775840288592,112,15.313627004623413,100,0.01,0.01,0.01,discrete,activation,5,0.0,0.0,0.0,full_activation_silu_rep05,94005,907.2775840288592
silu,1,silu,3,909.4923475195217,113,16.27524185180664,100,0.01,0.01,0.01,discrete,activation,5,0.0,0.0,0.0,full_activation_silu_rep05,94005,909.4923475195217
silu,1,silu,3,907.8206990047182,114,15.423326015472412,100,0.01,0.01,0.01,discrete,activation,5,0.0,0.0,0.0,full_activation_silu_rep05,94005,907.8206990047182
silu,1,silu,3,903.4395080031624,115,16.144022941589355,100,0.01,0.01,0.01,discrete,activation,5,0.0,0.0,0.0,full_activation_silu_rep05,94005,903.4395080031624
silu,1,silu,3,906.067555533578,116,15.354074954986572,100,0.01,0.01,0.01,discrete,activation,5,0.0,0.0,0.0,full_activation_silu_rep05,94005,906.067555533578
silu,1,silu,3,904.3251521193104,117,16.356683015823364,100,0.01,0.01,0.01,discrete,activation,5,0.0,0.0,0.0,full_activation_silu_rep05,94005,904.3251521193104
silu,1,silu,3,903.7844087237787,118,15.479804992675781,100,0.01,0.01,0.01,discrete,activation,5,0.0,0.0,0.0,full_activation_silu_rep05,94005,903.7844087237787
silu,1,silu,3,906.8820093679318,119,16.129010915756226,100,0.01,0.01,0.01,discrete,activation,5,0.0,0.0,0.0,full_activation_silu_rep05,94005,906.8820093679318
silu,1,silu,3,902.4840230051409,120,16.169409036636353,100,0.01,0.01,0.01,discrete,activation,5,0.0,0.0,0.0,full_activation_silu_rep05,94005,902.4840230051409
silu,1,silu,3,877.0694800851182,121,12.315140962600708,100,0.01,0.01,0.0,discrete,activation,5,0.0,0.0,0.0,full_activation_silu_rep05,94005,877.0694800851182
silu,1,silu,3,887.908899375622,122,10.526818990707397,100,0.01,0.01,0.0,discrete,activation,5,0.0,0.0,0.0,full_activation_silu_rep05,94005,887.908899375622
silu,1,silu,3,882.7379187225666,123,10.756366968154907,100,0.01,0.01,0.0,discrete,activation,5,0.0,0.0,0.0,full_activation_silu_rep05,94005,882.7379187225666
silu,1,silu,3,873.9004988849883,124,9.60672116279602,100,0.01,0.01,0.0,discrete,activation,5,0.0,0.0,0.0,full_activation_silu_rep05,94005,873.9004988849883
silu,1,silu,3,880.4000627560038,125,12.135935068130493,100,0.01,0.01,0.0,discrete,activation,5,0.0,0.0,0.0,full_activation_silu_rep05,94005,880.4000627560038
silu,1,silu,3,885.5460406800987,126,11.950698852539062,100,0.01,0.01,0.0,discrete,activation,5,0.0,0.0,0.0,full_activation_silu_rep05,94005,885.5460406800987
silu,1,silu,3,878.5079407893634,127,12.43670392036438,100,0.01,0.01,0.0,discrete,activation,5,0.0,0.0,0.0,full_activation_silu_rep05,94005,878.5079407893634
silu,1,silu,3,883.9362877203233,128,12.186146020889282,100,0.01,0.01,0.0,discrete,activation,5,0.0,0.0,0.0,full_activation_silu_rep05,94005,883.9362877203233
silu,1,silu,3,878.9819940224043,129,12.15942907333374,100,0.01,0.01,0.0,discrete,activation,5,0.0,0.0,0.0,full_activation_silu_rep05,94005,878.9819940224043
silu,1,silu,3,882.9197380667347,130,11.764199018478394,100,0.01,0.01,0.0,discrete,activation,5,0.0,0.0,0.0,full_activation_silu_rep05,94005,882.9197380667347
silu,1,silu,3,2070.674477448182,1,68.76449990272522,100,1.0,1.0,1.0,discrete,activation,6,0.0,0.0,0.0,full_activation_silu_rep06,94006,2070.674477448182
silu,1,silu,3,996.4842893815737,2,13.805444955825806,100,1.0,1.0,1.0,discrete,activation,6,0.0,0.0,0.0,full_activation_silu_rep06,94006,996.4842893815737
silu,1,silu,3,984.2409010447883,3,14.500017166137695,100,1.0,1.0,1.0,discrete,activation,6,0.0,0.0,0.0,full_activation_silu_rep06,94006,984.2409010447883
silu,1,silu,3,981.4581478986206,4,14.978324890136719,100,1.0,1.0,1.0,discrete,activation,6,0.0,0.0,0.0,full_activation_silu_rep06,94006,981.4581478986206
silu,1,silu,3,978.2805155729941,5,13.896931886672974,100,1.0,1.0,1.0,discrete,activation,6,0.0,0.0,0.0,full_activation_silu_rep06,94006,978.2805155729941
silu,1,silu,3,976.1859901167301,6,14.771232843399048,100,1.0,1.0,1.0,discrete,activation,6,0.0,0.0,0.0,full_activation_silu_rep06,94006,976.1859901167301
silu,1,silu,3,974.8172117706195,7,14.087892055511475,100,1.0,1.0,1.0,discrete,activation,6,0.0,0.0,0.0,full_activation_silu_rep06,94006,974.8172117706195
silu,1,silu,3,973.6236967451357,8,14.768514156341553,100,1.0,1.0,1.0,discrete,activation,6,0.0,0.0,0.0,full_activation_silu_rep06,94006,973.6236967451357
silu,1,silu,3,972.5221260920754,9,13.99258303642273,100,1.0,1.0,1.0,discrete,activation,6,0.0,0.0,0.0,full_activation_silu_rep06,94006,972.5221260920754
silu,1,silu,3,971.603739563177,10,14.786046028137207,100,1.0,1.0,1.0,discrete,activation,6,0.0,0.0,0.0,full_activation_silu_rep06,94006,971.603739563177
silu,1,silu,3,971.0440440355643,11,13.995106935501099,100,1.0,1.0,1.0,discrete,activation,6,0.0,0.0,0.0,full_activation_silu_rep06,94006,971.0440440355643
silu,1,silu,3,970.7272913126885,12,14.750852108001709,100,1.0,1.0,1.0,discrete,activation,6,0.0,0.0,0.0,full_activation_silu_rep06,94006,970.7272913126885
silu,1,silu,3,970.5435834202124,13,13.936542987823486,100,1.0,1.0,1.0,discrete,activation,6,0.0,0.0,0.0,full_activation_silu_rep06,94006,970.5435834202124
silu,1,silu,3,970.443135201882,14,14.681718826293945,100,1.0,1.0,1.0,discrete,activation,6,0.0,0.0,0.0,full_activation_silu_rep06,94006,970.443135201882
silu,1,silu,3,970.3893989900102,15,13.95392107963562,100,1.0,1.0,1.0,discrete,activation,6,0.0,0.0,0.0,full_activation_silu_rep06,94006,970.3893989900102
silu,1,silu,3,970.3358687685497,16,14.683451890945435,100,1.0,1.0,1.0,discrete,activation,6,0.0,0.0,0.0,full_activation_silu_rep06,94006,970.3358687685497
silu,1,silu,3,970.2866215829058,17,13.956553936004639,100,1.0,1.0,1.0,discrete,activation,6,0.0,0.0,0.0,full_activation_silu_rep06,94006,970.2866215829058
silu,1,silu,3,970.2323909553196,18,14.043935060501099,100,1.0,1.0,1.0,discrete,activation,6,0.0,0.0,0.0,full_activation_silu_rep06,94006,970.2323909553196
silu,1,silu,3,970.1304543980284,19,14.386398077011108,100,1.0,1.0,1.0,discrete,activation,6,0.0,0.0,0.0,full_activation_silu_rep06,94006,970.1304543980284
silu,1,silu,3,970.0008492475698,20,14.016865968704224,100,1.0,1.0,1.0,discrete,activation,6,0.0,0.0,0.0,full_activation_silu_rep06,94006,970.0008492475698
silu,1,silu,3,1050.5852448336266,21,14.473274946212769,100,0.8,0.8,0.8,discrete,activation,6,0.0,0.0,0.0,full_activation_silu_rep06,94006,1050.5852448336266
silu,1,silu,3,1050.484647640611,22,13.885719060897827,100,0.8,0.8,0.8,discrete,activation,6,0.0,0.0,0.0,full_activation_silu_rep06,94006,1050.484647640611
silu,1,silu,3,1049.3874502311128,23,14.04557490348816,100,0.8,0.8,0.8,discrete,activation,6,0.0,0.0,0.0,full_activation_silu_rep06,94006,1049.3874502311128
silu,1,silu,3,1049.5238246097645,24,13.59674596786499,100,0.8,0.8,0.8,discrete,activation,6,0.0,0.0,0.0,full_activation_silu_rep06,94006,1049.5238246097645
silu,1,silu,3,1048.9295002740846,25,14.079431056976318,100,0.8,0.8,0.8,discrete,activation,6,0.0,0.0,0.0,full_activation_silu_rep06,94006,1048.9295002740846
silu,1,silu,3,1049.0339326135672,26,14.445261001586914,100,0.8,0.8,0.8,discrete,activation,6,0.0,0.0,0.0,full_activation_silu_rep06,94006,1049.0339326135672
silu,1,silu,3,1048.397593517025,27,14.011092901229858,100,0.8,0.8,0.8,discrete,activation,6,0.0,0.0,0.0,full_activation_silu_rep06,94006,1048.397593517025
silu,1,silu,3,1048.4234452353644,28,14.639754056930542,100,0.8,0.8,0.8,discrete,activation,6,0.0,0.0,0.0,full_activation_silu_rep06,94006,1048.4234452353644
silu,1,silu,3,1047.8692691110684,29,14.121259927749634,100,0.8,0.8,0.8,discrete,activation,6,0.0,0.0,0.0,full_activation_silu_rep06,94006,1047.8692691110684
silu,1,silu,3,1047.4162005293872,30,14.747806072235107,100,0.8,0.8,0.8,discrete,activation,6,0.0,0.0,0.0,full_activation_silu_rep06,94006,1047.4162005293872
silu,1,silu,3,1107.772754606724,31,14.509042978286743,100,0.6,0.6,0.6,discrete,activation,6,0.0,0.0,0.0,full_activation_silu_rep06,94006,1107.772754606724
silu,1,silu,3,1104.2772322732703,32,14.672253847122192,100,0.6,0.6,0.6,discrete,activation,6,0.0,0.0,0.0,full_activation_silu_rep06,94006,1104.2772322732703
silu,1,silu,3,1106.4464658667457,33,13.979176044464111,100,0.6,0.6,0.6,discrete,activation,6,0.0,0.0,0.0,full_activation_silu_rep06,94006,1106.4464658667457
silu,1,silu,3,1106.1700436257838,34,13.87760591506958,100,0.6,0.6,0.6,discrete,activation,6,0.0,0.0,0.0,full_activation_silu_rep06,94006,1106.1700436257838
silu,1,silu,3,1106.1106533382504,35,14.642680883407593,100,0.6,0.6,0.6,discrete,activation,6,0.0,0.0,0.0,full_activation_silu_rep06,94006,1106.1106533382504
silu,1,silu,3,1105.931314510802,36,14.021738052368164,100,0.6,0.6,0.6,discrete,activation,6,0.0,0.0,0.0,full_activation_silu_rep06,94006,1105.931314510802
silu,1,silu,3,1105.678942412584,37,14.646456003189087,100,0.6,0.6,0.6,discrete,activation,6,0.0,0.0,0.0,full_activation_silu_rep06,94006,1105.678942412584
silu,1,silu,3,1104.9564492078043,38,13.927116870880127,100,0.6,0.6,0.6,discrete,activation,6,0.0,0.0,0.0,full_activation_silu_rep06,94006,1104.9564492078043
silu,1,silu,3,1103.5826693317902,39,14.587157964706421,100,0.6,0.6,0.6,discrete,activation,6,0.0,0.0,0.0,full_activation_silu_rep06,94006,1103.5826693317902
silu,1,silu,3,1103.39949262975,40,13.9358549118042,100,0.6,0.6,0.6,discrete,activation,6,0.0,0.0,0.0,full_activation_silu_rep06,94006,1103.39949262975
silu,1,silu,3,1136.1315328471876,41,14.85645604133606,100,0.4,0.4,0.4,discrete,activation,6,0.0,0.0,0.0,full_activation_silu_rep06,94006,1136.1315328471876
silu,1,silu,3,1135.4213126559769,42,13.692456007003784,100,0.4,0.4,0.4,discrete,activation,6,0.0,0.0,0.0,full_activation_silu_rep06,94006,1135.4213126559769
silu,1,silu,3,1136.168678691115,43,14.13398003578186,100,0.4,0.4,0.4,discrete,activation,6,0.0,0.0,0.0,full_activation_silu_rep06,94006,1136.168678691115
silu,1,silu,3,1135.6077873065133,44,14.598875045776367,100,0.4,0.4,0.4,discrete,activation,6,0.0,0.0,0.0,full_activation_silu_rep06,94006,1135.6077873065133
silu,1,silu,3,1136.1175448062847,45,14.051498889923096,100,0.4,0.4,0.4,discrete,activation,6,0.0,0.0,0.0,full_activation_silu_rep06,94006,1136.1175448062847
silu,1,silu,3,1135.5030072032241,46,14.803695917129517,100,0.4,0.4,0.4,discrete,activation,6,0.0,0.0,0.0,full_activation_silu_rep06,94006,1135.5030072032241
silu,1,silu,3,1135.8172071054746,47,13.780367136001587,100,0.4,0.4,0.4,discrete,activation,6,0.0,0.0,0.0,full_activation_silu_rep06,94006,1135.8172071054746
silu,1,silu,3,1135.349333953953,48,14.685037851333618,100,0.4,0.4,0.4,discrete,activation,6,0.0,0.0,0.0,full_activation_silu_rep06,94006,1135.349333953953
silu,1,silu,3,1135.4223613785125,49,13.935177087783813,100,0.4,0.4,0.4,discrete,activation,6,0.0,0.0,0.0,full_activation_silu_rep06,94006,1135.4223613785125
silu,1,silu,3,1135.2859416582726,50,14.090919017791748,100,0.4,0.4,0.4,discrete,activation,6,0.0,0.0,0.0,full_activation_silu_rep06,94006,1135.2859416582726
silu,1,silu,3,1106.055328541819,51,14.496613025665283,100,0.2,0.2,0.2,discrete,activation,6,0.0,0.0,0.0,full_activation_silu_rep06,94006,1106.055328541819
silu,1,silu,3,1109.3167286172425,52,14.083255052566528,100,0.2,0.2,0.2,discrete,activation,6,0.0,0.0,0.0,full_activation_silu_rep06,94006,1109.3167286172425
silu,1,silu,3,1110.9859702479937,53,14.416934967041016,100,0.2,0.2,0.2,discrete,activation,6,0.0,0.0,0.0,full_activation_silu_rep06,94006,1110.9859702479937
silu,1,silu,3,1111.7269735709478,54,13.965152978897095,100,0.2,0.2,0.2,discrete,activation,6,0.0,0.0,0.0,full_activation_silu_rep06,94006,1111.7269735709478
silu,1,silu,3,1104.5327578773713,55,14.499200105667114,100,0.2,0.2,0.2,discrete,activation,6,0.0,0.0,0.0,full_activation_silu_rep06,94006,1104.5327578773713
silu,1,silu,3,1103.5183153715186,56,13.795806884765625,100,0.2,0.2,0.2,discrete,activation,6,0.0,0.0,0.0,full_activation_silu_rep06,94006,1103.5183153715186
silu,1,silu,3,1108.9190258787044,57,14.623265981674194,100,0.2,0.2,0.2,discrete,activation,6,0.0,0.0,0.0,full_activation_silu_rep06,94006,1108.9190258787044
silu,1,silu,3,1107.5186023537979,58,13.871408939361572,100,0.2,0.2,0.2,discrete,activation,6,0.0,0.0,0.0,full_activation_silu_rep06,94006,1107.5186023537979
silu,1,silu,3,1108.1263493758527,59,14.607876062393188,100,0.2,0.2,0.2,discrete,activation,6,0.0,0.0,0.0,full_activation_silu_rep06,94006,1108.1263493758527
silu,1,silu,3,1101.733534884191,60,13.809834003448486,100,0.2,0.2,0.2,discrete,activation,6,0.0,0.0,0.0,full_activation_silu_rep06,94006,1101.733534884191
silu,1,silu,3,1059.3809004205425,61,14.780250072479248,100,0.1,0.1,0.1,discrete,activation,6,0.0,0.0,0.0,full_activation_silu_rep06,94006,1059.3809004205425
silu,1,silu,3,1058.507128673048,62,14.073205947875977,100,0.1,0.1,0.1,discrete,activation,6,0.0,0.0,0.0,full_activation_silu_rep06,94006,1058.507128673048
silu,1,silu,3,1060.7106861406228,63,14.830565929412842,100,0.1,0.1,0.1,discrete,activation,6,0.0,0.0,0.0,full_activation_silu_rep06,94006,1060.7106861406228
silu,1,silu,3,1053.3726281751683,64,14.011461973190308,100,0.1,0.1,0.1,discrete,activation,6,0.0,0.0,0.0,full_activation_silu_rep06,94006,1053.3726281751683
silu,1,silu,3,1049.0434582270536,65,13.877279996871948,100,0.1,0.1,0.1,discrete,activation,6,0.0,0.0,0.0,full_activation_silu_rep06,94006,1049.0434582270536
silu,1,silu,3,1052.7884415683484,66,14.693392038345337,100,0.1,0.1,0.1,discrete,activation,6,0.0,0.0,0.0,full_activation_silu_rep06,94006,1052.7884415683484
silu,1,silu,3,1055.3933965629437,67,13.824793100357056,100,0.1,0.1,0.1,discrete,activation,6,0.0,0.0,0.0,full_activation_silu_rep06,94006,1055.3933965629437
silu,1,silu,3,1052.4811638611582,68,14.657482862472534,100,0.1,0.1,0.1,discrete,activation,6,0.0,0.0,0.0,full_activation_silu_rep06,94006,1052.4811638611582
silu,1,silu,3,1057.7469025426,69,13.995774030685425,100,0.1,0.1,0.1,discrete,activation,6,0.0,0.0,0.0,full_activation_silu_rep06,94006,1057.7469025426
silu,1,silu,3,1050.4512280062536,70,14.544283866882324,100,0.1,0.1,0.1,discrete,activation,6,0.0,0.0,0.0,full_activation_silu_rep06,94006,1050.4512280062536
silu,1,silu,3,1029.3518000377283,71,13.859886884689331,100,0.08,0.08,0.08,discrete,activation,6,0.0,0.0,0.0,full_activation_silu_rep06,94006,1029.3518000377283
silu,1,silu,3,1043.8634637111531,72,14.868453979492188,100,0.08,0.08,0.08,discrete,activation,6,0.0,0.0,0.0,full_activation_silu_rep06,94006,1043.8634637111531
silu,1,silu,3,1039.6295388298865,73,14.163520097732544,100,0.08,0.08,0.08,discrete,activation,6,0.0,0.0,0.0,full_activation_silu_rep06,94006,1039.6295388298865
silu,1,silu,3,1033.2115281105641,74,14.890714883804321,100,0.08,0.08,0.08,discrete,activation,6,0.0,0.0,0.0,full_activation_silu_rep06,94006,1033.2115281105641
silu,1,silu,3,1029.565020333798,75,13.914496898651123,100,0.08,0.08,0.08,discrete,activation,6,0.0,0.0,0.0,full_activation_silu_rep06,94006,1029.565020333798
silu,1,silu,3,1030.1855089845656,76,14.25826907157898,100,0.08,0.08,0.08,discrete,activation,6,0.0,0.0,0.0,full_activation_silu_rep06,94006,1030.1855089845656
silu,1,silu,3,1048.9695347460442,77,14.724699020385742,100,0.08,0.08,0.08,discrete,activation,6,0.0,0.0,0.0,full_activation_silu_rep06,94006,1048.9695347460442
silu,1,silu,3,1049.5075842318831,78,14.070700883865356,100,0.08,0.08,0.08,discrete,activation,6,0.0,0.0,0.0,full_activation_silu_rep06,94006,1049.5075842318831
silu,1,silu,3,1033.722432176467,79,15.178114175796509,100,0.08,0.08,0.08,discrete,activation,6,0.0,0.0,0.0,full_activation_silu_rep06,94006,1033.722432176467
silu,1,silu,3,1035.3334044739024,80,13.821168899536133,100,0.08,0.08,0.08,discrete,activation,6,0.0,0.0,0.0,full_activation_silu_rep06,94006,1035.3334044739024
silu,1,silu,3,1034.2141600844488,81,15.134938955307007,100,0.06,0.06,0.06,discrete,activation,6,0.0,0.0,0.0,full_activation_silu_rep06,94006,1034.2141600844488
silu,1,silu,3,1014.526655630163,82,14.296130180358887,100,0.06,0.06,0.06,discrete,activation,6,0.0,0.0,0.0,full_activation_silu_rep06,94006,1014.526655630163
silu,1,silu,3,1025.0236266021557,83,15.088944911956787,100,0.06,0.06,0.06,discrete,activation,6,0.0,0.0,0.0,full_activation_silu_rep06,94006,1025.0236266021557
silu,1,silu,3,1018.6269271408669,84,14.339431047439575,100,0.06,0.06,0.06,discrete,activation,6,0.0,0.0,0.0,full_activation_silu_rep06,94006,1018.6269271408669
silu,1,silu,3,1013.785577064956,85,15.029322862625122,100,0.06,0.06,0.06,discrete,activation,6,0.0,0.0,0.0,full_activation_silu_rep06,94006,1013.785577064956
silu,1,silu,3,1008.8482054990444,86,14.366981029510498,100,0.06,0.06,0.06,discrete,activation,6,0.0,0.0,0.0,full_activation_silu_rep06,94006,1008.8482054990444
silu,1,silu,3,1012.1409004853656,87,15.047855854034424,100,0.06,0.06,0.06,discrete,activation,6,0.0,0.0,0.0,full_activation_silu_rep06,94006,1012.1409004853656
silu,1,silu,3,1012.0288814086141,88,14.148977041244507,100,0.06,0.06,0.06,discrete,activation,6,0.0,0.0,0.0,full_activation_silu_rep06,94006,1012.0288814086141
silu,1,silu,3,1022.6817901237346,89,14.926448106765747,100,0.06,0.06,0.06,discrete,activation,6,0.0,0.0,0.0,full_activation_silu_rep06,94006,1022.6817901237346
silu,1,silu,3,1029.069819172433,90,14.40567398071289,100,0.06,0.06,0.06,discrete,activation,6,0.0,0.0,0.0,full_activation_silu_rep06,94006,1029.069819172433
silu,1,silu,3,993.9612780537385,91,15.236634969711304,100,0.04,0.04,0.04,discrete,activation,6,0.0,0.0,0.0,full_activation_silu_rep06,94006,993.9612780537385
silu,1,silu,3,989.9523223989956,92,14.45419692993164,100,0.04,0.04,0.04,discrete,activation,6,0.0,0.0,0.0,full_activation_silu_rep06,94006,989.9523223989956
silu,1,silu,3,988.6719763503288,93,15.064257144927979,100,0.04,0.04,0.04,discrete,activation,6,0.0,0.0,0.0,full_activation_silu_rep06,94006,988.6719763503288
silu,1,silu,3,995.3816316540069,94,14.480094909667969,100,0.04,0.04,0.04,discrete,activation,6,0.0,0.0,0.0,full_activation_silu_rep06,94006,995.3816316540069
silu,1,silu,3,993.0157732322941,95,15.10635495185852,100,0.04,0.04,0.04,discrete,activation,6,0.0,0.0,0.0,full_activation_silu_rep06,94006,993.0157732322941
silu,1,silu,3,1005.8891547649732,96,14.247867822647095,100,0.04,0.04,0.04,discrete,activation,6,0.0,0.0,0.0,full_activation_silu_rep06,94006,1005.8891547649732
silu,1,silu,3,989.4379116702635,97,14.952147006988525,100,0.04,0.04,0.04,discrete,activation,6,0.0,0.0,0.0,full_activation_silu_rep06,94006,989.4379116702635
silu,1,silu,3,990.3454832810133,98,13.872321844100952,100,0.04,0.04,0.04,discrete,activation,6,0.0,0.0,0.0,full_activation_silu_rep06,94006,990.3454832810133
silu,1,silu,3,998.6959174529383,99,14.82785701751709,100,0.04,0.04,0.04,discrete,activation,6,0.0,0.0,0.0,full_activation_silu_rep06,94006,998.6959174529383
silu,1,silu,3,990.9630548077123,100,13.915066957473755,100,0.04,0.04,0.04,discrete,activation,6,0.0,0.0,0.0,full_activation_silu_rep06,94006,990.9630548077123
silu,1,silu,3,963.671898861756,101,14.817018985748291,100,0.02,0.02,0.02,discrete,activation,6,0.0,0.0,0.0,full_activation_silu_rep06,94006,963.671898861756
silu,1,silu,3,959.927172837621,102,15.804188013076782,100,0.02,0.02,0.02,discrete,activation,6,0.0,0.0,0.0,full_activation_silu_rep06,94006,959.927172837621
silu,1,silu,3,965.0697186059033,103,14.927362203598022,100,0.02,0.02,0.02,discrete,activation,6,0.0,0.0,0.0,full_activation_silu_rep06,94006,965.0697186059033
silu,1,silu,3,962.7193780798427,104,15.482383966445923,100,0.02,0.02,0.02,discrete,activation,6,0.0,0.0,0.0,full_activation_silu_rep06,94006,962.7193780798427
silu,1,silu,3,969.9622378770702,105,14.622549057006836,100,0.02,0.02,0.02,discrete,activation,6,0.0,0.0,0.0,full_activation_silu_rep06,94006,969.9622378770702
silu,1,silu,3,963.082424459421,106,15.544100999832153,100,0.02,0.02,0.02,discrete,activation,6,0.0,0.0,0.0,full_activation_silu_rep06,94006,963.082424459421
silu,1,silu,3,960.8151541325087,107,14.760406970977783,100,0.02,0.02,0.02,discrete,activation,6,0.0,0.0,0.0,full_activation_silu_rep06,94006,960.8151541325087
silu,1,silu,3,973.2042414380591,108,15.51117205619812,100,0.02,0.02,0.02,discrete,activation,6,0.0,0.0,0.0,full_activation_silu_rep06,94006,973.2042414380591
silu,1,silu,3,967.9510405808652,109,14.658320188522339,100,0.02,0.02,0.02,discrete,activation,6,0.0,0.0,0.0,full_activation_silu_rep06,94006,967.9510405808652
silu,1,silu,3,968.3671225942546,110,15.545375108718872,100,0.02,0.02,0.02,discrete,activation,6,0.0,0.0,0.0,full_activation_silu_rep06,94006,968.3671225942546
silu,1,silu,3,957.3958998007993,111,15.375980138778687,100,0.01,0.01,0.01,discrete,activation,6,0.0,0.0,0.0,full_activation_silu_rep06,94006,957.3958998007993
silu,1,silu,3,942.4299026778003,112,15.992840051651001,100,0.01,0.01,0.01,discrete,activation,6,0.0,0.0,0.0,full_activation_silu_rep06,94006,942.4299026778003
silu,1,silu,3,950.5970765315383,113,15.448204040527344,100,0.01,0.01,0.01,discrete,activation,6,0.0,0.0,0.0,full_activation_silu_rep06,94006,950.5970765315383
silu,1,silu,3,945.3786641373034,114,15.840420007705688,100,0.01,0.01,0.01,discrete,activation,6,0.0,0.0,0.0,full_activation_silu_rep06,94006,945.3786641373034
silu,1,silu,3,952.4301703972783,115,16.12624192237854,100,0.01,0.01,0.01,discrete,activation,6,0.0,0.0,0.0,full_activation_silu_rep06,94006,952.4301703972783
silu,1,silu,3,950.6508961738842,116,15.077887058258057,100,0.01,0.01,0.01,discrete,activation,6,0.0,0.0,0.0,full_activation_silu_rep06,94006,950.6508961738842
silu,1,silu,3,943.572626890568,117,16.012927055358887,100,0.01,0.01,0.01,discrete,activation,6,0.0,0.0,0.0,full_activation_silu_rep06,94006,943.572626890568
silu,1,silu,3,944.4784673317357,118,15.295639991760254,100,0.01,0.01,0.01,discrete,activation,6,0.0,0.0,0.0,full_activation_silu_rep06,94006,944.4784673317357
silu,1,silu,3,945.5376278318184,119,17.97524905204773,100,0.01,0.01,0.01,discrete,activation,6,0.0,0.0,0.0,full_activation_silu_rep06,94006,945.5376278318184
silu,1,silu,3,946.5557296907286,120,16.56432604789734,100,0.01,0.01,0.01,discrete,activation,6,0.0,0.0,0.0,full_activation_silu_rep06,94006,946.5557296907286
silu,1,silu,3,917.1772906522119,121,14.253463983535767,100,0.01,0.01,0.0,discrete,activation,6,0.0,0.0,0.0,full_activation_silu_rep06,94006,917.1772906522119
silu,1,silu,3,922.335192510218,122,12.054476976394653,100,0.01,0.01,0.0,discrete,activation,6,0.0,0.0,0.0,full_activation_silu_rep06,94006,922.335192510218
silu,1,silu,3,938.9470521214954,123,11.685608863830566,100,0.01,0.01,0.0,discrete,activation,6,0.0,0.0,0.0,full_activation_silu_rep06,94006,938.9470521214954
silu,1,silu,3,926.308509881416,124,12.5124831199646,100,0.01,0.01,0.0,discrete,activation,6,0.0,0.0,0.0,full_activation_silu_rep06,94006,926.308509881416
silu,1,silu,3,923.6745547687896,125,11.67615818977356,100,0.01,0.01,0.0,discrete,activation,6,0.0,0.0,0.0,full_activation_silu_rep06,94006,923.6745547687896
silu,1,silu,3,933.0694033503463,126,11.723515033721924,100,0.01,0.01,0.0,discrete,activation,6,0.0,0.0,0.0,full_activation_silu_rep06,94006,933.0694033503463
silu,1,silu,3,928.1113042957378,127,10.521501064300537,100,0.01,0.01,0.0,discrete,activation,6,0.0,0.0,0.0,full_activation_silu_rep06,94006,928.1113042957378
silu,1,silu,3,926.9742226552818,128,10.355712175369263,100,0.01,0.01,0.0,discrete,activation,6,0.0,0.0,0.0,full_activation_silu_rep06,94006,926.9742226552818
silu,1,silu,3,921.2687248559524,129,12.210391998291016,100,0.01,0.01,0.0,discrete,activation,6,0.0,0.0,0.0,full_activation_silu_rep06,94006,921.2687248559524
silu,1,silu,3,937.7830915963427,130,11.746652126312256,100,0.01,0.01,0.0,discrete,activation,6,0.0,0.0,0.0,full_activation_silu_rep06,94006,937.7830915963427
