activation,batch_size,candidate_name,depth,display_loss,epoch,epoch_seconds,iterations,mu,mu_in,mu_ref,mu_schedule_kind,phase,replicate,rho,rho_in,rho_ref,run_id,seed,training_loss
relu,1,depth1,1,2450.068028492068,1,84.31921291351318,100,1.0,1.0,1.0,discrete,depth,1,0.0,0.0,0.0,full_depth_depth1_rep01,94001,2450.068028492068
relu,1,depth1,1,2400.1971495769135,2,28.34003210067749,100,1.0,1.0,1.0,discrete,depth,1,0.0,0.0,0.0,full_depth_depth1_rep01,94001,2400.1971495769135
relu,1,depth1,1,2148.619132045015,3,28.775328159332275,100,1.0,1.0,1.0,discrete,depth,1,0.0,0.0,0.0,full_depth_depth1_rep01,94001,2148.619132045015
relu,1,depth1,1,1553.0464787698365,4,27.565279960632324,100,1.0,1.0,1.0,discrete,depth,1,0.0,0.0,0.0,full_depth_depth1_rep01,94001,1553.0464787698365
relu,1,depth1,1,1060.0578052431408,5,28.699035167694092,100,1.0,1.0,1.0,discrete,depth,1,0.0,0.0,0.0,full_depth_depth1_rep01,94001,1060.0578052431408
relu,1,depth1,1,972.4652476443752,6,28.797870874404907,100,1.0,1.0,1.0,discrete,depth,1,0.0,0.0,0.0,full_depth_depth1_rep01,94001,972.4652476443752
relu,1,depth1,1,965.044854380759,7,27.858118057250977,100,1.0,1.0,1.0,discrete,depth,1,0.0,0.0,0.0,full_depth_depth1_rep01,94001,965.044854380759
relu,1,depth1,1,961.7623315547328,8,27.617349863052368,100,1.0,1.0,1.0,discrete,depth,1,0.0,0.0,0.0,full_depth_depth1_rep01,94001,961.7623315547328
relu,1,depth1,1,959.0004078976001,9,28.680243968963623,100,1.0,1.0,1.0,discrete,depth,1,0.0,0.0,0.0,full_depth_depth1_rep01,94001,959.0004078976001
relu,1,depth1,1,956.5667504205366,10,28.732208013534546,100,1.0,1.0,1.0,discrete,depth,1,0.0,0.0,0.0,full_depth_depth1_rep01,94001,956.5667504205366
relu,1,depth1,1,954.4321945828941,11,27.610623836517334,100,1.0,1.0,1.0,discrete,depth,1,0.0,0.0,0.0,full_depth_depth1_rep01,94001,954.4321945828941
relu,1,depth1,1,952.5810680094421,12,28.565912008285522,100,1.0,1.0,1.0,discrete,depth,1,0.0,0.0,0.0,full_depth_depth1_rep01,94001,952.5810680094421
relu,1,depth1,1,950.9982189460338,13,28.805140018463135,100,1.0,1.0,1.0,discrete,depth,1,0.0,0.0,0.0,full_depth_depth1_rep01,94001,950.9982189460338
relu,1,depth1,1,949.6667602529977,14,27.79946494102478,100,1.0,1.0,1.0,discrete,depth,1,0.0,0.0,0.0,full_depth_depth1_rep01,94001,949.6667602529977
relu,1,depth1,1,948.56781481513,15,29.063832998275757,100,1.0,1.0,1.0,discrete,depth,1,0.0,0.0,0.0,full_depth_depth1_rep01,94001,948.56781481513
relu,1,depth1,1,947.6816195484138,16,28.65979313850403,100,1.0,1.0,1.0,discrete,depth,1,0.0,0.0,0.0,full_depth_depth1_rep01,94001,947.6816195484138
relu,1,depth1,1,946.9898394576637,17,28.533692121505737,100,1.0,1.0,1.0,discrete,depth,1,0.0,0.0,0.0,full_depth_depth1_rep01,94001,946.9898394576637
relu,1,depth1,1,946.4767793388434,18,28.530569076538086,100,1.0,1.0,1.0,discrete,depth,1,0.0,0.0,0.0,full_depth_depth1_rep01,94001,946.4767793388434
relu,1,depth1,1,946.124034649533,19,28.36060404777527,100,1.0,1.0,1.0,discrete,depth,1,0.0,0.0,0.0,full_depth_depth1_rep01,94001,946.124034649533
relu,1,depth1,1,945.9035963477072,20,28.972382068634033,100,1.0,1.0,1.0,discrete,depth,1,0.0,0.0,0.0,full_depth_depth1_rep01,94001,945.9035963477072
relu,1,depth1,1,1025.0505461183434,21,27.817924976348877,100,0.8,0.8,0.8,discrete,depth,1,0.0,0.0,0.0,full_depth_depth1_rep01,94001,1025.0505461183434
relu,1,depth1,1,1024.7972668098846,22,28.738406896591187,100,0.8,0.8,0.8,discrete,depth,1,0.0,0.0,0.0,full_depth_depth1_rep01,94001,1024.7972668098846
relu,1,depth1,1,1024.5683215372048,23,28.702154874801636,100,0.8,0.8,0.8,discrete,depth,1,0.0,0.0,0.0,full_depth_depth1_rep01,94001,1024.5683215372048
relu,1,depth1,1,1024.4494946167454,24,28.06732988357544,100,0.8,0.8,0.8,discrete,depth,1,0.0,0.0,0.0,full_depth_depth1_rep01,94001,1024.4494946167454
relu,1,depth1,1,1024.4131142284327,25,28.514981985092163,100,0.8,0.8,0.8,discrete,depth,1,0.0,0.0,0.0,full_depth_depth1_rep01,94001,1024.4131142284327
relu,1,depth1,1,1024.440160383521,26,28.504781007766724,100,0.8,0.8,0.8,discrete,depth,1,0.0,0.0,0.0,full_depth_depth1_rep01,94001,1024.440160383521
relu,1,depth1,1,1024.5160340671898,27,28.847348928451538,100,0.8,0.8,0.8,discrete,depth,1,0.0,0.0,0.0,full_depth_depth1_rep01,94001,1024.5160340671898
relu,1,depth1,1,1024.6295578254496,28,27.927633047103882,100,0.8,0.8,0.8,discrete,depth,1,0.0,0.0,0.0,full_depth_depth1_rep01,94001,1024.6295578254496
relu,1,depth1,1,1024.7722897150693,29,28.844860792160034,100,0.8,0.8,0.8,discrete,depth,1,0.0,0.0,0.0,full_depth_depth1_rep01,94001,1024.7722897150693
relu,1,depth1,1,1024.9379342012057,30,29.335356950759888,100,0.8,0.8,0.8,discrete,depth,1,0.0,0.0,0.0,full_depth_depth1_rep01,94001,1024.9379342012057
relu,1,depth1,1,1084.1406265998705,31,27.516122817993164,100,0.6,0.6,0.6,discrete,depth,1,0.0,0.0,0.0,full_depth_depth1_rep01,94001,1084.1406265998705
relu,1,depth1,1,1084.542351126418,32,28.6044020652771,100,0.6,0.6,0.6,discrete,depth,1,0.0,0.0,0.0,full_depth_depth1_rep01,94001,1084.542351126418
relu,1,depth1,1,1084.7289105782897,33,28.72072196006775,100,0.6,0.6,0.6,discrete,depth,1,0.0,0.0,0.0,full_depth_depth1_rep01,94001,1084.7289105782897
relu,1,depth1,1,1084.9375004944973,34,28.000554084777832,100,0.6,0.6,0.6,discrete,depth,1,0.0,0.0,0.0,full_depth_depth1_rep01,94001,1084.9375004944973
relu,1,depth1,1,1085.1616751273216,35,28.74981188774109,100,0.6,0.6,0.6,discrete,depth,1,0.0,0.0,0.0,full_depth_depth1_rep01,94001,1085.1616751273216
relu,1,depth1,1,1085.3979493663019,36,29.504889965057373,100,0.6,0.6,0.6,discrete,depth,1,0.0,0.0,0.0,full_depth_depth1_rep01,94001,1085.3979493663019
relu,1,depth1,1,1085.6432040483369,37,27.523338079452515,100,0.6,0.6,0.6,discrete,depth,1,0.0,0.0,0.0,full_depth_depth1_rep01,94001,1085.6432040483369
relu,1,depth1,1,1085.8944618949433,38,27.41194796562195,100,0.6,0.6,0.6,discrete,depth,1,0.0,0.0,0.0,full_depth_depth1_rep01,94001,1085.8944618949433
relu,1,depth1,1,1086.1488462205914,39,28.676851987838745,100,0.6,0.6,0.6,discrete,depth,1,0.0,0.0,0.0,full_depth_depth1_rep01,94001,1086.1488462205914
relu,1,depth1,1,1086.4038143206835,40,28.656814098358154,100,0.6,0.6,0.6,discrete,depth,1,0.0,0.0,0.0,full_depth_depth1_rep01,94001,1086.4038143206835
relu,1,depth1,1,1116.8313627091206,41,27.765942096710205,100,0.4,0.4,0.4,discrete,depth,1,0.0,0.0,0.0,full_depth_depth1_rep01,94001,1116.8313627091206
relu,1,depth1,1,1117.6621991311306,42,28.162373065948486,100,0.4,0.4,0.4,discrete,depth,1,0.0,0.0,0.0,full_depth_depth1_rep01,94001,1117.6621991311306
relu,1,depth1,1,1117.8655931971584,43,28.82013511657715,100,0.4,0.4,0.4,discrete,depth,1,0.0,0.0,0.0,full_depth_depth1_rep01,94001,1117.8655931971584
relu,1,depth1,1,1118.1041244581174,44,27.32724690437317,100,0.4,0.4,0.4,discrete,depth,1,0.0,0.0,0.0,full_depth_depth1_rep01,94001,1118.1041244581174
relu,1,depth1,1,1118.3609607983158,45,28.442267894744873,100,0.4,0.4,0.4,discrete,depth,1,0.0,0.0,0.0,full_depth_depth1_rep01,94001,1118.3609607983158
relu,1,depth1,1,1118.6309746301988,46,28.397718906402588,100,0.4,0.4,0.4,discrete,depth,1,0.0,0.0,0.0,full_depth_depth1_rep01,94001,1118.6309746301988
relu,1,depth1,1,1118.9092762788941,47,28.3935329914093,100,0.4,0.4,0.4,discrete,depth,1,0.0,0.0,0.0,full_depth_depth1_rep01,94001,1118.9092762788941
relu,1,depth1,1,1119.1910245306224,48,27.28768491744995,100,0.4,0.4,0.4,discrete,depth,1,0.0,0.0,0.0,full_depth_depth1_rep01,94001,1119.1910245306224
relu,1,depth1,1,1119.4717177853495,49,28.217368841171265,100,0.4,0.4,0.4,discrete,depth,1,0.0,0.0,0.0,full_depth_depth1_rep01,94001,1119.4717177853495
relu,1,depth1,1,1119.747509563477,50,28.482815980911255,100,0.4,0.4,0.4,discrete,depth,1,0.0,0.0,0.0,full_depth_depth1_rep01,94001,1119.747509563477
relu,1,depth1,1,1100.490815260924,51,27.735416173934937,100,0.2,0.2,0.2,discrete,depth,1,0.0,0.0,0.0,full_depth_depth1_rep01,94001,1100.490815260924
relu,1,depth1,1,1101.950236075139,52,28.384968042373657,100,0.2,0.2,0.2,discrete,depth,1,0.0,0.0,0.0,full_depth_depth1_rep01,94001,1101.950236075139
relu,1,depth1,1,1102.1465339803915,53,28.58843684196472,100,0.2,0.2,0.2,discrete,depth,1,0.0,0.0,0.0,full_depth_depth1_rep01,94001,1102.1465339803915
relu,1,depth1,1,1102.329159045452,54,28.265923976898193,100,0.2,0.2,0.2,discrete,depth,1,0.0,0.0,0.0,full_depth_depth1_rep01,94001,1102.329159045452
relu,1,depth1,1,1102.5073532616389,55,27.305022954940796,100,0.2,0.2,0.2,discrete,depth,1,0.0,0.0,0.0,full_depth_depth1_rep01,94001,1102.5073532616389
relu,1,depth1,1,1102.6832181132731,56,28.12335181236267,100,0.2,0.2,0.2,discrete,depth,1,0.0,0.0,0.0,full_depth_depth1_rep01,94001,1102.6832181132731
relu,1,depth1,1,1102.856328594316,57,29.554248809814453,100,0.2,0.2,0.2,discrete,depth,1,0.0,0.0,0.0,full_depth_depth1_rep01,94001,1102.856328594316
relu,1,depth1,1,1103.025194073555,58,27.787705898284912,100,0.2,0.2,0.2,discrete,depth,1,0.0,0.0,0.0,full_depth_depth1_rep01,94001,1103.025194073555
relu,1,depth1,1,1103.1879179788434,59,28.147048950195312,100,0.2,0.2,0.2,discrete,depth,1,0.0,0.0,0.0,full_depth_depth1_rep01,94001,1103.1879179788434
relu,1,depth1,1,1103.3428496465647,60,28.676928997039795,100,0.2,0.2,0.2,discrete,depth,1,0.0,0.0,0.0,full_depth_depth1_rep01,94001,1103.3428496465647
relu,1,depth1,1,1057.5892401083502,61,27.851400136947632,100,0.1,0.1,0.1,discrete,depth,1,0.0,0.0,0.0,full_depth_depth1_rep01,94001,1057.5892401083502
relu,1,depth1,1,1058.4345114036248,62,29.082901000976562,100,0.1,0.1,0.1,discrete,depth,1,0.0,0.0,0.0,full_depth_depth1_rep01,94001,1058.4345114036248
relu,1,depth1,1,1058.4951109328272,63,28.61121106147766,100,0.1,0.1,0.1,discrete,depth,1,0.0,0.0,0.0,full_depth_depth1_rep01,94001,1058.4951109328272
relu,1,depth1,1,1058.6016768156942,64,28.841709852218628,100,0.1,0.1,0.1,discrete,depth,1,0.0,0.0,0.0,full_depth_depth1_rep01,94001,1058.6016768156942
relu,1,depth1,1,1058.7213856445603,65,28.598832845687866,100,0.1,0.1,0.1,discrete,depth,1,0.0,0.0,0.0,full_depth_depth1_rep01,94001,1058.7213856445603
relu,1,depth1,1,1058.8437027722962,66,28.937855005264282,100,0.1,0.1,0.1,discrete,depth,1,0.0,0.0,0.0,full_depth_depth1_rep01,94001,1058.8437027722962
relu,1,depth1,1,1058.959641370885,67,29.18459391593933,100,0.1,0.1,0.1,discrete,depth,1,0.0,0.0,0.0,full_depth_depth1_rep01,94001,1058.959641370885
relu,1,depth1,1,1059.0628788325307,68,27.833752870559692,100,0.1,0.1,0.1,discrete,depth,1,0.0,0.0,0.0,full_depth_depth1_rep01,94001,1059.0628788325307
relu,1,depth1,1,1059.1518319249624,69,28.79579496383667,100,0.1,0.1,0.1,discrete,depth,1,0.0,0.0,0.0,full_depth_depth1_rep01,94001,1059.1518319249624
relu,1,depth1,1,1059.227738388239,70,28.842477798461914,100,0.1,0.1,0.1,discrete,depth,1,0.0,0.0,0.0,full_depth_depth1_rep01,94001,1059.227738388239
relu,1,depth1,1,1044.7414659815431,71,29.90774893760681,100,0.08,0.08,0.08,discrete,depth,1,0.0,0.0,0.0,full_depth_depth1_rep01,94001,1044.7414659815431
relu,1,depth1,1,1044.9830855702935,72,28.746100902557373,100,0.08,0.08,0.08,discrete,depth,1,0.0,0.0,0.0,full_depth_depth1_rep01,94001,1044.9830855702935
relu,1,depth1,1,1045.0444728533078,73,28.967656135559082,100,0.08,0.08,0.08,discrete,depth,1,0.0,0.0,0.0,full_depth_depth1_rep01,94001,1045.0444728533078
relu,1,depth1,1,1045.091791663822,74,29.315469980239868,100,0.08,0.08,0.08,discrete,depth,1,0.0,0.0,0.0,full_depth_depth1_rep01,94001,1045.091791663822
relu,1,depth1,1,1045.1239082619768,75,28.322883129119873,100,0.08,0.08,0.08,discrete,depth,1,0.0,0.0,0.0,full_depth_depth1_rep01,94001,1045.1239082619768
relu,1,depth1,1,1045.1419788487021,76,28.938579082489014,100,0.08,0.08,0.08,discrete,depth,1,0.0,0.0,0.0,full_depth_depth1_rep01,94001,1045.1419788487021
relu,1,depth1,1,1045.1482164421732,77,29.1341290473938,100,0.08,0.08,0.08,discrete,depth,1,0.0,0.0,0.0,full_depth_depth1_rep01,94001,1045.1482164421732
relu,1,depth1,1,1045.1450492776466,78,30.964874982833862,100,0.08,0.08,0.08,discrete,depth,1,0.0,0.0,0.0,full_depth_depth1_rep01,94001,1045.1450492776466
relu,1,depth1,1,1045.13468571538,79,27.8786199092865,100,0.08,0.08,0.08,discrete,depth,1,0.0,0.0,0.0,full_depth_depth1_rep01,94001,1045.13468571538
relu,1,depth1,1,1045.1189794434194,80,29.577357053756714,100,0.08,0.08,0.08,discrete,depth,1,0.0,0.0,0.0,full_depth_depth1_rep01,94001,1045.1189794434194
relu,1,depth1,1,1027.8518746640295,81,29.280116081237793,100,0.06,0.06,0.06,discrete,depth,1,0.0,0.0,0.0,full_depth_depth1_rep01,94001,1027.8518746640295
relu,1,depth1,1,1028.089953300505,82,28.222089052200317,100,0.06,0.06,0.06,discrete,depth,1,0.0,0.0,0.0,full_depth_depth1_rep01,94001,1028.089953300505
relu,1,depth1,1,1028.0654841755036,83,29.13790988922119,100,0.06,0.06,0.06,discrete,depth,1,0.0,0.0,0.0,full_depth_depth1_rep01,94001,1028.0654841755036
relu,1,depth1,1,1028.0276018312452,84,29.413640022277832,100,0.06,0.06,0.06,discrete,depth,1,0.0,0.0,0.0,full_depth_depth1_rep01,94001,1028.0276018312452
relu,1,depth1,1,1027.9828330075904,85,29.02774405479431,100,0.06,0.06,0.06,discrete,depth,1,0.0,0.0,0.0,full_depth_depth1_rep01,94001,1027.9828330075904
relu,1,depth1,1,1027.9388184021477,86,28.553117036819458,100,0.06,0.06,0.06,discrete,depth,1,0.0,0.0,0.0,full_depth_depth1_rep01,94001,1027.9388184021477
relu,1,depth1,1,1027.8985806090425,87,29.18892812728882,100,0.06,0.06,0.06,discrete,depth,1,0.0,0.0,0.0,full_depth_depth1_rep01,94001,1027.8985806090425
relu,1,depth1,1,1027.8621679297223,88,29.281145095825195,100,0.06,0.06,0.06,discrete,depth,1,0.0,0.0,0.0,full_depth_depth1_rep01,94001,1027.8621679297223
relu,1,depth1,1,1027.828644475361,89,29.1384379863739,100,0.06,0.06,0.06,discrete,depth,1,0.0,0.0,0.0,full_depth_depth1_rep01,94001,1027.828644475361
relu,1,depth1,1,1027.7971279393664,90,28.371646881103516,100,0.06,0.06,0.06,discrete,depth,1,0.0,0.0,0.0,full_depth_depth1_rep01,94001,1027.7971279393664
relu,1,depth1,1,1006.87365316913,91,29.765854120254517,100,0.04,0.04,0.04,discrete,depth,1,0.0,0.0,0.0,full_depth_depth1_rep01,94001,1006.87365316913
relu,1,depth1,1,1007.413874001215,92,29.930743932724,100,0.04,0.04,0.04,discrete,depth,1,0.0,0.0,0.0,full_depth_depth1_rep01,94001,1007.413874001215
relu,1,depth1,1,1007.3323393328158,93,30.140592098236084,100,0.04,0.04,0.04,discrete,depth,1,0.0,0.0,0.0,full_depth_depth1_rep01,94001,1007.3323393328158
relu,1,depth1,1,1007.3896024611655,94,28.97477889060974,100,0.04,0.04,0.04,discrete,depth,1,0.0,0.0,0.0,full_depth_depth1_rep01,94001,1007.3896024611655
relu,1,depth1,1,1007.4004739209278,95,30.449390172958374,100,0.04,0.04,0.04,discrete,depth,1,0.0,0.0,0.0,full_depth_depth1_rep01,94001,1007.4004739209278
relu,1,depth1,1,1007.4132439248108,96,29.781487941741943,100,0.04,0.04,0.04,discrete,depth,1,0.0,0.0,0.0,full_depth_depth1_rep01,94001,1007.4132439248108
relu,1,depth1,1,1007.421543847095,97,30.137696027755737,100,0.04,0.04,0.04,discrete,depth,1,0.0,0.0,0.0,full_depth_depth1_rep01,94001,1007.421543847095
relu,1,depth1,1,1007.4279587649389,98,29.801946878433228,100,0.04,0.04,0.04,discrete,depth,1,0.0,0.0,0.0,full_depth_depth1_rep01,94001,1007.4279587649389
relu,1,depth1,1,1007.4327615028227,99,30.685355186462402,100,0.04,0.04,0.04,discrete,depth,1,0.0,0.0,0.0,full_depth_depth1_rep01,94001,1007.4327615028227
relu,1,depth1,1,1007.4356986709188,100,30.182151079177856,100,0.04,0.04,0.04,discrete,depth,1,0.0,0.0,0.0,full_depth_depth1_rep01,94001,1007.4356986709188
relu,1,depth1,1,981.2115848746824,101,31.048979997634888,100,0.02,0.02,0.02,discrete,depth,1,0.0,0.0,0.0,full_depth_depth1_rep01,94001,981.2115848746824
relu,1,depth1,1,980.9536736042778,102,29.858654022216797,100,0.02,0.02,0.02,discrete,depth,1,0.0,0.0,0.0,full_depth_depth1_rep01,94001,980.9536736042778
relu,1,depth1,1,981.1331073432598,103,31.246533155441284,100,0.02,0.02,0.02,discrete,depth,1,0.0,0.0,0.0,full_depth_depth1_rep01,94001,981.1331073432598
relu,1,depth1,1,981.1587352854268,104,30.97729206085205,100,0.02,0.02,0.02,discrete,depth,1,0.0,0.0,0.0,full_depth_depth1_rep01,94001,981.1587352854268
relu,1,depth1,1,981.2196454175235,105,31.13168215751648,100,0.02,0.02,0.02,discrete,depth,1,0.0,0.0,0.0,full_depth_depth1_rep01,94001,981.2196454175235
relu,1,depth1,1,981.2751339758422,106,29.867521047592163,100,0.02,0.02,0.02,discrete,depth,1,0.0,0.0,0.0,full_depth_depth1_rep01,94001,981.2751339758422
relu,1,depth1,1,981.337341286227,107,30.840272903442383,100,0.02,0.02,0.02,discrete,depth,1,0.0,0.0,0.0,full_depth_depth1_rep01,94001,981.337341286227
relu,1,depth1,1,981.4117341710896,108,30.992483854293823,100,0.02,0.02,0.02,discrete,depth,1,0.0,0.0,0.0,full_depth_depth1_rep01,94001,981.4117341710896
relu,1,depth1,1,981.4717117266863,109,31.066307067871094,100,0.02,0.02,0.02,discrete,depth,1,0.0,0.0,0.0,full_depth_depth1_rep01,94001,981.4717117266863
relu,1,depth1,1,981.5315349440997,110,30.098581075668335,100,0.02,0.02,0.02,discrete,depth,1,0.0,0.0,0.0,full_depth_depth1_rep01,94001,981.5315349440997
relu,1,depth1,1,963.3548242628524,111,31.725914001464844,100,0.01,0.01,0.01,discrete,depth,1,0.0,0.0,0.0,full_depth_depth1_rep01,94001,963.3548242628524
relu,1,depth1,1,964.1813759918281,112,31.976072072982788,100,0.01,0.01,0.01,discrete,depth,1,0.0,0.0,0.0,full_depth_depth1_rep01,94001,964.1813759918281
relu,1,depth1,1,963.8263914602804,113,31.938108921051025,100,0.01,0.01,0.01,discrete,depth,1,0.0,0.0,0.0,full_depth_depth1_rep01,94001,963.8263914602804
relu,1,depth1,1,964.6985017436577,114,32.036277055740356,100,0.01,0.01,0.01,discrete,depth,1,0.0,0.0,0.0,full_depth_depth1_rep01,94001,964.6985017436577
relu,1,depth1,1,964.8229157049822,115,30.867916107177734,100,0.01,0.01,0.01,discrete,depth,1,0.0,0.0,0.0,full_depth_depth1_rep01,94001,964.8229157049822
relu,1,depth1,1,964.8526896690922,116,31.790844917297363,100,0.01,0.01,0.01,discrete,depth,1,0.0,0.0,0.0,full_depth_depth1_rep01,94001,964.8526896690922
relu,1,depth1,1,964.9961332366161,117,32.038329124450684,100,0.01,0.01,0.01,discrete,depth,1,0.0,0.0,0.0,full_depth_depth1_rep01,94001,964.9961332366161
relu,1,depth1,1,965.1414157502238,118,33.15009808540344,100,0.01,0.01,0.01,discrete,depth,1,0.0,0.0,0.0,full_depth_depth1_rep01,94001,965.1414157502238
relu,1,depth1,1,965.2301463048863,119,31.096773862838745,100,0.01,0.01,0.01,discrete,depth,1,0.0,0.0,0.0,full_depth_depth1_rep01,94001,965.2301463048863
relu,1,depth1,1,965.2684069301143,120,31.980041027069092,100,0.01,0.01,0.01,discrete,depth,1,0.0,0.0,0.0,full_depth_depth1_rep01,94001,965.2684069301143
relu,1,depth1,1,942.7002500558499,121,28.47946786880493,100,0.01,0.01,0.0,discrete,depth,1,0.0,0.0,0.0,full_depth_depth1_rep01,94001,942.7002500558499
relu,1,depth1,1,941.9647790821625,122,25.98863911628723,100,0.01,0.01,0.0,discrete,depth,1,0.0,0.0,0.0,full_depth_depth1_rep01,94001,941.9647790821625
relu,1,depth1,1,941.4904784848746,123,25.284300088882446,100,0.01,0.01,0.0,discrete,depth,1,0.0,0.0,0.0,full_depth_depth1_rep01,94001,941.4904784848746
relu,1,depth1,1,942.5446971962936,124,25.189309120178223,100,0.01,0.01,0.0,discrete,depth,1,0.0,0.0,0.0,full_depth_depth1_rep01,94001,942.5446971962936
relu,1,depth1,1,942.6234744803736,125,24.90759015083313,100,0.01,0.01,0.0,discrete,depth,1,0.0,0.0,0.0,full_depth_depth1_rep01,94001,942.6234744803736
relu,1,depth1,1,942.705249630256,126,25.467217922210693,100,0.01,0.01,0.0,discrete,depth,1,0.0,0.0,0.0,full_depth_depth1_rep01,94001,942.705249630256
relu,1,depth1,1,942.5426595057975,127,25.434569835662842,100,0.01,0.01,0.0,discrete,depth,1,0.0,0.0,0.0,full_depth_depth1_rep01,94001,942.5426595057975
relu,1,depth1,1,941.125584542167,128,25.83039903640747,100,0.01,0.01,0.0,discrete,depth,1,0.0,0.0,0.0,full_depth_depth1_rep01,94001,941.125584542167
relu,1,depth1,1,942.1372412649226,129,26.145938873291016,100,0.01,0.01,0.0,discrete,depth,1,0.0,0.0,0.0,full_depth_depth1_rep01,94001,942.1372412649226
relu,1,depth1,1,942.1928936180807,130,28.05475401878357,100,0.01,0.01,0.0,discrete,depth,1,0.0,0.0,0.0,full_depth_depth1_rep01,94001,942.1928936180807
relu,1,depth1,1,2608.106250247285,1,84.1766288280487,100,1.0,1.0,1.0,discrete,depth,2,0.0,0.0,0.0,full_depth_depth1_rep02,94002,2608.106250247285
relu,1,depth1,1,2564.643724091318,2,27.91285514831543,100,1.0,1.0,1.0,discrete,depth,2,0.0,0.0,0.0,full_depth_depth1_rep02,94002,2564.643724091318
relu,1,depth1,1,2373.1663800147508,3,28.36360001564026,100,1.0,1.0,1.0,discrete,depth,2,0.0,0.0,0.0,full_depth_depth1_rep02,94002,2373.1663800147508
relu,1,depth1,1,1885.002719701857,4,27.088916063308716,100,1.0,1.0,1.0,discrete,depth,2,0.0,0.0,0.0,full_depth_depth1_rep02,94002,1885.002719701857
relu,1,depth1,1,1260.1134920253273,5,28.189597845077515,100,1.0,1.0,1.0,discrete,depth,2,0.0,0.0,0.0,full_depth_depth1_rep02,94002,1260.1134920253273
relu,1,depth1,1,1037.1151377378746,6,28.61375403404236,100,1.0,1.0,1.0,discrete,depth,2,0.0,0.0,0.0,full_depth_depth1_rep02,94002,1037.1151377378746
relu,1,depth1,1,1007.1980816111507,7,27.797351121902466,100,1.0,1.0,1.0,discrete,depth,2,0.0,0.0,0.0,full_depth_depth1_rep02,94002,1007.1980816111507
relu,1,depth1,1,1002.4664215248804,8,28.50527000427246,100,1.0,1.0,1.0,discrete,depth,2,0.0,0.0,0.0,full_depth_depth1_rep02,94002,1002.4664215248804
relu,1,depth1,1,999.6839907017725,9,28.34149193763733,100,1.0,1.0,1.0,discrete,depth,2,0.0,0.0,0.0,full_depth_depth1_rep02,94002,999.6839907017725
relu,1,depth1,1,997.2877330455589,10,28.861239910125732,100,1.0,1.0,1.0,discrete,depth,2,0.0,0.0,0.0,full_depth_depth1_rep02,94002,997.2877330455589
relu,1,depth1,1,995.1909852649295,11,27.695674896240234,100,1.0,1.0,1.0,discrete,depth,2,0.0,0.0,0.0,full_depth_depth1_rep02,94002,995.1909852649295
relu,1,depth1,1,993.3717866733039,12,28.27912712097168,100,1.0,1.0,1.0,discrete,depth,2,0.0,0.0,0.0,full_depth_depth1_rep02,94002,993.3717866733039
relu,1,depth1,1,991.8144952571031,13,28.946086883544922,100,1.0,1.0,1.0,discrete,depth,2,0.0,0.0,0.0,full_depth_depth1_rep02,94002,991.8144952571031
relu,1,depth1,1,990.5057308797668,14,27.603543996810913,100,1.0,1.0,1.0,discrete,depth,2,0.0,0.0,0.0,full_depth_depth1_rep02,94002,990.5057308797668
relu,1,depth1,1,989.4335585371883,15,29.864794969558716,100,1.0,1.0,1.0,discrete,depth,2,0.0,0.0,0.0,full_depth_depth1_rep02,94002,989.4335585371883
relu,1,depth1,1,988.5830747353095,16,29.12163805961609,100,1.0,1.0,1.0,discrete,depth,2,0.0,0.0,0.0,full_depth_depth1_rep02,94002,988.5830747353095
relu,1,depth1,1,987.9365271612926,17,27.812700033187866,100,1.0,1.0,1.0,discrete,depth,2,0.0,0.0,0.0,full_depth_depth1_rep02,94002,987.9365271612926
relu,1,depth1,1,987.4714009694468,18,27.666677951812744,100,1.0,1.0,1.0,discrete,depth,2,0.0,0.0,0.0,full_depth_depth1_rep02,94002,987.4714009694468
relu,1,depth1,1,987.1612598281251,19,28.466313123703003,100,1.0,1.0,1.0,discrete,depth,2,0.0,0.0,0.0,full_depth_depth1_rep02,94002,987.1612598281251
relu,1,depth1,1,986.9805588718629,20,28.699573040008545,100,1.0,1.0,1.0,discrete,depth,2,0.0,0.0,0.0,full_depth_depth1_rep02,94002,986.9805588718629
relu,1,depth1,1,1070.2177513578163,21,27.06124496459961,100,0.8,0.8,0.8,discrete,depth,2,0.0,0.0,0.0,full_depth_depth1_rep02,94002,1070.2177513578163
relu,1,depth1,1,1069.700691989077,22,27.97146201133728,100,0.8,0.8,0.8,discrete,depth,2,0.0,0.0,0.0,full_depth_depth1_rep02,94002,1069.700691989077
relu,1,depth1,1,1069.4561480079747,23,27.945337057113647,100,0.8,0.8,0.8,discrete,depth,2,0.0,0.0,0.0,full_depth_depth1_rep02,94002,1069.4561480079747
relu,1,depth1,1,1069.324918349018,24,27.368128776550293,100,0.8,0.8,0.8,discrete,depth,2,0.0,0.0,0.0,full_depth_depth1_rep02,94002,1069.324918349018
relu,1,depth1,1,1069.269611439129,25,28.042271852493286,100,0.8,0.8,0.8,discrete,depth,2,0.0,0.0,0.0,full_depth_depth1_rep02,94002,1069.269611439129
relu,1,depth1,1,1069.2770827152206,26,28.177646160125732,100,0.8,0.8,0.8,discrete,depth,2,0.0,0.0,0.0,full_depth_depth1_rep02,94002,1069.2770827152206
relu,1,depth1,1,1069.3279513451657,27,26.854568004608154,100,0.8,0.8,0.8,discrete,depth,2,0.0,0.0,0.0,full_depth_depth1_rep02,94002,1069.3279513451657
relu,1,depth1,1,1069.4125422973082,28,28.210256099700928,100,0.8,0.8,0.8,discrete,depth,2,0.0,0.0,0.0,full_depth_depth1_rep02,94002,1069.4125422973082
relu,1,depth1,1,1069.5256892607388,29,28.306358098983765,100,0.8,0.8,0.8,discrete,depth,2,0.0,0.0,0.0,full_depth_depth1_rep02,94002,1069.5256892607388
relu,1,depth1,1,1069.637065788491,30,27.84956979751587,100,0.8,0.8,0.8,discrete,depth,2,0.0,0.0,0.0,full_depth_depth1_rep02,94002,1069.637065788491
relu,1,depth1,1,1133.3097064763651,31,27.016221046447754,100,0.6,0.6,0.6,discrete,depth,2,0.0,0.0,0.0,full_depth_depth1_rep02,94002,1133.3097064763651
relu,1,depth1,1,1132.9383777311714,32,28.177443027496338,100,0.6,0.6,0.6,discrete,depth,2,0.0,0.0,0.0,full_depth_depth1_rep02,94002,1132.9383777311714
relu,1,depth1,1,1133.0455506039882,33,27.924055099487305,100,0.6,0.6,0.6,discrete,depth,2,0.0,0.0,0.0,full_depth_depth1_rep02,94002,1133.0455506039882
relu,1,depth1,1,1133.2230584530994,34,27.088144063949585,100,0.6,0.6,0.6,discrete,depth,2,0.0,0.0,0.0,full_depth_depth1_rep02,94002,1133.2230584530994
relu,1,depth1,1,1133.4268576336403,35,28.110437870025635,100,0.6,0.6,0.6,discrete,depth,2,0.0,0.0,0.0,full_depth_depth1_rep02,94002,1133.4268576336403
relu,1,depth1,1,1133.6483371096683,36,28.07792901992798,100,0.6,0.6,0.6,discrete,depth,2,0.0,0.0,0.0,full_depth_depth1_rep02,94002,1133.6483371096683
relu,1,depth1,1,1133.8748328923004,37,28.48625612258911,100,0.6,0.6,0.6,discrete,depth,2,0.0,0.0,0.0,full_depth_depth1_rep02,94002,1133.8748328923004
relu,1,depth1,1,1134.1055050142356,38,27.609498977661133,100,0.6,0.6,0.6,discrete,depth,2,0.0,0.0,0.0,full_depth_depth1_rep02,94002,1134.1055050142356
relu,1,depth1,1,1134.33712289268,39,27.95910406112671,100,0.6,0.6,0.6,discrete,depth,2,0.0,0.0,0.0,full_depth_depth1_rep02,94002,1134.33712289268
relu,1,depth1,1,1134.5697683223777,40,27.885220050811768,100,0.6,0.6,0.6,discrete,depth,2,0.0,0.0,0.0,full_depth_depth1_rep02,94002,1134.5697683223777
relu,1,depth1,1,1170.60865907782,41,27.150651931762695,100,0.4,0.4,0.4,discrete,depth,2,0.0,0.0,0.0,full_depth_depth1_rep02,94002,1170.60865907782
relu,1,depth1,1,1170.3666558500554,42,28.256514072418213,100,0.4,0.4,0.4,discrete,depth,2,0.0,0.0,0.0,full_depth_depth1_rep02,94002,1170.3666558500554
relu,1,depth1,1,1170.482445775269,43,27.863383054733276,100,0.4,0.4,0.4,discrete,depth,2,0.0,0.0,0.0,full_depth_depth1_rep02,94002,1170.482445775269
relu,1,depth1,1,1170.6094780615138,44,27.107156991958618,100,0.4,0.4,0.4,discrete,depth,2,0.0,0.0,0.0,full_depth_depth1_rep02,94002,1170.6094780615138
relu,1,depth1,1,1170.730962030616,45,27.87581491470337,100,0.4,0.4,0.4,discrete,depth,2,0.0,0.0,0.0,full_depth_depth1_rep02,94002,1170.730962030616
relu,1,depth1,1,1170.8348820500687,46,27.915777921676636,100,0.4,0.4,0.4,discrete,depth,2,0.0,0.0,0.0,full_depth_depth1_rep02,94002,1170.8348820500687
relu,1,depth1,1,1170.9261438195426,47,28.065728902816772,100,0.4,0.4,0.4,discrete,depth,2,0.0,0.0,0.0,full_depth_depth1_rep02,94002,1170.9261438195426
relu,1,depth1,1,1171.015888675177,48,26.9333758354187,100,0.4,0.4,0.4,discrete,depth,2,0.0,0.0,0.0,full_depth_depth1_rep02,94002,1171.015888675177
relu,1,depth1,1,1171.1011229770352,49,27.553457975387573,100,0.4,0.4,0.4,discrete,depth,2,0.0,0.0,0.0,full_depth_depth1_rep02,94002,1171.1011229770352
relu,1,depth1,1,1171.146845727156,50,28.33890199661255,100,0.4,0.4,0.4,discrete,depth,2,0.0,0.0,0.0,full_depth_depth1_rep02,94002,1171.146845727156
relu,1,depth1,1,1158.475439563066,51,26.973846912384033,100,0.2,0.2,0.2,discrete,depth,2,0.0,0.0,0.0,full_depth_depth1_rep02,94002,1158.475439563066
relu,1,depth1,1,1157.4425378410397,52,27.754413843154907,100,0.2,0.2,0.2,discrete,depth,2,0.0,0.0,0.0,full_depth_depth1_rep02,94002,1157.4425378410397
relu,1,depth1,1,1157.1589072593458,53,27.922445058822632,100,0.2,0.2,0.2,discrete,depth,2,0.0,0.0,0.0,full_depth_depth1_rep02,94002,1157.1589072593458
relu,1,depth1,1,1156.9598761580546,54,28.60378098487854,100,0.2,0.2,0.2,discrete,depth,2,0.0,0.0,0.0,full_depth_depth1_rep02,94002,1156.9598761580546
relu,1,depth1,1,1156.7408220093803,55,26.70348882675171,100,0.2,0.2,0.2,discrete,depth,2,0.0,0.0,0.0,full_depth_depth1_rep02,94002,1156.7408220093803
relu,1,depth1,1,1156.5350146747267,56,27.793797969818115,100,0.2,0.2,0.2,discrete,depth,2,0.0,0.0,0.0,full_depth_depth1_rep02,94002,1156.5350146747267
relu,1,depth1,1,1156.3351407389275,57,27.669111967086792,100,0.2,0.2,0.2,discrete,depth,2,0.0,0.0,0.0,full_depth_depth1_rep02,94002,1156.3351407389275
relu,1,depth1,1,1156.1036172778006,58,27.747241020202637,100,0.2,0.2,0.2,discrete,depth,2,0.0,0.0,0.0,full_depth_depth1_rep02,94002,1156.1036172778006
relu,1,depth1,1,1155.725513796015,59,27.972311973571777,100,0.2,0.2,0.2,discrete,depth,2,0.0,0.0,0.0,full_depth_depth1_rep02,94002,1155.725513796015
relu,1,depth1,1,1155.5535641011961,60,27.707907915115356,100,0.2,0.2,0.2,discrete,depth,2,0.0,0.0,0.0,full_depth_depth1_rep02,94002,1155.5535641011961
relu,1,depth1,1,1118.1176658668637,61,29.209978103637695,100,0.1,0.1,0.1,discrete,depth,2,0.0,0.0,0.0,full_depth_depth1_rep02,94002,1118.1176658668637
relu,1,depth1,1,1118.9595237174192,62,28.656375885009766,100,0.1,0.1,0.1,discrete,depth,2,0.0,0.0,0.0,full_depth_depth1_rep02,94002,1118.9595237174192
relu,1,depth1,1,1117.619268916491,63,29.451440811157227,100,0.1,0.1,0.1,discrete,depth,2,0.0,0.0,0.0,full_depth_depth1_rep02,94002,1117.619268916491
relu,1,depth1,1,1116.8027290678929,64,29.33311700820923,100,0.1,0.1,0.1,discrete,depth,2,0.0,0.0,0.0,full_depth_depth1_rep02,94002,1116.8027290678929
relu,1,depth1,1,1116.05617223978,65,30.389119863510132,100,0.1,0.1,0.1,discrete,depth,2,0.0,0.0,0.0,full_depth_depth1_rep02,94002,1116.05617223978
relu,1,depth1,1,1115.4012467050552,66,28.356343984603882,100,0.1,0.1,0.1,discrete,depth,2,0.0,0.0,0.0,full_depth_depth1_rep02,94002,1115.4012467050552
relu,1,depth1,1,1114.8606531548985,67,29.49593210220337,100,0.1,0.1,0.1,discrete,depth,2,0.0,0.0,0.0,full_depth_depth1_rep02,94002,1114.8606531548985
relu,1,depth1,1,1114.397560633682,68,29.732868909835815,100,0.1,0.1,0.1,discrete,depth,2,0.0,0.0,0.0,full_depth_depth1_rep02,94002,1114.397560633682
relu,1,depth1,1,1113.9845045221653,69,29.50947117805481,100,0.1,0.1,0.1,discrete,depth,2,0.0,0.0,0.0,full_depth_depth1_rep02,94002,1113.9845045221653
relu,1,depth1,1,1113.5811670357457,70,29.23259401321411,100,0.1,0.1,0.1,discrete,depth,2,0.0,0.0,0.0,full_depth_depth1_rep02,94002,1113.5811670357457
relu,1,depth1,1,1104.5170498033178,71,28.556944131851196,100,0.08,0.08,0.08,discrete,depth,2,0.0,0.0,0.0,full_depth_depth1_rep02,94002,1104.5170498033178
relu,1,depth1,1,1103.9888603240515,72,29.178696870803833,100,0.08,0.08,0.08,discrete,depth,2,0.0,0.0,0.0,full_depth_depth1_rep02,94002,1103.9888603240515
relu,1,depth1,1,1103.2779080524983,73,29.22047710418701,100,0.08,0.08,0.08,discrete,depth,2,0.0,0.0,0.0,full_depth_depth1_rep02,94002,1103.2779080524983
relu,1,depth1,1,1102.9122016699296,74,29.14530110359192,100,0.08,0.08,0.08,discrete,depth,2,0.0,0.0,0.0,full_depth_depth1_rep02,94002,1102.9122016699296
relu,1,depth1,1,1102.4614888655483,75,28.688428163528442,100,0.08,0.08,0.08,discrete,depth,2,0.0,0.0,0.0,full_depth_depth1_rep02,94002,1102.4614888655483
relu,1,depth1,1,1102.0748521822834,76,29.465600967407227,100,0.08,0.08,0.08,discrete,depth,2,0.0,0.0,0.0,full_depth_depth1_rep02,94002,1102.0748521822834
relu,1,depth1,1,1101.6820142965,77,29.48916506767273,100,0.08,0.08,0.08,discrete,depth,2,0.0,0.0,0.0,full_depth_depth1_rep02,94002,1101.6820142965
relu,1,depth1,1,1101.3076290658905,78,29.152109146118164,100,0.08,0.08,0.08,discrete,depth,2,0.0,0.0,0.0,full_depth_depth1_rep02,94002,1101.3076290658905
relu,1,depth1,1,1100.9389996344644,79,29.22472906112671,100,0.08,0.08,0.08,discrete,depth,2,0.0,0.0,0.0,full_depth_depth1_rep02,94002,1100.9389996344644
relu,1,depth1,1,1100.5762692221879,80,28.63424301147461,100,0.08,0.08,0.08,discrete,depth,2,0.0,0.0,0.0,full_depth_depth1_rep02,94002,1100.5762692221879
relu,1,depth1,1,1093.6031999940933,81,29.354703903198242,100,0.06,0.06,0.06,discrete,depth,2,0.0,0.0,0.0,full_depth_depth1_rep02,94002,1093.6031999940933
relu,1,depth1,1,1092.1863307348008,82,29.262187004089355,100,0.06,0.06,0.06,discrete,depth,2,0.0,0.0,0.0,full_depth_depth1_rep02,94002,1092.1863307348008
relu,1,depth1,1,1091.898756197182,83,29.58136010169983,100,0.06,0.06,0.06,discrete,depth,2,0.0,0.0,0.0,full_depth_depth1_rep02,94002,1091.898756197182
relu,1,depth1,1,1091.494189830847,84,28.50257897377014,100,0.06,0.06,0.06,discrete,depth,2,0.0,0.0,0.0,full_depth_depth1_rep02,94002,1091.494189830847
relu,1,depth1,1,1091.0653799946745,85,29.37954807281494,100,0.06,0.06,0.06,discrete,depth,2,0.0,0.0,0.0,full_depth_depth1_rep02,94002,1091.0653799946745
relu,1,depth1,1,1090.6505692894261,86,29.307045936584473,100,0.06,0.06,0.06,discrete,depth,2,0.0,0.0,0.0,full_depth_depth1_rep02,94002,1090.6505692894261
relu,1,depth1,1,1090.2487842666428,87,29.607786893844604,100,0.06,0.06,0.06,discrete,depth,2,0.0,0.0,0.0,full_depth_depth1_rep02,94002,1090.2487842666428
relu,1,depth1,1,1089.877401733419,88,29.26083278656006,100,0.06,0.06,0.06,discrete,depth,2,0.0,0.0,0.0,full_depth_depth1_rep02,94002,1089.877401733419
relu,1,depth1,1,1089.5117618123286,89,28.328255891799927,100,0.06,0.06,0.06,discrete,depth,2,0.0,0.0,0.0,full_depth_depth1_rep02,94002,1089.5117618123286
relu,1,depth1,1,1089.155485497054,90,29.278904914855957,100,0.06,0.06,0.06,discrete,depth,2,0.0,0.0,0.0,full_depth_depth1_rep02,94002,1089.155485497054
relu,1,depth1,1,1091.1021811957232,91,30.335315227508545,100,0.04,0.04,0.04,discrete,depth,2,0.0,0.0,0.0,full_depth_depth1_rep02,94002,1091.1021811957232
relu,1,depth1,1,1089.2439689934904,92,30.287452936172485,100,0.04,0.04,0.04,discrete,depth,2,0.0,0.0,0.0,full_depth_depth1_rep02,94002,1089.2439689934904
relu,1,depth1,1,1088.8044504473464,93,29.22084617614746,100,0.04,0.04,0.04,discrete,depth,2,0.0,0.0,0.0,full_depth_depth1_rep02,94002,1088.8044504473464
relu,1,depth1,1,1088.453503735322,94,29.97103500366211,100,0.04,0.04,0.04,discrete,depth,2,0.0,0.0,0.0,full_depth_depth1_rep02,94002,1088.453503735322
relu,1,depth1,1,1088.1311700507272,95,30.18730092048645,100,0.04,0.04,0.04,discrete,depth,2,0.0,0.0,0.0,full_depth_depth1_rep02,94002,1088.1311700507272
relu,1,depth1,1,1087.8309326902681,96,30.1045401096344,100,0.04,0.04,0.04,discrete,depth,2,0.0,0.0,0.0,full_depth_depth1_rep02,94002,1087.8309326902681
relu,1,depth1,1,1087.5698197056302,97,30.410734176635742,100,0.04,0.04,0.04,discrete,depth,2,0.0,0.0,0.0,full_depth_depth1_rep02,94002,1087.5698197056302
relu,1,depth1,1,1087.3239799387268,98,29.259175062179565,100,0.04,0.04,0.04,discrete,depth,2,0.0,0.0,0.0,full_depth_depth1_rep02,94002,1087.3239799387268
relu,1,depth1,1,1087.0394561551818,99,31.513352870941162,100,0.04,0.04,0.04,discrete,depth,2,0.0,0.0,0.0,full_depth_depth1_rep02,94002,1087.0394561551818
relu,1,depth1,1,1086.6873394327126,100,29.97503685951233,100,0.04,0.04,0.04,discrete,depth,2,0.0,0.0,0.0,full_depth_depth1_rep02,94002,1086.6873394327126
relu,1,depth1,1,1088.633214601558,101,30.88544797897339,100,0.02,0.02,0.02,discrete,depth,2,0.0,0.0,0.0,full_depth_depth1_rep02,94002,1088.633214601558
relu,1,depth1,1,1087.043925616435,102,31.12936496734619,100,0.02,0.02,0.02,discrete,depth,2,0.0,0.0,0.0,full_depth_depth1_rep02,94002,1087.043925616435
relu,1,depth1,1,1086.196638785422,103,30.011554956436157,100,0.02,0.02,0.02,discrete,depth,2,0.0,0.0,0.0,full_depth_depth1_rep02,94002,1086.196638785422
relu,1,depth1,1,1085.398285454158,104,31.023855924606323,100,0.02,0.02,0.02,discrete,depth,2,0.0,0.0,0.0,full_depth_depth1_rep02,94002,1085.398285454158
relu,1,depth1,1,1084.921878151773,105,30.566218852996826,100,0.02,0.02,0.02,discrete,depth,2,0.0,0.0,0.0,full_depth_depth1_rep02,94002,1084.921878151773
relu,1,depth1,1,1084.7542789727831,106,30.860880851745605,100,0.02,0.02,0.02,discrete,depth,2,0.0,0.0,0.0,full_depth_depth1_rep02,94002,1084.7542789727831
relu,1,depth1,1,1084.6409437678337,107,30.746785163879395,100,0.02,0.02,0.02,discrete,depth,2,0.0,0.0,0.0,full_depth_depth1_rep02,94002,1084.6409437678337
relu,1,depth1,1,1084.8570052122998,108,30.290775060653687,100,0.02,0.02,0.02,discrete,depth,2,0.0,0.0,0.0,full_depth_depth1_rep02,94002,1084.8570052122998
relu,1,depth1,1,1084.5942253412554,109,30.729438066482544,100,0.02,0.02,0.02,discrete,depth,2,0.0,0.0,0.0,full_depth_depth1_rep02,94002,1084.5942253412554
relu,1,depth1,1,1083.8950520725732,110,30.799213886260986,100,0.02,0.02,0.02,discrete,depth,2,0.0,0.0,0.0,full_depth_depth1_rep02,94002,1083.8950520725732
relu,1,depth1,1,1081.8069329420618,111,32.414528131484985,100,0.01,0.01,0.01,discrete,depth,2,0.0,0.0,0.0,full_depth_depth1_rep02,94002,1081.8069329420618
relu,1,depth1,1,1080.1218884980628,112,32.109026193618774,100,0.01,0.01,0.01,discrete,depth,2,0.0,0.0,0.0,full_depth_depth1_rep02,94002,1080.1218884980628
relu,1,depth1,1,1080.1621645826424,113,31.448362827301025,100,0.01,0.01,0.01,discrete,depth,2,0.0,0.0,0.0,full_depth_depth1_rep02,94002,1080.1621645826424
relu,1,depth1,1,1078.875615526309,114,31.782755851745605,100,0.01,0.01,0.01,discrete,depth,2,0.0,0.0,0.0,full_depth_depth1_rep02,94002,1078.875615526309
relu,1,depth1,1,1077.5162602427195,115,31.960096836090088,100,0.01,0.01,0.01,discrete,depth,2,0.0,0.0,0.0,full_depth_depth1_rep02,94002,1077.5162602427195
relu,1,depth1,1,1077.6250412361396,116,31.918086051940918,100,0.01,0.01,0.01,discrete,depth,2,0.0,0.0,0.0,full_depth_depth1_rep02,94002,1077.6250412361396
relu,1,depth1,1,1077.6731511280086,117,31.821043014526367,100,0.01,0.01,0.01,discrete,depth,2,0.0,0.0,0.0,full_depth_depth1_rep02,94002,1077.6731511280086
relu,1,depth1,1,1078.2907648312378,118,32.9101459980011,100,0.01,0.01,0.01,discrete,depth,2,0.0,0.0,0.0,full_depth_depth1_rep02,94002,1078.2907648312378
relu,1,depth1,1,1076.5882636868816,119,31.34938907623291,100,0.01,0.01,0.01,discrete,depth,2,0.0,0.0,0.0,full_depth_depth1_rep02,94002,1076.5882636868816
relu,1,depth1,1,1076.612295876294,120,31.896034002304077,100,0.01,0.01,0.01,discrete,depth,2,0.0,0.0,0.0,full_depth_depth1_rep02,94002,1076.612295876294
relu,1,depth1,1,1045.8057869234988,121,28.007662057876587,100,0.01,0.01,0.0,discrete,depth,2,0.0,0.0,0.0,full_depth_depth1_rep02,94002,1045.8057869234988
relu,1,depth1,1,1046.5134934489067,122,26.604592084884644,100,0.01,0.01,0.0,discrete,depth,2,0.0,0.0,0.0,full_depth_depth1_rep02,94002,1046.5134934489067
relu,1,depth1,1,1046.8934430234028,123,25.410690784454346,100,0.01,0.01,0.0,discrete,depth,2,0.0,0.0,0.0,full_depth_depth1_rep02,94002,1046.8934430234028
relu,1,depth1,1,1044.827321977424,124,25.079192876815796,100,0.01,0.01,0.0,discrete,depth,2,0.0,0.0,0.0,full_depth_depth1_rep02,94002,1044.827321977424
relu,1,depth1,1,1044.953828414908,125,25.337549924850464,100,0.01,0.01,0.0,discrete,depth,2,0.0,0.0,0.0,full_depth_depth1_rep02,94002,1044.953828414908
relu,1,depth1,1,1045.6307442875086,126,26.31648588180542,100,0.01,0.01,0.0,discrete,depth,2,0.0,0.0,0.0,full_depth_depth1_rep02,94002,1045.6307442875086
relu,1,depth1,1,1043.7355254810252,127,25.349490880966187,100,0.01,0.01,0.0,discrete,depth,2,0.0,0.0,0.0,full_depth_depth1_rep02,94002,1043.7355254810252
relu,1,depth1,1,1045.095044119793,128,26.582185983657837,100,0.01,0.01,0.0,discrete,depth,2,0.0,0.0,0.0,full_depth_depth1_rep02,94002,1045.095044119793
relu,1,depth1,1,1044.274398719425,129,27.708193063735962,100,0.01,0.01,0.0,discrete,depth,2,0.0,0.0,0.0,full_depth_depth1_rep02,94002,1044.274398719425
relu,1,depth1,1,1043.629439015697,130,27.839990854263306,100,0.01,0.01,0.0,discrete,depth,2,0.0,0.0,0.0,full_depth_depth1_rep02,94002,1043.629439015697
relu,1,depth1,1,2389.1642277869264,1,84.58608412742615,100,1.0,1.0,1.0,discrete,depth,3,0.0,0.0,0.0,full_depth_depth1_rep03,94003,2389.1642277869264
relu,1,depth1,1,2352.044633088322,2,28.191501140594482,100,1.0,1.0,1.0,discrete,depth,3,0.0,0.0,0.0,full_depth_depth1_rep03,94003,2352.044633088322
relu,1,depth1,1,2188.040518525358,3,28.52123498916626,100,1.0,1.0,1.0,discrete,depth,3,0.0,0.0,0.0,full_depth_depth1_rep03,94003,2188.040518525358
relu,1,depth1,1,1719.0463033027693,4,27.476969957351685,100,1.0,1.0,1.0,discrete,depth,3,0.0,0.0,0.0,full_depth_depth1_rep03,94003,1719.0463033027693
relu,1,depth1,1,1098.2120938646926,5,28.958295822143555,100,1.0,1.0,1.0,discrete,depth,3,0.0,0.0,0.0,full_depth_depth1_rep03,94003,1098.2120938646926
relu,1,depth1,1,946.5813565403428,6,29.171776056289673,100,1.0,1.0,1.0,discrete,depth,3,0.0,0.0,0.0,full_depth_depth1_rep03,94003,946.5813565403428
relu,1,depth1,1,939.2418607374001,7,28.666253089904785,100,1.0,1.0,1.0,discrete,depth,3,0.0,0.0,0.0,full_depth_depth1_rep03,94003,939.2418607374001
relu,1,depth1,1,936.1255861622531,8,27.855130910873413,100,1.0,1.0,1.0,discrete,depth,3,0.0,0.0,0.0,full_depth_depth1_rep03,94003,936.1255861622531
relu,1,depth1,1,933.3012404135281,9,28.68298101425171,100,1.0,1.0,1.0,discrete,depth,3,0.0,0.0,0.0,full_depth_depth1_rep03,94003,933.3012404135281
relu,1,depth1,1,930.7338113139941,10,29.022792100906372,100,1.0,1.0,1.0,discrete,depth,3,0.0,0.0,0.0,full_depth_depth1_rep03,94003,930.7338113139941
relu,1,depth1,1,928.4065863291868,11,27.81851291656494,100,1.0,1.0,1.0,discrete,depth,3,0.0,0.0,0.0,full_depth_depth1_rep03,94003,928.4065863291868
relu,1,depth1,1,926.309262141884,12,28.654568910598755,100,1.0,1.0,1.0,discrete,depth,3,0.0,0.0,0.0,full_depth_depth1_rep03,94003,926.309262141884
relu,1,depth1,1,924.4365100239318,13,28.898128986358643,100,1.0,1.0,1.0,discrete,depth,3,0.0,0.0,0.0,full_depth_depth1_rep03,94003,924.4365100239318
relu,1,depth1,1,922.7865762830974,14,27.777395009994507,100,1.0,1.0,1.0,discrete,depth,3,0.0,0.0,0.0,full_depth_depth1_rep03,94003,922.7865762830974
relu,1,depth1,1,921.3598437245088,15,29.82604479789734,100,1.0,1.0,1.0,discrete,depth,3,0.0,0.0,0.0,full_depth_depth1_rep03,94003,921.3598437245088
relu,1,depth1,1,920.1566319338704,16,28.99468183517456,100,1.0,1.0,1.0,discrete,depth,3,0.0,0.0,0.0,full_depth_depth1_rep03,94003,920.1566319338704
relu,1,depth1,1,919.1738726608372,17,28.605826139450073,100,1.0,1.0,1.0,discrete,depth,3,0.0,0.0,0.0,full_depth_depth1_rep03,94003,919.1738726608372
relu,1,depth1,1,918.4016336092491,18,27.728474140167236,100,1.0,1.0,1.0,discrete,depth,3,0.0,0.0,0.0,full_depth_depth1_rep03,94003,918.4016336092491
relu,1,depth1,1,917.8214553947192,19,28.818156957626343,100,1.0,1.0,1.0,discrete,depth,3,0.0,0.0,0.0,full_depth_depth1_rep03,94003,917.8214553947192
relu,1,depth1,1,917.4074106127497,20,28.60697102546692,100,1.0,1.0,1.0,discrete,depth,3,0.0,0.0,0.0,full_depth_depth1_rep03,94003,917.4074106127497
relu,1,depth1,1,992.8511249670469,21,27.143703937530518,100,0.8,0.8,0.8,discrete,depth,3,0.0,0.0,0.0,full_depth_depth1_rep03,94003,992.8511249670469
relu,1,depth1,1,992.6468744367918,22,28.229876041412354,100,0.8,0.8,0.8,discrete,depth,3,0.0,0.0,0.0,full_depth_depth1_rep03,94003,992.6468744367918
relu,1,depth1,1,992.4821840848933,23,28.3676278591156,100,0.8,0.8,0.8,discrete,depth,3,0.0,0.0,0.0,full_depth_depth1_rep03,94003,992.4821840848933
relu,1,depth1,1,992.4138493494396,24,27.710865020751953,100,0.8,0.8,0.8,discrete,depth,3,0.0,0.0,0.0,full_depth_depth1_rep03,94003,992.4138493494396
relu,1,depth1,1,992.4100995812056,25,28.188377857208252,100,0.8,0.8,0.8,discrete,depth,3,0.0,0.0,0.0,full_depth_depth1_rep03,94003,992.4100995812056
relu,1,depth1,1,992.4470765847551,26,28.549971103668213,100,0.8,0.8,0.8,discrete,depth,3,0.0,0.0,0.0,full_depth_depth1_rep03,94003,992.4470765847551
relu,1,depth1,1,992.5079890685001,27,27.505079984664917,100,0.8,0.8,0.8,discrete,depth,3,0.0,0.0,0.0,full_depth_depth1_rep03,94003,992.5079890685001
relu,1,depth1,1,992.5813715224642,28,28.481843948364258,100,0.8,0.8,0.8,discrete,depth,3,0.0,0.0,0.0,full_depth_depth1_rep03,94003,992.5813715224642
relu,1,depth1,1,992.659602263932,29,28.60205602645874,100,0.8,0.8,0.8,discrete,depth,3,0.0,0.0,0.0,full_depth_depth1_rep03,94003,992.659602263932
relu,1,depth1,1,992.7377634051215,30,28.906543016433716,100,0.8,0.8,0.8,discrete,depth,3,0.0,0.0,0.0,full_depth_depth1_rep03,94003,992.7377634051215
relu,1,depth1,1,1048.6212829448277,31,27.507601976394653,100,0.6,0.6,0.6,discrete,depth,3,0.0,0.0,0.0,full_depth_depth1_rep03,94003,1048.6212829448277
relu,1,depth1,1,1048.9334899198934,32,28.19975519180298,100,0.6,0.6,0.6,discrete,depth,3,0.0,0.0,0.0,full_depth_depth1_rep03,94003,1048.9334899198934
relu,1,depth1,1,1049.0858322281367,33,28.657241106033325,100,0.6,0.6,0.6,discrete,depth,3,0.0,0.0,0.0,full_depth_depth1_rep03,94003,1049.0858322281367
relu,1,depth1,1,1049.2230244411312,34,27.72986102104187,100,0.6,0.6,0.6,discrete,depth,3,0.0,0.0,0.0,full_depth_depth1_rep03,94003,1049.2230244411312
relu,1,depth1,1,1049.3448386764971,35,28.765748977661133,100,0.6,0.6,0.6,discrete,depth,3,0.0,0.0,0.0,full_depth_depth1_rep03,94003,1049.3448386764971
relu,1,depth1,1,1049.451304908711,36,29.967090129852295,100,0.6,0.6,0.6,discrete,depth,3,0.0,0.0,0.0,full_depth_depth1_rep03,94003,1049.451304908711
relu,1,depth1,1,1049.5432965549965,37,27.579450845718384,100,0.6,0.6,0.6,discrete,depth,3,0.0,0.0,0.0,full_depth_depth1_rep03,94003,1049.5432965549965
relu,1,depth1,1,1049.6221100372047,38,28.377685070037842,100,0.6,0.6,0.6,discrete,depth,3,0.0,0.0,0.0,full_depth_depth1_rep03,94003,1049.6221100372047
relu,1,depth1,1,1049.6891964211104,39,28.10489296913147,100,0.6,0.6,0.6,discrete,depth,3,0.0,0.0,0.0,full_depth_depth1_rep03,94003,1049.6891964211104
relu,1,depth1,1,1049.7460067301733,40,28.44466996192932,100,0.6,0.6,0.6,discrete,depth,3,0.0,0.0,0.0,full_depth_depth1_rep03,94003,1049.7460067301733
relu,1,depth1,1,1077.7207966546916,41,27.329155206680298,100,0.4,0.4,0.4,discrete,depth,3,0.0,0.0,0.0,full_depth_depth1_rep03,94003,1077.7207966546916
relu,1,depth1,1,1078.0133060094872,42,28.194095849990845,100,0.4,0.4,0.4,discrete,depth,3,0.0,0.0,0.0,full_depth_depth1_rep03,94003,1078.0133060094872
relu,1,depth1,1,1078.0835978643654,43,28.38931894302368,100,0.4,0.4,0.4,discrete,depth,3,0.0,0.0,0.0,full_depth_depth1_rep03,94003,1078.0835978643654
relu,1,depth1,1,1078.1400053999744,44,27.597554922103882,100,0.4,0.4,0.4,discrete,depth,3,0.0,0.0,0.0,full_depth_depth1_rep03,94003,1078.1400053999744
relu,1,depth1,1,1078.186051380553,45,27.958748817443848,100,0.4,0.4,0.4,discrete,depth,3,0.0,0.0,0.0,full_depth_depth1_rep03,94003,1078.186051380553
relu,1,depth1,1,1078.2226532017191,46,28.333150148391724,100,0.4,0.4,0.4,discrete,depth,3,0.0,0.0,0.0,full_depth_depth1_rep03,94003,1078.2226532017191
relu,1,depth1,1,1078.2501745346724,47,27.407445907592773,100,0.4,0.4,0.4,discrete,depth,3,0.0,0.0,0.0,full_depth_depth1_rep03,94003,1078.2501745346724
relu,1,depth1,1,1078.2610899371296,48,27.905184984207153,100,0.4,0.4,0.4,discrete,depth,3,0.0,0.0,0.0,full_depth_depth1_rep03,94003,1078.2610899371296
relu,1,depth1,1,1078.2499430787498,49,28.32150912284851,100,0.4,0.4,0.4,discrete,depth,3,0.0,0.0,0.0,full_depth_depth1_rep03,94003,1078.2499430787498
relu,1,depth1,1,1078.232491999041,50,28.66453790664673,100,0.4,0.4,0.4,discrete,depth,3,0.0,0.0,0.0,full_depth_depth1_rep03,94003,1078.232491999041
relu,1,depth1,1,1055.4552992415674,51,27.67941904067993,100,0.2,0.2,0.2,discrete,depth,3,0.0,0.0,0.0,full_depth_depth1_rep03,94003,1055.4552992415674
relu,1,depth1,1,1055.4339350071741,52,28.683793783187866,100,0.2,0.2,0.2,discrete,depth,3,0.0,0.0,0.0,full_depth_depth1_rep03,94003,1055.4339350071741
relu,1,depth1,1,1055.4024933999547,53,28.38471484184265,100,0.2,0.2,0.2,discrete,depth,3,0.0,0.0,0.0,full_depth_depth1_rep03,94003,1055.4024933999547
relu,1,depth1,1,1055.37561076099,54,27.542234897613525,100,0.2,0.2,0.2,discrete,depth,3,0.0,0.0,0.0,full_depth_depth1_rep03,94003,1055.37561076099
relu,1,depth1,1,1055.3519231352352,55,28.254366874694824,100,0.2,0.2,0.2,discrete,depth,3,0.0,0.0,0.0,full_depth_depth1_rep03,94003,1055.3519231352352
relu,1,depth1,1,1055.3304930205911,56,28.363602876663208,100,0.2,0.2,0.2,discrete,depth,3,0.0,0.0,0.0,full_depth_depth1_rep03,94003,1055.3304930205911
relu,1,depth1,1,1055.3104108328378,57,29.58954691886902,100,0.2,0.2,0.2,discrete,depth,3,0.0,0.0,0.0,full_depth_depth1_rep03,94003,1055.3104108328378
relu,1,depth1,1,1055.2915200050563,58,28.220849990844727,100,0.2,0.2,0.2,discrete,depth,3,0.0,0.0,0.0,full_depth_depth1_rep03,94003,1055.2915200050563
relu,1,depth1,1,1055.2738187812138,59,28.266910076141357,100,0.2,0.2,0.2,discrete,depth,3,0.0,0.0,0.0,full_depth_depth1_rep03,94003,1055.2738187812138
relu,1,depth1,1,1055.2571820872467,60,28.484400987625122,100,0.2,0.2,0.2,discrete,depth,3,0.0,0.0,0.0,full_depth_depth1_rep03,94003,1055.2571820872467
relu,1,depth1,1,1007.620042410053,61,27.549148082733154,100,0.1,0.1,0.1,discrete,depth,3,0.0,0.0,0.0,full_depth_depth1_rep03,94003,1007.620042410053
relu,1,depth1,1,1007.6100152404559,62,28.685455083847046,100,0.1,0.1,0.1,discrete,depth,3,0.0,0.0,0.0,full_depth_depth1_rep03,94003,1007.6100152404559
relu,1,depth1,1,1007.5901394473036,63,28.526326894760132,100,0.1,0.1,0.1,discrete,depth,3,0.0,0.0,0.0,full_depth_depth1_rep03,94003,1007.5901394473036
relu,1,depth1,1,1007.5801462987849,64,28.753944158554077,100,0.1,0.1,0.1,discrete,depth,3,0.0,0.0,0.0,full_depth_depth1_rep03,94003,1007.5801462987849
relu,1,depth1,1,1007.5775177112978,65,28.327094078063965,100,0.1,0.1,0.1,discrete,depth,3,0.0,0.0,0.0,full_depth_depth1_rep03,94003,1007.5775177112978
relu,1,depth1,1,1007.5790283463217,66,28.829292058944702,100,0.1,0.1,0.1,discrete,depth,3,0.0,0.0,0.0,full_depth_depth1_rep03,94003,1007.5790283463217
relu,1,depth1,1,1007.5819559127325,67,28.026160955429077,100,0.1,0.1,0.1,discrete,depth,3,0.0,0.0,0.0,full_depth_depth1_rep03,94003,1007.5819559127325
relu,1,depth1,1,1007.5843486942161,68,28.624094009399414,100,0.1,0.1,0.1,discrete,depth,3,0.0,0.0,0.0,full_depth_depth1_rep03,94003,1007.5843486942161
relu,1,depth1,1,1007.584958372986,69,28.601008892059326,100,0.1,0.1,0.1,discrete,depth,3,0.0,0.0,0.0,full_depth_depth1_rep03,94003,1007.584958372986
relu,1,depth1,1,1007.5828786488444,70,28.768700122833252,100,0.1,0.1,0.1,discrete,depth,3,0.0,0.0,0.0,full_depth_depth1_rep03,94003,1007.5828786488444
relu,1,depth1,1,992.5512070821552,71,28.216813802719116,100,0.08,0.08,0.08,discrete,depth,3,0.0,0.0,0.0,full_depth_depth1_rep03,94003,992.5512070821552
relu,1,depth1,1,992.5605550523502,72,29.004456043243408,100,0.08,0.08,0.08,discrete,depth,3,0.0,0.0,0.0,full_depth_depth1_rep03,94003,992.5605550523502
relu,1,depth1,1,992.5561908638858,73,28.73066806793213,100,0.08,0.08,0.08,discrete,depth,3,0.0,0.0,0.0,full_depth_depth1_rep03,94003,992.5561908638858
relu,1,depth1,1,992.5498760753858,74,28.26323699951172,100,0.08,0.08,0.08,discrete,depth,3,0.0,0.0,0.0,full_depth_depth1_rep03,94003,992.5498760753858
relu,1,depth1,1,992.543723233712,75,28.92688798904419,100,0.08,0.08,0.08,discrete,depth,3,0.0,0.0,0.0,full_depth_depth1_rep03,94003,992.543723233712
relu,1,depth1,1,992.5332939321323,76,29.04057502746582,100,0.08,0.08,0.08,discrete,depth,3,0.0,0.0,0.0,full_depth_depth1_rep03,94003,992.5332939321323
relu,1,depth1,1,992.5188850318667,77,28.915443897247314,100,0.08,0.08,0.08,discrete,depth,3,0.0,0.0,0.0,full_depth_depth1_rep03,94003,992.5188850318667
relu,1,depth1,1,992.5066107698174,78,28.702177047729492,100,0.08,0.08,0.08,discrete,depth,3,0.0,0.0,0.0,full_depth_depth1_rep03,94003,992.5066107698174
relu,1,depth1,1,992.4886881105026,79,28.914978981018066,100,0.08,0.08,0.08,discrete,depth,3,0.0,0.0,0.0,full_depth_depth1_rep03,94003,992.4886881105026
relu,1,depth1,1,992.4734879979223,80,28.736013889312744,100,0.08,0.08,0.08,discrete,depth,3,0.0,0.0,0.0,full_depth_depth1_rep03,94003,992.4734879979223
relu,1,depth1,1,974.6361955328418,81,29.136332035064697,100,0.06,0.06,0.06,discrete,depth,3,0.0,0.0,0.0,full_depth_depth1_rep03,94003,974.6361955328418
relu,1,depth1,1,974.5937217001722,82,27.97588300704956,100,0.06,0.06,0.06,discrete,depth,3,0.0,0.0,0.0,full_depth_depth1_rep03,94003,974.5937217001722
relu,1,depth1,1,974.556848509152,83,29.163009881973267,100,0.06,0.06,0.06,discrete,depth,3,0.0,0.0,0.0,full_depth_depth1_rep03,94003,974.556848509152
relu,1,depth1,1,974.5212794037277,84,29.145735025405884,100,0.06,0.06,0.06,discrete,depth,3,0.0,0.0,0.0,full_depth_depth1_rep03,94003,974.5212794037277
relu,1,depth1,1,974.4867775411793,85,28.409714937210083,100,0.06,0.06,0.06,discrete,depth,3,0.0,0.0,0.0,full_depth_depth1_rep03,94003,974.4867775411793
relu,1,depth1,1,974.4531684678273,86,28.899851083755493,100,0.06,0.06,0.06,discrete,depth,3,0.0,0.0,0.0,full_depth_depth1_rep03,94003,974.4531684678273
relu,1,depth1,1,974.4203152152631,87,28.9646418094635,100,0.06,0.06,0.06,discrete,depth,3,0.0,0.0,0.0,full_depth_depth1_rep03,94003,974.4203152152631
relu,1,depth1,1,974.38810935441,88,29.239797830581665,100,0.06,0.06,0.06,discrete,depth,3,0.0,0.0,0.0,full_depth_depth1_rep03,94003,974.38810935441
relu,1,depth1,1,974.3564644939823,89,28.0053288936615,100,0.06,0.06,0.06,discrete,depth,3,0.0,0.0,0.0,full_depth_depth1_rep03,94003,974.3564644939823
relu,1,depth1,1,974.326074905561,90,29.0168879032135,100,0.06,0.06,0.06,discrete,depth,3,0.0,0.0,0.0,full_depth_depth1_rep03,94003,974.326074905561
relu,1,depth1,1,953.1249055284309,91,29.340660095214844,100,0.04,0.04,0.04,discrete,depth,3,0.0,0.0,0.0,full_depth_depth1_rep03,94003,953.1249055284309
relu,1,depth1,1,953.1229388498659,92,28.493876934051514,100,0.04,0.04,0.04,discrete,depth,3,0.0,0.0,0.0,full_depth_depth1_rep03,94003,953.1229388498659
relu,1,depth1,1,953.0900087851749,93,29.372182846069336,100,0.04,0.04,0.04,discrete,depth,3,0.0,0.0,0.0,full_depth_depth1_rep03,94003,953.0900087851749
relu,1,depth1,1,953.0583719437693,94,29.347907066345215,100,0.04,0.04,0.04,discrete,depth,3,0.0,0.0,0.0,full_depth_depth1_rep03,94003,953.0583719437693
relu,1,depth1,1,953.02837610325,95,29.759642124176025,100,0.04,0.04,0.04,discrete,depth,3,0.0,0.0,0.0,full_depth_depth1_rep03,94003,953.02837610325
relu,1,depth1,1,952.9980253076559,96,28.67056393623352,100,0.04,0.04,0.04,discrete,depth,3,0.0,0.0,0.0,full_depth_depth1_rep03,94003,952.9980253076559
relu,1,depth1,1,952.9656615397835,97,29.612287998199463,100,0.04,0.04,0.04,discrete,depth,3,0.0,0.0,0.0,full_depth_depth1_rep03,94003,952.9656615397835
relu,1,depth1,1,952.9335704714754,98,29.478289127349854,100,0.04,0.04,0.04,discrete,depth,3,0.0,0.0,0.0,full_depth_depth1_rep03,94003,952.9335704714754
relu,1,depth1,1,952.9002728241401,99,29.944259881973267,100,0.04,0.04,0.04,discrete,depth,3,0.0,0.0,0.0,full_depth_depth1_rep03,94003,952.9002728241401
relu,1,depth1,1,952.8655933786622,100,29.513819932937622,100,0.04,0.04,0.04,discrete,depth,3,0.0,0.0,0.0,full_depth_depth1_rep03,94003,952.8655933786622
relu,1,depth1,1,925.9151684282809,101,31.109631776809692,100,0.02,0.02,0.02,discrete,depth,3,0.0,0.0,0.0,full_depth_depth1_rep03,94003,925.9151684282809
relu,1,depth1,1,926.0832790097805,102,31.054423093795776,100,0.02,0.02,0.02,discrete,depth,3,0.0,0.0,0.0,full_depth_depth1_rep03,94003,926.0832790097805
relu,1,depth1,1,926.0240253377626,103,30.074625968933105,100,0.02,0.02,0.02,discrete,depth,3,0.0,0.0,0.0,full_depth_depth1_rep03,94003,926.0240253377626
relu,1,depth1,1,925.9984250498966,104,30.43190312385559,100,0.02,0.02,0.02,discrete,depth,3,0.0,0.0,0.0,full_depth_depth1_rep03,94003,925.9984250498966
relu,1,depth1,1,925.9402681825726,105,30.958932876586914,100,0.02,0.02,0.02,discrete,depth,3,0.0,0.0,0.0,full_depth_depth1_rep03,94003,925.9402681825726
relu,1,depth1,1,925.865134766852,106,30.82411289215088,100,0.02,0.02,0.02,discrete,depth,3,0.0,0.0,0.0,full_depth_depth1_rep03,94003,925.865134766852
relu,1,depth1,1,925.7780694034243,107,29.842869997024536,100,0.02,0.02,0.02,discrete,depth,3,0.0,0.0,0.0,full_depth_depth1_rep03,94003,925.7780694034243
relu,1,depth1,1,925.6772478182834,108,30.85587787628174,100,0.02,0.02,0.02,discrete,depth,3,0.0,0.0,0.0,full_depth_depth1_rep03,94003,925.6772478182834
relu,1,depth1,1,925.5700312530706,109,30.93770694732666,100,0.02,0.02,0.02,discrete,depth,3,0.0,0.0,0.0,full_depth_depth1_rep03,94003,925.5700312530706
relu,1,depth1,1,925.4750384817543,110,31.013056993484497,100,0.02,0.02,0.02,discrete,depth,3,0.0,0.0,0.0,full_depth_depth1_rep03,94003,925.4750384817543
relu,1,depth1,1,907.6715530655101,111,31.46057105064392,100,0.01,0.01,0.01,discrete,depth,3,0.0,0.0,0.0,full_depth_depth1_rep03,94003,907.6715530655101
relu,1,depth1,1,907.8827081577006,112,30.68649697303772,100,0.01,0.01,0.01,discrete,depth,3,0.0,0.0,0.0,full_depth_depth1_rep03,94003,907.8827081577006
relu,1,depth1,1,907.8588592609635,113,31.306060075759888,100,0.01,0.01,0.01,discrete,depth,3,0.0,0.0,0.0,full_depth_depth1_rep03,94003,907.8588592609635
relu,1,depth1,1,907.5193741342785,114,31.57025909423828,100,0.01,0.01,0.01,discrete,depth,3,0.0,0.0,0.0,full_depth_depth1_rep03,94003,907.5193741342785
relu,1,depth1,1,907.3006122809304,115,31.472914934158325,100,0.01,0.01,0.01,discrete,depth,3,0.0,0.0,0.0,full_depth_depth1_rep03,94003,907.3006122809304
relu,1,depth1,1,907.3449054566919,116,31.607095956802368,100,0.01,0.01,0.01,discrete,depth,3,0.0,0.0,0.0,full_depth_depth1_rep03,94003,907.3449054566919
relu,1,depth1,1,907.4749095971023,117,30.72849678993225,100,0.01,0.01,0.01,discrete,depth,3,0.0,0.0,0.0,full_depth_depth1_rep03,94003,907.4749095971023
relu,1,depth1,1,907.1661813311816,118,33.25417900085449,100,0.01,0.01,0.01,discrete,depth,3,0.0,0.0,0.0,full_depth_depth1_rep03,94003,907.1661813311816
relu,1,depth1,1,907.226022149444,119,32.28354096412659,100,0.01,0.01,0.01,discrete,depth,3,0.0,0.0,0.0,full_depth_depth1_rep03,94003,907.226022149444
relu,1,depth1,1,907.1888821880004,120,32.129059076309204,100,0.01,0.01,0.01,discrete,depth,3,0.0,0.0,0.0,full_depth_depth1_rep03,94003,907.1888821880004
relu,1,depth1,1,885.379844094412,121,28.506184101104736,100,0.01,0.01,0.0,discrete,depth,3,0.0,0.0,0.0,full_depth_depth1_rep03,94003,885.379844094412
relu,1,depth1,1,884.5868247308136,122,24.628203868865967,100,0.01,0.01,0.0,discrete,depth,3,0.0,0.0,0.0,full_depth_depth1_rep03,94003,884.5868247308136
relu,1,depth1,1,883.9614045188355,123,25.34683609008789,100,0.01,0.01,0.0,discrete,depth,3,0.0,0.0,0.0,full_depth_depth1_rep03,94003,883.9614045188355
relu,1,depth1,1,884.0076910781343,124,25.914171934127808,100,0.01,0.01,0.0,discrete,depth,3,0.0,0.0,0.0,full_depth_depth1_rep03,94003,884.0076910781343
relu,1,depth1,1,884.943651359982,125,25.73446011543274,100,0.01,0.01,0.0,discrete,depth,3,0.0,0.0,0.0,full_depth_depth1_rep03,94003,884.943651359982
relu,1,depth1,1,884.2529905467209,126,25.493216037750244,100,0.01,0.01,0.0,discrete,depth,3,0.0,0.0,0.0,full_depth_depth1_rep03,94003,884.2529905467209
relu,1,depth1,1,884.7800894455391,127,25.658214807510376,100,0.01,0.01,0.0,discrete,depth,3,0.0,0.0,0.0,full_depth_depth1_rep03,94003,884.7800894455391
relu,1,depth1,1,884.0411827826948,128,25.07036280632019,100,0.01,0.01,0.0,discrete,depth,3,0.0,0.0,0.0,full_depth_depth1_rep03,94003,884.0411827826948
relu,1,depth1,1,884.6762990311526,129,26.293198823928833,100,0.01,0.01,0.0,discrete,depth,3,0.0,0.0,0.0,full_depth_depth1_rep03,94003,884.6762990311526
relu,1,depth1,1,884.0235035776299,130,27.860732078552246,100,0.01,0.01,0.0,discrete,depth,3,0.0,0.0,0.0,full_depth_depth1_rep03,94003,884.0235035776299
relu,1,depth1,1,2439.3811173351883,1,80.87368512153625,100,1.0,1.0,1.0,discrete,depth,4,0.0,0.0,0.0,full_depth_depth1_rep04,94004,2439.3811173351883
relu,1,depth1,1,2408.478839289224,2,27.8002610206604,100,1.0,1.0,1.0,discrete,depth,4,0.0,0.0,0.0,full_depth_depth1_rep04,94004,2408.478839289224
relu,1,depth1,1,2256.840224441495,3,28.316011905670166,100,1.0,1.0,1.0,discrete,depth,4,0.0,0.0,0.0,full_depth_depth1_rep04,94004,2256.840224441495
relu,1,depth1,1,1825.599995996852,4,27.104306936264038,100,1.0,1.0,1.0,discrete,depth,4,0.0,0.0,0.0,full_depth_depth1_rep04,94004,1825.599995996852
relu,1,depth1,1,1224.1206857427985,5,27.9441499710083,100,1.0,1.0,1.0,discrete,depth,4,0.0,0.0,0.0,full_depth_depth1_rep04,94004,1224.1206857427985
relu,1,depth1,1,979.6232322183503,6,28.343181133270264,100,1.0,1.0,1.0,discrete,depth,4,0.0,0.0,0.0,full_depth_depth1_rep04,94004,979.6232322183503
relu,1,depth1,1,956.0058910935995,7,28.308445930480957,100,1.0,1.0,1.0,discrete,depth,4,0.0,0.0,0.0,full_depth_depth1_rep04,94004,956.0058910935995
relu,1,depth1,1,951.4293630657273,8,26.785144090652466,100,1.0,1.0,1.0,discrete,depth,4,0.0,0.0,0.0,full_depth_depth1_rep04,94004,951.4293630657273
relu,1,depth1,1,947.4363874181954,9,27.917661905288696,100,1.0,1.0,1.0,discrete,depth,4,0.0,0.0,0.0,full_depth_depth1_rep04,94004,947.4363874181954
relu,1,depth1,1,943.90042844902,10,27.77169895172119,100,1.0,1.0,1.0,discrete,depth,4,0.0,0.0,0.0,full_depth_depth1_rep04,94004,943.90042844902
relu,1,depth1,1,940.8174967717542,11,27.149060010910034,100,1.0,1.0,1.0,discrete,depth,4,0.0,0.0,0.0,full_depth_depth1_rep04,94004,940.8174967717542
relu,1,depth1,1,938.1712117620315,12,28.513834953308105,100,1.0,1.0,1.0,discrete,depth,4,0.0,0.0,0.0,full_depth_depth1_rep04,94004,938.1712117620315
relu,1,depth1,1,935.9443230650636,13,28.086411952972412,100,1.0,1.0,1.0,discrete,depth,4,0.0,0.0,0.0,full_depth_depth1_rep04,94004,935.9443230650636
relu,1,depth1,1,934.1144510041698,14,27.14201807975769,100,1.0,1.0,1.0,discrete,depth,4,0.0,0.0,0.0,full_depth_depth1_rep04,94004,934.1144510041698
relu,1,depth1,1,932.6410666798666,15,28.25785803794861,100,1.0,1.0,1.0,discrete,depth,4,0.0,0.0,0.0,full_depth_depth1_rep04,94004,932.6410666798666
relu,1,depth1,1,931.5089681299869,16,28.64159393310547,100,1.0,1.0,1.0,discrete,depth,4,0.0,0.0,0.0,full_depth_depth1_rep04,94004,931.5089681299869
relu,1,depth1,1,930.681325415316,17,27.182228803634644,100,1.0,1.0,1.0,discrete,depth,4,0.0,0.0,0.0,full_depth_depth1_rep04,94004,930.681325415316
relu,1,depth1,1,930.1047531153984,18,26.790198802947998,100,1.0,1.0,1.0,discrete,depth,4,0.0,0.0,0.0,full_depth_depth1_rep04,94004,930.1047531153984
relu,1,depth1,1,929.723128691986,19,28.08308506011963,100,1.0,1.0,1.0,discrete,depth,4,0.0,0.0,0.0,full_depth_depth1_rep04,94004,929.723128691986
relu,1,depth1,1,929.4844811327326,20,28.12337303161621,100,1.0,1.0,1.0,discrete,depth,4,0.0,0.0,0.0,full_depth_depth1_rep04,94004,929.4844811327326
relu,1,depth1,1,1006.5999925677393,21,27.232157945632935,100,0.8,0.8,0.8,discrete,depth,4,0.0,0.0,0.0,full_depth_depth1_rep04,94004,1006.5999925677393
relu,1,depth1,1,1006.5916041705759,22,27.495098114013672,100,0.8,0.8,0.8,discrete,depth,4,0.0,0.0,0.0,full_depth_depth1_rep04,94004,1006.5916041705759
relu,1,depth1,1,1006.4830970181804,23,27.48519992828369,100,0.8,0.8,0.8,discrete,depth,4,0.0,0.0,0.0,full_depth_depth1_rep04,94004,1006.4830970181804
relu,1,depth1,1,1006.3698390842005,24,27.848333835601807,100,0.8,0.8,0.8,discrete,depth,4,0.0,0.0,0.0,full_depth_depth1_rep04,94004,1006.3698390842005
relu,1,depth1,1,1006.3761833757086,25,27.32345199584961,100,0.8,0.8,0.8,discrete,depth,4,0.0,0.0,0.0,full_depth_depth1_rep04,94004,1006.3761833757086
relu,1,depth1,1,1006.4054789948289,26,27.786592960357666,100,0.8,0.8,0.8,discrete,depth,4,0.0,0.0,0.0,full_depth_depth1_rep04,94004,1006.4054789948289
relu,1,depth1,1,1006.446113924633,27,28.048815965652466,100,0.8,0.8,0.8,discrete,depth,4,0.0,0.0,0.0,full_depth_depth1_rep04,94004,1006.446113924633
relu,1,depth1,1,1006.4907505183504,28,27.05690908432007,100,0.8,0.8,0.8,discrete,depth,4,0.0,0.0,0.0,full_depth_depth1_rep04,94004,1006.4907505183504
relu,1,depth1,1,1006.5351327577467,29,27.97649908065796,100,0.8,0.8,0.8,discrete,depth,4,0.0,0.0,0.0,full_depth_depth1_rep04,94004,1006.5351327577467
relu,1,depth1,1,1006.5768524089248,30,27.755141973495483,100,0.8,0.8,0.8,discrete,depth,4,0.0,0.0,0.0,full_depth_depth1_rep04,94004,1006.5768524089248
relu,1,depth1,1,1064.0098857016985,31,27.889663219451904,100,0.6,0.6,0.6,discrete,depth,4,0.0,0.0,0.0,full_depth_depth1_rep04,94004,1064.0098857016985
relu,1,depth1,1,1064.1725857123283,32,27.11861801147461,100,0.6,0.6,0.6,discrete,depth,4,0.0,0.0,0.0,full_depth_depth1_rep04,94004,1064.1725857123283
relu,1,depth1,1,1064.2188396978331,33,27.912400007247925,100,0.6,0.6,0.6,discrete,depth,4,0.0,0.0,0.0,full_depth_depth1_rep04,94004,1064.2188396978331
relu,1,depth1,1,1064.2660250683157,34,27.956063985824585,100,0.6,0.6,0.6,discrete,depth,4,0.0,0.0,0.0,full_depth_depth1_rep04,94004,1064.2660250683157
relu,1,depth1,1,1064.3120178500085,35,27.435506105422974,100,0.6,0.6,0.6,discrete,depth,4,0.0,0.0,0.0,full_depth_depth1_rep04,94004,1064.3120178500085
relu,1,depth1,1,1064.3546758348136,36,27.9385929107666,100,0.6,0.6,0.6,discrete,depth,4,0.0,0.0,0.0,full_depth_depth1_rep04,94004,1064.3546758348136
relu,1,depth1,1,1064.3926726770044,37,29.054996967315674,100,0.6,0.6,0.6,discrete,depth,4,0.0,0.0,0.0,full_depth_depth1_rep04,94004,1064.3926726770044
relu,1,depth1,1,1064.4265162723484,38,27.91752290725708,100,0.6,0.6,0.6,discrete,depth,4,0.0,0.0,0.0,full_depth_depth1_rep04,94004,1064.4265162723484
relu,1,depth1,1,1064.4557133108801,39,27.45440983772278,100,0.6,0.6,0.6,discrete,depth,4,0.0,0.0,0.0,full_depth_depth1_rep04,94004,1064.4557133108801
relu,1,depth1,1,1064.4806244284905,40,27.85686492919922,100,0.6,0.6,0.6,discrete,depth,4,0.0,0.0,0.0,full_depth_depth1_rep04,94004,1064.4806244284905
relu,1,depth1,1,1094.0380488068909,41,27.714184045791626,100,0.4,0.4,0.4,discrete,depth,4,0.0,0.0,0.0,full_depth_depth1_rep04,94004,1094.0380488068909
relu,1,depth1,1,1093.9871573107575,42,27.98930287361145,100,0.4,0.4,0.4,discrete,depth,4,0.0,0.0,0.0,full_depth_depth1_rep04,94004,1093.9871573107575
relu,1,depth1,1,1093.975878048998,43,26.60973310470581,100,0.4,0.4,0.4,discrete,depth,4,0.0,0.0,0.0,full_depth_depth1_rep04,94004,1093.975878048998
relu,1,depth1,1,1093.9727803487979,44,27.355807065963745,100,0.4,0.4,0.4,discrete,depth,4,0.0,0.0,0.0,full_depth_depth1_rep04,94004,1093.9727803487979
relu,1,depth1,1,1093.9799768420066,45,27.683316946029663,100,0.4,0.4,0.4,discrete,depth,4,0.0,0.0,0.0,full_depth_depth1_rep04,94004,1093.9799768420066
relu,1,depth1,1,1093.9921063955494,46,26.840162992477417,100,0.4,0.4,0.4,discrete,depth,4,0.0,0.0,0.0,full_depth_depth1_rep04,94004,1093.9921063955494
relu,1,depth1,1,1094.0058291503626,47,27.591120958328247,100,0.4,0.4,0.4,discrete,depth,4,0.0,0.0,0.0,full_depth_depth1_rep04,94004,1094.0058291503626
relu,1,depth1,1,1094.0193175451047,48,27.420257091522217,100,0.4,0.4,0.4,discrete,depth,4,0.0,0.0,0.0,full_depth_depth1_rep04,94004,1094.0193175451047
relu,1,depth1,1,1094.0316552505028,49,26.8510639667511,100,0.4,0.4,0.4,discrete,depth,4,0.0,0.0,0.0,full_depth_depth1_rep04,94004,1094.0316552505028
relu,1,depth1,1,1094.0424557845063,50,26.564418077468872,100,0.4,0.4,0.4,discrete,depth,4,0.0,0.0,0.0,full_depth_depth1_rep04,94004,1094.0424557845063
relu,1,depth1,1,1075.3877917506536,51,27.97168803215027,100,0.2,0.2,0.2,discrete,depth,4,0.0,0.0,0.0,full_depth_depth1_rep04,94004,1075.3877917506536
relu,1,depth1,1,1075.1799858794461,52,27.693464040756226,100,0.2,0.2,0.2,discrete,depth,4,0.0,0.0,0.0,full_depth_depth1_rep04,94004,1075.1799858794461
relu,1,depth1,1,1075.1043510127374,53,27.146680116653442,100,0.2,0.2,0.2,discrete,depth,4,0.0,0.0,0.0,full_depth_depth1_rep04,94004,1075.1043510127374
relu,1,depth1,1,1075.054251039347,54,27.602057933807373,100,0.2,0.2,0.2,discrete,depth,4,0.0,0.0,0.0,full_depth_depth1_rep04,94004,1075.054251039347
relu,1,depth1,1,1075.0228758011604,55,28.23698401451111,100,0.2,0.2,0.2,discrete,depth,4,0.0,0.0,0.0,full_depth_depth1_rep04,94004,1075.0228758011604
relu,1,depth1,1,1075.0028169225398,56,27.84285879135132,100,0.2,0.2,0.2,discrete,depth,4,0.0,0.0,0.0,full_depth_depth1_rep04,94004,1075.0028169225398
relu,1,depth1,1,1074.9894607710087,57,26.706226110458374,100,0.2,0.2,0.2,discrete,depth,4,0.0,0.0,0.0,full_depth_depth1_rep04,94004,1074.9894607710087
relu,1,depth1,1,1074.9799669395113,58,27.854238986968994,100,0.2,0.2,0.2,discrete,depth,4,0.0,0.0,0.0,full_depth_depth1_rep04,94004,1074.9799669395113
relu,1,depth1,1,1074.9726019030986,59,28.932729959487915,100,0.2,0.2,0.2,discrete,depth,4,0.0,0.0,0.0,full_depth_depth1_rep04,94004,1074.9726019030986
relu,1,depth1,1,1074.9663234160598,60,27.05616593360901,100,0.2,0.2,0.2,discrete,depth,4,0.0,0.0,0.0,full_depth_depth1_rep04,94004,1074.9663234160598
relu,1,depth1,1,1029.983720488593,61,28.015772104263306,100,0.1,0.1,0.1,discrete,depth,4,0.0,0.0,0.0,full_depth_depth1_rep04,94004,1029.983720488593
relu,1,depth1,1,1029.8438412589953,62,27.952811002731323,100,0.1,0.1,0.1,discrete,depth,4,0.0,0.0,0.0,full_depth_depth1_rep04,94004,1029.8438412589953
relu,1,depth1,1,1029.710980383334,63,28.0612211227417,100,0.1,0.1,0.1,discrete,depth,4,0.0,0.0,0.0,full_depth_depth1_rep04,94004,1029.710980383334
relu,1,depth1,1,1029.605140273932,64,27.293145179748535,100,0.1,0.1,0.1,discrete,depth,4,0.0,0.0,0.0,full_depth_depth1_rep04,94004,1029.605140273932
relu,1,depth1,1,1029.5159590207595,65,28.25537896156311,100,0.1,0.1,0.1,discrete,depth,4,0.0,0.0,0.0,full_depth_depth1_rep04,94004,1029.5159590207595
relu,1,depth1,1,1029.4374371480208,66,28.33105993270874,100,0.1,0.1,0.1,discrete,depth,4,0.0,0.0,0.0,full_depth_depth1_rep04,94004,1029.4374371480208
relu,1,depth1,1,1029.366474345393,67,28.351291179656982,100,0.1,0.1,0.1,discrete,depth,4,0.0,0.0,0.0,full_depth_depth1_rep04,94004,1029.366474345393
relu,1,depth1,1,1029.3013540265397,68,27.16277003288269,100,0.1,0.1,0.1,discrete,depth,4,0.0,0.0,0.0,full_depth_depth1_rep04,94004,1029.3013540265397
relu,1,depth1,1,1029.2410380857534,69,28.120425939559937,100,0.1,0.1,0.1,discrete,depth,4,0.0,0.0,0.0,full_depth_depth1_rep04,94004,1029.2410380857534
relu,1,depth1,1,1029.1848491725293,70,28.081688165664673,100,0.1,0.1,0.1,discrete,depth,4,0.0,0.0,0.0,full_depth_depth1_rep04,94004,1029.1848491725293
relu,1,depth1,1,1014.6709551959871,71,27.57975196838379,100,0.08,0.08,0.08,discrete,depth,4,0.0,0.0,0.0,full_depth_depth1_rep04,94004,1014.6709551959871
relu,1,depth1,1,1014.5854531609261,72,28.398903131484985,100,0.08,0.08,0.08,discrete,depth,4,0.0,0.0,0.0,full_depth_depth1_rep04,94004,1014.5854531609261
relu,1,depth1,1,1014.493874027611,73,28.164191961288452,100,0.08,0.08,0.08,discrete,depth,4,0.0,0.0,0.0,full_depth_depth1_rep04,94004,1014.493874027611
relu,1,depth1,1,1014.408568201423,74,28.534726858139038,100,0.08,0.08,0.08,discrete,depth,4,0.0,0.0,0.0,full_depth_depth1_rep04,94004,1014.408568201423
relu,1,depth1,1,1014.3295264950025,75,27.344614028930664,100,0.08,0.08,0.08,discrete,depth,4,0.0,0.0,0.0,full_depth_depth1_rep04,94004,1014.3295264950025
relu,1,depth1,1,1014.2564102085365,76,27.962471961975098,100,0.08,0.08,0.08,discrete,depth,4,0.0,0.0,0.0,full_depth_depth1_rep04,94004,1014.2564102085365
relu,1,depth1,1,1014.1888429410019,77,28.174903869628906,100,0.08,0.08,0.08,discrete,depth,4,0.0,0.0,0.0,full_depth_depth1_rep04,94004,1014.1888429410019
relu,1,depth1,1,1014.1264352671969,78,28.566301107406616,100,0.08,0.08,0.08,discrete,depth,4,0.0,0.0,0.0,full_depth_depth1_rep04,94004,1014.1264352671969
relu,1,depth1,1,1014.0688422550527,79,27.089287042617798,100,0.08,0.08,0.08,discrete,depth,4,0.0,0.0,0.0,full_depth_depth1_rep04,94004,1014.0688422550527
relu,1,depth1,1,1014.0158114284266,80,29.314884901046753,100,0.08,0.08,0.08,discrete,depth,4,0.0,0.0,0.0,full_depth_depth1_rep04,94004,1014.0158114284266
relu,1,depth1,1,996.8394987946424,81,28.379377841949463,100,0.06,0.06,0.06,discrete,depth,4,0.0,0.0,0.0,full_depth_depth1_rep04,94004,996.8394987946424
relu,1,depth1,1,996.7959436669847,82,28.478146076202393,100,0.06,0.06,0.06,discrete,depth,4,0.0,0.0,0.0,full_depth_depth1_rep04,94004,996.7959436669847
relu,1,depth1,1,996.7482546215083,83,27.565426111221313,100,0.06,0.06,0.06,discrete,depth,4,0.0,0.0,0.0,full_depth_depth1_rep04,94004,996.7482546215083
relu,1,depth1,1,996.6995124854652,84,28.773290157318115,100,0.06,0.06,0.06,discrete,depth,4,0.0,0.0,0.0,full_depth_depth1_rep04,94004,996.6995124854652
relu,1,depth1,1,996.6494939416557,85,28.563113927841187,100,0.06,0.06,0.06,discrete,depth,4,0.0,0.0,0.0,full_depth_depth1_rep04,94004,996.6494939416557
relu,1,depth1,1,996.5993766371098,86,28.342551946640015,100,0.06,0.06,0.06,discrete,depth,4,0.0,0.0,0.0,full_depth_depth1_rep04,94004,996.5993766371098
relu,1,depth1,1,996.5502641700385,87,27.72080898284912,100,0.06,0.06,0.06,discrete,depth,4,0.0,0.0,0.0,full_depth_depth1_rep04,94004,996.5502641700385
relu,1,depth1,1,996.5027604170722,88,28.37560200691223,100,0.06,0.06,0.06,discrete,depth,4,0.0,0.0,0.0,full_depth_depth1_rep04,94004,996.5027604170722
relu,1,depth1,1,996.4558684209271,89,28.83647918701172,100,0.06,0.06,0.06,discrete,depth,4,0.0,0.0,0.0,full_depth_depth1_rep04,94004,996.4558684209271
relu,1,depth1,1,996.3929621734278,90,28.652579069137573,100,0.06,0.06,0.06,discrete,depth,4,0.0,0.0,0.0,full_depth_depth1_rep04,94004,996.3929621734278
relu,1,depth1,1,975.5032944417018,91,28.46344304084778,100,0.04,0.04,0.04,discrete,depth,4,0.0,0.0,0.0,full_depth_depth1_rep04,94004,975.5032944417018
relu,1,depth1,1,975.4586597154522,92,29.23369312286377,100,0.04,0.04,0.04,discrete,depth,4,0.0,0.0,0.0,full_depth_depth1_rep04,94004,975.4586597154522
relu,1,depth1,1,975.3803052704345,93,29.219395875930786,100,0.04,0.04,0.04,discrete,depth,4,0.0,0.0,0.0,full_depth_depth1_rep04,94004,975.3803052704345
relu,1,depth1,1,975.2991010668579,94,29.272921085357666,100,0.04,0.04,0.04,discrete,depth,4,0.0,0.0,0.0,full_depth_depth1_rep04,94004,975.2991010668579
relu,1,depth1,1,975.2158024715926,95,28.515704870224,100,0.04,0.04,0.04,discrete,depth,4,0.0,0.0,0.0,full_depth_depth1_rep04,94004,975.2158024715926
relu,1,depth1,1,975.1502860789204,96,29.69047212600708,100,0.04,0.04,0.04,discrete,depth,4,0.0,0.0,0.0,full_depth_depth1_rep04,94004,975.1502860789204
relu,1,depth1,1,975.0938035956979,97,29.183470010757446,100,0.04,0.04,0.04,discrete,depth,4,0.0,0.0,0.0,full_depth_depth1_rep04,94004,975.0938035956979
relu,1,depth1,1,975.0436178049288,98,29.20884108543396,100,0.04,0.04,0.04,discrete,depth,4,0.0,0.0,0.0,full_depth_depth1_rep04,94004,975.0436178049288
relu,1,depth1,1,974.9971371397141,99,28.79992389678955,100,0.04,0.04,0.04,discrete,depth,4,0.0,0.0,0.0,full_depth_depth1_rep04,94004,974.9971371397141
relu,1,depth1,1,974.9520572313056,100,29.44247007369995,100,0.04,0.04,0.04,discrete,depth,4,0.0,0.0,0.0,full_depth_depth1_rep04,94004,974.9520572313056
relu,1,depth1,1,948.1033251805458,101,31.386734008789062,100,0.02,0.02,0.02,discrete,depth,4,0.0,0.0,0.0,full_depth_depth1_rep04,94004,948.1033251805458
relu,1,depth1,1,948.2441884529031,102,30.314346075057983,100,0.02,0.02,0.02,discrete,depth,4,0.0,0.0,0.0,full_depth_depth1_rep04,94004,948.2441884529031
relu,1,depth1,1,948.1405487194169,103,29.69203805923462,100,0.02,0.02,0.02,discrete,depth,4,0.0,0.0,0.0,full_depth_depth1_rep04,94004,948.1405487194169
relu,1,depth1,1,948.0884577263097,104,30.169888973236084,100,0.02,0.02,0.02,discrete,depth,4,0.0,0.0,0.0,full_depth_depth1_rep04,94004,948.0884577263097
relu,1,depth1,1,948.018050852112,105,30.4984769821167,100,0.02,0.02,0.02,discrete,depth,4,0.0,0.0,0.0,full_depth_depth1_rep04,94004,948.018050852112
relu,1,depth1,1,947.9413729068935,106,30.5436749458313,100,0.02,0.02,0.02,discrete,depth,4,0.0,0.0,0.0,full_depth_depth1_rep04,94004,947.9413729068935
relu,1,depth1,1,947.8604264025558,107,30.3891818523407,100,0.02,0.02,0.02,discrete,depth,4,0.0,0.0,0.0,full_depth_depth1_rep04,94004,947.8604264025558
relu,1,depth1,1,947.7809090852693,108,29.71825909614563,100,0.02,0.02,0.02,discrete,depth,4,0.0,0.0,0.0,full_depth_depth1_rep04,94004,947.7809090852693
relu,1,depth1,1,947.7039892610906,109,30.48366093635559,100,0.02,0.02,0.02,discrete,depth,4,0.0,0.0,0.0,full_depth_depth1_rep04,94004,947.7039892610906
relu,1,depth1,1,947.6313937755493,110,30.627223014831543,100,0.02,0.02,0.02,discrete,depth,4,0.0,0.0,0.0,full_depth_depth1_rep04,94004,947.6313937755493
relu,1,depth1,1,929.9204596648226,111,30.916604042053223,100,0.01,0.01,0.01,discrete,depth,4,0.0,0.0,0.0,full_depth_depth1_rep04,94004,929.9204596648226
relu,1,depth1,1,929.9252310896762,112,31.182964086532593,100,0.01,0.01,0.01,discrete,depth,4,0.0,0.0,0.0,full_depth_depth1_rep04,94004,929.9252310896762
relu,1,depth1,1,930.2553615971691,113,31.1054790019989,100,0.01,0.01,0.01,discrete,depth,4,0.0,0.0,0.0,full_depth_depth1_rep04,94004,930.2553615971691
relu,1,depth1,1,930.2435589055724,114,30.391982793807983,100,0.01,0.01,0.01,discrete,depth,4,0.0,0.0,0.0,full_depth_depth1_rep04,94004,930.2435589055724
relu,1,depth1,1,929.6131686387365,115,30.961852073669434,100,0.01,0.01,0.01,discrete,depth,4,0.0,0.0,0.0,full_depth_depth1_rep04,94004,929.6131686387365
relu,1,depth1,1,930.0708272373337,116,30.99250316619873,100,0.01,0.01,0.01,discrete,depth,4,0.0,0.0,0.0,full_depth_depth1_rep04,94004,930.0708272373337
relu,1,depth1,1,929.3765369917056,117,31.264209985733032,100,0.01,0.01,0.01,discrete,depth,4,0.0,0.0,0.0,full_depth_depth1_rep04,94004,929.3765369917056
relu,1,depth1,1,929.7460224423646,118,31.140663862228394,100,0.01,0.01,0.01,discrete,depth,4,0.0,0.0,0.0,full_depth_depth1_rep04,94004,929.7460224423646
relu,1,depth1,1,929.3033616307832,119,30.090215921401978,100,0.01,0.01,0.01,discrete,depth,4,0.0,0.0,0.0,full_depth_depth1_rep04,94004,929.3033616307832
relu,1,depth1,1,929.8271845940787,120,31.524038076400757,100,0.01,0.01,0.01,discrete,depth,4,0.0,0.0,0.0,full_depth_depth1_rep04,94004,929.8271845940787
relu,1,depth1,1,907.8683696613922,121,28.976585865020752,100,0.01,0.01,0.0,discrete,depth,4,0.0,0.0,0.0,full_depth_depth1_rep04,94004,907.8683696613922
relu,1,depth1,1,906.6343414750012,122,25.878605842590332,100,0.01,0.01,0.0,discrete,depth,4,0.0,0.0,0.0,full_depth_depth1_rep04,94004,906.6343414750012
relu,1,depth1,1,907.1275756649644,123,25.00981307029724,100,0.01,0.01,0.0,discrete,depth,4,0.0,0.0,0.0,full_depth_depth1_rep04,94004,907.1275756649644
relu,1,depth1,1,906.8299387163331,124,25.71198296546936,100,0.01,0.01,0.0,discrete,depth,4,0.0,0.0,0.0,full_depth_depth1_rep04,94004,906.8299387163331
relu,1,depth1,1,906.8113927668842,125,24.865117073059082,100,0.01,0.01,0.0,discrete,depth,4,0.0,0.0,0.0,full_depth_depth1_rep04,94004,906.8113927668842
relu,1,depth1,1,906.8426156082547,126,25.295469999313354,100,0.01,0.01,0.0,discrete,depth,4,0.0,0.0,0.0,full_depth_depth1_rep04,94004,906.8426156082547
relu,1,depth1,1,906.5299783421201,127,25.25453209877014,100,0.01,0.01,0.0,discrete,depth,4,0.0,0.0,0.0,full_depth_depth1_rep04,94004,906.5299783421201
relu,1,depth1,1,906.5265431540505,128,25.097572088241577,100,0.01,0.01,0.0,discrete,depth,4,0.0,0.0,0.0,full_depth_depth1_rep04,94004,906.5265431540505
relu,1,depth1,1,906.2087248769099,129,25.24410891532898,100,0.01,0.01,0.0,discrete,depth,4,0.0,0.0,0.0,full_depth_depth1_rep04,94004,906.2087248769099
relu,1,depth1,1,906.3119422581308,130,25.229875087738037,100,0.01,0.01,0.0,discrete,depth,4,0.0,0.0,0.0,full_depth_depth1_rep04,94004,906.3119422581308
relu,1,depth1,1,2485.39773074866,1,84.43708610534668,100,1.0,1.0,1.0,discrete,depth,5,0.0,0.0,0.0,full_depth_depth1_rep05,94005,2485.39773074866
relu,1,depth1,1,2463.6218308043376,2,27.779327154159546,100,1.0,1.0,1.0,discrete,depth,5,0.0,0.0,0.0,full_depth_depth1_rep05,94005,2463.6218308043376
relu,1,depth1,1,2373.1253440281666,3,28.29277992248535,100,1.0,1.0,1.0,discrete,depth,5,0.0,0.0,0.0,full_depth_depth1_rep05,94005,2373.1253440281666
relu,1,depth1,1,2076.0082799547286,4,27.37020707130432,100,1.0,1.0,1.0,discrete,depth,5,0.0,0.0,0.0,full_depth_depth1_rep05,94005,2076.0082799547286
relu,1,depth1,1,1500.2866460267746,5,28.36101007461548,100,1.0,1.0,1.0,discrete,depth,5,0.0,0.0,0.0,full_depth_depth1_rep05,94005,1500.2866460267746
relu,1,depth1,1,1071.2784546872451,6,28.6006760597229,100,1.0,1.0,1.0,discrete,depth,5,0.0,0.0,0.0,full_depth_depth1_rep05,94005,1071.2784546872451
relu,1,depth1,1,997.3327728295349,7,29.011630058288574,100,1.0,1.0,1.0,discrete,depth,5,0.0,0.0,0.0,full_depth_depth1_rep05,94005,997.3327728295349
relu,1,depth1,1,983.1696950826462,8,27.629075050354004,100,1.0,1.0,1.0,discrete,depth,5,0.0,0.0,0.0,full_depth_depth1_rep05,94005,983.1696950826462
relu,1,depth1,1,975.9467807946638,9,28.52267813682556,100,1.0,1.0,1.0,discrete,depth,5,0.0,0.0,0.0,full_depth_depth1_rep05,94005,975.9467807946638
relu,1,depth1,1,970.1221263451745,10,28.680240154266357,100,1.0,1.0,1.0,discrete,depth,5,0.0,0.0,0.0,full_depth_depth1_rep05,94005,970.1221263451745
relu,1,depth1,1,965.236060150936,11,27.781954050064087,100,1.0,1.0,1.0,discrete,depth,5,0.0,0.0,0.0,full_depth_depth1_rep05,94005,965.236060150936
relu,1,depth1,1,961.2598633638605,12,28.66373896598816,100,1.0,1.0,1.0,discrete,depth,5,0.0,0.0,0.0,full_depth_depth1_rep05,94005,961.2598633638605
relu,1,depth1,1,958.190840000549,13,28.509083032608032,100,1.0,1.0,1.0,discrete,depth,5,0.0,0.0,0.0,full_depth_depth1_rep05,94005,958.190840000549
relu,1,depth1,1,955.9781945422384,14,27.778486013412476,100,1.0,1.0,1.0,discrete,depth,5,0.0,0.0,0.0,full_depth_depth1_rep05,94005,955.9781945422384
relu,1,depth1,1,954.4484471713554,15,30.061882972717285,100,1.0,1.0,1.0,discrete,depth,5,0.0,0.0,0.0,full_depth_depth1_rep05,94005,954.4484471713554
relu,1,depth1,1,953.3912936366969,16,29.079755783081055,100,1.0,1.0,1.0,discrete,depth,5,0.0,0.0,0.0,full_depth_depth1_rep05,94005,953.3912936366969
relu,1,depth1,1,952.6478428886898,17,29.356807947158813,100,1.0,1.0,1.0,discrete,depth,5,0.0,0.0,0.0,full_depth_depth1_rep05,94005,952.6478428886898
relu,1,depth1,1,952.1005170974008,18,27.634695053100586,100,1.0,1.0,1.0,discrete,depth,5,0.0,0.0,0.0,full_depth_depth1_rep05,94005,952.1005170974008
relu,1,depth1,1,951.6946094499198,19,29.049625158309937,100,1.0,1.0,1.0,discrete,depth,5,0.0,0.0,0.0,full_depth_depth1_rep05,94005,951.6946094499198
relu,1,depth1,1,951.3870505654797,20,29.01331090927124,100,1.0,1.0,1.0,discrete,depth,5,0.0,0.0,0.0,full_depth_depth1_rep05,94005,951.3870505654797
relu,1,depth1,1,1032.127175786827,21,27.426160097122192,100,0.8,0.8,0.8,discrete,depth,5,0.0,0.0,0.0,full_depth_depth1_rep05,94005,1032.127175786827
relu,1,depth1,1,1031.1571147296022,22,28.407446146011353,100,0.8,0.8,0.8,discrete,depth,5,0.0,0.0,0.0,full_depth_depth1_rep05,94005,1031.1571147296022
relu,1,depth1,1,1030.886846392371,23,28.590736865997314,100,0.8,0.8,0.8,discrete,depth,5,0.0,0.0,0.0,full_depth_depth1_rep05,94005,1030.886846392371
relu,1,depth1,1,1030.7323412065114,24,28.11537194252014,100,0.8,0.8,0.8,discrete,depth,5,0.0,0.0,0.0,full_depth_depth1_rep05,94005,1030.7323412065114
relu,1,depth1,1,1030.6153445895625,25,28.09223699569702,100,0.8,0.8,0.8,discrete,depth,5,0.0,0.0,0.0,full_depth_depth1_rep05,94005,1030.6153445895625
relu,1,depth1,1,1030.5202249410368,26,28.593713998794556,100,0.8,0.8,0.8,discrete,depth,5,0.0,0.0,0.0,full_depth_depth1_rep05,94005,1030.5202249410368
relu,1,depth1,1,1030.44929818457,27,28.3888201713562,100,0.8,0.8,0.8,discrete,depth,5,0.0,0.0,0.0,full_depth_depth1_rep05,94005,1030.44929818457
relu,1,depth1,1,1030.3928631811336,28,27.77898907661438,100,0.8,0.8,0.8,discrete,depth,5,0.0,0.0,0.0,full_depth_depth1_rep05,94005,1030.3928631811336
relu,1,depth1,1,1030.3490740353786,29,28.58912491798401,100,0.8,0.8,0.8,discrete,depth,5,0.0,0.0,0.0,full_depth_depth1_rep05,94005,1030.3490740353786
relu,1,depth1,1,1030.338019870729,30,28.94850778579712,100,0.8,0.8,0.8,discrete,depth,5,0.0,0.0,0.0,full_depth_depth1_rep05,94005,1030.338019870729
relu,1,depth1,1,1092.7857332611354,31,27.344085931777954,100,0.6,0.6,0.6,discrete,depth,5,0.0,0.0,0.0,full_depth_depth1_rep05,94005,1092.7857332611354
relu,1,depth1,1,1092.2341993894315,32,28.471648931503296,100,0.6,0.6,0.6,discrete,depth,5,0.0,0.0,0.0,full_depth_depth1_rep05,94005,1092.2341993894315
relu,1,depth1,1,1092.1870695260159,33,28.471374988555908,100,0.6,0.6,0.6,discrete,depth,5,0.0,0.0,0.0,full_depth_depth1_rep05,94005,1092.1870695260159
relu,1,depth1,1,1092.1513137747302,34,27.923672914505005,100,0.6,0.6,0.6,discrete,depth,5,0.0,0.0,0.0,full_depth_depth1_rep05,94005,1092.1513137747302
relu,1,depth1,1,1092.108587435003,35,28.379554986953735,100,0.6,0.6,0.6,discrete,depth,5,0.0,0.0,0.0,full_depth_depth1_rep05,94005,1092.108587435003
relu,1,depth1,1,1092.0763425206342,36,29.057955980300903,100,0.6,0.6,0.6,discrete,depth,5,0.0,0.0,0.0,full_depth_depth1_rep05,94005,1092.0763425206342
relu,1,depth1,1,1092.0577497040429,37,27.631940841674805,100,0.6,0.6,0.6,discrete,depth,5,0.0,0.0,0.0,full_depth_depth1_rep05,94005,1092.0577497040429
relu,1,depth1,1,1092.0449907337804,38,28.39063000679016,100,0.6,0.6,0.6,discrete,depth,5,0.0,0.0,0.0,full_depth_depth1_rep05,94005,1092.0449907337804
relu,1,depth1,1,1092.043787619593,39,28.626861095428467,100,0.6,0.6,0.6,discrete,depth,5,0.0,0.0,0.0,full_depth_depth1_rep05,94005,1092.043787619593
relu,1,depth1,1,1092.0404097421172,40,28.511134147644043,100,0.6,0.6,0.6,discrete,depth,5,0.0,0.0,0.0,full_depth_depth1_rep05,94005,1092.0404097421172
relu,1,depth1,1,1127.745998416439,41,27.770384073257446,100,0.4,0.4,0.4,discrete,depth,5,0.0,0.0,0.0,full_depth_depth1_rep05,94005,1127.745998416439
relu,1,depth1,1,1126.9898422852818,42,28.142301082611084,100,0.4,0.4,0.4,discrete,depth,5,0.0,0.0,0.0,full_depth_depth1_rep05,94005,1126.9898422852818
relu,1,depth1,1,1126.879845047054,43,28.742187976837158,100,0.4,0.4,0.4,discrete,depth,5,0.0,0.0,0.0,full_depth_depth1_rep05,94005,1126.879845047054
relu,1,depth1,1,1126.8246497448433,44,27.958444118499756,100,0.4,0.4,0.4,discrete,depth,5,0.0,0.0,0.0,full_depth_depth1_rep05,94005,1126.8246497448433
relu,1,depth1,1,1126.784691591839,45,28.60311985015869,100,0.4,0.4,0.4,discrete,depth,5,0.0,0.0,0.0,full_depth_depth1_rep05,94005,1126.784691591839
relu,1,depth1,1,1126.754230514432,46,28.243752002716064,100,0.4,0.4,0.4,discrete,depth,5,0.0,0.0,0.0,full_depth_depth1_rep05,94005,1126.754230514432
relu,1,depth1,1,1126.7386934876477,47,28.444849967956543,100,0.4,0.4,0.4,discrete,depth,5,0.0,0.0,0.0,full_depth_depth1_rep05,94005,1126.7386934876477
relu,1,depth1,1,1126.7127191749184,48,27.227173805236816,100,0.4,0.4,0.4,discrete,depth,5,0.0,0.0,0.0,full_depth_depth1_rep05,94005,1126.7127191749184
relu,1,depth1,1,1126.6912742926359,49,28.202682971954346,100,0.4,0.4,0.4,discrete,depth,5,0.0,0.0,0.0,full_depth_depth1_rep05,94005,1126.6912742926359
relu,1,depth1,1,1126.6727027227796,50,28.309098958969116,100,0.4,0.4,0.4,discrete,depth,5,0.0,0.0,0.0,full_depth_depth1_rep05,94005,1126.6727027227796
relu,1,depth1,1,1119.6012634013591,51,27.407514095306396,100,0.2,0.2,0.2,discrete,depth,5,0.0,0.0,0.0,full_depth_depth1_rep05,94005,1119.6012634013591
relu,1,depth1,1,1116.6244838628195,52,28.248735904693604,100,0.2,0.2,0.2,discrete,depth,5,0.0,0.0,0.0,full_depth_depth1_rep05,94005,1116.6244838628195
relu,1,depth1,1,1116.3531842470825,53,28.18859100341797,100,0.2,0.2,0.2,discrete,depth,5,0.0,0.0,0.0,full_depth_depth1_rep05,94005,1116.3531842470825
relu,1,depth1,1,1116.1693894841212,54,27.81340503692627,100,0.2,0.2,0.2,discrete,depth,5,0.0,0.0,0.0,full_depth_depth1_rep05,94005,1116.1693894841212
relu,1,depth1,1,1116.007195777399,55,27.246227979660034,100,0.2,0.2,0.2,discrete,depth,5,0.0,0.0,0.0,full_depth_depth1_rep05,94005,1116.007195777399
relu,1,depth1,1,1115.8694474913398,56,28.10539197921753,100,0.2,0.2,0.2,discrete,depth,5,0.0,0.0,0.0,full_depth_depth1_rep05,94005,1115.8694474913398
relu,1,depth1,1,1115.7487422583167,57,28.97931694984436,100,0.2,0.2,0.2,discrete,depth,5,0.0,0.0,0.0,full_depth_depth1_rep05,94005,1115.7487422583167
relu,1,depth1,1,1115.6385400027466,58,27.971111059188843,100,0.2,0.2,0.2,discrete,depth,5,0.0,0.0,0.0,full_depth_depth1_rep05,94005,1115.6385400027466
relu,1,depth1,1,1115.5389773923762,59,28.42809295654297,100,0.2,0.2,0.2,discrete,depth,5,0.0,0.0,0.0,full_depth_depth1_rep05,94005,1115.5389773923762
relu,1,depth1,1,1115.4462528899664,60,28.335224866867065,100,0.2,0.2,0.2,discrete,depth,5,0.0,0.0,0.0,full_depth_depth1_rep05,94005,1115.4462528899664
relu,1,depth1,1,1083.4544308095071,61,27.670319080352783,100,0.1,0.1,0.1,discrete,depth,5,0.0,0.0,0.0,full_depth_depth1_rep05,94005,1083.4544308095071
relu,1,depth1,1,1080.9982590963646,62,28.578253030776978,100,0.1,0.1,0.1,discrete,depth,5,0.0,0.0,0.0,full_depth_depth1_rep05,94005,1080.9982590963646
relu,1,depth1,1,1080.6352702763606,63,28.715199947357178,100,0.1,0.1,0.1,discrete,depth,5,0.0,0.0,0.0,full_depth_depth1_rep05,94005,1080.6352702763606
relu,1,depth1,1,1080.27856719038,64,29.310012102127075,100,0.1,0.1,0.1,discrete,depth,5,0.0,0.0,0.0,full_depth_depth1_rep05,94005,1080.27856719038
relu,1,depth1,1,1079.9709898895003,65,27.62392520904541,100,0.1,0.1,0.1,discrete,depth,5,0.0,0.0,0.0,full_depth_depth1_rep05,94005,1079.9709898895003
relu,1,depth1,1,1079.7169084793013,66,28.705833911895752,100,0.1,0.1,0.1,discrete,depth,5,0.0,0.0,0.0,full_depth_depth1_rep05,94005,1079.7169084793013
relu,1,depth1,1,1079.5089128799855,67,28.759732961654663,100,0.1,0.1,0.1,discrete,depth,5,0.0,0.0,0.0,full_depth_depth1_rep05,94005,1079.5089128799855
relu,1,depth1,1,1079.3307639853801,68,28.028748035430908,100,0.1,0.1,0.1,discrete,depth,5,0.0,0.0,0.0,full_depth_depth1_rep05,94005,1079.3307639853801
relu,1,depth1,1,1079.1739313251774,69,28.934009075164795,100,0.1,0.1,0.1,discrete,depth,5,0.0,0.0,0.0,full_depth_depth1_rep05,94005,1079.1739313251774
relu,1,depth1,1,1079.0366272061372,70,28.88143491744995,100,0.1,0.1,0.1,discrete,depth,5,0.0,0.0,0.0,full_depth_depth1_rep05,94005,1079.0366272061372
relu,1,depth1,1,1071.6778002199464,71,29.8752121925354,100,0.08,0.08,0.08,discrete,depth,5,0.0,0.0,0.0,full_depth_depth1_rep05,94005,1071.6778002199464
relu,1,depth1,1,1071.4250317882302,72,29.528983116149902,100,0.08,0.08,0.08,discrete,depth,5,0.0,0.0,0.0,full_depth_depth1_rep05,94005,1071.4250317882302
relu,1,depth1,1,1071.3283644319135,73,29.658448934555054,100,0.08,0.08,0.08,discrete,depth,5,0.0,0.0,0.0,full_depth_depth1_rep05,94005,1071.3283644319135
relu,1,depth1,1,1071.2378611243585,74,29.978449821472168,100,0.08,0.08,0.08,discrete,depth,5,0.0,0.0,0.0,full_depth_depth1_rep05,94005,1071.2378611243585
relu,1,depth1,1,1071.1505448376272,75,29.814786911010742,100,0.08,0.08,0.08,discrete,depth,5,0.0,0.0,0.0,full_depth_depth1_rep05,94005,1071.1505448376272
relu,1,depth1,1,1071.0636833081749,76,28.859798192977905,100,0.08,0.08,0.08,discrete,depth,5,0.0,0.0,0.0,full_depth_depth1_rep05,94005,1071.0636833081749
relu,1,depth1,1,1070.974095073474,77,29.59907817840576,100,0.08,0.08,0.08,discrete,depth,5,0.0,0.0,0.0,full_depth_depth1_rep05,94005,1070.974095073474
relu,1,depth1,1,1070.880891857855,78,30.508634090423584,100,0.08,0.08,0.08,discrete,depth,5,0.0,0.0,0.0,full_depth_depth1_rep05,94005,1070.880891857855
relu,1,depth1,1,1070.781425954516,79,29.597252130508423,100,0.08,0.08,0.08,discrete,depth,5,0.0,0.0,0.0,full_depth_depth1_rep05,94005,1070.781425954516
relu,1,depth1,1,1070.6747932670633,80,29.05985116958618,100,0.08,0.08,0.08,discrete,depth,5,0.0,0.0,0.0,full_depth_depth1_rep05,94005,1070.6747932670633
relu,1,depth1,1,1070.94356168666,81,29.10661005973816,100,0.06,0.06,0.06,discrete,depth,5,0.0,0.0,0.0,full_depth_depth1_rep05,94005,1070.94356168666
relu,1,depth1,1,1071.0153019430034,82,29.54120397567749,100,0.06,0.06,0.06,discrete,depth,5,0.0,0.0,0.0,full_depth_depth1_rep05,94005,1071.0153019430034
relu,1,depth1,1,1070.8986929266623,83,28.39234185218811,100,0.06,0.06,0.06,discrete,depth,5,0.0,0.0,0.0,full_depth_depth1_rep05,94005,1070.8986929266623
relu,1,depth1,1,1070.7942767533868,84,28.597366094589233,100,0.06,0.06,0.06,discrete,depth,5,0.0,0.0,0.0,full_depth_depth1_rep05,94005,1070.7942767533868
relu,1,depth1,1,1070.682970427817,85,29.30177402496338,100,0.06,0.06,0.06,discrete,depth,5,0.0,0.0,0.0,full_depth_depth1_rep05,94005,1070.682970427817
relu,1,depth1,1,1070.5690821053563,86,29.463682889938354,100,0.06,0.06,0.06,discrete,depth,5,0.0,0.0,0.0,full_depth_depth1_rep05,94005,1070.5690821053563
relu,1,depth1,1,1070.453638480115,87,28.24818205833435,100,0.06,0.06,0.06,discrete,depth,5,0.0,0.0,0.0,full_depth_depth1_rep05,94005,1070.453638480115
relu,1,depth1,1,1070.340197500564,88,29.11943793296814,100,0.06,0.06,0.06,discrete,depth,5,0.0,0.0,0.0,full_depth_depth1_rep05,94005,1070.340197500564
relu,1,depth1,1,1070.228827902639,89,29.616116046905518,100,0.06,0.06,0.06,discrete,depth,5,0.0,0.0,0.0,full_depth_depth1_rep05,94005,1070.228827902639
relu,1,depth1,1,1070.110015500979,90,29.3010470867157,100,0.06,0.06,0.06,discrete,depth,5,0.0,0.0,0.0,full_depth_depth1_rep05,94005,1070.110015500979
relu,1,depth1,1,1077.2333965012017,91,29.234297037124634,100,0.04,0.04,0.04,discrete,depth,5,0.0,0.0,0.0,full_depth_depth1_rep05,94005,1077.2333965012017
relu,1,depth1,1,1077.6645336670083,92,29.596858024597168,100,0.04,0.04,0.04,discrete,depth,5,0.0,0.0,0.0,full_depth_depth1_rep05,94005,1077.6645336670083
relu,1,depth1,1,1077.469039512057,93,30.030030965805054,100,0.04,0.04,0.04,discrete,depth,5,0.0,0.0,0.0,full_depth_depth1_rep05,94005,1077.469039512057
relu,1,depth1,1,1077.3099550087775,94,29.674520015716553,100,0.04,0.04,0.04,discrete,depth,5,0.0,0.0,0.0,full_depth_depth1_rep05,94005,1077.3099550087775
relu,1,depth1,1,1077.1646076289614,95,28.953187942504883,100,0.04,0.04,0.04,discrete,depth,5,0.0,0.0,0.0,full_depth_depth1_rep05,94005,1077.1646076289614
relu,1,depth1,1,1077.041707861967,96,29.578522205352783,100,0.04,0.04,0.04,discrete,depth,5,0.0,0.0,0.0,full_depth_depth1_rep05,94005,1077.041707861967
relu,1,depth1,1,1076.9167216322326,97,29.786195993423462,100,0.04,0.04,0.04,discrete,depth,5,0.0,0.0,0.0,full_depth_depth1_rep05,94005,1076.9167216322326
relu,1,depth1,1,1076.8033986446799,98,30.286253929138184,100,0.04,0.04,0.04,discrete,depth,5,0.0,0.0,0.0,full_depth_depth1_rep05,94005,1076.8033986446799
relu,1,depth1,1,1076.7030207425457,99,28.81898283958435,100,0.04,0.04,0.04,discrete,depth,5,0.0,0.0,0.0,full_depth_depth1_rep05,94005,1076.7030207425457
relu,1,depth1,1,1076.5977132592534,100,29.559638023376465,100,0.04,0.04,0.04,discrete,depth,5,0.0,0.0,0.0,full_depth_depth1_rep05,94005,1076.5977132592534
relu,1,depth1,1,1078.8349967891209,101,30.038247108459473,100,0.02,0.02,0.02,discrete,depth,5,0.0,0.0,0.0,full_depth_depth1_rep05,94005,1078.8349967891209
relu,1,depth1,1,1079.4043610600086,102,30.180726051330566,100,0.02,0.02,0.02,discrete,depth,5,0.0,0.0,0.0,full_depth_depth1_rep05,94005,1079.4043610600086
relu,1,depth1,1,1078.9196220254066,103,29.148410081863403,100,0.02,0.02,0.02,discrete,depth,5,0.0,0.0,0.0,full_depth_depth1_rep05,94005,1078.9196220254066
relu,1,depth1,1,1078.8172486014666,104,30.170780897140503,100,0.02,0.02,0.02,discrete,depth,5,0.0,0.0,0.0,full_depth_depth1_rep05,94005,1078.8172486014666
relu,1,depth1,1,1078.6800452991295,105,30.103709936141968,100,0.02,0.02,0.02,discrete,depth,5,0.0,0.0,0.0,full_depth_depth1_rep05,94005,1078.6800452991295
relu,1,depth1,1,1078.5357201434556,106,30.261353015899658,100,0.02,0.02,0.02,discrete,depth,5,0.0,0.0,0.0,full_depth_depth1_rep05,94005,1078.5357201434556
relu,1,depth1,1,1078.3990467001431,107,28.923408031463623,100,0.02,0.02,0.02,discrete,depth,5,0.0,0.0,0.0,full_depth_depth1_rep05,94005,1078.3990467001431
relu,1,depth1,1,1078.247639442766,108,29.906721830368042,100,0.02,0.02,0.02,discrete,depth,5,0.0,0.0,0.0,full_depth_depth1_rep05,94005,1078.247639442766
relu,1,depth1,1,1078.124605301776,109,29.872138023376465,100,0.02,0.02,0.02,discrete,depth,5,0.0,0.0,0.0,full_depth_depth1_rep05,94005,1078.124605301776
relu,1,depth1,1,1078.0023714537458,110,30.164512872695923,100,0.02,0.02,0.02,discrete,depth,5,0.0,0.0,0.0,full_depth_depth1_rep05,94005,1078.0023714537458
relu,1,depth1,1,1075.7314395458807,111,29.447503089904785,100,0.01,0.01,0.01,discrete,depth,5,0.0,0.0,0.0,full_depth_depth1_rep05,94005,1075.7314395458807
relu,1,depth1,1,1076.0996411400477,112,30.3929660320282,100,0.01,0.01,0.01,discrete,depth,5,0.0,0.0,0.0,full_depth_depth1_rep05,94005,1076.0996411400477
relu,1,depth1,1,1075.6174563371344,113,30.659851789474487,100,0.01,0.01,0.01,discrete,depth,5,0.0,0.0,0.0,full_depth_depth1_rep05,94005,1075.6174563371344
relu,1,depth1,1,1075.2743131337634,114,30.447728157043457,100,0.01,0.01,0.01,discrete,depth,5,0.0,0.0,0.0,full_depth_depth1_rep05,94005,1075.2743131337634
relu,1,depth1,1,1075.196118732939,115,29.90682888031006,100,0.01,0.01,0.01,discrete,depth,5,0.0,0.0,0.0,full_depth_depth1_rep05,94005,1075.196118732939
relu,1,depth1,1,1075.0155993155154,116,30.46449303627014,100,0.01,0.01,0.01,discrete,depth,5,0.0,0.0,0.0,full_depth_depth1_rep05,94005,1075.0155993155154
relu,1,depth1,1,1074.9388305819882,117,30.410002946853638,100,0.01,0.01,0.01,discrete,depth,5,0.0,0.0,0.0,full_depth_depth1_rep05,94005,1074.9388305819882
relu,1,depth1,1,1074.841015083362,118,31.431020975112915,100,0.01,0.01,0.01,discrete,depth,5,0.0,0.0,0.0,full_depth_depth1_rep05,94005,1074.841015083362
relu,1,depth1,1,1074.756647059041,119,30.250009059906006,100,0.01,0.01,0.01,discrete,depth,5,0.0,0.0,0.0,full_depth_depth1_rep05,94005,1074.756647059041
relu,1,depth1,1,1074.685383637387,120,29.646960973739624,100,0.01,0.01,0.01,discrete,depth,5,0.0,0.0,0.0,full_depth_depth1_rep05,94005,1074.685383637387
relu,1,depth1,1,1047.988052211552,121,27.874387979507446,100,0.01,0.01,0.0,discrete,depth,5,0.0,0.0,0.0,full_depth_depth1_rep05,94005,1047.988052211552
relu,1,depth1,1,1047.3200492320486,122,25.09510588645935,100,0.01,0.01,0.0,discrete,depth,5,0.0,0.0,0.0,full_depth_depth1_rep05,94005,1047.3200492320486
relu,1,depth1,1,1047.653979943082,123,24.10667109489441,100,0.01,0.01,0.0,discrete,depth,5,0.0,0.0,0.0,full_depth_depth1_rep05,94005,1047.653979943082
relu,1,depth1,1,1047.2222772781495,124,24.050117015838623,100,0.01,0.01,0.0,discrete,depth,5,0.0,0.0,0.0,full_depth_depth1_rep05,94005,1047.2222772781495
relu,1,depth1,1,1047.33496398847,125,24.542633056640625,100,0.01,0.01,0.0,discrete,depth,5,0.0,0.0,0.0,full_depth_depth1_rep05,94005,1047.33496398847
relu,1,depth1,1,1047.1446333250292,126,23.99963617324829,100,0.01,0.01,0.0,discrete,depth,5,0.0,0.0,0.0,full_depth_depth1_rep05,94005,1047.1446333250292
relu,1,depth1,1,1046.898543169676,127,23.75588583946228,100,0.01,0.01,0.0,discrete,depth,5,0.0,0.0,0.0,full_depth_depth1_rep05,94005,1046.898543169676
relu,1,depth1,1,1046.785777573532,128,24.405009984970093,100,0.01,0.01,0.0,discrete,depth,5,0.0,0.0,0.0,full_depth_depth1_rep05,94005,1046.785777573532
relu,1,depth1,1,1046.8793422529948,129,25.86585307121277,100,0.01,0.01,0.0,discrete,depth,5,0.0,0.0,0.0,full_depth_depth1_rep05,94005,1046.8793422529948
relu,1,depth1,1,1046.7560569531893,130,24.584333896636963,100,0.01,0.01,0.0,discrete,depth,5,0.0,0.0,0.0,full_depth_depth1_rep05,94005,1046.7560569531893
relu,1,depth1,1,2692.6010371077095,1,84.27995204925537,100,1.0,1.0,1.0,discrete,depth,6,0.0,0.0,0.0,full_depth_depth1_rep06,94006,2692.6010371077095
relu,1,depth1,1,2654.351739704101,2,28.40301203727722,100,1.0,1.0,1.0,discrete,depth,6,0.0,0.0,0.0,full_depth_depth1_rep06,94006,2654.351739704101
relu,1,depth1,1,2483.874445338428,3,28.663308143615723,100,1.0,1.0,1.0,discrete,depth,6,0.0,0.0,0.0,full_depth_depth1_rep06,94006,2483.874445338428
relu,1,depth1,1,2010.8330972922297,4,27.271883010864258,100,1.0,1.0,1.0,discrete,depth,6,0.0,0.0,0.0,full_depth_depth1_rep06,94006,2010.8330972922297
relu,1,depth1,1,1334.7046110786855,5,28.197572946548462,100,1.0,1.0,1.0,discrete,depth,6,0.0,0.0,0.0,full_depth_depth1_rep06,94006,1334.7046110786855
relu,1,depth1,1,1044.2256129953416,6,28.608439922332764,100,1.0,1.0,1.0,discrete,depth,6,0.0,0.0,0.0,full_depth_depth1_rep06,94006,1044.2256129953416
relu,1,depth1,1,1000.9786375458394,7,27.644711017608643,100,1.0,1.0,1.0,discrete,depth,6,0.0,0.0,0.0,full_depth_depth1_rep06,94006,1000.9786375458394
relu,1,depth1,1,995.8106468023371,8,28.373655080795288,100,1.0,1.0,1.0,discrete,depth,6,0.0,0.0,0.0,full_depth_depth1_rep06,94006,995.8106468023371
relu,1,depth1,1,993.379634770701,9,28.562248945236206,100,1.0,1.0,1.0,discrete,depth,6,0.0,0.0,0.0,full_depth_depth1_rep06,94006,993.379634770701
relu,1,depth1,1,991.0325233666574,10,28.56795907020569,100,1.0,1.0,1.0,discrete,depth,6,0.0,0.0,0.0,full_depth_depth1_rep06,94006,991.0325233666574
relu,1,depth1,1,989.0811095085674,11,27.41958498954773,100,1.0,1.0,1.0,discrete,depth,6,0.0,0.0,0.0,full_depth_depth1_rep06,94006,989.0811095085674
relu,1,depth1,1,987.4520164060165,12,28.53310489654541,100,1.0,1.0,1.0,discrete,depth,6,0.0,0.0,0.0,full_depth_depth1_rep06,94006,987.4520164060165
relu,1,depth1,1,986.0973250631436,13,29.260039806365967,100,1.0,1.0,1.0,discrete,depth,6,0.0,0.0,0.0,full_depth_depth1_rep06,94006,986.0973250631436
relu,1,depth1,1,984.9690545411188,14,27.65939688682556,100,1.0,1.0,1.0,discrete,depth,6,0.0,0.0,0.0,full_depth_depth1_rep06,94006,984.9690545411188
relu,1,depth1,1,984.0259636787483,15,29.416244983673096,100,1.0,1.0,1.0,discrete,depth,6,0.0,0.0,0.0,full_depth_depth1_rep06,94006,984.0259636787483
relu,1,depth1,1,983.2325733833587,16,28.67275905609131,100,1.0,1.0,1.0,discrete,depth,6,0.0,0.0,0.0,full_depth_depth1_rep06,94006,983.2325733833587
relu,1,depth1,1,982.5582446849711,17,27.751864910125732,100,1.0,1.0,1.0,discrete,depth,6,0.0,0.0,0.0,full_depth_depth1_rep06,94006,982.5582446849711
relu,1,depth1,1,981.9780242314578,18,28.57256293296814,100,1.0,1.0,1.0,discrete,depth,6,0.0,0.0,0.0,full_depth_depth1_rep06,94006,981.9780242314578
relu,1,depth1,1,981.4731034354445,19,28.483186960220337,100,1.0,1.0,1.0,discrete,depth,6,0.0,0.0,0.0,full_depth_depth1_rep06,94006,981.4731034354445
relu,1,depth1,1,981.0302924713146,20,27.973626136779785,100,1.0,1.0,1.0,discrete,depth,6,0.0,0.0,0.0,full_depth_depth1_rep06,94006,981.0302924713146
relu,1,depth1,1,1066.20206590921,21,28.76695704460144,100,0.8,0.8,0.8,discrete,depth,6,0.0,0.0,0.0,full_depth_depth1_rep06,94006,1066.20206590921
relu,1,depth1,1,1064.8163834539473,22,28.20780110359192,100,0.8,0.8,0.8,discrete,depth,6,0.0,0.0,0.0,full_depth_depth1_rep06,94006,1064.8163834539473
relu,1,depth1,1,1064.0729475681355,23,28.5759220123291,100,0.8,0.8,0.8,discrete,depth,6,0.0,0.0,0.0,full_depth_depth1_rep06,94006,1064.0729475681355
relu,1,depth1,1,1063.4562703870854,24,27.50011897087097,100,0.8,0.8,0.8,discrete,depth,6,0.0,0.0,0.0,full_depth_depth1_rep06,94006,1063.4562703870854
relu,1,depth1,1,1062.9329189491066,25,28.255143880844116,100,0.8,0.8,0.8,discrete,depth,6,0.0,0.0,0.0,full_depth_depth1_rep06,94006,1062.9329189491066
relu,1,depth1,1,1062.4901066273437,26,28.396196126937866,100,0.8,0.8,0.8,discrete,depth,6,0.0,0.0,0.0,full_depth_depth1_rep06,94006,1062.4901066273437
relu,1,depth1,1,1062.1172025608598,27,27.22821307182312,100,0.8,0.8,0.8,discrete,depth,6,0.0,0.0,0.0,full_depth_depth1_rep06,94006,1062.1172025608598
relu,1,depth1,1,1061.8045316907387,28,28.084913969039917,100,0.8,0.8,0.8,discrete,depth,6,0.0,0.0,0.0,full_depth_depth1_rep06,94006,1061.8045316907387
relu,1,depth1,1,1061.5435631936662,29,28.641247034072876,100,0.8,0.8,0.8,discrete,depth,6,0.0,0.0,0.0,full_depth_depth1_rep06,94006,1061.5435631936662
relu,1,depth1,1,1061.3270266851694,30,27.640968084335327,100,0.8,0.8,0.8,discrete,depth,6,0.0,0.0,0.0,full_depth_depth1_rep06,94006,1061.3270266851694
relu,1,depth1,1,1127.769077648225,31,28.298680067062378,100,0.6,0.6,0.6,discrete,depth,6,0.0,0.0,0.0,full_depth_depth1_rep06,94006,1127.769077648225
relu,1,depth1,1,1126.2709698001238,32,28.821500062942505,100,0.6,0.6,0.6,discrete,depth,6,0.0,0.0,0.0,full_depth_depth1_rep06,94006,1126.2709698001238
relu,1,depth1,1,1125.7232331485513,33,27.532233953475952,100,0.6,0.6,0.6,discrete,depth,6,0.0,0.0,0.0,full_depth_depth1_rep06,94006,1125.7232331485513
relu,1,depth1,1,1125.3129128319995,34,27.96334481239319,100,0.6,0.6,0.6,discrete,depth,6,0.0,0.0,0.0,full_depth_depth1_rep06,94006,1125.3129128319995
relu,1,depth1,1,1124.995140344594,35,28.61842703819275,100,0.6,0.6,0.6,discrete,depth,6,0.0,0.0,0.0,full_depth_depth1_rep06,94006,1124.995140344594
relu,1,depth1,1,1124.7530313422144,36,28.595314979553223,100,0.6,0.6,0.6,discrete,depth,6,0.0,0.0,0.0,full_depth_depth1_rep06,94006,1124.7530313422144
relu,1,depth1,1,1124.5723240676423,37,28.338826894760132,100,0.6,0.6,0.6,discrete,depth,6,0.0,0.0,0.0,full_depth_depth1_rep06,94006,1124.5723240676423
relu,1,depth1,1,1124.440512675442,38,28.41507887840271,100,0.6,0.6,0.6,discrete,depth,6,0.0,0.0,0.0,full_depth_depth1_rep06,94006,1124.440512675442
relu,1,depth1,1,1124.3471062543033,39,28.293579816818237,100,0.6,0.6,0.6,discrete,depth,6,0.0,0.0,0.0,full_depth_depth1_rep06,94006,1124.3471062543033
relu,1,depth1,1,1124.2834593179107,40,27.322751998901367,100,0.6,0.6,0.6,discrete,depth,6,0.0,0.0,0.0,full_depth_depth1_rep06,94006,1124.2834593179107
relu,1,depth1,1,1164.5097754271817,41,28.417764902114868,100,0.4,0.4,0.4,discrete,depth,6,0.0,0.0,0.0,full_depth_depth1_rep06,94006,1164.5097754271817
relu,1,depth1,1,1162.9619361608818,42,28.328083038330078,100,0.4,0.4,0.4,discrete,depth,6,0.0,0.0,0.0,full_depth_depth1_rep06,94006,1162.9619361608818
relu,1,depth1,1,1162.6228235720891,43,27.15975785255432,100,0.4,0.4,0.4,discrete,depth,6,0.0,0.0,0.0,full_depth_depth1_rep06,94006,1162.6228235720891
relu,1,depth1,1,1162.3759644110332,44,28.259172916412354,100,0.4,0.4,0.4,discrete,depth,6,0.0,0.0,0.0,full_depth_depth1_rep06,94006,1162.3759644110332
relu,1,depth1,1,1162.1865263437726,45,28.156278133392334,100,0.4,0.4,0.4,discrete,depth,6,0.0,0.0,0.0,full_depth_depth1_rep06,94006,1162.1865263437726
relu,1,depth1,1,1162.0454547344498,46,27.137398958206177,100,0.4,0.4,0.4,discrete,depth,6,0.0,0.0,0.0,full_depth_depth1_rep06,94006,1162.0454547344498
relu,1,depth1,1,1161.9350237824435,47,28.350707054138184,100,0.4,0.4,0.4,discrete,depth,6,0.0,0.0,0.0,full_depth_depth1_rep06,94006,1161.9350237824435
relu,1,depth1,1,1161.8532827686238,48,28.15616011619568,100,0.4,0.4,0.4,discrete,depth,6,0.0,0.0,0.0,full_depth_depth1_rep06,94006,1161.8532827686238
relu,1,depth1,1,1161.8074664146823,49,27.39674186706543,100,0.4,0.4,0.4,discrete,depth,6,0.0,0.0,0.0,full_depth_depth1_rep06,94006,1161.8074664146823
relu,1,depth1,1,1161.7871383229365,50,27.174422025680542,100,0.4,0.4,0.4,discrete,depth,6,0.0,0.0,0.0,full_depth_depth1_rep06,94006,1161.7871383229365
relu,1,depth1,1,1155.739995343222,51,28.734459161758423,100,0.2,0.2,0.2,discrete,depth,6,0.0,0.0,0.0,full_depth_depth1_rep06,94006,1155.739995343222
relu,1,depth1,1,1154.2406981962558,52,29.29023313522339,100,0.2,0.2,0.2,discrete,depth,6,0.0,0.0,0.0,full_depth_depth1_rep06,94006,1154.2406981962558
relu,1,depth1,1,1153.9417130295756,53,27.531399965286255,100,0.2,0.2,0.2,discrete,depth,6,0.0,0.0,0.0,full_depth_depth1_rep06,94006,1153.9417130295756
relu,1,depth1,1,1153.7194272255736,54,29.211270093917847,100,0.2,0.2,0.2,discrete,depth,6,0.0,0.0,0.0,full_depth_depth1_rep06,94006,1153.7194272255736
relu,1,depth1,1,1153.5584788527185,55,28.687210083007812,100,0.2,0.2,0.2,discrete,depth,6,0.0,0.0,0.0,full_depth_depth1_rep06,94006,1153.5584788527185
relu,1,depth1,1,1153.4482106541268,56,27.893894910812378,100,0.2,0.2,0.2,discrete,depth,6,0.0,0.0,0.0,full_depth_depth1_rep06,94006,1153.4482106541268
relu,1,depth1,1,1153.3734786729472,57,28.4301860332489,100,0.2,0.2,0.2,discrete,depth,6,0.0,0.0,0.0,full_depth_depth1_rep06,94006,1153.3734786729472
relu,1,depth1,1,1153.3234177722786,58,30.187583208084106,100,0.2,0.2,0.2,discrete,depth,6,0.0,0.0,0.0,full_depth_depth1_rep06,94006,1153.3234177722786
relu,1,depth1,1,1153.2893815058096,59,27.431502103805542,100,0.2,0.2,0.2,discrete,depth,6,0.0,0.0,0.0,full_depth_depth1_rep06,94006,1153.2893815058096
relu,1,depth1,1,1153.2661573226717,60,27.346877813339233,100,0.2,0.2,0.2,discrete,depth,6,0.0,0.0,0.0,full_depth_depth1_rep06,94006,1153.2661573226717
relu,1,depth1,1,1117.8190876133872,61,29.195321083068848,100,0.1,0.1,0.1,discrete,depth,6,0.0,0.0,0.0,full_depth_depth1_rep06,94006,1117.8190876133872
relu,1,depth1,1,1117.1439287998803,62,29.425225973129272,100,0.1,0.1,0.1,discrete,depth,6,0.0,0.0,0.0,full_depth_depth1_rep06,94006,1117.1439287998803
relu,1,depth1,1,1116.9633460272855,63,27.858360052108765,100,0.1,0.1,0.1,discrete,depth,6,0.0,0.0,0.0,full_depth_depth1_rep06,94006,1116.9633460272855
relu,1,depth1,1,1116.8265066385839,64,29.422214031219482,100,0.1,0.1,0.1,discrete,depth,6,0.0,0.0,0.0,full_depth_depth1_rep06,94006,1116.8265066385839
relu,1,depth1,1,1116.7041922243804,65,29.061004877090454,100,0.1,0.1,0.1,discrete,depth,6,0.0,0.0,0.0,full_depth_depth1_rep06,94006,1116.7041922243804
relu,1,depth1,1,1116.5941043069167,66,28.17890214920044,100,0.1,0.1,0.1,discrete,depth,6,0.0,0.0,0.0,full_depth_depth1_rep06,94006,1116.5941043069167
relu,1,depth1,1,1116.4964673380462,67,27.907975912094116,100,0.1,0.1,0.1,discrete,depth,6,0.0,0.0,0.0,full_depth_depth1_rep06,94006,1116.4964673380462
relu,1,depth1,1,1116.4090713904652,68,28.86081290245056,100,0.1,0.1,0.1,discrete,depth,6,0.0,0.0,0.0,full_depth_depth1_rep06,94006,1116.4090713904652
relu,1,depth1,1,1116.333938335348,69,29.12579107284546,100,0.1,0.1,0.1,discrete,depth,6,0.0,0.0,0.0,full_depth_depth1_rep06,94006,1116.333938335348
relu,1,depth1,1,1116.2701730675312,70,28.3331458568573,100,0.1,0.1,0.1,discrete,depth,6,0.0,0.0,0.0,full_depth_depth1_rep06,94006,1116.2701730675312
relu,1,depth1,1,1105.448740871427,71,29.473758935928345,100,0.08,0.08,0.08,discrete,depth,6,0.0,0.0,0.0,full_depth_depth1_rep06,94006,1105.448740871427
relu,1,depth1,1,1105.1816125814123,72,29.797830820083618,100,0.08,0.08,0.08,discrete,depth,6,0.0,0.0,0.0,full_depth_depth1_rep06,94006,1105.1816125814123
relu,1,depth1,1,1105.0796592481063,73,29.006831169128418,100,0.08,0.08,0.08,discrete,depth,6,0.0,0.0,0.0,full_depth_depth1_rep06,94006,1105.0796592481063
relu,1,depth1,1,1104.98596917738,74,28.52120280265808,100,0.08,0.08,0.08,discrete,depth,6,0.0,0.0,0.0,full_depth_depth1_rep06,94006,1104.98596917738
relu,1,depth1,1,1104.9047090604736,75,28.959924936294556,100,0.08,0.08,0.08,discrete,depth,6,0.0,0.0,0.0,full_depth_depth1_rep06,94006,1104.9047090604736
relu,1,depth1,1,1104.8302741145772,76,28.85842514038086,100,0.08,0.08,0.08,discrete,depth,6,0.0,0.0,0.0,full_depth_depth1_rep06,94006,1104.8302741145772
relu,1,depth1,1,1104.7627105878198,77,28.948893070220947,100,0.08,0.08,0.08,discrete,depth,6,0.0,0.0,0.0,full_depth_depth1_rep06,94006,1104.7627105878198
relu,1,depth1,1,1104.6961265733066,78,29.028508186340332,100,0.08,0.08,0.08,discrete,depth,6,0.0,0.0,0.0,full_depth_depth1_rep06,94006,1104.6961265733066
relu,1,depth1,1,1104.630472213351,79,29.061517000198364,100,0.08,0.08,0.08,discrete,depth,6,0.0,0.0,0.0,full_depth_depth1_rep06,94006,1104.630472213351
relu,1,depth1,1,1104.5645248477522,80,29.291611909866333,100,0.08,0.08,0.08,discrete,depth,6,0.0,0.0,0.0,full_depth_depth1_rep06,94006,1104.5645248477522
relu,1,depth1,1,1094.7023121617387,81,28.613855123519897,100,0.06,0.06,0.06,discrete,depth,6,0.0,0.0,0.0,full_depth_depth1_rep06,94006,1094.7023121617387
relu,1,depth1,1,1094.408108679655,82,29.31804895401001,100,0.06,0.06,0.06,discrete,depth,6,0.0,0.0,0.0,full_depth_depth1_rep06,94006,1094.408108679655
relu,1,depth1,1,1094.2645052666571,83,29.29154396057129,100,0.06,0.06,0.06,discrete,depth,6,0.0,0.0,0.0,full_depth_depth1_rep06,94006,1094.2645052666571
relu,1,depth1,1,1094.1502776916964,84,29.13375997543335,100,0.06,0.06,0.06,discrete,depth,6,0.0,0.0,0.0,full_depth_depth1_rep06,94006,1094.1502776916964
relu,1,depth1,1,1094.0507208194922,85,28.460536003112793,100,0.06,0.06,0.06,discrete,depth,6,0.0,0.0,0.0,full_depth_depth1_rep06,94006,1094.0507208194922
relu,1,depth1,1,1093.9582129790945,86,29.106746912002563,100,0.06,0.06,0.06,discrete,depth,6,0.0,0.0,0.0,full_depth_depth1_rep06,94006,1093.9582129790945
relu,1,depth1,1,1093.8698739523966,87,29.08026885986328,100,0.06,0.06,0.06,discrete,depth,6,0.0,0.0,0.0,full_depth_depth1_rep06,94006,1093.8698739523966
relu,1,depth1,1,1093.7846170703244,88,29.156458854675293,100,0.06,0.06,0.06,discrete,depth,6,0.0,0.0,0.0,full_depth_depth1_rep06,94006,1093.7846170703244
relu,1,depth1,1,1093.7020756082811,89,28.317101001739502,100,0.06,0.06,0.06,discrete,depth,6,0.0,0.0,0.0,full_depth_depth1_rep06,94006,1093.7020756082811
relu,1,depth1,1,1093.6221594359556,90,28.868045806884766,100,0.06,0.06,0.06,discrete,depth,6,0.0,0.0,0.0,full_depth_depth1_rep06,94006,1093.6221594359556
relu,1,depth1,1,1095.4169828390031,91,28.970170974731445,100,0.04,0.04,0.04,discrete,depth,6,0.0,0.0,0.0,full_depth_depth1_rep06,94006,1095.4169828390031
relu,1,depth1,1,1095.544333914454,92,29.06393814086914,100,0.04,0.04,0.04,discrete,depth,6,0.0,0.0,0.0,full_depth_depth1_rep06,94006,1095.544333914454
relu,1,depth1,1,1095.3892152953988,93,28.444628953933716,100,0.04,0.04,0.04,discrete,depth,6,0.0,0.0,0.0,full_depth_depth1_rep06,94006,1095.3892152953988
relu,1,depth1,1,1095.316689147969,94,29.159152030944824,100,0.04,0.04,0.04,discrete,depth,6,0.0,0.0,0.0,full_depth_depth1_rep06,94006,1095.316689147969
relu,1,depth1,1,1095.2417732721676,95,29.314093112945557,100,0.04,0.04,0.04,discrete,depth,6,0.0,0.0,0.0,full_depth_depth1_rep06,94006,1095.2417732721676
relu,1,depth1,1,1095.17618117001,96,29.128630876541138,100,0.04,0.04,0.04,discrete,depth,6,0.0,0.0,0.0,full_depth_depth1_rep06,94006,1095.17618117001
relu,1,depth1,1,1095.1149492345742,97,28.223514080047607,100,0.04,0.04,0.04,discrete,depth,6,0.0,0.0,0.0,full_depth_depth1_rep06,94006,1095.1149492345742
relu,1,depth1,1,1095.0570519585144,98,29.270612001419067,100,0.04,0.04,0.04,discrete,depth,6,0.0,0.0,0.0,full_depth_depth1_rep06,94006,1095.0570519585144
relu,1,depth1,1,1095.0012008065244,99,30.497867107391357,100,0.04,0.04,0.04,discrete,depth,6,0.0,0.0,0.0,full_depth_depth1_rep06,94006,1095.0012008065244
relu,1,depth1,1,1094.946428987235,100,29.212451219558716,100,0.04,0.04,0.04,discrete,depth,6,0.0,0.0,0.0,full_depth_depth1_rep06,94006,1094.946428987235
relu,1,depth1,1,1100.9449041822538,101,29.92140483856201,100,0.02,0.02,0.02,discrete,depth,6,0.0,0.0,0.0,full_depth_depth1_rep06,94006,1100.9449041822538
relu,1,depth1,1,1101.4200019606042,102,29.442664861679077,100,0.02,0.02,0.02,discrete,depth,6,0.0,0.0,0.0,full_depth_depth1_rep06,94006,1101.4200019606042
relu,1,depth1,1,1101.3182358481154,103,30.044660091400146,100,0.02,0.02,0.02,discrete,depth,6,0.0,0.0,0.0,full_depth_depth1_rep06,94006,1101.3182358481154
relu,1,depth1,1,1101.1223838562555,104,30.23517394065857,100,0.02,0.02,0.02,discrete,depth,6,0.0,0.0,0.0,full_depth_depth1_rep06,94006,1101.1223838562555
relu,1,depth1,1,1100.9651782444273,105,29.97832179069519,100,0.02,0.02,0.02,discrete,depth,6,0.0,0.0,0.0,full_depth_depth1_rep06,94006,1100.9651782444273
relu,1,depth1,1,1100.8228986515796,106,30.279960870742798,100,0.02,0.02,0.02,discrete,depth,6,0.0,0.0,0.0,full_depth_depth1_rep06,94006,1100.8228986515796
relu,1,depth1,1,1100.6922434189373,107,29.231838941574097,100,0.02,0.02,0.02,discrete,depth,6,0.0,0.0,0.0,full_depth_depth1_rep06,94006,1100.6922434189373
relu,1,depth1,1,1100.5822556422047,108,30.345124006271362,100,0.02,0.02,0.02,discrete,depth,6,0.0,0.0,0.0,full_depth_depth1_rep06,94006,1100.5822556422047
relu,1,depth1,1,1100.481602025497,109,30.253775119781494,100,0.02,0.02,0.02,discrete,depth,6,0.0,0.0,0.0,full_depth_depth1_rep06,94006,1100.481602025497
relu,1,depth1,1,1100.3951891500092,110,29.96108102798462,100,0.02,0.02,0.02,discrete,depth,6,0.0,0.0,0.0,full_depth_depth1_rep06,94006,1100.3951891500092
relu,1,depth1,1,1099.8890796674457,111,30.26409101486206,100,0.01,0.01,0.01,discrete,depth,6,0.0,0.0,0.0,full_depth_depth1_rep06,94006,1099.8890796674457
relu,1,depth1,1,1099.9393151178813,112,30.159754037857056,100,0.01,0.01,0.01,discrete,depth,6,0.0,0.0,0.0,full_depth_depth1_rep06,94006,1099.9393151178813
relu,1,depth1,1,1100.0331307322144,113,30.70584011077881,100,0.01,0.01,0.01,discrete,depth,6,0.0,0.0,0.0,full_depth_depth1_rep06,94006,1100.0331307322144
relu,1,depth1,1,1099.8961071349754,114,30.79139995574951,100,0.01,0.01,0.01,discrete,depth,6,0.0,0.0,0.0,full_depth_depth1_rep06,94006,1099.8961071349754
relu,1,depth1,1,1099.809764436256,115,30.675897121429443,100,0.01,0.01,0.01,discrete,depth,6,0.0,0.0,0.0,full_depth_depth1_rep06,94006,1099.809764436256
relu,1,depth1,1,1099.6926441778032,116,30.645089149475098,100,0.01,0.01,0.01,discrete,depth,6,0.0,0.0,0.0,full_depth_depth1_rep06,94006,1099.6926441778032
relu,1,depth1,1,1099.569781805064,117,30.051684856414795,100,0.01,0.01,0.01,discrete,depth,6,0.0,0.0,0.0,full_depth_depth1_rep06,94006,1099.569781805064
relu,1,depth1,1,1099.4594574291486,118,30.66667413711548,100,0.01,0.01,0.01,discrete,depth,6,0.0,0.0,0.0,full_depth_depth1_rep06,94006,1099.4594574291486
relu,1,depth1,1,1099.4009905650817,119,31.847877979278564,100,0.01,0.01,0.01,discrete,depth,6,0.0,0.0,0.0,full_depth_depth1_rep06,94006,1099.4009905650817
relu,1,depth1,1,1099.3644565764737,120,30.72669792175293,100,0.01,0.01,0.01,discrete,depth,6,0.0,0.0,0.0,full_depth_depth1_rep06,94006,1099.3644565764737
relu,1,depth1,1,1069.6813336445114,121,27.777419090270996,100,0.01,0.01,0.0,discrete,depth,6,0.0,0.0,0.0,full_depth_depth1_rep06,94006,1069.6813336445114
relu,1,depth1,1,1070.4595892356099,122,24.500346899032593,100,0.01,0.01,0.0,discrete,depth,6,0.0,0.0,0.0,full_depth_depth1_rep06,94006,1070.4595892356099
relu,1,depth1,1,1070.6355157386567,123,24.222681045532227,100,0.01,0.01,0.0,discrete,depth,6,0.0,0.0,0.0,full_depth_depth1_rep06,94006,1070.6355157386567
relu,1,depth1,1,1070.172576753402,124,24.544426918029785,100,0.01,0.01,0.0,discrete,depth,6,0.0,0.0,0.0,full_depth_depth1_rep06,94006,1070.172576753402
relu,1,depth1,1,1070.192805091794,125,24.25190305709839,100,0.01,0.01,0.0,discrete,depth,6,0.0,0.0,0.0,full_depth_depth1_rep06,94006,1070.192805091794
relu,1,depth1,1,1069.486554300718,126,25.835566997528076,100,0.01,0.01,0.0,discrete,depth,6,0.0,0.0,0.0,full_depth_depth1_rep06,94006,1069.486554300718
relu,1,depth1,1,1070.7467746194386,127,24.373918056488037,100,0.01,0.01,0.0,discrete,depth,6,0.0,0.0,0.0,full_depth_depth1_rep06,94006,1070.7467746194386
relu,1,depth1,1,1069.9754369175882,128,25.05305790901184,100,0.01,0.01,0.0,discrete,depth,6,0.0,0.0,0.0,full_depth_depth1_rep06,94006,1069.9754369175882
relu,1,depth1,1,1069.82835825462,129,24.829946041107178,100,0.01,0.01,0.0,discrete,depth,6,0.0,0.0,0.0,full_depth_depth1_rep06,94006,1069.82835825462
relu,1,depth1,1,1069.1131644722254,130,26.006634950637817,100,0.01,0.01,0.0,discrete,depth,6,0.0,0.0,0.0,full_depth_depth1_rep06,94006,1069.1131644722254
relu,1,depth2,2,2304.775445384562,1,84.55863499641418,100,1.0,1.0,1.0,discrete,depth,1,0.0,0.0,0.0,full_depth_depth2_rep01,94001,2304.775445384562
relu,1,depth2,2,1003.8312478598652,2,28.398622035980225,100,1.0,1.0,1.0,discrete,depth,1,0.0,0.0,0.0,full_depth_depth2_rep01,94001,1003.8312478598652
relu,1,depth2,2,971.6175676406425,3,28.56954598426819,100,1.0,1.0,1.0,discrete,depth,1,0.0,0.0,0.0,full_depth_depth2_rep01,94001,971.6175676406425
relu,1,depth2,2,962.2759474982835,4,27.649061918258667,100,1.0,1.0,1.0,discrete,depth,1,0.0,0.0,0.0,full_depth_depth2_rep01,94001,962.2759474982835
relu,1,depth2,2,954.9899839910425,5,28.93581199645996,100,1.0,1.0,1.0,discrete,depth,1,0.0,0.0,0.0,full_depth_depth2_rep01,94001,954.9899839910425
relu,1,depth2,2,949.7996211074318,6,29.125412940979004,100,1.0,1.0,1.0,discrete,depth,1,0.0,0.0,0.0,full_depth_depth2_rep01,94001,949.7996211074318
relu,1,depth2,2,946.8470522200311,7,28.27124786376953,100,1.0,1.0,1.0,discrete,depth,1,0.0,0.0,0.0,full_depth_depth2_rep01,94001,946.8470522200311
relu,1,depth2,2,945.4535500786612,8,27.25702404975891,100,1.0,1.0,1.0,discrete,depth,1,0.0,0.0,0.0,full_depth_depth2_rep01,94001,945.4535500786612
relu,1,depth2,2,944.9293521217778,9,28.397064924240112,100,1.0,1.0,1.0,discrete,depth,1,0.0,0.0,0.0,full_depth_depth2_rep01,94001,944.9293521217778
relu,1,depth2,2,944.7669158967116,10,28.439960956573486,100,1.0,1.0,1.0,discrete,depth,1,0.0,0.0,0.0,full_depth_depth2_rep01,94001,944.7669158967116
relu,1,depth2,2,944.5737449755688,11,28.65169095993042,100,1.0,1.0,1.0,discrete,depth,1,0.0,0.0,0.0,full_depth_depth2_rep01,94001,944.5737449755688
relu,1,depth2,2,944.4202330072608,12,27.440036058425903,100,1.0,1.0,1.0,discrete,depth,1,0.0,0.0,0.0,full_depth_depth2_rep01,94001,944.4202330072608
relu,1,depth2,2,944.3613754474168,13,28.517181158065796,100,1.0,1.0,1.0,discrete,depth,1,0.0,0.0,0.0,full_depth_depth2_rep01,94001,944.3613754474168
relu,1,depth2,2,944.3545696234942,14,28.40998601913452,100,1.0,1.0,1.0,discrete,depth,1,0.0,0.0,0.0,full_depth_depth2_rep01,94001,944.3545696234942
relu,1,depth2,2,944.3241430136411,15,28.523293018341064,100,1.0,1.0,1.0,discrete,depth,1,0.0,0.0,0.0,full_depth_depth2_rep01,94001,944.3241430136411
relu,1,depth2,2,944.3896719884314,16,28.586947917938232,100,1.0,1.0,1.0,discrete,depth,1,0.0,0.0,0.0,full_depth_depth2_rep01,94001,944.3896719884314
relu,1,depth2,2,944.4643817434182,17,28.68039584159851,100,1.0,1.0,1.0,discrete,depth,1,0.0,0.0,0.0,full_depth_depth2_rep01,94001,944.4643817434182
relu,1,depth2,2,944.5341339247492,18,27.83236789703369,100,1.0,1.0,1.0,discrete,depth,1,0.0,0.0,0.0,full_depth_depth2_rep01,94001,944.5341339247492
relu,1,depth2,2,944.5972580521332,19,27.511046886444092,100,1.0,1.0,1.0,discrete,depth,1,0.0,0.0,0.0,full_depth_depth2_rep01,94001,944.5972580521332
relu,1,depth2,2,944.71059355436,20,28.69758105278015,100,1.0,1.0,1.0,discrete,depth,1,0.0,0.0,0.0,full_depth_depth2_rep01,94001,944.71059355436
relu,1,depth2,2,1022.3846767957313,21,28.476171016693115,100,0.8,0.8,0.8,discrete,depth,1,0.0,0.0,0.0,full_depth_depth2_rep01,94001,1022.3846767957313
relu,1,depth2,2,1022.4013548885607,22,27.65180492401123,100,0.8,0.8,0.8,discrete,depth,1,0.0,0.0,0.0,full_depth_depth2_rep01,94001,1022.4013548885607
relu,1,depth2,2,1022.3428958221343,23,28.279033184051514,100,0.8,0.8,0.8,discrete,depth,1,0.0,0.0,0.0,full_depth_depth2_rep01,94001,1022.3428958221343
relu,1,depth2,2,1022.2565386421494,24,29.16401195526123,100,0.8,0.8,0.8,discrete,depth,1,0.0,0.0,0.0,full_depth_depth2_rep01,94001,1022.2565386421494
relu,1,depth2,2,1022.2098214659443,25,28.566159963607788,100,0.8,0.8,0.8,discrete,depth,1,0.0,0.0,0.0,full_depth_depth2_rep01,94001,1022.2098214659443
relu,1,depth2,2,1022.1247663510054,26,27.44000005722046,100,0.8,0.8,0.8,discrete,depth,1,0.0,0.0,0.0,full_depth_depth2_rep01,94001,1022.1247663510054
relu,1,depth2,2,1021.9908181536308,27,28.358964920043945,100,0.8,0.8,0.8,discrete,depth,1,0.0,0.0,0.0,full_depth_depth2_rep01,94001,1021.9908181536308
relu,1,depth2,2,1021.8909878373279,28,28.538825035095215,100,0.8,0.8,0.8,discrete,depth,1,0.0,0.0,0.0,full_depth_depth2_rep01,94001,1021.8909878373279
relu,1,depth2,2,1021.8241165943089,29,27.866338968276978,100,0.8,0.8,0.8,discrete,depth,1,0.0,0.0,0.0,full_depth_depth2_rep01,94001,1021.8241165943089
relu,1,depth2,2,1021.7270892131241,30,28.289305925369263,100,0.8,0.8,0.8,discrete,depth,1,0.0,0.0,0.0,full_depth_depth2_rep01,94001,1021.7270892131241
relu,1,depth2,2,1078.4275881635904,31,28.275040864944458,100,0.6,0.6,0.6,discrete,depth,1,0.0,0.0,0.0,full_depth_depth2_rep01,94001,1078.4275881635904
relu,1,depth2,2,1078.266869615423,32,28.327089071273804,100,0.6,0.6,0.6,discrete,depth,1,0.0,0.0,0.0,full_depth_depth2_rep01,94001,1078.266869615423
relu,1,depth2,2,1078.07359887485,33,27.272547960281372,100,0.6,0.6,0.6,discrete,depth,1,0.0,0.0,0.0,full_depth_depth2_rep01,94001,1078.07359887485
relu,1,depth2,2,1077.877146029597,34,28.432510137557983,100,0.6,0.6,0.6,discrete,depth,1,0.0,0.0,0.0,full_depth_depth2_rep01,94001,1077.877146029597
relu,1,depth2,2,1077.6511397829222,35,28.73366093635559,100,0.6,0.6,0.6,discrete,depth,1,0.0,0.0,0.0,full_depth_depth2_rep01,94001,1077.6511397829222
relu,1,depth2,2,1077.4319908700836,36,28.81677484512329,100,0.6,0.6,0.6,discrete,depth,1,0.0,0.0,0.0,full_depth_depth2_rep01,94001,1077.4319908700836
relu,1,depth2,2,1077.2006970128195,37,28.584441900253296,100,0.6,0.6,0.6,discrete,depth,1,0.0,0.0,0.0,full_depth_depth2_rep01,94001,1077.2006970128195
relu,1,depth2,2,1077.0168957219032,38,28.403235912322998,100,0.6,0.6,0.6,discrete,depth,1,0.0,0.0,0.0,full_depth_depth2_rep01,94001,1077.0168957219032
relu,1,depth2,2,1076.7812064692023,39,28.708547830581665,100,0.6,0.6,0.6,discrete,depth,1,0.0,0.0,0.0,full_depth_depth2_rep01,94001,1076.7812064692023
relu,1,depth2,2,1076.5849501940995,40,27.525821924209595,100,0.6,0.6,0.6,discrete,depth,1,0.0,0.0,0.0,full_depth_depth2_rep01,94001,1076.5849501940995
relu,1,depth2,2,1102.8022657013707,41,28.160115957260132,100,0.4,0.4,0.4,discrete,depth,1,0.0,0.0,0.0,full_depth_depth2_rep01,94001,1102.8022657013707
relu,1,depth2,2,1102.9142044484397,42,28.284127950668335,100,0.4,0.4,0.4,discrete,depth,1,0.0,0.0,0.0,full_depth_depth2_rep01,94001,1102.9142044484397
relu,1,depth2,2,1102.7799791744342,43,27.799468994140625,100,0.4,0.4,0.4,discrete,depth,1,0.0,0.0,0.0,full_depth_depth2_rep01,94001,1102.7799791744342
relu,1,depth2,2,1102.5444937416569,44,28.39466094970703,100,0.4,0.4,0.4,discrete,depth,1,0.0,0.0,0.0,full_depth_depth2_rep01,94001,1102.5444937416569
relu,1,depth2,2,1102.4317632594875,45,28.517897129058838,100,0.4,0.4,0.4,discrete,depth,1,0.0,0.0,0.0,full_depth_depth2_rep01,94001,1102.4317632594875
relu,1,depth2,2,1102.0375337805453,46,28.393617153167725,100,0.4,0.4,0.4,discrete,depth,1,0.0,0.0,0.0,full_depth_depth2_rep01,94001,1102.0375337805453
relu,1,depth2,2,1101.8167329829157,47,27.21014404296875,100,0.4,0.4,0.4,discrete,depth,1,0.0,0.0,0.0,full_depth_depth2_rep01,94001,1101.8167329829157
relu,1,depth2,2,1101.4092248953648,48,27.984493017196655,100,0.4,0.4,0.4,discrete,depth,1,0.0,0.0,0.0,full_depth_depth2_rep01,94001,1101.4092248953648
relu,1,depth2,2,1101.193364989646,49,28.325772047042847,100,0.4,0.4,0.4,discrete,depth,1,0.0,0.0,0.0,full_depth_depth2_rep01,94001,1101.193364989646
relu,1,depth2,2,1101.0396098109384,50,27.664777040481567,100,0.4,0.4,0.4,discrete,depth,1,0.0,0.0,0.0,full_depth_depth2_rep01,94001,1101.0396098109384
relu,1,depth2,2,1074.3857931366445,51,28.11726713180542,100,0.2,0.2,0.2,discrete,depth,1,0.0,0.0,0.0,full_depth_depth2_rep01,94001,1074.3857931366445
relu,1,depth2,2,1073.946808861532,52,28.26703906059265,100,0.2,0.2,0.2,discrete,depth,1,0.0,0.0,0.0,full_depth_depth2_rep01,94001,1073.946808861532
relu,1,depth2,2,1074.05583075698,53,28.4959979057312,100,0.2,0.2,0.2,discrete,depth,1,0.0,0.0,0.0,full_depth_depth2_rep01,94001,1074.05583075698
relu,1,depth2,2,1073.2031952011819,54,27.47494387626648,100,0.2,0.2,0.2,discrete,depth,1,0.0,0.0,0.0,full_depth_depth2_rep01,94001,1073.2031952011819
relu,1,depth2,2,1072.9533646575699,55,28.070080995559692,100,0.2,0.2,0.2,discrete,depth,1,0.0,0.0,0.0,full_depth_depth2_rep01,94001,1072.9533646575699
relu,1,depth2,2,1072.4390578062676,56,28.30871820449829,100,0.2,0.2,0.2,discrete,depth,1,0.0,0.0,0.0,full_depth_depth2_rep01,94001,1072.4390578062676
relu,1,depth2,2,1072.4939567617284,57,28.087446928024292,100,0.2,0.2,0.2,discrete,depth,1,0.0,0.0,0.0,full_depth_depth2_rep01,94001,1072.4939567617284
relu,1,depth2,2,1071.74062126418,58,29.022100925445557,100,0.2,0.2,0.2,discrete,depth,1,0.0,0.0,0.0,full_depth_depth2_rep01,94001,1071.74062126418
relu,1,depth2,2,1071.4308454555044,59,28.07392120361328,100,0.2,0.2,0.2,discrete,depth,1,0.0,0.0,0.0,full_depth_depth2_rep01,94001,1071.4308454555044
relu,1,depth2,2,1071.2152232899439,60,28.348744869232178,100,0.2,0.2,0.2,discrete,depth,1,0.0,0.0,0.0,full_depth_depth2_rep01,94001,1071.2152232899439
relu,1,depth2,2,1017.7536981045857,61,27.39680504798889,100,0.1,0.1,0.1,discrete,depth,1,0.0,0.0,0.0,full_depth_depth2_rep01,94001,1017.7536981045857
relu,1,depth2,2,1018.1283174050754,62,28.672367095947266,100,0.1,0.1,0.1,discrete,depth,1,0.0,0.0,0.0,full_depth_depth2_rep01,94001,1018.1283174050754
relu,1,depth2,2,1017.7919455819194,63,28.45271921157837,100,0.1,0.1,0.1,discrete,depth,1,0.0,0.0,0.0,full_depth_depth2_rep01,94001,1017.7919455819194
relu,1,depth2,2,1017.872176938144,64,28.328817129135132,100,0.1,0.1,0.1,discrete,depth,1,0.0,0.0,0.0,full_depth_depth2_rep01,94001,1017.872176938144
relu,1,depth2,2,1017.7853372611712,65,27.712930917739868,100,0.1,0.1,0.1,discrete,depth,1,0.0,0.0,0.0,full_depth_depth2_rep01,94001,1017.7853372611712
relu,1,depth2,2,1016.0824395604277,66,28.851531982421875,100,0.1,0.1,0.1,discrete,depth,1,0.0,0.0,0.0,full_depth_depth2_rep01,94001,1016.0824395604277
relu,1,depth2,2,1016.4118798452407,67,28.611618041992188,100,0.1,0.1,0.1,discrete,depth,1,0.0,0.0,0.0,full_depth_depth2_rep01,94001,1016.4118798452407
relu,1,depth2,2,1016.1223749629842,68,28.02240300178528,100,0.1,0.1,0.1,discrete,depth,1,0.0,0.0,0.0,full_depth_depth2_rep01,94001,1016.1223749629842
relu,1,depth2,2,1015.863914047908,69,28.515968084335327,100,0.1,0.1,0.1,discrete,depth,1,0.0,0.0,0.0,full_depth_depth2_rep01,94001,1015.863914047908
relu,1,depth2,2,1015.769031695058,70,29.031031131744385,100,0.1,0.1,0.1,discrete,depth,1,0.0,0.0,0.0,full_depth_depth2_rep01,94001,1015.769031695058
relu,1,depth2,2,999.0575536764368,71,29.459015130996704,100,0.08,0.08,0.08,discrete,depth,1,0.0,0.0,0.0,full_depth_depth2_rep01,94001,999.0575536764368
relu,1,depth2,2,998.2959034196643,72,27.761620044708252,100,0.08,0.08,0.08,discrete,depth,1,0.0,0.0,0.0,full_depth_depth2_rep01,94001,998.2959034196643
relu,1,depth2,2,997.3614040989037,73,28.832025051116943,100,0.08,0.08,0.08,discrete,depth,1,0.0,0.0,0.0,full_depth_depth2_rep01,94001,997.3614040989037
relu,1,depth2,2,997.4950576952438,74,29.13671612739563,100,0.08,0.08,0.08,discrete,depth,1,0.0,0.0,0.0,full_depth_depth2_rep01,94001,997.4950576952438
relu,1,depth2,2,997.3007096932165,75,29.151376008987427,100,0.08,0.08,0.08,discrete,depth,1,0.0,0.0,0.0,full_depth_depth2_rep01,94001,997.3007096932165
relu,1,depth2,2,995.8814118565653,76,28.1893470287323,100,0.08,0.08,0.08,discrete,depth,1,0.0,0.0,0.0,full_depth_depth2_rep01,94001,995.8814118565653
relu,1,depth2,2,996.9266940947376,77,28.782912015914917,100,0.08,0.08,0.08,discrete,depth,1,0.0,0.0,0.0,full_depth_depth2_rep01,94001,996.9266940947376
relu,1,depth2,2,995.050127255009,78,29.5915310382843,100,0.08,0.08,0.08,discrete,depth,1,0.0,0.0,0.0,full_depth_depth2_rep01,94001,995.050127255009
relu,1,depth2,2,995.097766333264,79,27.910603046417236,100,0.08,0.08,0.08,discrete,depth,1,0.0,0.0,0.0,full_depth_depth2_rep01,94001,995.097766333264
relu,1,depth2,2,994.9351926948303,80,29.185813903808594,100,0.08,0.08,0.08,discrete,depth,1,0.0,0.0,0.0,full_depth_depth2_rep01,94001,994.9351926948303
relu,1,depth2,2,976.1748741377866,81,28.981290102005005,100,0.06,0.06,0.06,discrete,depth,1,0.0,0.0,0.0,full_depth_depth2_rep01,94001,976.1748741377866
relu,1,depth2,2,978.5887345143582,82,28.959424018859863,100,0.06,0.06,0.06,discrete,depth,1,0.0,0.0,0.0,full_depth_depth2_rep01,94001,978.5887345143582
relu,1,depth2,2,976.0621156766791,83,28.281574010849,100,0.06,0.06,0.06,discrete,depth,1,0.0,0.0,0.0,full_depth_depth2_rep01,94001,976.0621156766791
relu,1,depth2,2,977.228826477831,84,29.031559944152832,100,0.06,0.06,0.06,discrete,depth,1,0.0,0.0,0.0,full_depth_depth2_rep01,94001,977.228826477831
relu,1,depth2,2,973.8344028684307,85,29.572711944580078,100,0.06,0.06,0.06,discrete,depth,1,0.0,0.0,0.0,full_depth_depth2_rep01,94001,973.8344028684307
relu,1,depth2,2,976.8400358753652,86,29.285568952560425,100,0.06,0.06,0.06,discrete,depth,1,0.0,0.0,0.0,full_depth_depth2_rep01,94001,976.8400358753652
relu,1,depth2,2,977.2048637675114,87,28.584545135498047,100,0.06,0.06,0.06,discrete,depth,1,0.0,0.0,0.0,full_depth_depth2_rep01,94001,977.2048637675114
relu,1,depth2,2,976.9280066008062,88,29.042927980422974,100,0.06,0.06,0.06,discrete,depth,1,0.0,0.0,0.0,full_depth_depth2_rep01,94001,976.9280066008062
relu,1,depth2,2,976.4193526313181,89,29.01099991798401,100,0.06,0.06,0.06,discrete,depth,1,0.0,0.0,0.0,full_depth_depth2_rep01,94001,976.4193526313181
relu,1,depth2,2,976.2023692584485,90,29.047834157943726,100,0.06,0.06,0.06,discrete,depth,1,0.0,0.0,0.0,full_depth_depth2_rep01,94001,976.2023692584485
relu,1,depth2,2,952.8140216400832,91,29.25184392929077,100,0.04,0.04,0.04,discrete,depth,1,0.0,0.0,0.0,full_depth_depth2_rep01,94001,952.8140216400832
relu,1,depth2,2,952.0057606829,92,30.45752787590027,100,0.04,0.04,0.04,discrete,depth,1,0.0,0.0,0.0,full_depth_depth2_rep01,94001,952.0057606829
relu,1,depth2,2,952.5971572380611,93,29.806560039520264,100,0.04,0.04,0.04,discrete,depth,1,0.0,0.0,0.0,full_depth_depth2_rep01,94001,952.5971572380611
relu,1,depth2,2,952.3753562215732,94,29.981379985809326,100,0.04,0.04,0.04,discrete,depth,1,0.0,0.0,0.0,full_depth_depth2_rep01,94001,952.3753562215732
relu,1,depth2,2,954.5247898213995,95,29.305267810821533,100,0.04,0.04,0.04,discrete,depth,1,0.0,0.0,0.0,full_depth_depth2_rep01,94001,954.5247898213995
relu,1,depth2,2,952.1599961229305,96,29.663010120391846,100,0.04,0.04,0.04,discrete,depth,1,0.0,0.0,0.0,full_depth_depth2_rep01,94001,952.1599961229305
relu,1,depth2,2,951.3332759083742,97,29.96895694732666,100,0.04,0.04,0.04,discrete,depth,1,0.0,0.0,0.0,full_depth_depth2_rep01,94001,951.3332759083742
relu,1,depth2,2,946.9150704442793,98,30.176470041275024,100,0.04,0.04,0.04,discrete,depth,1,0.0,0.0,0.0,full_depth_depth2_rep01,94001,946.9150704442793
relu,1,depth2,2,956.9498991190286,99,29.922767162322998,100,0.04,0.04,0.04,discrete,depth,1,0.0,0.0,0.0,full_depth_depth2_rep01,94001,956.9498991190286
relu,1,depth2,2,949.7417560280416,100,29.959609985351562,100,0.04,0.04,0.04,discrete,depth,1,0.0,0.0,0.0,full_depth_depth2_rep01,94001,949.7417560280416
relu,1,depth2,2,921.9526828280885,101,31.252288103103638,100,0.02,0.02,0.02,discrete,depth,1,0.0,0.0,0.0,full_depth_depth2_rep01,94001,921.9526828280885
relu,1,depth2,2,921.5567073498321,102,31.1078782081604,100,0.02,0.02,0.02,discrete,depth,1,0.0,0.0,0.0,full_depth_depth2_rep01,94001,921.5567073498321
relu,1,depth2,2,919.2129843948672,103,30.312750101089478,100,0.02,0.02,0.02,discrete,depth,1,0.0,0.0,0.0,full_depth_depth2_rep01,94001,919.2129843948672
relu,1,depth2,2,930.9851762525612,104,30.32444405555725,100,0.02,0.02,0.02,discrete,depth,1,0.0,0.0,0.0,full_depth_depth2_rep01,94001,930.9851762525612
relu,1,depth2,2,926.8225105640412,105,31.1896071434021,100,0.02,0.02,0.02,discrete,depth,1,0.0,0.0,0.0,full_depth_depth2_rep01,94001,926.8225105640412
relu,1,depth2,2,922.1216177763334,106,31.040101051330566,100,0.02,0.02,0.02,discrete,depth,1,0.0,0.0,0.0,full_depth_depth2_rep01,94001,922.1216177763334
relu,1,depth2,2,920.686266540379,107,31.215205907821655,100,0.02,0.02,0.02,discrete,depth,1,0.0,0.0,0.0,full_depth_depth2_rep01,94001,920.686266540379
relu,1,depth2,2,921.7181689524195,108,30.090476036071777,100,0.02,0.02,0.02,discrete,depth,1,0.0,0.0,0.0,full_depth_depth2_rep01,94001,921.7181689524195
relu,1,depth2,2,921.361768020327,109,31.23332905769348,100,0.02,0.02,0.02,discrete,depth,1,0.0,0.0,0.0,full_depth_depth2_rep01,94001,921.361768020327
relu,1,depth2,2,920.9071249780935,110,30.95078992843628,100,0.02,0.02,0.02,discrete,depth,1,0.0,0.0,0.0,full_depth_depth2_rep01,94001,920.9071249780935
relu,1,depth2,2,905.2436504573099,111,31.736740112304688,100,0.01,0.01,0.01,discrete,depth,1,0.0,0.0,0.0,full_depth_depth2_rep01,94001,905.2436504573099
relu,1,depth2,2,912.6343874455612,112,31.666836977005005,100,0.01,0.01,0.01,discrete,depth,1,0.0,0.0,0.0,full_depth_depth2_rep01,94001,912.6343874455612
relu,1,depth2,2,903.7104749262613,113,30.99804401397705,100,0.01,0.01,0.01,discrete,depth,1,0.0,0.0,0.0,full_depth_depth2_rep01,94001,903.7104749262613
relu,1,depth2,2,908.6294195515214,114,31.492066144943237,100,0.01,0.01,0.01,discrete,depth,1,0.0,0.0,0.0,full_depth_depth2_rep01,94001,908.6294195515214
relu,1,depth2,2,904.1900244544423,115,31.5713951587677,100,0.01,0.01,0.01,discrete,depth,1,0.0,0.0,0.0,full_depth_depth2_rep01,94001,904.1900244544423
relu,1,depth2,2,909.277884412954,116,31.80727195739746,100,0.01,0.01,0.01,discrete,depth,1,0.0,0.0,0.0,full_depth_depth2_rep01,94001,909.277884412954
relu,1,depth2,2,899.5433944286447,117,31.67188310623169,100,0.01,0.01,0.01,discrete,depth,1,0.0,0.0,0.0,full_depth_depth2_rep01,94001,899.5433944286447
relu,1,depth2,2,912.3274910093867,118,31.77441692352295,100,0.01,0.01,0.01,discrete,depth,1,0.0,0.0,0.0,full_depth_depth2_rep01,94001,912.3274910093867
relu,1,depth2,2,904.6214403827166,119,31.23067283630371,100,0.01,0.01,0.01,discrete,depth,1,0.0,0.0,0.0,full_depth_depth2_rep01,94001,904.6214403827166
relu,1,depth2,2,901.9320969225421,120,32.10834217071533,100,0.01,0.01,0.01,discrete,depth,1,0.0,0.0,0.0,full_depth_depth2_rep01,94001,901.9320969225421
relu,1,depth2,2,883.6151463818825,121,28.560184955596924,100,0.01,0.01,0.0,discrete,depth,1,0.0,0.0,0.0,full_depth_depth2_rep01,94001,883.6151463818825
relu,1,depth2,2,892.6400897983102,122,25.247116088867188,100,0.01,0.01,0.0,discrete,depth,1,0.0,0.0,0.0,full_depth_depth2_rep01,94001,892.6400897983102
relu,1,depth2,2,878.9150651182787,123,26.220119953155518,100,0.01,0.01,0.0,discrete,depth,1,0.0,0.0,0.0,full_depth_depth2_rep01,94001,878.9150651182787
relu,1,depth2,2,882.168896321059,124,24.60100483894348,100,0.01,0.01,0.0,discrete,depth,1,0.0,0.0,0.0,full_depth_depth2_rep01,94001,882.168896321059
relu,1,depth2,2,879.3532497920455,125,25.15400004386902,100,0.01,0.01,0.0,discrete,depth,1,0.0,0.0,0.0,full_depth_depth2_rep01,94001,879.3532497920455
relu,1,depth2,2,890.4311857446086,126,25.552937984466553,100,0.01,0.01,0.0,discrete,depth,1,0.0,0.0,0.0,full_depth_depth2_rep01,94001,890.4311857446086
relu,1,depth2,2,886.6442296790414,127,25.4207661151886,100,0.01,0.01,0.0,discrete,depth,1,0.0,0.0,0.0,full_depth_depth2_rep01,94001,886.6442296790414
relu,1,depth2,2,877.7815177998596,128,25.20707893371582,100,0.01,0.01,0.0,discrete,depth,1,0.0,0.0,0.0,full_depth_depth2_rep01,94001,877.7815177998596
relu,1,depth2,2,883.9922740784916,129,26.164607048034668,100,0.01,0.01,0.0,discrete,depth,1,0.0,0.0,0.0,full_depth_depth2_rep01,94001,883.9922740784916
relu,1,depth2,2,877.4773031555674,130,27.187927961349487,100,0.01,0.01,0.0,discrete,depth,1,0.0,0.0,0.0,full_depth_depth2_rep01,94001,877.4773031555674
relu,1,depth2,2,2515.4763304511075,1,85.2437789440155,100,1.0,1.0,1.0,discrete,depth,2,0.0,0.0,0.0,full_depth_depth2_rep02,94002,2515.4763304511075
relu,1,depth2,2,1158.7176738189146,2,28.21747398376465,100,1.0,1.0,1.0,discrete,depth,2,0.0,0.0,0.0,full_depth_depth2_rep02,94002,1158.7176738189146
relu,1,depth2,2,1006.3863554307967,3,28.5969660282135,100,1.0,1.0,1.0,discrete,depth,2,0.0,0.0,0.0,full_depth_depth2_rep02,94002,1006.3863554307967
relu,1,depth2,2,996.8989881802216,4,28.53715205192566,100,1.0,1.0,1.0,discrete,depth,2,0.0,0.0,0.0,full_depth_depth2_rep02,94002,996.8989881802216
relu,1,depth2,2,991.292156761743,5,27.781653881072998,100,1.0,1.0,1.0,discrete,depth,2,0.0,0.0,0.0,full_depth_depth2_rep02,94002,991.292156761743
relu,1,depth2,2,988.4307525665856,6,28.4600510597229,100,1.0,1.0,1.0,discrete,depth,2,0.0,0.0,0.0,full_depth_depth2_rep02,94002,988.4307525665856
relu,1,depth2,2,986.96416654529,7,28.51048517227173,100,1.0,1.0,1.0,discrete,depth,2,0.0,0.0,0.0,full_depth_depth2_rep02,94002,986.96416654529
relu,1,depth2,2,986.2891035455988,8,28.412303924560547,100,1.0,1.0,1.0,discrete,depth,2,0.0,0.0,0.0,full_depth_depth2_rep02,94002,986.2891035455988
relu,1,depth2,2,986.0229054098273,9,27.384398937225342,100,1.0,1.0,1.0,discrete,depth,2,0.0,0.0,0.0,full_depth_depth2_rep02,94002,986.0229054098273
relu,1,depth2,2,985.92635925722,10,28.64431405067444,100,1.0,1.0,1.0,discrete,depth,2,0.0,0.0,0.0,full_depth_depth2_rep02,94002,985.92635925722
relu,1,depth2,2,985.8405511837165,11,28.609351873397827,100,1.0,1.0,1.0,discrete,depth,2,0.0,0.0,0.0,full_depth_depth2_rep02,94002,985.8405511837165
relu,1,depth2,2,985.5167022353039,12,27.71121311187744,100,1.0,1.0,1.0,discrete,depth,2,0.0,0.0,0.0,full_depth_depth2_rep02,94002,985.5167022353039
relu,1,depth2,2,985.1532674057146,13,28.721269130706787,100,1.0,1.0,1.0,discrete,depth,2,0.0,0.0,0.0,full_depth_depth2_rep02,94002,985.1532674057146
relu,1,depth2,2,984.8637756027724,14,28.76838493347168,100,1.0,1.0,1.0,discrete,depth,2,0.0,0.0,0.0,full_depth_depth2_rep02,94002,984.8637756027724
relu,1,depth2,2,984.5311541393638,15,29.78397798538208,100,1.0,1.0,1.0,discrete,depth,2,0.0,0.0,0.0,full_depth_depth2_rep02,94002,984.5311541393638
relu,1,depth2,2,984.2277729450888,16,27.372186183929443,100,1.0,1.0,1.0,discrete,depth,2,0.0,0.0,0.0,full_depth_depth2_rep02,94002,984.2277729450888
relu,1,depth2,2,983.9187245726295,17,28.93106698989868,100,1.0,1.0,1.0,discrete,depth,2,0.0,0.0,0.0,full_depth_depth2_rep02,94002,983.9187245726295
relu,1,depth2,2,983.5579414783256,18,28.576326847076416,100,1.0,1.0,1.0,discrete,depth,2,0.0,0.0,0.0,full_depth_depth2_rep02,94002,983.5579414783256
relu,1,depth2,2,983.2328031644852,19,27.734545946121216,100,1.0,1.0,1.0,discrete,depth,2,0.0,0.0,0.0,full_depth_depth2_rep02,94002,983.2328031644852
relu,1,depth2,2,982.869626034181,20,28.76002812385559,100,1.0,1.0,1.0,discrete,depth,2,0.0,0.0,0.0,full_depth_depth2_rep02,94002,982.869626034181
relu,1,depth2,2,1061.657449520107,21,28.49929690361023,100,0.8,0.8,0.8,discrete,depth,2,0.0,0.0,0.0,full_depth_depth2_rep02,94002,1061.657449520107
relu,1,depth2,2,1060.7966071239898,22,28.50350594520569,100,0.8,0.8,0.8,discrete,depth,2,0.0,0.0,0.0,full_depth_depth2_rep02,94002,1060.7966071239898
relu,1,depth2,2,1060.0652414635977,23,27.470025062561035,100,0.8,0.8,0.8,discrete,depth,2,0.0,0.0,0.0,full_depth_depth2_rep02,94002,1060.0652414635977
relu,1,depth2,2,1059.381586038676,24,28.569149017333984,100,0.8,0.8,0.8,discrete,depth,2,0.0,0.0,0.0,full_depth_depth2_rep02,94002,1059.381586038676
relu,1,depth2,2,1058.7244916162206,25,28.3716139793396,100,0.8,0.8,0.8,discrete,depth,2,0.0,0.0,0.0,full_depth_depth2_rep02,94002,1058.7244916162206
relu,1,depth2,2,1058.1782647627801,26,27.697781801223755,100,0.8,0.8,0.8,discrete,depth,2,0.0,0.0,0.0,full_depth_depth2_rep02,94002,1058.1782647627801
relu,1,depth2,2,1057.590745777263,27,28.266732931137085,100,0.8,0.8,0.8,discrete,depth,2,0.0,0.0,0.0,full_depth_depth2_rep02,94002,1057.590745777263
relu,1,depth2,2,1057.122844107507,28,28.80628800392151,100,0.8,0.8,0.8,discrete,depth,2,0.0,0.0,0.0,full_depth_depth2_rep02,94002,1057.122844107507
relu,1,depth2,2,1056.7365400410463,29,27.496128797531128,100,0.8,0.8,0.8,discrete,depth,2,0.0,0.0,0.0,full_depth_depth2_rep02,94002,1056.7365400410463
relu,1,depth2,2,1055.8040304798399,30,28.499638080596924,100,0.8,0.8,0.8,discrete,depth,2,0.0,0.0,0.0,full_depth_depth2_rep02,94002,1055.8040304798399
relu,1,depth2,2,1113.496956688731,31,28.75491690635681,100,0.6,0.6,0.6,discrete,depth,2,0.0,0.0,0.0,full_depth_depth2_rep02,94002,1113.496956688731
relu,1,depth2,2,1112.813687070599,32,28.89868688583374,100,0.6,0.6,0.6,discrete,depth,2,0.0,0.0,0.0,full_depth_depth2_rep02,94002,1112.813687070599
relu,1,depth2,2,1112.3732016854153,33,27.327138900756836,100,0.6,0.6,0.6,discrete,depth,2,0.0,0.0,0.0,full_depth_depth2_rep02,94002,1112.3732016854153
relu,1,depth2,2,1111.8653687446938,34,28.66143488883972,100,0.6,0.6,0.6,discrete,depth,2,0.0,0.0,0.0,full_depth_depth2_rep02,94002,1111.8653687446938
relu,1,depth2,2,1111.295659157655,35,28.430345058441162,100,0.6,0.6,0.6,discrete,depth,2,0.0,0.0,0.0,full_depth_depth2_rep02,94002,1111.295659157655
relu,1,depth2,2,1110.9009259783352,36,28.932717084884644,100,0.6,0.6,0.6,discrete,depth,2,0.0,0.0,0.0,full_depth_depth2_rep02,94002,1110.9009259783352
relu,1,depth2,2,1110.4747141104763,37,28.558223962783813,100,0.6,0.6,0.6,discrete,depth,2,0.0,0.0,0.0,full_depth_depth2_rep02,94002,1110.4747141104763
relu,1,depth2,2,1110.0726130449364,38,28.64862608909607,100,0.6,0.6,0.6,discrete,depth,2,0.0,0.0,0.0,full_depth_depth2_rep02,94002,1110.0726130449364
relu,1,depth2,2,1109.6692191850645,39,28.43816900253296,100,0.6,0.6,0.6,discrete,depth,2,0.0,0.0,0.0,full_depth_depth2_rep02,94002,1109.6692191850645
relu,1,depth2,2,1109.0287557002835,40,27.268326997756958,100,0.6,0.6,0.6,discrete,depth,2,0.0,0.0,0.0,full_depth_depth2_rep02,94002,1109.0287557002835
relu,1,depth2,2,1137.392385428906,41,28.83117914199829,100,0.4,0.4,0.4,discrete,depth,2,0.0,0.0,0.0,full_depth_depth2_rep02,94002,1137.392385428906
relu,1,depth2,2,1137.7099944302738,42,28.285204887390137,100,0.4,0.4,0.4,discrete,depth,2,0.0,0.0,0.0,full_depth_depth2_rep02,94002,1137.7099944302738
relu,1,depth2,2,1136.6236456315994,43,28.001171112060547,100,0.4,0.4,0.4,discrete,depth,2,0.0,0.0,0.0,full_depth_depth2_rep02,94002,1136.6236456315994
relu,1,depth2,2,1136.8091344937486,44,28.675036907196045,100,0.4,0.4,0.4,discrete,depth,2,0.0,0.0,0.0,full_depth_depth2_rep02,94002,1136.8091344937486
relu,1,depth2,2,1136.2539356539883,45,28.607947826385498,100,0.4,0.4,0.4,discrete,depth,2,0.0,0.0,0.0,full_depth_depth2_rep02,94002,1136.2539356539883
relu,1,depth2,2,1135.7637387771676,46,28.5301570892334,100,0.4,0.4,0.4,discrete,depth,2,0.0,0.0,0.0,full_depth_depth2_rep02,94002,1135.7637387771676
relu,1,depth2,2,1135.4292209940324,47,27.663760900497437,100,0.4,0.4,0.4,discrete,depth,2,0.0,0.0,0.0,full_depth_depth2_rep02,94002,1135.4292209940324
relu,1,depth2,2,1135.6265240559646,48,28.225531101226807,100,0.4,0.4,0.4,discrete,depth,2,0.0,0.0,0.0,full_depth_depth2_rep02,94002,1135.6265240559646
relu,1,depth2,2,1134.8263423617134,49,28.769974946975708,100,0.4,0.4,0.4,discrete,depth,2,0.0,0.0,0.0,full_depth_depth2_rep02,94002,1134.8263423617134
relu,1,depth2,2,1134.6616553247513,50,28.68442988395691,100,0.4,0.4,0.4,discrete,depth,2,0.0,0.0,0.0,full_depth_depth2_rep02,94002,1134.6616553247513
relu,1,depth2,2,1115.6030054001196,51,27.408145904541016,100,0.2,0.2,0.2,discrete,depth,2,0.0,0.0,0.0,full_depth_depth2_rep02,94002,1115.6030054001196
relu,1,depth2,2,1111.77874677145,52,28.810691118240356,100,0.2,0.2,0.2,discrete,depth,2,0.0,0.0,0.0,full_depth_depth2_rep02,94002,1111.77874677145
relu,1,depth2,2,1109.2578632237146,53,28.34689497947693,100,0.2,0.2,0.2,discrete,depth,2,0.0,0.0,0.0,full_depth_depth2_rep02,94002,1109.2578632237146
relu,1,depth2,2,1107.4343131863398,54,28.045137882232666,100,0.2,0.2,0.2,discrete,depth,2,0.0,0.0,0.0,full_depth_depth2_rep02,94002,1107.4343131863398
relu,1,depth2,2,1107.4943464522162,55,28.25974988937378,100,0.2,0.2,0.2,discrete,depth,2,0.0,0.0,0.0,full_depth_depth2_rep02,94002,1107.4943464522162
relu,1,depth2,2,1107.7842960310306,56,28.592947959899902,100,0.2,0.2,0.2,discrete,depth,2,0.0,0.0,0.0,full_depth_depth2_rep02,94002,1107.7842960310306
relu,1,depth2,2,1106.4589070561246,57,29.80669593811035,100,0.2,0.2,0.2,discrete,depth,2,0.0,0.0,0.0,full_depth_depth2_rep02,94002,1106.4589070561246
relu,1,depth2,2,1107.6302663204215,58,28.030407190322876,100,0.2,0.2,0.2,discrete,depth,2,0.0,0.0,0.0,full_depth_depth2_rep02,94002,1107.6302663204215
relu,1,depth2,2,1105.5104290073575,59,28.101821899414062,100,0.2,0.2,0.2,discrete,depth,2,0.0,0.0,0.0,full_depth_depth2_rep02,94002,1105.5104290073575
relu,1,depth2,2,1106.107276649302,60,28.675409078598022,100,0.2,0.2,0.2,discrete,depth,2,0.0,0.0,0.0,full_depth_depth2_rep02,94002,1106.107276649302
relu,1,depth2,2,1060.998422397945,61,29.258162021636963,100,0.1,0.1,0.1,discrete,depth,2,0.0,0.0,0.0,full_depth_depth2_rep02,94002,1060.998422397945
relu,1,depth2,2,1058.9537484216721,62,28.503717184066772,100,0.1,0.1,0.1,discrete,depth,2,0.0,0.0,0.0,full_depth_depth2_rep02,94002,1058.9537484216721
relu,1,depth2,2,1058.3133587707819,63,29.160288095474243,100,0.1,0.1,0.1,discrete,depth,2,0.0,0.0,0.0,full_depth_depth2_rep02,94002,1058.3133587707819
relu,1,depth2,2,1058.5807218904838,64,30.564532995224,100,0.1,0.1,0.1,discrete,depth,2,0.0,0.0,0.0,full_depth_depth2_rep02,94002,1058.5807218904838
relu,1,depth2,2,1057.0195564440753,65,28.56044888496399,100,0.1,0.1,0.1,discrete,depth,2,0.0,0.0,0.0,full_depth_depth2_rep02,94002,1057.0195564440753
relu,1,depth2,2,1058.6475835803533,66,29.22947907447815,100,0.1,0.1,0.1,discrete,depth,2,0.0,0.0,0.0,full_depth_depth2_rep02,94002,1058.6475835803533
relu,1,depth2,2,1058.6637202191278,67,29.49163007736206,100,0.1,0.1,0.1,discrete,depth,2,0.0,0.0,0.0,full_depth_depth2_rep02,94002,1058.6637202191278
relu,1,depth2,2,1056.3922493474422,68,29.644172191619873,100,0.1,0.1,0.1,discrete,depth,2,0.0,0.0,0.0,full_depth_depth2_rep02,94002,1056.3922493474422
relu,1,depth2,2,1057.1491373639228,69,28.600555181503296,100,0.1,0.1,0.1,discrete,depth,2,0.0,0.0,0.0,full_depth_depth2_rep02,94002,1057.1491373639228
relu,1,depth2,2,1055.0141067716431,70,29.24789309501648,100,0.1,0.1,0.1,discrete,depth,2,0.0,0.0,0.0,full_depth_depth2_rep02,94002,1055.0141067716431
relu,1,depth2,2,1044.0367830385421,71,29.62876605987549,100,0.08,0.08,0.08,discrete,depth,2,0.0,0.0,0.0,full_depth_depth2_rep02,94002,1044.0367830385421
relu,1,depth2,2,1043.7841831852263,72,29.94639301300049,100,0.08,0.08,0.08,discrete,depth,2,0.0,0.0,0.0,full_depth_depth2_rep02,94002,1043.7841831852263
relu,1,depth2,2,1044.7279023318881,73,28.525630950927734,100,0.08,0.08,0.08,discrete,depth,2,0.0,0.0,0.0,full_depth_depth2_rep02,94002,1044.7279023318881
relu,1,depth2,2,1042.7127033462136,74,29.95204496383667,100,0.08,0.08,0.08,discrete,depth,2,0.0,0.0,0.0,full_depth_depth2_rep02,94002,1042.7127033462136
relu,1,depth2,2,1043.7335216200227,75,29.502304077148438,100,0.08,0.08,0.08,discrete,depth,2,0.0,0.0,0.0,full_depth_depth2_rep02,94002,1043.7335216200227
relu,1,depth2,2,1042.1244489023868,76,29.69478487968445,100,0.08,0.08,0.08,discrete,depth,2,0.0,0.0,0.0,full_depth_depth2_rep02,94002,1042.1244489023868
relu,1,depth2,2,1044.1617573889698,77,28.597627878189087,100,0.08,0.08,0.08,discrete,depth,2,0.0,0.0,0.0,full_depth_depth2_rep02,94002,1044.1617573889698
relu,1,depth2,2,1041.5597664546353,78,31.026324033737183,100,0.08,0.08,0.08,discrete,depth,2,0.0,0.0,0.0,full_depth_depth2_rep02,94002,1041.5597664546353
relu,1,depth2,2,1042.296010615028,79,29.488641023635864,100,0.08,0.08,0.08,discrete,depth,2,0.0,0.0,0.0,full_depth_depth2_rep02,94002,1042.296010615028
relu,1,depth2,2,1043.4386341940135,80,29.970486879348755,100,0.08,0.08,0.08,discrete,depth,2,0.0,0.0,0.0,full_depth_depth2_rep02,94002,1043.4386341940135
relu,1,depth2,2,1033.2211425193766,81,28.5111141204834,100,0.06,0.06,0.06,discrete,depth,2,0.0,0.0,0.0,full_depth_depth2_rep02,94002,1033.2211425193766
relu,1,depth2,2,1031.3655588711356,82,29.405490159988403,100,0.06,0.06,0.06,discrete,depth,2,0.0,0.0,0.0,full_depth_depth2_rep02,94002,1031.3655588711356
relu,1,depth2,2,1032.089276961376,83,29.316938161849976,100,0.06,0.06,0.06,discrete,depth,2,0.0,0.0,0.0,full_depth_depth2_rep02,94002,1032.089276961376
relu,1,depth2,2,1030.8566468300223,84,28.771399974822998,100,0.06,0.06,0.06,discrete,depth,2,0.0,0.0,0.0,full_depth_depth2_rep02,94002,1030.8566468300223
relu,1,depth2,2,1032.4973740798919,85,28.087192058563232,100,0.06,0.06,0.06,discrete,depth,2,0.0,0.0,0.0,full_depth_depth2_rep02,94002,1032.4973740798919
relu,1,depth2,2,1034.100304962835,86,29.86435294151306,100,0.06,0.06,0.06,discrete,depth,2,0.0,0.0,0.0,full_depth_depth2_rep02,94002,1034.100304962835
relu,1,depth2,2,1035.1629142135355,87,29.39392113685608,100,0.06,0.06,0.06,discrete,depth,2,0.0,0.0,0.0,full_depth_depth2_rep02,94002,1035.1629142135355
relu,1,depth2,2,1030.0597714794408,88,29.75547981262207,100,0.06,0.06,0.06,discrete,depth,2,0.0,0.0,0.0,full_depth_depth2_rep02,94002,1030.0597714794408
relu,1,depth2,2,1029.621975332812,89,28.500380992889404,100,0.06,0.06,0.06,discrete,depth,2,0.0,0.0,0.0,full_depth_depth2_rep02,94002,1029.621975332812
relu,1,depth2,2,1031.7292972185815,90,29.523142099380493,100,0.06,0.06,0.06,discrete,depth,2,0.0,0.0,0.0,full_depth_depth2_rep02,94002,1031.7292972185815
relu,1,depth2,2,1031.2133956609757,91,30.103745937347412,100,0.04,0.04,0.04,discrete,depth,2,0.0,0.0,0.0,full_depth_depth2_rep02,94002,1031.2133956609757
relu,1,depth2,2,1029.4830799342894,92,29.594686031341553,100,0.04,0.04,0.04,discrete,depth,2,0.0,0.0,0.0,full_depth_depth2_rep02,94002,1029.4830799342894
relu,1,depth2,2,1032.2517304435842,93,28.70880913734436,100,0.04,0.04,0.04,discrete,depth,2,0.0,0.0,0.0,full_depth_depth2_rep02,94002,1032.2517304435842
relu,1,depth2,2,1028.3113242386771,94,29.72956395149231,100,0.04,0.04,0.04,discrete,depth,2,0.0,0.0,0.0,full_depth_depth2_rep02,94002,1028.3113242386771
relu,1,depth2,2,1031.7656425768528,95,29.992295026779175,100,0.04,0.04,0.04,discrete,depth,2,0.0,0.0,0.0,full_depth_depth2_rep02,94002,1031.7656425768528
relu,1,depth2,2,1035.0041905281914,96,30.27106499671936,100,0.04,0.04,0.04,discrete,depth,2,0.0,0.0,0.0,full_depth_depth2_rep02,94002,1035.0041905281914
relu,1,depth2,2,1033.364285634465,97,28.579581022262573,100,0.04,0.04,0.04,discrete,depth,2,0.0,0.0,0.0,full_depth_depth2_rep02,94002,1033.364285634465
relu,1,depth2,2,1024.6756966053367,98,30.208926916122437,100,0.04,0.04,0.04,discrete,depth,2,0.0,0.0,0.0,full_depth_depth2_rep02,94002,1024.6756966053367
relu,1,depth2,2,1029.1570228253881,99,29.783980131149292,100,0.04,0.04,0.04,discrete,depth,2,0.0,0.0,0.0,full_depth_depth2_rep02,94002,1029.1570228253881
relu,1,depth2,2,1032.0643987992996,100,29.84098792076111,100,0.04,0.04,0.04,discrete,depth,2,0.0,0.0,0.0,full_depth_depth2_rep02,94002,1032.0643987992996
relu,1,depth2,2,1035.0795139626048,101,29.505576848983765,100,0.02,0.02,0.02,discrete,depth,2,0.0,0.0,0.0,full_depth_depth2_rep02,94002,1035.0795139626048
relu,1,depth2,2,1035.7083937602733,102,30.288614988327026,100,0.02,0.02,0.02,discrete,depth,2,0.0,0.0,0.0,full_depth_depth2_rep02,94002,1035.7083937602733
relu,1,depth2,2,1034.1894405312798,103,30.350327968597412,100,0.02,0.02,0.02,discrete,depth,2,0.0,0.0,0.0,full_depth_depth2_rep02,94002,1034.1894405312798
relu,1,depth2,2,1034.81549403652,104,30.40397596359253,100,0.02,0.02,0.02,discrete,depth,2,0.0,0.0,0.0,full_depth_depth2_rep02,94002,1034.81549403652
relu,1,depth2,2,1035.262596541784,105,29.334517002105713,100,0.02,0.02,0.02,discrete,depth,2,0.0,0.0,0.0,full_depth_depth2_rep02,94002,1035.262596541784
relu,1,depth2,2,1029.6137782404817,106,30.172128915786743,100,0.02,0.02,0.02,discrete,depth,2,0.0,0.0,0.0,full_depth_depth2_rep02,94002,1029.6137782404817
relu,1,depth2,2,1027.8684764229233,107,30.55641198158264,100,0.02,0.02,0.02,discrete,depth,2,0.0,0.0,0.0,full_depth_depth2_rep02,94002,1027.8684764229233
relu,1,depth2,2,1033.4839924693872,108,30.219849109649658,100,0.02,0.02,0.02,discrete,depth,2,0.0,0.0,0.0,full_depth_depth2_rep02,94002,1033.4839924693872
relu,1,depth2,2,1035.0817591077512,109,29.191235065460205,100,0.02,0.02,0.02,discrete,depth,2,0.0,0.0,0.0,full_depth_depth2_rep02,94002,1035.0817591077512
relu,1,depth2,2,1028.799224954687,110,30.3546359539032,100,0.02,0.02,0.02,discrete,depth,2,0.0,0.0,0.0,full_depth_depth2_rep02,94002,1028.799224954687
relu,1,depth2,2,1030.5038762426818,111,31.498212099075317,100,0.01,0.01,0.01,discrete,depth,2,0.0,0.0,0.0,full_depth_depth2_rep02,94002,1030.5038762426818
relu,1,depth2,2,1029.9240451915205,112,31.513915061950684,100,0.01,0.01,0.01,discrete,depth,2,0.0,0.0,0.0,full_depth_depth2_rep02,94002,1029.9240451915205
relu,1,depth2,2,1024.4188377041276,113,31.6173038482666,100,0.01,0.01,0.01,discrete,depth,2,0.0,0.0,0.0,full_depth_depth2_rep02,94002,1024.4188377041276
relu,1,depth2,2,1025.4249018491591,114,30.666009187698364,100,0.01,0.01,0.01,discrete,depth,2,0.0,0.0,0.0,full_depth_depth2_rep02,94002,1025.4249018491591
relu,1,depth2,2,1029.6275836507175,115,31.675745010375977,100,0.01,0.01,0.01,discrete,depth,2,0.0,0.0,0.0,full_depth_depth2_rep02,94002,1029.6275836507175
relu,1,depth2,2,1034.4537280729262,116,31.540377855300903,100,0.01,0.01,0.01,discrete,depth,2,0.0,0.0,0.0,full_depth_depth2_rep02,94002,1034.4537280729262
relu,1,depth2,2,1025.3678349357956,117,31.49073886871338,100,0.01,0.01,0.01,discrete,depth,2,0.0,0.0,0.0,full_depth_depth2_rep02,94002,1025.3678349357956
relu,1,depth2,2,1022.4540932612211,118,32.248075008392334,100,0.01,0.01,0.01,discrete,depth,2,0.0,0.0,0.0,full_depth_depth2_rep02,94002,1022.4540932612211
relu,1,depth2,2,1024.5393542178674,119,31.532542943954468,100,0.01,0.01,0.01,discrete,depth,2,0.0,0.0,0.0,full_depth_depth2_rep02,94002,1024.5393542178674
relu,1,depth2,2,1025.5128351304684,120,30.940395832061768,100,0.01,0.01,0.01,discrete,depth,2,0.0,0.0,0.0,full_depth_depth2_rep02,94002,1025.5128351304684
relu,1,depth2,2,993.7699606703046,121,28.195262908935547,100,0.01,0.01,0.0,discrete,depth,2,0.0,0.0,0.0,full_depth_depth2_rep02,94002,993.7699606703046
relu,1,depth2,2,992.2788360775203,122,25.03737998008728,100,0.01,0.01,0.0,discrete,depth,2,0.0,0.0,0.0,full_depth_depth2_rep02,94002,992.2788360775203
relu,1,depth2,2,996.3225341527059,123,25.333749055862427,100,0.01,0.01,0.0,discrete,depth,2,0.0,0.0,0.0,full_depth_depth2_rep02,94002,996.3225341527059
relu,1,depth2,2,1001.8747530762047,124,25.333584785461426,100,0.01,0.01,0.0,discrete,depth,2,0.0,0.0,0.0,full_depth_depth2_rep02,94002,1001.8747530762047
relu,1,depth2,2,992.5825196742285,125,24.309195041656494,100,0.01,0.01,0.0,discrete,depth,2,0.0,0.0,0.0,full_depth_depth2_rep02,94002,992.5825196742285
relu,1,depth2,2,999.985502561044,126,24.618688106536865,100,0.01,0.01,0.0,discrete,depth,2,0.0,0.0,0.0,full_depth_depth2_rep02,94002,999.985502561044
relu,1,depth2,2,994.8420282503357,127,24.70925498008728,100,0.01,0.01,0.0,discrete,depth,2,0.0,0.0,0.0,full_depth_depth2_rep02,94002,994.8420282503357
relu,1,depth2,2,994.0234756596745,128,26.06601881980896,100,0.01,0.01,0.0,discrete,depth,2,0.0,0.0,0.0,full_depth_depth2_rep02,94002,994.0234756596745
relu,1,depth2,2,991.88123230135,129,24.104482889175415,100,0.01,0.01,0.0,discrete,depth,2,0.0,0.0,0.0,full_depth_depth2_rep02,94002,991.88123230135
relu,1,depth2,2,991.0932368098273,130,26.523195028305054,100,0.01,0.01,0.0,discrete,depth,2,0.0,0.0,0.0,full_depth_depth2_rep02,94002,991.0932368098273
relu,1,depth2,2,2290.9992480064934,1,85.50193095207214,100,1.0,1.0,1.0,discrete,depth,3,0.0,0.0,0.0,full_depth_depth2_rep03,94003,2290.9992480064934
relu,1,depth2,2,1041.709242150919,2,27.635265111923218,100,1.0,1.0,1.0,discrete,depth,3,0.0,0.0,0.0,full_depth_depth2_rep03,94003,1041.709242150919
relu,1,depth2,2,937.5099138223646,3,28.288471937179565,100,1.0,1.0,1.0,discrete,depth,3,0.0,0.0,0.0,full_depth_depth2_rep03,94003,937.5099138223646
relu,1,depth2,2,929.9682369677337,4,27.67938804626465,100,1.0,1.0,1.0,discrete,depth,3,0.0,0.0,0.0,full_depth_depth2_rep03,94003,929.9682369677337
relu,1,depth2,2,925.7109848778571,5,28.492197036743164,100,1.0,1.0,1.0,discrete,depth,3,0.0,0.0,0.0,full_depth_depth2_rep03,94003,925.7109848778571
relu,1,depth2,2,922.8282954228114,6,28.72722291946411,100,1.0,1.0,1.0,discrete,depth,3,0.0,0.0,0.0,full_depth_depth2_rep03,94003,922.8282954228114
relu,1,depth2,2,920.9054978056406,7,27.562752962112427,100,1.0,1.0,1.0,discrete,depth,3,0.0,0.0,0.0,full_depth_depth2_rep03,94003,920.9054978056406
relu,1,depth2,2,919.8402642641539,8,29.20785903930664,100,1.0,1.0,1.0,discrete,depth,3,0.0,0.0,0.0,full_depth_depth2_rep03,94003,919.8402642641539
relu,1,depth2,2,919.3678050045855,9,28.31910800933838,100,1.0,1.0,1.0,discrete,depth,3,0.0,0.0,0.0,full_depth_depth2_rep03,94003,919.3678050045855
relu,1,depth2,2,919.1438951017024,10,28.314867973327637,100,1.0,1.0,1.0,discrete,depth,3,0.0,0.0,0.0,full_depth_depth2_rep03,94003,919.1438951017024
relu,1,depth2,2,918.992296714342,11,27.503611087799072,100,1.0,1.0,1.0,discrete,depth,3,0.0,0.0,0.0,full_depth_depth2_rep03,94003,918.992296714342
relu,1,depth2,2,918.8642247416559,12,28.711673974990845,100,1.0,1.0,1.0,discrete,depth,3,0.0,0.0,0.0,full_depth_depth2_rep03,94003,918.8642247416559
relu,1,depth2,2,918.7432909853538,13,28.45136594772339,100,1.0,1.0,1.0,discrete,depth,3,0.0,0.0,0.0,full_depth_depth2_rep03,94003,918.7432909853538
relu,1,depth2,2,918.6222519099116,14,27.709463834762573,100,1.0,1.0,1.0,discrete,depth,3,0.0,0.0,0.0,full_depth_depth2_rep03,94003,918.6222519099116
relu,1,depth2,2,918.4634156249173,15,28.609308004379272,100,1.0,1.0,1.0,discrete,depth,3,0.0,0.0,0.0,full_depth_depth2_rep03,94003,918.4634156249173
relu,1,depth2,2,918.2946294124091,16,28.747530937194824,100,1.0,1.0,1.0,discrete,depth,3,0.0,0.0,0.0,full_depth_depth2_rep03,94003,918.2946294124091
relu,1,depth2,2,918.1125401893089,17,28.70482611656189,100,1.0,1.0,1.0,discrete,depth,3,0.0,0.0,0.0,full_depth_depth2_rep03,94003,918.1125401893089
relu,1,depth2,2,917.9357539713537,18,27.398667097091675,100,1.0,1.0,1.0,discrete,depth,3,0.0,0.0,0.0,full_depth_depth2_rep03,94003,917.9357539713537
relu,1,depth2,2,917.7616087730038,19,28.894933938980103,100,1.0,1.0,1.0,discrete,depth,3,0.0,0.0,0.0,full_depth_depth2_rep03,94003,917.7616087730038
relu,1,depth2,2,917.5777083209958,20,29.189619064331055,100,1.0,1.0,1.0,discrete,depth,3,0.0,0.0,0.0,full_depth_depth2_rep03,94003,917.5777083209958
relu,1,depth2,2,993.2490228810115,21,28.02063298225403,100,0.8,0.8,0.8,discrete,depth,3,0.0,0.0,0.0,full_depth_depth2_rep03,94003,993.2490228810115
relu,1,depth2,2,993.4240207905214,22,28.466110944747925,100,0.8,0.8,0.8,discrete,depth,3,0.0,0.0,0.0,full_depth_depth2_rep03,94003,993.4240207905214
relu,1,depth2,2,993.3010568547331,23,28.14866590499878,100,0.8,0.8,0.8,discrete,depth,3,0.0,0.0,0.0,full_depth_depth2_rep03,94003,993.3010568547331
relu,1,depth2,2,993.0902285099899,24,27.07598090171814,100,0.8,0.8,0.8,discrete,depth,3,0.0,0.0,0.0,full_depth_depth2_rep03,94003,993.0902285099899
relu,1,depth2,2,992.9155351256828,25,27.897504091262817,100,0.8,0.8,0.8,discrete,depth,3,0.0,0.0,0.0,full_depth_depth2_rep03,94003,992.9155351256828
relu,1,depth2,2,992.7531000819929,26,28.06386709213257,100,0.8,0.8,0.8,discrete,depth,3,0.0,0.0,0.0,full_depth_depth2_rep03,94003,992.7531000819929
relu,1,depth2,2,992.599519958415,27,28.393122911453247,100,0.8,0.8,0.8,discrete,depth,3,0.0,0.0,0.0,full_depth_depth2_rep03,94003,992.599519958415
relu,1,depth2,2,992.4463401970402,28,27.189708948135376,100,0.8,0.8,0.8,discrete,depth,3,0.0,0.0,0.0,full_depth_depth2_rep03,94003,992.4463401970402
relu,1,depth2,2,992.28778163973,29,28.623669147491455,100,0.8,0.8,0.8,discrete,depth,3,0.0,0.0,0.0,full_depth_depth2_rep03,94003,992.28778163973
relu,1,depth2,2,992.1514330949925,30,28.319935083389282,100,0.8,0.8,0.8,discrete,depth,3,0.0,0.0,0.0,full_depth_depth2_rep03,94003,992.1514330949925
relu,1,depth2,2,1047.2823062132186,31,27.35874104499817,100,0.6,0.6,0.6,discrete,depth,3,0.0,0.0,0.0,full_depth_depth2_rep03,94003,1047.2823062132186
relu,1,depth2,2,1047.3462389229273,32,28.043094873428345,100,0.6,0.6,0.6,discrete,depth,3,0.0,0.0,0.0,full_depth_depth2_rep03,94003,1047.3462389229273
relu,1,depth2,2,1047.2557891293616,33,27.80910897254944,100,0.6,0.6,0.6,discrete,depth,3,0.0,0.0,0.0,full_depth_depth2_rep03,94003,1047.2557891293616
relu,1,depth2,2,1047.1697390517518,34,28.149617195129395,100,0.6,0.6,0.6,discrete,depth,3,0.0,0.0,0.0,full_depth_depth2_rep03,94003,1047.1697390517518
relu,1,depth2,2,1047.0702521880555,35,26.992223978042603,100,0.6,0.6,0.6,discrete,depth,3,0.0,0.0,0.0,full_depth_depth2_rep03,94003,1047.0702521880555
relu,1,depth2,2,1046.970962515413,36,27.863922119140625,100,0.6,0.6,0.6,discrete,depth,3,0.0,0.0,0.0,full_depth_depth2_rep03,94003,1046.970962515413
relu,1,depth2,2,1046.8511904415432,37,28.044917106628418,100,0.6,0.6,0.6,discrete,depth,3,0.0,0.0,0.0,full_depth_depth2_rep03,94003,1046.8511904415432
relu,1,depth2,2,1046.7430422165155,38,28.301841974258423,100,0.6,0.6,0.6,discrete,depth,3,0.0,0.0,0.0,full_depth_depth2_rep03,94003,1046.7430422165155
relu,1,depth2,2,1046.6833664100639,39,27.121912956237793,100,0.6,0.6,0.6,discrete,depth,3,0.0,0.0,0.0,full_depth_depth2_rep03,94003,1046.6833664100639
relu,1,depth2,2,1046.6498543604869,40,28.5595281124115,100,0.6,0.6,0.6,discrete,depth,3,0.0,0.0,0.0,full_depth_depth2_rep03,94003,1046.6498543604869
relu,1,depth2,2,1071.0588309310845,41,28.200522899627686,100,0.4,0.4,0.4,discrete,depth,3,0.0,0.0,0.0,full_depth_depth2_rep03,94003,1071.0588309310845
relu,1,depth2,2,1070.947029730948,42,27.876703023910522,100,0.4,0.4,0.4,discrete,depth,3,0.0,0.0,0.0,full_depth_depth2_rep03,94003,1070.947029730948
relu,1,depth2,2,1070.929124912041,43,27.909929037094116,100,0.4,0.4,0.4,discrete,depth,3,0.0,0.0,0.0,full_depth_depth2_rep03,94003,1070.929124912041
relu,1,depth2,2,1070.8678103969555,44,28.230434894561768,100,0.4,0.4,0.4,discrete,depth,3,0.0,0.0,0.0,full_depth_depth2_rep03,94003,1070.8678103969555
relu,1,depth2,2,1070.7766777012505,45,28.35950493812561,100,0.4,0.4,0.4,discrete,depth,3,0.0,0.0,0.0,full_depth_depth2_rep03,94003,1070.7766777012505
relu,1,depth2,2,1070.722907503301,46,26.83653712272644,100,0.4,0.4,0.4,discrete,depth,3,0.0,0.0,0.0,full_depth_depth2_rep03,94003,1070.722907503301
relu,1,depth2,2,1070.7391923816256,47,27.88769793510437,100,0.4,0.4,0.4,discrete,depth,3,0.0,0.0,0.0,full_depth_depth2_rep03,94003,1070.7391923816256
relu,1,depth2,2,1070.6786273016673,48,28.121784925460815,100,0.4,0.4,0.4,discrete,depth,3,0.0,0.0,0.0,full_depth_depth2_rep03,94003,1070.6786273016673
relu,1,depth2,2,1070.6350736276102,49,27.01791000366211,100,0.4,0.4,0.4,discrete,depth,3,0.0,0.0,0.0,full_depth_depth2_rep03,94003,1070.6350736276102
relu,1,depth2,2,1070.604745445053,50,27.545703887939453,100,0.4,0.4,0.4,discrete,depth,3,0.0,0.0,0.0,full_depth_depth2_rep03,94003,1070.604745445053
relu,1,depth2,2,1041.7166361973423,51,27.908174991607666,100,0.2,0.2,0.2,discrete,depth,3,0.0,0.0,0.0,full_depth_depth2_rep03,94003,1041.7166361973423
relu,1,depth2,2,1039.11116417059,52,28.422661066055298,100,0.2,0.2,0.2,discrete,depth,3,0.0,0.0,0.0,full_depth_depth2_rep03,94003,1039.11116417059
relu,1,depth2,2,1039.5142913653806,53,26.801958084106445,100,0.2,0.2,0.2,discrete,depth,3,0.0,0.0,0.0,full_depth_depth2_rep03,94003,1039.5142913653806
relu,1,depth2,2,1038.8861735400358,54,28.023655891418457,100,0.2,0.2,0.2,discrete,depth,3,0.0,0.0,0.0,full_depth_depth2_rep03,94003,1038.8861735400358
relu,1,depth2,2,1039.2319427199168,55,27.96021604537964,100,0.2,0.2,0.2,discrete,depth,3,0.0,0.0,0.0,full_depth_depth2_rep03,94003,1039.2319427199168
relu,1,depth2,2,1038.9413795855728,56,27.18526291847229,100,0.2,0.2,0.2,discrete,depth,3,0.0,0.0,0.0,full_depth_depth2_rep03,94003,1038.9413795855728
relu,1,depth2,2,1038.9110912528338,57,27.981892108917236,100,0.2,0.2,0.2,discrete,depth,3,0.0,0.0,0.0,full_depth_depth2_rep03,94003,1038.9110912528338
relu,1,depth2,2,1038.7375637615125,58,27.70135998725891,100,0.2,0.2,0.2,discrete,depth,3,0.0,0.0,0.0,full_depth_depth2_rep03,94003,1038.7375637615125
relu,1,depth2,2,1038.8745210021339,59,27.91996192932129,100,0.2,0.2,0.2,discrete,depth,3,0.0,0.0,0.0,full_depth_depth2_rep03,94003,1038.8745210021339
relu,1,depth2,2,1038.8403589395912,60,26.971648931503296,100,0.2,0.2,0.2,discrete,depth,3,0.0,0.0,0.0,full_depth_depth2_rep03,94003,1038.8403589395912
relu,1,depth2,2,987.4901657865511,61,28.88736391067505,100,0.1,0.1,0.1,discrete,depth,3,0.0,0.0,0.0,full_depth_depth2_rep03,94003,987.4901657865511
relu,1,depth2,2,983.0081786597226,62,29.09963321685791,100,0.1,0.1,0.1,discrete,depth,3,0.0,0.0,0.0,full_depth_depth2_rep03,94003,983.0081786597226
relu,1,depth2,2,983.6043254205794,63,28.526039838790894,100,0.1,0.1,0.1,discrete,depth,3,0.0,0.0,0.0,full_depth_depth2_rep03,94003,983.6043254205794
relu,1,depth2,2,984.5386564737054,64,27.94883394241333,100,0.1,0.1,0.1,discrete,depth,3,0.0,0.0,0.0,full_depth_depth2_rep03,94003,984.5386564737054
relu,1,depth2,2,985.7215371131414,65,28.841938972473145,100,0.1,0.1,0.1,discrete,depth,3,0.0,0.0,0.0,full_depth_depth2_rep03,94003,985.7215371131414
relu,1,depth2,2,982.5970608247726,66,28.77264404296875,100,0.1,0.1,0.1,discrete,depth,3,0.0,0.0,0.0,full_depth_depth2_rep03,94003,982.5970608247726
relu,1,depth2,2,982.2253438105453,67,27.861189126968384,100,0.1,0.1,0.1,discrete,depth,3,0.0,0.0,0.0,full_depth_depth2_rep03,94003,982.2253438105453
relu,1,depth2,2,982.0981260197676,68,28.515650987625122,100,0.1,0.1,0.1,discrete,depth,3,0.0,0.0,0.0,full_depth_depth2_rep03,94003,982.0981260197676
relu,1,depth2,2,982.4856124117974,69,28.47451400756836,100,0.1,0.1,0.1,discrete,depth,3,0.0,0.0,0.0,full_depth_depth2_rep03,94003,982.4856124117974
relu,1,depth2,2,982.5996683884716,70,28.921123027801514,100,0.1,0.1,0.1,discrete,depth,3,0.0,0.0,0.0,full_depth_depth2_rep03,94003,982.5996683884716
relu,1,depth2,2,967.1119624630481,71,28.508013010025024,100,0.08,0.08,0.08,discrete,depth,3,0.0,0.0,0.0,full_depth_depth2_rep03,94003,967.1119624630481
relu,1,depth2,2,967.3074037403634,72,27.53904700279236,100,0.08,0.08,0.08,discrete,depth,3,0.0,0.0,0.0,full_depth_depth2_rep03,94003,967.3074037403634
relu,1,depth2,2,967.8664404148423,73,28.716755151748657,100,0.08,0.08,0.08,discrete,depth,3,0.0,0.0,0.0,full_depth_depth2_rep03,94003,967.8664404148423
relu,1,depth2,2,966.6503194457342,74,29.01692795753479,100,0.08,0.08,0.08,discrete,depth,3,0.0,0.0,0.0,full_depth_depth2_rep03,94003,966.6503194457342
relu,1,depth2,2,968.4107857256332,75,29.196632146835327,100,0.08,0.08,0.08,discrete,depth,3,0.0,0.0,0.0,full_depth_depth2_rep03,94003,968.4107857256332
relu,1,depth2,2,966.6076069551497,76,28.020328998565674,100,0.08,0.08,0.08,discrete,depth,3,0.0,0.0,0.0,full_depth_depth2_rep03,94003,966.6076069551497
relu,1,depth2,2,968.75158090998,77,29.36344599723816,100,0.08,0.08,0.08,discrete,depth,3,0.0,0.0,0.0,full_depth_depth2_rep03,94003,968.75158090998
relu,1,depth2,2,965.4337291793662,78,29.16253089904785,100,0.08,0.08,0.08,discrete,depth,3,0.0,0.0,0.0,full_depth_depth2_rep03,94003,965.4337291793662
relu,1,depth2,2,964.948526012018,79,28.110533952713013,100,0.08,0.08,0.08,discrete,depth,3,0.0,0.0,0.0,full_depth_depth2_rep03,94003,964.948526012018
relu,1,depth2,2,965.3918996751047,80,28.771623134613037,100,0.08,0.08,0.08,discrete,depth,3,0.0,0.0,0.0,full_depth_depth2_rep03,94003,965.3918996751047
relu,1,depth2,2,946.270984077952,81,29.55362296104431,100,0.06,0.06,0.06,discrete,depth,3,0.0,0.0,0.0,full_depth_depth2_rep03,94003,946.270984077952
relu,1,depth2,2,947.3121152895153,82,29.485743045806885,100,0.06,0.06,0.06,discrete,depth,3,0.0,0.0,0.0,full_depth_depth2_rep03,94003,947.3121152895153
relu,1,depth2,2,945.3930853914518,83,29.3266019821167,100,0.06,0.06,0.06,discrete,depth,3,0.0,0.0,0.0,full_depth_depth2_rep03,94003,945.3930853914518
relu,1,depth2,2,945.679969773818,84,29.619476079940796,100,0.06,0.06,0.06,discrete,depth,3,0.0,0.0,0.0,full_depth_depth2_rep03,94003,945.679969773818
relu,1,depth2,2,947.1047600133778,85,29.22015404701233,100,0.06,0.06,0.06,discrete,depth,3,0.0,0.0,0.0,full_depth_depth2_rep03,94003,947.1047600133778
relu,1,depth2,2,949.1482105437889,86,29.335488080978394,100,0.06,0.06,0.06,discrete,depth,3,0.0,0.0,0.0,full_depth_depth2_rep03,94003,949.1482105437889
relu,1,depth2,2,948.2757779840318,87,28.1263689994812,100,0.06,0.06,0.06,discrete,depth,3,0.0,0.0,0.0,full_depth_depth2_rep03,94003,948.2757779840318
relu,1,depth2,2,947.7000346512286,88,29.144367933273315,100,0.06,0.06,0.06,discrete,depth,3,0.0,0.0,0.0,full_depth_depth2_rep03,94003,947.7000346512286
relu,1,depth2,2,947.7526540479281,89,29.013725996017456,100,0.06,0.06,0.06,discrete,depth,3,0.0,0.0,0.0,full_depth_depth2_rep03,94003,947.7526540479281
relu,1,depth2,2,946.1095563412362,90,29.50547695159912,100,0.06,0.06,0.06,discrete,depth,3,0.0,0.0,0.0,full_depth_depth2_rep03,94003,946.1095563412362
relu,1,depth2,2,922.6794612954394,91,29.307295083999634,100,0.04,0.04,0.04,discrete,depth,3,0.0,0.0,0.0,full_depth_depth2_rep03,94003,922.6794612954394
relu,1,depth2,2,921.101385340075,92,28.59713888168335,100,0.04,0.04,0.04,discrete,depth,3,0.0,0.0,0.0,full_depth_depth2_rep03,94003,921.101385340075
relu,1,depth2,2,922.7061711354403,93,29.762766122817993,100,0.04,0.04,0.04,discrete,depth,3,0.0,0.0,0.0,full_depth_depth2_rep03,94003,922.7061711354403
relu,1,depth2,2,921.8544420526704,94,29.488198041915894,100,0.04,0.04,0.04,discrete,depth,3,0.0,0.0,0.0,full_depth_depth2_rep03,94003,921.8544420526704
relu,1,depth2,2,921.6557260582906,95,29.896671056747437,100,0.04,0.04,0.04,discrete,depth,3,0.0,0.0,0.0,full_depth_depth2_rep03,94003,921.6557260582906
relu,1,depth2,2,922.0533050548672,96,28.622863054275513,100,0.04,0.04,0.04,discrete,depth,3,0.0,0.0,0.0,full_depth_depth2_rep03,94003,922.0533050548672
relu,1,depth2,2,923.0116687625427,97,29.69851016998291,100,0.04,0.04,0.04,discrete,depth,3,0.0,0.0,0.0,full_depth_depth2_rep03,94003,923.0116687625427
relu,1,depth2,2,923.6244953493597,98,29.42879605293274,100,0.04,0.04,0.04,discrete,depth,3,0.0,0.0,0.0,full_depth_depth2_rep03,94003,923.6244953493597
relu,1,depth2,2,922.3985798060374,99,29.685081958770752,100,0.04,0.04,0.04,discrete,depth,3,0.0,0.0,0.0,full_depth_depth2_rep03,94003,922.3985798060374
relu,1,depth2,2,920.6443461852764,100,28.462935209274292,100,0.04,0.04,0.04,discrete,depth,3,0.0,0.0,0.0,full_depth_depth2_rep03,94003,920.6443461852764
relu,1,depth2,2,889.2355192901149,101,31.38270401954651,100,0.02,0.02,0.02,discrete,depth,3,0.0,0.0,0.0,full_depth_depth2_rep03,94003,889.2355192901149
relu,1,depth2,2,892.7867036744143,102,31.461984157562256,100,0.02,0.02,0.02,discrete,depth,3,0.0,0.0,0.0,full_depth_depth2_rep03,94003,892.7867036744143
relu,1,depth2,2,890.6358577601657,103,31.906458854675293,100,0.02,0.02,0.02,discrete,depth,3,0.0,0.0,0.0,full_depth_depth2_rep03,94003,890.6358577601657
relu,1,depth2,2,893.7999628347369,104,33.11792492866516,100,0.02,0.02,0.02,discrete,depth,3,0.0,0.0,0.0,full_depth_depth2_rep03,94003,893.7999628347369
relu,1,depth2,2,891.6883273735372,105,30.742279052734375,100,0.02,0.02,0.02,discrete,depth,3,0.0,0.0,0.0,full_depth_depth2_rep03,94003,891.6883273735372
relu,1,depth2,2,891.574123523113,106,31.806134939193726,100,0.02,0.02,0.02,discrete,depth,3,0.0,0.0,0.0,full_depth_depth2_rep03,94003,891.574123523113
relu,1,depth2,2,891.0773722382531,107,31.686264038085938,100,0.02,0.02,0.02,discrete,depth,3,0.0,0.0,0.0,full_depth_depth2_rep03,94003,891.0773722382531
relu,1,depth2,2,893.0836344864288,108,31.718305826187134,100,0.02,0.02,0.02,discrete,depth,3,0.0,0.0,0.0,full_depth_depth2_rep03,94003,893.0836344864288
relu,1,depth2,2,890.6049655163985,109,31.647083044052124,100,0.02,0.02,0.02,discrete,depth,3,0.0,0.0,0.0,full_depth_depth2_rep03,94003,890.6049655163985
relu,1,depth2,2,890.5565940243946,110,31.57514214515686,100,0.02,0.02,0.02,discrete,depth,3,0.0,0.0,0.0,full_depth_depth2_rep03,94003,890.5565940243946
relu,1,depth2,2,871.6392174606038,111,31.864181995391846,100,0.01,0.01,0.01,discrete,depth,3,0.0,0.0,0.0,full_depth_depth2_rep03,94003,871.6392174606038
relu,1,depth2,2,872.7611658892585,112,32.520334005355835,100,0.01,0.01,0.01,discrete,depth,3,0.0,0.0,0.0,full_depth_depth2_rep03,94003,872.7611658892585
relu,1,depth2,2,874.7049055495551,113,32.88493514060974,100,0.01,0.01,0.01,discrete,depth,3,0.0,0.0,0.0,full_depth_depth2_rep03,94003,874.7049055495551
relu,1,depth2,2,872.0259102947728,114,33.317870140075684,100,0.01,0.01,0.01,discrete,depth,3,0.0,0.0,0.0,full_depth_depth2_rep03,94003,872.0259102947728
relu,1,depth2,2,871.9138231341265,115,32.73826003074646,100,0.01,0.01,0.01,discrete,depth,3,0.0,0.0,0.0,full_depth_depth2_rep03,94003,871.9138231341265
relu,1,depth2,2,872.7858827916865,116,32.915504932403564,100,0.01,0.01,0.01,discrete,depth,3,0.0,0.0,0.0,full_depth_depth2_rep03,94003,872.7858827916865
relu,1,depth2,2,871.79781118134,117,32.700430154800415,100,0.01,0.01,0.01,discrete,depth,3,0.0,0.0,0.0,full_depth_depth2_rep03,94003,871.79781118134
relu,1,depth2,2,875.356469480671,118,32.18656086921692,100,0.01,0.01,0.01,discrete,depth,3,0.0,0.0,0.0,full_depth_depth2_rep03,94003,875.356469480671
relu,1,depth2,2,871.6511080383466,119,32.9643669128418,100,0.01,0.01,0.01,discrete,depth,3,0.0,0.0,0.0,full_depth_depth2_rep03,94003,871.6511080383466
relu,1,depth2,2,874.7861779705502,120,32.9620418548584,100,0.01,0.01,0.01,discrete,depth,3,0.0,0.0,0.0,full_depth_depth2_rep03,94003,874.7861779705502
relu,1,depth2,2,850.5181075438139,121,30.55627202987671,100,0.01,0.01,0.0,discrete,depth,3,0.0,0.0,0.0,full_depth_depth2_rep03,94003,850.5181075438139
relu,1,depth2,2,850.640115317905,122,27.44581699371338,100,0.01,0.01,0.0,discrete,depth,3,0.0,0.0,0.0,full_depth_depth2_rep03,94003,850.640115317905
relu,1,depth2,2,850.5138823421813,123,28.058034896850586,100,0.01,0.01,0.0,discrete,depth,3,0.0,0.0,0.0,full_depth_depth2_rep03,94003,850.5138823421813
relu,1,depth2,2,848.4915721272018,124,26.515624046325684,100,0.01,0.01,0.0,discrete,depth,3,0.0,0.0,0.0,full_depth_depth2_rep03,94003,848.4915721272018
relu,1,depth2,2,848.0385183336733,125,26.447767972946167,100,0.01,0.01,0.0,discrete,depth,3,0.0,0.0,0.0,full_depth_depth2_rep03,94003,848.0385183336733
relu,1,depth2,2,853.6811174948843,126,26.571778059005737,100,0.01,0.01,0.0,discrete,depth,3,0.0,0.0,0.0,full_depth_depth2_rep03,94003,853.6811174948843
relu,1,depth2,2,853.7737751578891,127,25.808226108551025,100,0.01,0.01,0.0,discrete,depth,3,0.0,0.0,0.0,full_depth_depth2_rep03,94003,853.7737751578891
relu,1,depth2,2,846.6464839954293,128,26.59386897087097,100,0.01,0.01,0.0,discrete,depth,3,0.0,0.0,0.0,full_depth_depth2_rep03,94003,846.6464839954293
relu,1,depth2,2,848.7003654261284,129,27.39260196685791,100,0.01,0.01,0.0,discrete,depth,3,0.0,0.0,0.0,full_depth_depth2_rep03,94003,848.7003654261284
relu,1,depth2,2,849.9561939295531,130,26.303122997283936,100,0.01,0.01,0.0,discrete,depth,3,0.0,0.0,0.0,full_depth_depth2_rep03,94003,849.9561939295531
relu,1,depth2,2,2319.2136626231795,1,89.62662887573242,100,1.0,1.0,1.0,discrete,depth,4,0.0,0.0,0.0,full_depth_depth2_rep04,94004,2319.2136626231795
relu,1,depth2,2,1034.6733991432943,2,28.938592195510864,100,1.0,1.0,1.0,discrete,depth,4,0.0,0.0,0.0,full_depth_depth2_rep04,94004,1034.6733991432943
relu,1,depth2,2,955.1923153479497,3,28.63461399078369,100,1.0,1.0,1.0,discrete,depth,4,0.0,0.0,0.0,full_depth_depth2_rep04,94004,955.1923153479497
relu,1,depth2,2,941.3467201340113,4,27.829148054122925,100,1.0,1.0,1.0,discrete,depth,4,0.0,0.0,0.0,full_depth_depth2_rep04,94004,941.3467201340113
relu,1,depth2,2,933.1119706076132,5,28.631879091262817,100,1.0,1.0,1.0,discrete,depth,4,0.0,0.0,0.0,full_depth_depth2_rep04,94004,933.1119706076132
relu,1,depth2,2,929.4157390925544,6,28.967084884643555,100,1.0,1.0,1.0,discrete,depth,4,0.0,0.0,0.0,full_depth_depth2_rep04,94004,929.4157390925544
relu,1,depth2,2,927.9388364744207,7,28.389869928359985,100,1.0,1.0,1.0,discrete,depth,4,0.0,0.0,0.0,full_depth_depth2_rep04,94004,927.9388364744207
relu,1,depth2,2,927.5706706851556,8,27.814098834991455,100,1.0,1.0,1.0,discrete,depth,4,0.0,0.0,0.0,full_depth_depth2_rep04,94004,927.5706706851556
relu,1,depth2,2,927.4168002277738,9,28.577502012252808,100,1.0,1.0,1.0,discrete,depth,4,0.0,0.0,0.0,full_depth_depth2_rep04,94004,927.4168002277738
relu,1,depth2,2,927.2924507896673,10,28.51173686981201,100,1.0,1.0,1.0,discrete,depth,4,0.0,0.0,0.0,full_depth_depth2_rep04,94004,927.2924507896673
relu,1,depth2,2,927.1476001379821,11,27.818504095077515,100,1.0,1.0,1.0,discrete,depth,4,0.0,0.0,0.0,full_depth_depth2_rep04,94004,927.1476001379821
relu,1,depth2,2,926.9845020828434,12,28.26843285560608,100,1.0,1.0,1.0,discrete,depth,4,0.0,0.0,0.0,full_depth_depth2_rep04,94004,926.9845020828434
relu,1,depth2,2,926.8114906345078,13,28.72095799446106,100,1.0,1.0,1.0,discrete,depth,4,0.0,0.0,0.0,full_depth_depth2_rep04,94004,926.8114906345078
relu,1,depth2,2,926.6255463196699,14,27.792829036712646,100,1.0,1.0,1.0,discrete,depth,4,0.0,0.0,0.0,full_depth_depth2_rep04,94004,926.6255463196699
relu,1,depth2,2,926.4502581314532,15,28.795948028564453,100,1.0,1.0,1.0,discrete,depth,4,0.0,0.0,0.0,full_depth_depth2_rep04,94004,926.4502581314532
relu,1,depth2,2,926.2510513885603,16,28.656402111053467,100,1.0,1.0,1.0,discrete,depth,4,0.0,0.0,0.0,full_depth_depth2_rep04,94004,926.2510513885603
relu,1,depth2,2,926.044794017578,17,28.94427514076233,100,1.0,1.0,1.0,discrete,depth,4,0.0,0.0,0.0,full_depth_depth2_rep04,94004,926.044794017578
relu,1,depth2,2,925.8438901771048,18,27.910472869873047,100,1.0,1.0,1.0,discrete,depth,4,0.0,0.0,0.0,full_depth_depth2_rep04,94004,925.8438901771048
relu,1,depth2,2,925.6354733873796,19,29.015312910079956,100,1.0,1.0,1.0,discrete,depth,4,0.0,0.0,0.0,full_depth_depth2_rep04,94004,925.6354733873796
relu,1,depth2,2,925.4453723327927,20,28.34438395500183,100,1.0,1.0,1.0,discrete,depth,4,0.0,0.0,0.0,full_depth_depth2_rep04,94004,925.4453723327927
relu,1,depth2,2,1001.027797840346,21,27.68959903717041,100,0.8,0.8,0.8,discrete,depth,4,0.0,0.0,0.0,full_depth_depth2_rep04,94004,1001.027797840346
relu,1,depth2,2,1000.8958551890848,22,28.21300506591797,100,0.8,0.8,0.8,discrete,depth,4,0.0,0.0,0.0,full_depth_depth2_rep04,94004,1000.8958551890848
relu,1,depth2,2,1000.6824531738042,23,28.565006017684937,100,0.8,0.8,0.8,discrete,depth,4,0.0,0.0,0.0,full_depth_depth2_rep04,94004,1000.6824531738042
relu,1,depth2,2,1000.4672503059913,24,27.70793390274048,100,0.8,0.8,0.8,discrete,depth,4,0.0,0.0,0.0,full_depth_depth2_rep04,94004,1000.4672503059913
relu,1,depth2,2,1000.2742828778795,25,28.77408480644226,100,0.8,0.8,0.8,discrete,depth,4,0.0,0.0,0.0,full_depth_depth2_rep04,94004,1000.2742828778795
relu,1,depth2,2,1000.0913955651872,26,28.542441844940186,100,0.8,0.8,0.8,discrete,depth,4,0.0,0.0,0.0,full_depth_depth2_rep04,94004,1000.0913955651872
relu,1,depth2,2,999.9206375841538,27,29.123010873794556,100,0.8,0.8,0.8,discrete,depth,4,0.0,0.0,0.0,full_depth_depth2_rep04,94004,999.9206375841538
relu,1,depth2,2,999.7678567657805,28,27.434082984924316,100,0.8,0.8,0.8,discrete,depth,4,0.0,0.0,0.0,full_depth_depth2_rep04,94004,999.7678567657805
relu,1,depth2,2,999.6254919065796,29,28.734219074249268,100,0.8,0.8,0.8,discrete,depth,4,0.0,0.0,0.0,full_depth_depth2_rep04,94004,999.6254919065796
relu,1,depth2,2,999.5118430807509,30,29.06893515586853,100,0.8,0.8,0.8,discrete,depth,4,0.0,0.0,0.0,full_depth_depth2_rep04,94004,999.5118430807509
relu,1,depth2,2,1054.2257345138353,31,27.678595066070557,100,0.6,0.6,0.6,discrete,depth,4,0.0,0.0,0.0,full_depth_depth2_rep04,94004,1054.2257345138353
relu,1,depth2,2,1054.2527265119584,32,28.328073978424072,100,0.6,0.6,0.6,discrete,depth,4,0.0,0.0,0.0,full_depth_depth2_rep04,94004,1054.2527265119584
relu,1,depth2,2,1054.1340297492832,33,28.298293113708496,100,0.6,0.6,0.6,discrete,depth,4,0.0,0.0,0.0,full_depth_depth2_rep04,94004,1054.1340297492832
relu,1,depth2,2,1054.0358615009566,34,28.791661977767944,100,0.6,0.6,0.6,discrete,depth,4,0.0,0.0,0.0,full_depth_depth2_rep04,94004,1054.0358615009566
relu,1,depth2,2,1053.9495232848342,35,27.203852891921997,100,0.6,0.6,0.6,discrete,depth,4,0.0,0.0,0.0,full_depth_depth2_rep04,94004,1053.9495232848342
relu,1,depth2,2,1053.8705115698679,36,28.40667700767517,100,0.6,0.6,0.6,discrete,depth,4,0.0,0.0,0.0,full_depth_depth2_rep04,94004,1053.8705115698679
relu,1,depth2,2,1053.7789263893683,37,28.424394845962524,100,0.6,0.6,0.6,discrete,depth,4,0.0,0.0,0.0,full_depth_depth2_rep04,94004,1053.7789263893683
relu,1,depth2,2,1053.694942085882,38,27.21183204650879,100,0.6,0.6,0.6,discrete,depth,4,0.0,0.0,0.0,full_depth_depth2_rep04,94004,1053.694942085882
relu,1,depth2,2,1053.6199219971315,39,28.292340993881226,100,0.6,0.6,0.6,discrete,depth,4,0.0,0.0,0.0,full_depth_depth2_rep04,94004,1053.6199219971315
relu,1,depth2,2,1053.551759938156,40,28.931745052337646,100,0.6,0.6,0.6,discrete,depth,4,0.0,0.0,0.0,full_depth_depth2_rep04,94004,1053.551759938156
relu,1,depth2,2,1078.612607204571,41,27.5463650226593,100,0.4,0.4,0.4,discrete,depth,4,0.0,0.0,0.0,full_depth_depth2_rep04,94004,1078.612607204571
relu,1,depth2,2,1078.5557266872354,42,27.891382932662964,100,0.4,0.4,0.4,discrete,depth,4,0.0,0.0,0.0,full_depth_depth2_rep04,94004,1078.5557266872354
relu,1,depth2,2,1078.4470663717368,43,27.673683881759644,100,0.4,0.4,0.4,discrete,depth,4,0.0,0.0,0.0,full_depth_depth2_rep04,94004,1078.4470663717368
relu,1,depth2,2,1078.3670095127063,44,26.897626161575317,100,0.4,0.4,0.4,discrete,depth,4,0.0,0.0,0.0,full_depth_depth2_rep04,94004,1078.3670095127063
relu,1,depth2,2,1078.2913480295604,45,27.85350513458252,100,0.4,0.4,0.4,discrete,depth,4,0.0,0.0,0.0,full_depth_depth2_rep04,94004,1078.2913480295604
relu,1,depth2,2,1078.2167744848875,46,27.200851917266846,100,0.4,0.4,0.4,discrete,depth,4,0.0,0.0,0.0,full_depth_depth2_rep04,94004,1078.2167744848875
relu,1,depth2,2,1078.186756355158,47,27.825002908706665,100,0.4,0.4,0.4,discrete,depth,4,0.0,0.0,0.0,full_depth_depth2_rep04,94004,1078.186756355158
relu,1,depth2,2,1078.1218222913085,48,26.635621070861816,100,0.4,0.4,0.4,discrete,depth,4,0.0,0.0,0.0,full_depth_depth2_rep04,94004,1078.1218222913085
relu,1,depth2,2,1078.0804662042856,49,27.622885942459106,100,0.4,0.4,0.4,discrete,depth,4,0.0,0.0,0.0,full_depth_depth2_rep04,94004,1078.0804662042856
relu,1,depth2,2,1078.0315912395597,50,27.743422031402588,100,0.4,0.4,0.4,discrete,depth,4,0.0,0.0,0.0,full_depth_depth2_rep04,94004,1078.0315912395597
relu,1,depth2,2,1050.816403627771,51,26.669268131256104,100,0.2,0.2,0.2,discrete,depth,4,0.0,0.0,0.0,full_depth_depth2_rep04,94004,1050.816403627771
relu,1,depth2,2,1050.4986920221431,52,27.787156105041504,100,0.2,0.2,0.2,discrete,depth,4,0.0,0.0,0.0,full_depth_depth2_rep04,94004,1050.4986920221431
relu,1,depth2,2,1050.3924867752735,53,28.133944988250732,100,0.2,0.2,0.2,discrete,depth,4,0.0,0.0,0.0,full_depth_depth2_rep04,94004,1050.3924867752735
relu,1,depth2,2,1050.309763805388,54,27.123862981796265,100,0.2,0.2,0.2,discrete,depth,4,0.0,0.0,0.0,full_depth_depth2_rep04,94004,1050.309763805388
relu,1,depth2,2,1050.219910463389,55,27.745805025100708,100,0.2,0.2,0.2,discrete,depth,4,0.0,0.0,0.0,full_depth_depth2_rep04,94004,1050.219910463389
relu,1,depth2,2,1050.1326672780344,56,27.529446840286255,100,0.2,0.2,0.2,discrete,depth,4,0.0,0.0,0.0,full_depth_depth2_rep04,94004,1050.1326672780344
relu,1,depth2,2,1050.0467766452766,57,27.79982900619507,100,0.2,0.2,0.2,discrete,depth,4,0.0,0.0,0.0,full_depth_depth2_rep04,94004,1050.0467766452766
relu,1,depth2,2,1050.0115507327384,58,27.058737993240356,100,0.2,0.2,0.2,discrete,depth,4,0.0,0.0,0.0,full_depth_depth2_rep04,94004,1050.0115507327384
relu,1,depth2,2,1049.9686596665163,59,27.884294033050537,100,0.2,0.2,0.2,discrete,depth,4,0.0,0.0,0.0,full_depth_depth2_rep04,94004,1049.9686596665163
relu,1,depth2,2,1049.8453089137302,60,27.899962902069092,100,0.2,0.2,0.2,discrete,depth,4,0.0,0.0,0.0,full_depth_depth2_rep04,94004,1049.8453089137302
relu,1,depth2,2,997.607774556115,61,28.45400905609131,100,0.1,0.1,0.1,discrete,depth,4,0.0,0.0,0.0,full_depth_depth2_rep04,94004,997.607774556115
relu,1,depth2,2,998.3237653612971,62,28.365288972854614,100,0.1,0.1,0.1,discrete,depth,4,0.0,0.0,0.0,full_depth_depth2_rep04,94004,998.3237653612971
relu,1,depth2,2,998.3302480473237,63,28.290812015533447,100,0.1,0.1,0.1,discrete,depth,4,0.0,0.0,0.0,full_depth_depth2_rep04,94004,998.3302480473237
relu,1,depth2,2,998.3302089853851,64,28.497946977615356,100,0.1,0.1,0.1,discrete,depth,4,0.0,0.0,0.0,full_depth_depth2_rep04,94004,998.3302089853851
relu,1,depth2,2,998.2503533692146,65,26.863806009292603,100,0.1,0.1,0.1,discrete,depth,4,0.0,0.0,0.0,full_depth_depth2_rep04,94004,998.2503533692146
relu,1,depth2,2,998.3968851002334,66,27.774245023727417,100,0.1,0.1,0.1,discrete,depth,4,0.0,0.0,0.0,full_depth_depth2_rep04,94004,998.3968851002334
relu,1,depth2,2,998.1732074383012,67,27.80398178100586,100,0.1,0.1,0.1,discrete,depth,4,0.0,0.0,0.0,full_depth_depth2_rep04,94004,998.1732074383012
relu,1,depth2,2,998.1518753142055,68,27.79801607131958,100,0.1,0.1,0.1,discrete,depth,4,0.0,0.0,0.0,full_depth_depth2_rep04,94004,998.1518753142055
relu,1,depth2,2,998.0319392525342,69,27.01404094696045,100,0.1,0.1,0.1,discrete,depth,4,0.0,0.0,0.0,full_depth_depth2_rep04,94004,998.0319392525342
relu,1,depth2,2,998.0990479635853,70,28.081873178482056,100,0.1,0.1,0.1,discrete,depth,4,0.0,0.0,0.0,full_depth_depth2_rep04,94004,998.0990479635853
relu,1,depth2,2,982.504237963856,71,28.241062879562378,100,0.08,0.08,0.08,discrete,depth,4,0.0,0.0,0.0,full_depth_depth2_rep04,94004,982.504237963856
relu,1,depth2,2,982.2034288938697,72,28.316077947616577,100,0.08,0.08,0.08,discrete,depth,4,0.0,0.0,0.0,full_depth_depth2_rep04,94004,982.2034288938697
relu,1,depth2,2,982.1439882595434,73,27.31817603111267,100,0.08,0.08,0.08,discrete,depth,4,0.0,0.0,0.0,full_depth_depth2_rep04,94004,982.1439882595434
relu,1,depth2,2,981.9685155599403,74,28.213771104812622,100,0.08,0.08,0.08,discrete,depth,4,0.0,0.0,0.0,full_depth_depth2_rep04,94004,981.9685155599403
relu,1,depth2,2,981.9913307009317,75,28.478981018066406,100,0.08,0.08,0.08,discrete,depth,4,0.0,0.0,0.0,full_depth_depth2_rep04,94004,981.9913307009317
relu,1,depth2,2,981.8468009076433,76,28.398555994033813,100,0.08,0.08,0.08,discrete,depth,4,0.0,0.0,0.0,full_depth_depth2_rep04,94004,981.8468009076433
relu,1,depth2,2,981.4610153660013,77,27.162821054458618,100,0.08,0.08,0.08,discrete,depth,4,0.0,0.0,0.0,full_depth_depth2_rep04,94004,981.4610153660013
relu,1,depth2,2,981.4861625877805,78,28.179221868515015,100,0.08,0.08,0.08,discrete,depth,4,0.0,0.0,0.0,full_depth_depth2_rep04,94004,981.4861625877805
relu,1,depth2,2,981.1762848666392,79,28.57016110420227,100,0.08,0.08,0.08,discrete,depth,4,0.0,0.0,0.0,full_depth_depth2_rep04,94004,981.1762848666392
relu,1,depth2,2,981.264477107529,80,28.230704069137573,100,0.08,0.08,0.08,discrete,depth,4,0.0,0.0,0.0,full_depth_depth2_rep04,94004,981.264477107529
relu,1,depth2,2,962.3394582221575,81,27.795148134231567,100,0.06,0.06,0.06,discrete,depth,4,0.0,0.0,0.0,full_depth_depth2_rep04,94004,962.3394582221575
relu,1,depth2,2,962.2696892612503,82,28.530012130737305,100,0.06,0.06,0.06,discrete,depth,4,0.0,0.0,0.0,full_depth_depth2_rep04,94004,962.2696892612503
relu,1,depth2,2,961.9721485993213,83,29.887792110443115,100,0.06,0.06,0.06,discrete,depth,4,0.0,0.0,0.0,full_depth_depth2_rep04,94004,961.9721485993213
relu,1,depth2,2,961.7451502081262,84,28.668143033981323,100,0.06,0.06,0.06,discrete,depth,4,0.0,0.0,0.0,full_depth_depth2_rep04,94004,961.7451502081262
relu,1,depth2,2,961.7722773982222,85,27.516517877578735,100,0.06,0.06,0.06,discrete,depth,4,0.0,0.0,0.0,full_depth_depth2_rep04,94004,961.7722773982222
relu,1,depth2,2,961.2387681058294,86,28.172033071517944,100,0.06,0.06,0.06,discrete,depth,4,0.0,0.0,0.0,full_depth_depth2_rep04,94004,961.2387681058294
relu,1,depth2,2,962.4606231129288,87,28.192620992660522,100,0.06,0.06,0.06,discrete,depth,4,0.0,0.0,0.0,full_depth_depth2_rep04,94004,962.4606231129288
relu,1,depth2,2,962.0441160379197,88,28.4685959815979,100,0.06,0.06,0.06,discrete,depth,4,0.0,0.0,0.0,full_depth_depth2_rep04,94004,962.0441160379197
relu,1,depth2,2,961.8742369184931,89,27.672406911849976,100,0.06,0.06,0.06,discrete,depth,4,0.0,0.0,0.0,full_depth_depth2_rep04,94004,961.8742369184931
relu,1,depth2,2,961.63112267355,90,28.202850818634033,100,0.06,0.06,0.06,discrete,depth,4,0.0,0.0,0.0,full_depth_depth2_rep04,94004,961.63112267355
relu,1,depth2,2,940.5853638367574,91,28.63681387901306,100,0.04,0.04,0.04,discrete,depth,4,0.0,0.0,0.0,full_depth_depth2_rep04,94004,940.5853638367574
relu,1,depth2,2,938.5106714034902,92,28.96119499206543,100,0.04,0.04,0.04,discrete,depth,4,0.0,0.0,0.0,full_depth_depth2_rep04,94004,938.5106714034902
relu,1,depth2,2,937.9496097092242,93,28.749030828475952,100,0.04,0.04,0.04,discrete,depth,4,0.0,0.0,0.0,full_depth_depth2_rep04,94004,937.9496097092242
relu,1,depth2,2,937.7236328950529,94,27.954375982284546,100,0.04,0.04,0.04,discrete,depth,4,0.0,0.0,0.0,full_depth_depth2_rep04,94004,937.7236328950529
relu,1,depth2,2,940.2800344226945,95,28.848031044006348,100,0.04,0.04,0.04,discrete,depth,4,0.0,0.0,0.0,full_depth_depth2_rep04,94004,940.2800344226945
relu,1,depth2,2,939.2925039324025,96,28.83437705039978,100,0.04,0.04,0.04,discrete,depth,4,0.0,0.0,0.0,full_depth_depth2_rep04,94004,939.2925039324025
relu,1,depth2,2,940.7556447609708,97,28.80650305747986,100,0.04,0.04,0.04,discrete,depth,4,0.0,0.0,0.0,full_depth_depth2_rep04,94004,940.7556447609708
relu,1,depth2,2,939.2885483768351,98,28.08068299293518,100,0.04,0.04,0.04,discrete,depth,4,0.0,0.0,0.0,full_depth_depth2_rep04,94004,939.2885483768351
relu,1,depth2,2,937.9653376507885,99,28.80640411376953,100,0.04,0.04,0.04,discrete,depth,4,0.0,0.0,0.0,full_depth_depth2_rep04,94004,937.9653376507885
relu,1,depth2,2,942.7975014025708,100,28.75645399093628,100,0.04,0.04,0.04,discrete,depth,4,0.0,0.0,0.0,full_depth_depth2_rep04,94004,942.7975014025708
relu,1,depth2,2,912.2228799513819,101,29.81584596633911,100,0.02,0.02,0.02,discrete,depth,4,0.0,0.0,0.0,full_depth_depth2_rep04,94004,912.2228799513819
relu,1,depth2,2,910.4620280931279,102,30.419042110443115,100,0.02,0.02,0.02,discrete,depth,4,0.0,0.0,0.0,full_depth_depth2_rep04,94004,910.4620280931279
relu,1,depth2,2,912.0181397383964,103,29.570835828781128,100,0.02,0.02,0.02,discrete,depth,4,0.0,0.0,0.0,full_depth_depth2_rep04,94004,912.0181397383964
relu,1,depth2,2,909.3537214017848,104,30.1265652179718,100,0.02,0.02,0.02,discrete,depth,4,0.0,0.0,0.0,full_depth_depth2_rep04,94004,909.3537214017848
relu,1,depth2,2,909.1785003759733,105,29.892186880111694,100,0.02,0.02,0.02,discrete,depth,4,0.0,0.0,0.0,full_depth_depth2_rep04,94004,909.1785003759733
relu,1,depth2,2,909.104228126183,106,30.15382719039917,100,0.02,0.02,0.02,discrete,depth,4,0.0,0.0,0.0,full_depth_depth2_rep04,94004,909.104228126183
relu,1,depth2,2,908.7241180318853,107,29.25401997566223,100,0.02,0.02,0.02,discrete,depth,4,0.0,0.0,0.0,full_depth_depth2_rep04,94004,908.7241180318853
relu,1,depth2,2,909.8548234228999,108,28.896799087524414,100,0.02,0.02,0.02,discrete,depth,4,0.0,0.0,0.0,full_depth_depth2_rep04,94004,909.8548234228999
relu,1,depth2,2,912.5837618454569,109,29.994364976882935,100,0.02,0.02,0.02,discrete,depth,4,0.0,0.0,0.0,full_depth_depth2_rep04,94004,912.5837618454569
relu,1,depth2,2,909.559384230504,110,29.868657112121582,100,0.02,0.02,0.02,discrete,depth,4,0.0,0.0,0.0,full_depth_depth2_rep04,94004,909.559384230504
relu,1,depth2,2,890.384123347725,111,31.04100799560547,100,0.01,0.01,0.01,discrete,depth,4,0.0,0.0,0.0,full_depth_depth2_rep04,94004,890.384123347725
relu,1,depth2,2,890.4066267302126,112,31.147284984588623,100,0.01,0.01,0.01,discrete,depth,4,0.0,0.0,0.0,full_depth_depth2_rep04,94004,890.4066267302126
relu,1,depth2,2,892.5577308791404,113,30.080034971237183,100,0.01,0.01,0.01,discrete,depth,4,0.0,0.0,0.0,full_depth_depth2_rep04,94004,892.5577308791404
relu,1,depth2,2,892.880632850012,114,31.068817853927612,100,0.01,0.01,0.01,discrete,depth,4,0.0,0.0,0.0,full_depth_depth2_rep04,94004,892.880632850012
relu,1,depth2,2,892.0139277025348,115,31.388056993484497,100,0.01,0.01,0.01,discrete,depth,4,0.0,0.0,0.0,full_depth_depth2_rep04,94004,892.0139277025348
relu,1,depth2,2,894.2935502409912,116,31.214144945144653,100,0.01,0.01,0.01,discrete,depth,4,0.0,0.0,0.0,full_depth_depth2_rep04,94004,894.2935502409912
relu,1,depth2,2,893.1429513897493,117,31.250380039215088,100,0.01,0.01,0.01,discrete,depth,4,0.0,0.0,0.0,full_depth_depth2_rep04,94004,893.1429513897493
relu,1,depth2,2,893.3034200651097,118,31.078582048416138,100,0.01,0.01,0.01,discrete,depth,4,0.0,0.0,0.0,full_depth_depth2_rep04,94004,893.3034200651097
relu,1,depth2,2,890.5304819804188,119,30.510756015777588,100,0.01,0.01,0.01,discrete,depth,4,0.0,0.0,0.0,full_depth_depth2_rep04,94004,890.5304819804188
relu,1,depth2,2,893.7158879440068,120,31.04477310180664,100,0.01,0.01,0.01,discrete,depth,4,0.0,0.0,0.0,full_depth_depth2_rep04,94004,893.7158879440068
relu,1,depth2,2,869.7682725694442,121,28.061935901641846,100,0.01,0.01,0.0,discrete,depth,4,0.0,0.0,0.0,full_depth_depth2_rep04,94004,869.7682725694442
relu,1,depth2,2,875.2136828369594,122,26.4099440574646,100,0.01,0.01,0.0,discrete,depth,4,0.0,0.0,0.0,full_depth_depth2_rep04,94004,875.2136828369594
relu,1,depth2,2,869.558090640036,123,26.459789037704468,100,0.01,0.01,0.0,discrete,depth,4,0.0,0.0,0.0,full_depth_depth2_rep04,94004,869.558090640036
relu,1,depth2,2,870.0472456173125,124,25.565102100372314,100,0.01,0.01,0.0,discrete,depth,4,0.0,0.0,0.0,full_depth_depth2_rep04,94004,870.0472456173125
relu,1,depth2,2,873.0288294127854,125,24.899744987487793,100,0.01,0.01,0.0,discrete,depth,4,0.0,0.0,0.0,full_depth_depth2_rep04,94004,873.0288294127854
relu,1,depth2,2,872.308006095824,126,25.34214186668396,100,0.01,0.01,0.0,discrete,depth,4,0.0,0.0,0.0,full_depth_depth2_rep04,94004,872.308006095824
relu,1,depth2,2,870.3915858089151,127,25.085836172103882,100,0.01,0.01,0.0,discrete,depth,4,0.0,0.0,0.0,full_depth_depth2_rep04,94004,870.3915858089151
relu,1,depth2,2,875.1735370135071,128,25.744081020355225,100,0.01,0.01,0.0,discrete,depth,4,0.0,0.0,0.0,full_depth_depth2_rep04,94004,875.1735370135071
relu,1,depth2,2,868.763823695277,129,25.25433611869812,100,0.01,0.01,0.0,discrete,depth,4,0.0,0.0,0.0,full_depth_depth2_rep04,94004,868.763823695277
relu,1,depth2,2,869.8084860293957,130,24.59335994720459,100,0.01,0.01,0.0,discrete,depth,4,0.0,0.0,0.0,full_depth_depth2_rep04,94004,869.8084860293957
relu,1,depth2,2,2397.9800615501313,1,85.36989092826843,100,1.0,1.0,1.0,discrete,depth,5,0.0,0.0,0.0,full_depth_depth2_rep05,94005,2397.9800615501313
relu,1,depth2,2,1076.4359862730125,2,28.57186508178711,100,1.0,1.0,1.0,discrete,depth,5,0.0,0.0,0.0,full_depth_depth2_rep05,94005,1076.4359862730125
relu,1,depth2,2,980.2652042431807,3,28.567558765411377,100,1.0,1.0,1.0,discrete,depth,5,0.0,0.0,0.0,full_depth_depth2_rep05,94005,980.2652042431807
relu,1,depth2,2,963.7643746329736,4,28.011913061141968,100,1.0,1.0,1.0,discrete,depth,5,0.0,0.0,0.0,full_depth_depth2_rep05,94005,963.7643746329736
relu,1,depth2,2,955.294856936672,5,28.681257009506226,100,1.0,1.0,1.0,discrete,depth,5,0.0,0.0,0.0,full_depth_depth2_rep05,94005,955.294856936672
relu,1,depth2,2,952.6791383062265,6,28.833478927612305,100,1.0,1.0,1.0,discrete,depth,5,0.0,0.0,0.0,full_depth_depth2_rep05,94005,952.6791383062265
relu,1,depth2,2,951.3846602159527,7,28.657027006149292,100,1.0,1.0,1.0,discrete,depth,5,0.0,0.0,0.0,full_depth_depth2_rep05,94005,951.3846602159527
relu,1,depth2,2,950.2834434874198,8,27.604732036590576,100,1.0,1.0,1.0,discrete,depth,5,0.0,0.0,0.0,full_depth_depth2_rep05,94005,950.2834434874198
relu,1,depth2,2,949.3001883840371,9,28.58967685699463,100,1.0,1.0,1.0,discrete,depth,5,0.0,0.0,0.0,full_depth_depth2_rep05,94005,949.3001883840371
relu,1,depth2,2,948.5298897351777,10,28.64388108253479,100,1.0,1.0,1.0,discrete,depth,5,0.0,0.0,0.0,full_depth_depth2_rep05,94005,948.5298897351777
relu,1,depth2,2,947.908155867791,11,27.73235297203064,100,1.0,1.0,1.0,discrete,depth,5,0.0,0.0,0.0,full_depth_depth2_rep05,94005,947.908155867791
relu,1,depth2,2,947.3334916127659,12,28.24838399887085,100,1.0,1.0,1.0,discrete,depth,5,0.0,0.0,0.0,full_depth_depth2_rep05,94005,947.3334916127659
relu,1,depth2,2,946.7974120447758,13,28.30979299545288,100,1.0,1.0,1.0,discrete,depth,5,0.0,0.0,0.0,full_depth_depth2_rep05,94005,946.7974120447758
relu,1,depth2,2,946.1932856866046,14,29.168153047561646,100,1.0,1.0,1.0,discrete,depth,5,0.0,0.0,0.0,full_depth_depth2_rep05,94005,946.1932856866046
relu,1,depth2,2,945.4272854399879,15,27.950091123580933,100,1.0,1.0,1.0,discrete,depth,5,0.0,0.0,0.0,full_depth_depth2_rep05,94005,945.4272854399879
relu,1,depth2,2,944.6289746297678,16,28.706407070159912,100,1.0,1.0,1.0,discrete,depth,5,0.0,0.0,0.0,full_depth_depth2_rep05,94005,944.6289746297678
relu,1,depth2,2,943.807338959829,17,28.56504511833191,100,1.0,1.0,1.0,discrete,depth,5,0.0,0.0,0.0,full_depth_depth2_rep05,94005,943.807338959829
relu,1,depth2,2,942.9573550456265,18,28.59918999671936,100,1.0,1.0,1.0,discrete,depth,5,0.0,0.0,0.0,full_depth_depth2_rep05,94005,942.9573550456265
relu,1,depth2,2,942.2145214439664,19,28.751527786254883,100,1.0,1.0,1.0,discrete,depth,5,0.0,0.0,0.0,full_depth_depth2_rep05,94005,942.2145214439664
relu,1,depth2,2,941.500118364831,20,28.29432702064514,100,1.0,1.0,1.0,discrete,depth,5,0.0,0.0,0.0,full_depth_depth2_rep05,94005,941.500118364831
relu,1,depth2,2,1018.5456123275899,21,28.312882900238037,100,0.8,0.8,0.8,discrete,depth,5,0.0,0.0,0.0,full_depth_depth2_rep05,94005,1018.5456123275899
relu,1,depth2,2,1017.9699396780081,22,27.371870040893555,100,0.8,0.8,0.8,discrete,depth,5,0.0,0.0,0.0,full_depth_depth2_rep05,94005,1017.9699396780081
relu,1,depth2,2,1017.2588870547847,23,28.970237970352173,100,0.8,0.8,0.8,discrete,depth,5,0.0,0.0,0.0,full_depth_depth2_rep05,94005,1017.2588870547847
relu,1,depth2,2,1016.5571225914907,24,28.417972087860107,100,0.8,0.8,0.8,discrete,depth,5,0.0,0.0,0.0,full_depth_depth2_rep05,94005,1016.5571225914907
relu,1,depth2,2,1015.862262365102,25,27.551083087921143,100,0.8,0.8,0.8,discrete,depth,5,0.0,0.0,0.0,full_depth_depth2_rep05,94005,1015.862262365102
relu,1,depth2,2,1015.192572286695,26,28.517659187316895,100,0.8,0.8,0.8,discrete,depth,5,0.0,0.0,0.0,full_depth_depth2_rep05,94005,1015.192572286695
relu,1,depth2,2,1014.5226397771426,27,28.55036497116089,100,0.8,0.8,0.8,discrete,depth,5,0.0,0.0,0.0,full_depth_depth2_rep05,94005,1014.5226397771426
relu,1,depth2,2,1013.812223632781,28,28.94437599182129,100,0.8,0.8,0.8,discrete,depth,5,0.0,0.0,0.0,full_depth_depth2_rep05,94005,1013.812223632781
relu,1,depth2,2,1013.1692218578463,29,27.358731985092163,100,0.8,0.8,0.8,discrete,depth,5,0.0,0.0,0.0,full_depth_depth2_rep05,94005,1013.1692218578463
relu,1,depth2,2,1012.5992716895555,30,28.826430797576904,100,0.8,0.8,0.8,discrete,depth,5,0.0,0.0,0.0,full_depth_depth2_rep05,94005,1012.5992716895555
relu,1,depth2,2,1068.9577668304094,31,28.411661863327026,100,0.6,0.6,0.6,discrete,depth,5,0.0,0.0,0.0,full_depth_depth2_rep05,94005,1068.9577668304094
relu,1,depth2,2,1068.5509736929764,32,27.884486198425293,100,0.6,0.6,0.6,discrete,depth,5,0.0,0.0,0.0,full_depth_depth2_rep05,94005,1068.5509736929764
relu,1,depth2,2,1067.9248972841028,33,28.073913097381592,100,0.6,0.6,0.6,discrete,depth,5,0.0,0.0,0.0,full_depth_depth2_rep05,94005,1067.9248972841028
relu,1,depth2,2,1067.3188519874532,34,28.610127925872803,100,0.6,0.6,0.6,discrete,depth,5,0.0,0.0,0.0,full_depth_depth2_rep05,94005,1067.3188519874532
relu,1,depth2,2,1066.7407791784792,35,27.422144889831543,100,0.6,0.6,0.6,discrete,depth,5,0.0,0.0,0.0,full_depth_depth2_rep05,94005,1066.7407791784792
relu,1,depth2,2,1065.9038171937493,36,28.65100908279419,100,0.6,0.6,0.6,discrete,depth,5,0.0,0.0,0.0,full_depth_depth2_rep05,94005,1065.9038171937493
relu,1,depth2,2,1065.2949755559787,37,28.797912120819092,100,0.6,0.6,0.6,discrete,depth,5,0.0,0.0,0.0,full_depth_depth2_rep05,94005,1065.2949755559787
relu,1,depth2,2,1064.819758389755,38,29.25600290298462,100,0.6,0.6,0.6,discrete,depth,5,0.0,0.0,0.0,full_depth_depth2_rep05,94005,1064.819758389755
relu,1,depth2,2,1064.3817059347532,39,28.773454904556274,100,0.6,0.6,0.6,discrete,depth,5,0.0,0.0,0.0,full_depth_depth2_rep05,94005,1064.3817059347532
relu,1,depth2,2,1063.9571225275138,40,29.298147916793823,100,0.6,0.6,0.6,discrete,depth,5,0.0,0.0,0.0,full_depth_depth2_rep05,94005,1063.9571225275138
relu,1,depth2,2,1090.595537036904,41,28.52276110649109,100,0.4,0.4,0.4,discrete,depth,5,0.0,0.0,0.0,full_depth_depth2_rep05,94005,1090.595537036904
relu,1,depth2,2,1089.9588105325838,42,27.701138973236084,100,0.4,0.4,0.4,discrete,depth,5,0.0,0.0,0.0,full_depth_depth2_rep05,94005,1089.9588105325838
relu,1,depth2,2,1089.4969874857934,43,28.186450004577637,100,0.4,0.4,0.4,discrete,depth,5,0.0,0.0,0.0,full_depth_depth2_rep05,94005,1089.4969874857934
relu,1,depth2,2,1089.0055237257613,44,28.437510013580322,100,0.4,0.4,0.4,discrete,depth,5,0.0,0.0,0.0,full_depth_depth2_rep05,94005,1089.0055237257613
relu,1,depth2,2,1088.5855187129223,45,28.106889963150024,100,0.4,0.4,0.4,discrete,depth,5,0.0,0.0,0.0,full_depth_depth2_rep05,94005,1088.5855187129223
relu,1,depth2,2,1088.1754645711226,46,27.705456018447876,100,0.4,0.4,0.4,discrete,depth,5,0.0,0.0,0.0,full_depth_depth2_rep05,94005,1088.1754645711226
relu,1,depth2,2,1087.818247160511,47,28.315223932266235,100,0.4,0.4,0.4,discrete,depth,5,0.0,0.0,0.0,full_depth_depth2_rep05,94005,1087.818247160511
relu,1,depth2,2,1087.468117419217,48,28.5648410320282,100,0.4,0.4,0.4,discrete,depth,5,0.0,0.0,0.0,full_depth_depth2_rep05,94005,1087.468117419217
relu,1,depth2,2,1087.1424717803854,49,27.614781141281128,100,0.4,0.4,0.4,discrete,depth,5,0.0,0.0,0.0,full_depth_depth2_rep05,94005,1087.1424717803854
relu,1,depth2,2,1086.8030748884078,50,28.374776124954224,100,0.4,0.4,0.4,discrete,depth,5,0.0,0.0,0.0,full_depth_depth2_rep05,94005,1086.8030748884078
relu,1,depth2,2,1061.1741324826585,51,28.33331799507141,100,0.2,0.2,0.2,discrete,depth,5,0.0,0.0,0.0,full_depth_depth2_rep05,94005,1061.1741324826585
relu,1,depth2,2,1060.175676577874,52,28.157765865325928,100,0.2,0.2,0.2,discrete,depth,5,0.0,0.0,0.0,full_depth_depth2_rep05,94005,1060.175676577874
relu,1,depth2,2,1060.0328866154518,53,27.456587076187134,100,0.2,0.2,0.2,discrete,depth,5,0.0,0.0,0.0,full_depth_depth2_rep05,94005,1060.0328866154518
relu,1,depth2,2,1059.29601635774,54,28.126545906066895,100,0.2,0.2,0.2,discrete,depth,5,0.0,0.0,0.0,full_depth_depth2_rep05,94005,1059.29601635774
relu,1,depth2,2,1058.4760900462154,55,28.519887924194336,100,0.2,0.2,0.2,discrete,depth,5,0.0,0.0,0.0,full_depth_depth2_rep05,94005,1058.4760900462154
relu,1,depth2,2,1057.9854761810973,56,28.303133010864258,100,0.2,0.2,0.2,discrete,depth,5,0.0,0.0,0.0,full_depth_depth2_rep05,94005,1057.9854761810973
relu,1,depth2,2,1057.3524722174168,57,27.897690057754517,100,0.2,0.2,0.2,discrete,depth,5,0.0,0.0,0.0,full_depth_depth2_rep05,94005,1057.3524722174168
relu,1,depth2,2,1056.7930935412792,58,28.608227014541626,100,0.2,0.2,0.2,discrete,depth,5,0.0,0.0,0.0,full_depth_depth2_rep05,94005,1056.7930935412792
relu,1,depth2,2,1056.058037194547,59,28.824538946151733,100,0.2,0.2,0.2,discrete,depth,5,0.0,0.0,0.0,full_depth_depth2_rep05,94005,1056.058037194547
relu,1,depth2,2,1055.2852311809638,60,27.526705026626587,100,0.2,0.2,0.2,discrete,depth,5,0.0,0.0,0.0,full_depth_depth2_rep05,94005,1055.2852311809638
relu,1,depth2,2,1004.057753694967,61,31.06733989715576,100,0.1,0.1,0.1,discrete,depth,5,0.0,0.0,0.0,full_depth_depth2_rep05,94005,1004.057753694967
relu,1,depth2,2,1005.0321892951547,62,29.95775079727173,100,0.1,0.1,0.1,discrete,depth,5,0.0,0.0,0.0,full_depth_depth2_rep05,94005,1005.0321892951547
relu,1,depth2,2,1004.5636481707959,63,29.644355058670044,100,0.1,0.1,0.1,discrete,depth,5,0.0,0.0,0.0,full_depth_depth2_rep05,94005,1004.5636481707959
relu,1,depth2,2,1004.7243778700873,64,28.49844217300415,100,0.1,0.1,0.1,discrete,depth,5,0.0,0.0,0.0,full_depth_depth2_rep05,94005,1004.7243778700873
relu,1,depth2,2,1008.8009819707934,65,28.823818922042847,100,0.1,0.1,0.1,discrete,depth,5,0.0,0.0,0.0,full_depth_depth2_rep05,94005,1008.8009819707934
relu,1,depth2,2,1008.7474582365394,66,29.223649978637695,100,0.1,0.1,0.1,discrete,depth,5,0.0,0.0,0.0,full_depth_depth2_rep05,94005,1008.7474582365394
relu,1,depth2,2,1007.5405910829927,67,29.47815990447998,100,0.1,0.1,0.1,discrete,depth,5,0.0,0.0,0.0,full_depth_depth2_rep05,94005,1007.5405910829927
relu,1,depth2,2,1003.648684239702,68,28.71348285675049,100,0.1,0.1,0.1,discrete,depth,5,0.0,0.0,0.0,full_depth_depth2_rep05,94005,1003.648684239702
relu,1,depth2,2,1002.1744657153619,69,29.74394702911377,100,0.1,0.1,0.1,discrete,depth,5,0.0,0.0,0.0,full_depth_depth2_rep05,94005,1002.1744657153619
relu,1,depth2,2,1003.5967579085545,70,29.028461933135986,100,0.1,0.1,0.1,discrete,depth,5,0.0,0.0,0.0,full_depth_depth2_rep05,94005,1003.5967579085545
relu,1,depth2,2,988.999347340547,71,30.131405115127563,100,0.08,0.08,0.08,discrete,depth,5,0.0,0.0,0.0,full_depth_depth2_rep05,94005,988.999347340547
relu,1,depth2,2,988.624685425029,72,28.41100311279297,100,0.08,0.08,0.08,discrete,depth,5,0.0,0.0,0.0,full_depth_depth2_rep05,94005,988.624685425029
relu,1,depth2,2,990.4234650040328,73,29.35384702682495,100,0.08,0.08,0.08,discrete,depth,5,0.0,0.0,0.0,full_depth_depth2_rep05,94005,990.4234650040328
relu,1,depth2,2,988.7909312174656,74,29.31973910331726,100,0.08,0.08,0.08,discrete,depth,5,0.0,0.0,0.0,full_depth_depth2_rep05,94005,988.7909312174656
relu,1,depth2,2,988.6477228554519,75,29.42769193649292,100,0.08,0.08,0.08,discrete,depth,5,0.0,0.0,0.0,full_depth_depth2_rep05,94005,988.6477228554519
relu,1,depth2,2,987.183384323555,76,28.739399909973145,100,0.08,0.08,0.08,discrete,depth,5,0.0,0.0,0.0,full_depth_depth2_rep05,94005,987.183384323555
relu,1,depth2,2,988.5378271490088,77,29.332317113876343,100,0.08,0.08,0.08,discrete,depth,5,0.0,0.0,0.0,full_depth_depth2_rep05,94005,988.5378271490088
relu,1,depth2,2,989.1405425714499,78,29.326276063919067,100,0.08,0.08,0.08,discrete,depth,5,0.0,0.0,0.0,full_depth_depth2_rep05,94005,989.1405425714499
relu,1,depth2,2,987.8680381520682,79,29.292392015457153,100,0.08,0.08,0.08,discrete,depth,5,0.0,0.0,0.0,full_depth_depth2_rep05,94005,987.8680381520682
relu,1,depth2,2,987.5088854814462,80,28.29515790939331,100,0.08,0.08,0.08,discrete,depth,5,0.0,0.0,0.0,full_depth_depth2_rep05,94005,987.5088854814462
relu,1,depth2,2,974.382515611229,81,30.15525794029236,100,0.06,0.06,0.06,discrete,depth,5,0.0,0.0,0.0,full_depth_depth2_rep05,94005,974.382515611229
relu,1,depth2,2,979.1569892757996,82,29.474691152572632,100,0.06,0.06,0.06,discrete,depth,5,0.0,0.0,0.0,full_depth_depth2_rep05,94005,979.1569892757996
relu,1,depth2,2,976.3881051416953,83,29.360209941864014,100,0.06,0.06,0.06,discrete,depth,5,0.0,0.0,0.0,full_depth_depth2_rep05,94005,976.3881051416953
relu,1,depth2,2,975.9097601557728,84,28.306787967681885,100,0.06,0.06,0.06,discrete,depth,5,0.0,0.0,0.0,full_depth_depth2_rep05,94005,975.9097601557728
relu,1,depth2,2,975.871816367252,85,28.902682065963745,100,0.06,0.06,0.06,discrete,depth,5,0.0,0.0,0.0,full_depth_depth2_rep05,94005,975.871816367252
relu,1,depth2,2,974.7230417970417,86,29.317709922790527,100,0.06,0.06,0.06,discrete,depth,5,0.0,0.0,0.0,full_depth_depth2_rep05,94005,974.7230417970417
relu,1,depth2,2,975.2963780857417,87,29.37636399269104,100,0.06,0.06,0.06,discrete,depth,5,0.0,0.0,0.0,full_depth_depth2_rep05,94005,975.2963780857417
relu,1,depth2,2,974.9956450706787,88,28.27631402015686,100,0.06,0.06,0.06,discrete,depth,5,0.0,0.0,0.0,full_depth_depth2_rep05,94005,974.9956450706787
relu,1,depth2,2,975.303775494819,89,29.186728954315186,100,0.06,0.06,0.06,discrete,depth,5,0.0,0.0,0.0,full_depth_depth2_rep05,94005,975.303775494819
relu,1,depth2,2,974.0794611098696,90,29.05142307281494,100,0.06,0.06,0.06,discrete,depth,5,0.0,0.0,0.0,full_depth_depth2_rep05,94005,974.0794611098696
relu,1,depth2,2,961.9729785526647,91,30.37487506866455,100,0.04,0.04,0.04,discrete,depth,5,0.0,0.0,0.0,full_depth_depth2_rep05,94005,961.9729785526647
relu,1,depth2,2,963.3468550593064,92,29.304625034332275,100,0.04,0.04,0.04,discrete,depth,5,0.0,0.0,0.0,full_depth_depth2_rep05,94005,963.3468550593064
relu,1,depth2,2,963.1670935367641,93,29.21057391166687,100,0.04,0.04,0.04,discrete,depth,5,0.0,0.0,0.0,full_depth_depth2_rep05,94005,963.1670935367641
relu,1,depth2,2,964.3202618931292,94,29.931715965270996,100,0.04,0.04,0.04,discrete,depth,5,0.0,0.0,0.0,full_depth_depth2_rep05,94005,964.3202618931292
relu,1,depth2,2,963.3512424034162,95,29.84920907020569,100,0.04,0.04,0.04,discrete,depth,5,0.0,0.0,0.0,full_depth_depth2_rep05,94005,963.3512424034162
relu,1,depth2,2,964.0613480378564,96,29.964250802993774,100,0.04,0.04,0.04,discrete,depth,5,0.0,0.0,0.0,full_depth_depth2_rep05,94005,964.0613480378564
relu,1,depth2,2,969.4455202097653,97,28.99728798866272,100,0.04,0.04,0.04,discrete,depth,5,0.0,0.0,0.0,full_depth_depth2_rep05,94005,969.4455202097653
relu,1,depth2,2,966.1549150134458,98,30.202790021896362,100,0.04,0.04,0.04,discrete,depth,5,0.0,0.0,0.0,full_depth_depth2_rep05,94005,966.1549150134458
relu,1,depth2,2,965.8934193738744,99,29.94106912612915,100,0.04,0.04,0.04,discrete,depth,5,0.0,0.0,0.0,full_depth_depth2_rep05,94005,965.8934193738744
relu,1,depth2,2,967.7810917738967,100,29.716008186340332,100,0.04,0.04,0.04,discrete,depth,5,0.0,0.0,0.0,full_depth_depth2_rep05,94005,967.7810917738967
relu,1,depth2,2,959.2839723662274,101,33.49691700935364,100,0.02,0.02,0.02,discrete,depth,5,0.0,0.0,0.0,full_depth_depth2_rep05,94005,959.2839723662274
relu,1,depth2,2,962.4609795507862,102,31.14375591278076,100,0.02,0.02,0.02,discrete,depth,5,0.0,0.0,0.0,full_depth_depth2_rep05,94005,962.4609795507862
relu,1,depth2,2,960.0587613524091,103,31.84338402748108,100,0.02,0.02,0.02,discrete,depth,5,0.0,0.0,0.0,full_depth_depth2_rep05,94005,960.0587613524091
relu,1,depth2,2,958.5148503272083,104,32.06944298744202,100,0.02,0.02,0.02,discrete,depth,5,0.0,0.0,0.0,full_depth_depth2_rep05,94005,958.5148503272083
relu,1,depth2,2,964.4639036440592,105,32.09674286842346,100,0.02,0.02,0.02,discrete,depth,5,0.0,0.0,0.0,full_depth_depth2_rep05,94005,964.4639036440592
relu,1,depth2,2,964.4198056460369,106,31.68711495399475,100,0.02,0.02,0.02,discrete,depth,5,0.0,0.0,0.0,full_depth_depth2_rep05,94005,964.4198056460369
relu,1,depth2,2,964.9523843539392,107,31.883868932724,100,0.02,0.02,0.02,discrete,depth,5,0.0,0.0,0.0,full_depth_depth2_rep05,94005,964.9523843539392
relu,1,depth2,2,960.9582131778112,108,31.848493099212646,100,0.02,0.02,0.02,discrete,depth,5,0.0,0.0,0.0,full_depth_depth2_rep05,94005,960.9582131778112
relu,1,depth2,2,959.3041875307815,109,31.25015902519226,100,0.02,0.02,0.02,discrete,depth,5,0.0,0.0,0.0,full_depth_depth2_rep05,94005,959.3041875307815
relu,1,depth2,2,959.3322277482804,110,31.95679998397827,100,0.02,0.02,0.02,discrete,depth,5,0.0,0.0,0.0,full_depth_depth2_rep05,94005,959.3322277482804
relu,1,depth2,2,956.1374806997939,111,31.659845113754272,100,0.01,0.01,0.01,discrete,depth,5,0.0,0.0,0.0,full_depth_depth2_rep05,94005,956.1374806997939
relu,1,depth2,2,959.8583549762657,112,31.986692190170288,100,0.01,0.01,0.01,discrete,depth,5,0.0,0.0,0.0,full_depth_depth2_rep05,94005,959.8583549762657
relu,1,depth2,2,955.5723439567489,113,31.922030210494995,100,0.01,0.01,0.01,discrete,depth,5,0.0,0.0,0.0,full_depth_depth2_rep05,94005,955.5723439567489
relu,1,depth2,2,959.8802516345079,114,31.559678077697754,100,0.01,0.01,0.01,discrete,depth,5,0.0,0.0,0.0,full_depth_depth2_rep05,94005,959.8802516345079
relu,1,depth2,2,953.8478047983415,115,31.63109588623047,100,0.01,0.01,0.01,discrete,depth,5,0.0,0.0,0.0,full_depth_depth2_rep05,94005,953.8478047983415
relu,1,depth2,2,958.5483646631205,116,30.603572845458984,100,0.01,0.01,0.01,discrete,depth,5,0.0,0.0,0.0,full_depth_depth2_rep05,94005,958.5483646631205
relu,1,depth2,2,953.7147839860124,117,31.34688377380371,100,0.01,0.01,0.01,discrete,depth,5,0.0,0.0,0.0,full_depth_depth2_rep05,94005,953.7147839860124
relu,1,depth2,2,959.6402712590851,118,31.89302682876587,100,0.01,0.01,0.01,discrete,depth,5,0.0,0.0,0.0,full_depth_depth2_rep05,94005,959.6402712590851
relu,1,depth2,2,955.6590089624062,119,31.905137062072754,100,0.01,0.01,0.01,discrete,depth,5,0.0,0.0,0.0,full_depth_depth2_rep05,94005,955.6590089624062
relu,1,depth2,2,957.5396347359721,120,31.747705936431885,100,0.01,0.01,0.01,discrete,depth,5,0.0,0.0,0.0,full_depth_depth2_rep05,94005,957.5396347359721
relu,1,depth2,2,924.471679170329,121,28.58508014678955,100,0.01,0.01,0.0,discrete,depth,5,0.0,0.0,0.0,full_depth_depth2_rep05,94005,924.471679170329
relu,1,depth2,2,924.7219442469733,122,25.253339052200317,100,0.01,0.01,0.0,discrete,depth,5,0.0,0.0,0.0,full_depth_depth2_rep05,94005,924.7219442469733
relu,1,depth2,2,928.0187527562163,123,25.16154980659485,100,0.01,0.01,0.0,discrete,depth,5,0.0,0.0,0.0,full_depth_depth2_rep05,94005,928.0187527562163
relu,1,depth2,2,931.5831594908791,124,25.06971001625061,100,0.01,0.01,0.0,discrete,depth,5,0.0,0.0,0.0,full_depth_depth2_rep05,94005,931.5831594908791
relu,1,depth2,2,926.6997002688561,125,26.24726104736328,100,0.01,0.01,0.0,discrete,depth,5,0.0,0.0,0.0,full_depth_depth2_rep05,94005,926.6997002688561
relu,1,depth2,2,931.0166915328316,126,25.290203094482422,100,0.01,0.01,0.0,discrete,depth,5,0.0,0.0,0.0,full_depth_depth2_rep05,94005,931.0166915328316
relu,1,depth2,2,929.0303876935129,127,25.12287402153015,100,0.01,0.01,0.0,discrete,depth,5,0.0,0.0,0.0,full_depth_depth2_rep05,94005,929.0303876935129
relu,1,depth2,2,927.4550491798317,128,27.76967692375183,100,0.01,0.01,0.0,discrete,depth,5,0.0,0.0,0.0,full_depth_depth2_rep05,94005,927.4550491798317
relu,1,depth2,2,929.2816104455898,129,27.394429922103882,100,0.01,0.01,0.0,discrete,depth,5,0.0,0.0,0.0,full_depth_depth2_rep05,94005,929.2816104455898
relu,1,depth2,2,928.4983201218738,130,26.438581943511963,100,0.01,0.01,0.0,discrete,depth,5,0.0,0.0,0.0,full_depth_depth2_rep05,94005,928.4983201218738
relu,1,depth2,2,2578.884523177785,1,85.65050601959229,100,1.0,1.0,1.0,discrete,depth,6,0.0,0.0,0.0,full_depth_depth2_rep06,94006,2578.884523177785
relu,1,depth2,2,1089.0545271647354,2,28.598646879196167,100,1.0,1.0,1.0,discrete,depth,6,0.0,0.0,0.0,full_depth_depth2_rep06,94006,1089.0545271647354
relu,1,depth2,2,996.9281116843428,3,28.7232768535614,100,1.0,1.0,1.0,discrete,depth,6,0.0,0.0,0.0,full_depth_depth2_rep06,94006,996.9281116843428
relu,1,depth2,2,988.8179403263395,4,28.013816118240356,100,1.0,1.0,1.0,discrete,depth,6,0.0,0.0,0.0,full_depth_depth2_rep06,94006,988.8179403263395
relu,1,depth2,2,985.7104262449667,5,29.619542121887207,100,1.0,1.0,1.0,discrete,depth,6,0.0,0.0,0.0,full_depth_depth2_rep06,94006,985.7104262449667
relu,1,depth2,2,983.1332797149012,6,28.944719076156616,100,1.0,1.0,1.0,discrete,depth,6,0.0,0.0,0.0,full_depth_depth2_rep06,94006,983.1332797149012
relu,1,depth2,2,981.6246790853083,7,29.14161705970764,100,1.0,1.0,1.0,discrete,depth,6,0.0,0.0,0.0,full_depth_depth2_rep06,94006,981.6246790853083
relu,1,depth2,2,980.5973297434489,8,27.85266089439392,100,1.0,1.0,1.0,discrete,depth,6,0.0,0.0,0.0,full_depth_depth2_rep06,94006,980.5973297434489
relu,1,depth2,2,979.8704123707057,9,28.75643301010132,100,1.0,1.0,1.0,discrete,depth,6,0.0,0.0,0.0,full_depth_depth2_rep06,94006,979.8704123707057
relu,1,depth2,2,979.3377274762221,10,28.85852599143982,100,1.0,1.0,1.0,discrete,depth,6,0.0,0.0,0.0,full_depth_depth2_rep06,94006,979.3377274762221
relu,1,depth2,2,978.9605659948995,11,28.88539695739746,100,1.0,1.0,1.0,discrete,depth,6,0.0,0.0,0.0,full_depth_depth2_rep06,94006,978.9605659948995
relu,1,depth2,2,978.6573292397111,12,27.601764917373657,100,1.0,1.0,1.0,discrete,depth,6,0.0,0.0,0.0,full_depth_depth2_rep06,94006,978.6573292397111
relu,1,depth2,2,978.386514672809,13,28.49016809463501,100,1.0,1.0,1.0,discrete,depth,6,0.0,0.0,0.0,full_depth_depth2_rep06,94006,978.386514672809
relu,1,depth2,2,978.157778163689,14,29.100311994552612,100,1.0,1.0,1.0,discrete,depth,6,0.0,0.0,0.0,full_depth_depth2_rep06,94006,978.157778163689
relu,1,depth2,2,977.9159699740453,15,27.914503812789917,100,1.0,1.0,1.0,discrete,depth,6,0.0,0.0,0.0,full_depth_depth2_rep06,94006,977.9159699740453
relu,1,depth2,2,977.6632763804515,16,29.040149927139282,100,1.0,1.0,1.0,discrete,depth,6,0.0,0.0,0.0,full_depth_depth2_rep06,94006,977.6632763804515
relu,1,depth2,2,977.406460988734,17,29.371333122253418,100,1.0,1.0,1.0,discrete,depth,6,0.0,0.0,0.0,full_depth_depth2_rep06,94006,977.406460988734
relu,1,depth2,2,977.131584252828,18,29.09528112411499,100,1.0,1.0,1.0,discrete,depth,6,0.0,0.0,0.0,full_depth_depth2_rep06,94006,977.131584252828
relu,1,depth2,2,976.8319281604491,19,28.001951932907104,100,1.0,1.0,1.0,discrete,depth,6,0.0,0.0,0.0,full_depth_depth2_rep06,94006,976.8319281604491
relu,1,depth2,2,976.4965711101348,20,28.9826819896698,100,1.0,1.0,1.0,discrete,depth,6,0.0,0.0,0.0,full_depth_depth2_rep06,94006,976.4965711101348
relu,1,depth2,2,1056.3970916029734,21,29.009433031082153,100,0.8,0.8,0.8,discrete,depth,6,0.0,0.0,0.0,full_depth_depth2_rep06,94006,1056.3970916029734
relu,1,depth2,2,1055.8534224820062,22,27.917269945144653,100,0.8,0.8,0.8,discrete,depth,6,0.0,0.0,0.0,full_depth_depth2_rep06,94006,1055.8534224820062
relu,1,depth2,2,1055.4378669894716,23,28.408344984054565,100,0.8,0.8,0.8,discrete,depth,6,0.0,0.0,0.0,full_depth_depth2_rep06,94006,1055.4378669894716
relu,1,depth2,2,1055.0106418727585,24,28.65094304084778,100,0.8,0.8,0.8,discrete,depth,6,0.0,0.0,0.0,full_depth_depth2_rep06,94006,1055.0106418727585
relu,1,depth2,2,1054.5655143289355,25,28.780547857284546,100,0.8,0.8,0.8,discrete,depth,6,0.0,0.0,0.0,full_depth_depth2_rep06,94006,1054.5655143289355
relu,1,depth2,2,1054.1226142962541,26,27.917374849319458,100,0.8,0.8,0.8,discrete,depth,6,0.0,0.0,0.0,full_depth_depth2_rep06,94006,1054.1226142962541
relu,1,depth2,2,1053.671809082912,27,28.82253408432007,100,0.8,0.8,0.8,discrete,depth,6,0.0,0.0,0.0,full_depth_depth2_rep06,94006,1053.671809082912
relu,1,depth2,2,1053.2073358133616,28,28.94500994682312,100,0.8,0.8,0.8,discrete,depth,6,0.0,0.0,0.0,full_depth_depth2_rep06,94006,1053.2073358133616
relu,1,depth2,2,1052.7738528714503,29,27.95551586151123,100,0.8,0.8,0.8,discrete,depth,6,0.0,0.0,0.0,full_depth_depth2_rep06,94006,1052.7738528714503
relu,1,depth2,2,1052.3166666969744,30,28.431389808654785,100,0.8,0.8,0.8,discrete,depth,6,0.0,0.0,0.0,full_depth_depth2_rep06,94006,1052.3166666969744
relu,1,depth2,2,1110.5132436705896,31,28.70535182952881,100,0.6,0.6,0.6,discrete,depth,6,0.0,0.0,0.0,full_depth_depth2_rep06,94006,1110.5132436705896
relu,1,depth2,2,1109.887135825686,32,28.460899829864502,100,0.6,0.6,0.6,discrete,depth,6,0.0,0.0,0.0,full_depth_depth2_rep06,94006,1109.887135825686
relu,1,depth2,2,1109.397627177038,33,27.402518033981323,100,0.6,0.6,0.6,discrete,depth,6,0.0,0.0,0.0,full_depth_depth2_rep06,94006,1109.397627177038
relu,1,depth2,2,1108.9069935466132,34,28.74732804298401,100,0.6,0.6,0.6,discrete,depth,6,0.0,0.0,0.0,full_depth_depth2_rep06,94006,1108.9069935466132
relu,1,depth2,2,1108.417325961571,35,28.961615085601807,100,0.6,0.6,0.6,discrete,depth,6,0.0,0.0,0.0,full_depth_depth2_rep06,94006,1108.417325961571
relu,1,depth2,2,1107.9599819739062,36,27.726320028305054,100,0.6,0.6,0.6,discrete,depth,6,0.0,0.0,0.0,full_depth_depth2_rep06,94006,1107.9599819739062
relu,1,depth2,2,1107.5151409310429,37,28.570809841156006,100,0.6,0.6,0.6,discrete,depth,6,0.0,0.0,0.0,full_depth_depth2_rep06,94006,1107.5151409310429
relu,1,depth2,2,1107.0762923124687,38,29.713632822036743,100,0.6,0.6,0.6,discrete,depth,6,0.0,0.0,0.0,full_depth_depth2_rep06,94006,1107.0762923124687
relu,1,depth2,2,1106.6622045022866,39,27.814677000045776,100,0.6,0.6,0.6,discrete,depth,6,0.0,0.0,0.0,full_depth_depth2_rep06,94006,1106.6622045022866
relu,1,depth2,2,1106.259639516401,40,28.605345010757446,100,0.6,0.6,0.6,discrete,depth,6,0.0,0.0,0.0,full_depth_depth2_rep06,94006,1106.259639516401
relu,1,depth2,2,1133.6479184871507,41,28.71172308921814,100,0.4,0.4,0.4,discrete,depth,6,0.0,0.0,0.0,full_depth_depth2_rep06,94006,1133.6479184871507
relu,1,depth2,2,1133.0463003961022,42,28.598270893096924,100,0.4,0.4,0.4,discrete,depth,6,0.0,0.0,0.0,full_depth_depth2_rep06,94006,1133.0463003961022
relu,1,depth2,2,1132.5474992283544,43,27.685495853424072,100,0.4,0.4,0.4,discrete,depth,6,0.0,0.0,0.0,full_depth_depth2_rep06,94006,1132.5474992283544
relu,1,depth2,2,1132.099228294532,44,28.914573192596436,100,0.4,0.4,0.4,discrete,depth,6,0.0,0.0,0.0,full_depth_depth2_rep06,94006,1132.099228294532
relu,1,depth2,2,1131.6631074512588,45,28.41827392578125,100,0.4,0.4,0.4,discrete,depth,6,0.0,0.0,0.0,full_depth_depth2_rep06,94006,1131.6631074512588
relu,1,depth2,2,1131.2783957111444,46,27.264554023742676,100,0.4,0.4,0.4,discrete,depth,6,0.0,0.0,0.0,full_depth_depth2_rep06,94006,1131.2783957111444
relu,1,depth2,2,1130.893570282909,47,28.477207899093628,100,0.4,0.4,0.4,discrete,depth,6,0.0,0.0,0.0,full_depth_depth2_rep06,94006,1130.893570282909
relu,1,depth2,2,1130.541933436972,48,28.75236701965332,100,0.4,0.4,0.4,discrete,depth,6,0.0,0.0,0.0,full_depth_depth2_rep06,94006,1130.541933436972
relu,1,depth2,2,1130.2439980292795,49,28.69251799583435,100,0.4,0.4,0.4,discrete,depth,6,0.0,0.0,0.0,full_depth_depth2_rep06,94006,1130.2439980292795
relu,1,depth2,2,1129.9619676228729,50,27.76253581047058,100,0.4,0.4,0.4,discrete,depth,6,0.0,0.0,0.0,full_depth_depth2_rep06,94006,1129.9619676228729
relu,1,depth2,2,1103.6434492084775,51,28.849889039993286,100,0.2,0.2,0.2,discrete,depth,6,0.0,0.0,0.0,full_depth_depth2_rep06,94006,1103.6434492084775
relu,1,depth2,2,1103.4656221245077,52,29.00307297706604,100,0.2,0.2,0.2,discrete,depth,6,0.0,0.0,0.0,full_depth_depth2_rep06,94006,1103.4656221245077
relu,1,depth2,2,1103.059140503518,53,27.584392070770264,100,0.2,0.2,0.2,discrete,depth,6,0.0,0.0,0.0,full_depth_depth2_rep06,94006,1103.059140503518
relu,1,depth2,2,1102.5237885818294,54,28.24904704093933,100,0.2,0.2,0.2,discrete,depth,6,0.0,0.0,0.0,full_depth_depth2_rep06,94006,1102.5237885818294
relu,1,depth2,2,1102.0409352685322,55,28.615993976593018,100,0.2,0.2,0.2,discrete,depth,6,0.0,0.0,0.0,full_depth_depth2_rep06,94006,1102.0409352685322
relu,1,depth2,2,1101.6230176275799,56,28.621153116226196,100,0.2,0.2,0.2,discrete,depth,6,0.0,0.0,0.0,full_depth_depth2_rep06,94006,1101.6230176275799
relu,1,depth2,2,1101.2243071125617,57,27.23065686225891,100,0.2,0.2,0.2,discrete,depth,6,0.0,0.0,0.0,full_depth_depth2_rep06,94006,1101.2243071125617
relu,1,depth2,2,1100.946830491942,58,28.522266149520874,100,0.2,0.2,0.2,discrete,depth,6,0.0,0.0,0.0,full_depth_depth2_rep06,94006,1100.946830491942
relu,1,depth2,2,1100.6927974545479,59,29.48438286781311,100,0.2,0.2,0.2,discrete,depth,6,0.0,0.0,0.0,full_depth_depth2_rep06,94006,1100.6927974545479
relu,1,depth2,2,1100.4480047810662,60,28.09523916244507,100,0.2,0.2,0.2,discrete,depth,6,0.0,0.0,0.0,full_depth_depth2_rep06,94006,1100.4480047810662
relu,1,depth2,2,1047.255007367188,61,29.301974058151245,100,0.1,0.1,0.1,discrete,depth,6,0.0,0.0,0.0,full_depth_depth2_rep06,94006,1047.255007367188
relu,1,depth2,2,1049.0387119349557,62,29.066001892089844,100,0.1,0.1,0.1,discrete,depth,6,0.0,0.0,0.0,full_depth_depth2_rep06,94006,1049.0387119349557
relu,1,depth2,2,1048.2803612798252,63,28.778270959854126,100,0.1,0.1,0.1,discrete,depth,6,0.0,0.0,0.0,full_depth_depth2_rep06,94006,1048.2803612798252
relu,1,depth2,2,1047.867049630193,64,27.775938034057617,100,0.1,0.1,0.1,discrete,depth,6,0.0,0.0,0.0,full_depth_depth2_rep06,94006,1047.867049630193
relu,1,depth2,2,1047.195644702943,65,28.762938022613525,100,0.1,0.1,0.1,discrete,depth,6,0.0,0.0,0.0,full_depth_depth2_rep06,94006,1047.195644702943
relu,1,depth2,2,1046.8254589189805,66,29.079161882400513,100,0.1,0.1,0.1,discrete,depth,6,0.0,0.0,0.0,full_depth_depth2_rep06,94006,1046.8254589189805
relu,1,depth2,2,1046.7642336871756,67,27.947973012924194,100,0.1,0.1,0.1,discrete,depth,6,0.0,0.0,0.0,full_depth_depth2_rep06,94006,1046.7642336871756
relu,1,depth2,2,1046.5290603256792,68,28.821484804153442,100,0.1,0.1,0.1,discrete,depth,6,0.0,0.0,0.0,full_depth_depth2_rep06,94006,1046.5290603256792
relu,1,depth2,2,1046.2074738360752,69,29.205472946166992,100,0.1,0.1,0.1,discrete,depth,6,0.0,0.0,0.0,full_depth_depth2_rep06,94006,1046.2074738360752
relu,1,depth2,2,1045.8400438703056,70,29.298199892044067,100,0.1,0.1,0.1,discrete,depth,6,0.0,0.0,0.0,full_depth_depth2_rep06,94006,1045.8400438703056
relu,1,depth2,2,1029.1607357963985,71,28.417304039001465,100,0.08,0.08,0.08,discrete,depth,6,0.0,0.0,0.0,full_depth_depth2_rep06,94006,1029.1607357963985
relu,1,depth2,2,1030.0184217862834,72,28.835740089416504,100,0.08,0.08,0.08,discrete,depth,6,0.0,0.0,0.0,full_depth_depth2_rep06,94006,1030.0184217862834
relu,1,depth2,2,1029.607661791068,73,29.56476902961731,100,0.08,0.08,0.08,discrete,depth,6,0.0,0.0,0.0,full_depth_depth2_rep06,94006,1029.607661791068
relu,1,depth2,2,1029.4777208399119,74,29.260679960250854,100,0.08,0.08,0.08,discrete,depth,6,0.0,0.0,0.0,full_depth_depth2_rep06,94006,1029.4777208399119
relu,1,depth2,2,1029.207117889142,75,28.807158946990967,100,0.08,0.08,0.08,discrete,depth,6,0.0,0.0,0.0,full_depth_depth2_rep06,94006,1029.207117889142
relu,1,depth2,2,1028.7358896224628,76,28.9245388507843,100,0.08,0.08,0.08,discrete,depth,6,0.0,0.0,0.0,full_depth_depth2_rep06,94006,1028.7358896224628
relu,1,depth2,2,1029.3216544261113,77,29.355958223342896,100,0.08,0.08,0.08,discrete,depth,6,0.0,0.0,0.0,full_depth_depth2_rep06,94006,1029.3216544261113
relu,1,depth2,2,1029.1462795606824,78,28.985509872436523,100,0.08,0.08,0.08,discrete,depth,6,0.0,0.0,0.0,full_depth_depth2_rep06,94006,1029.1462795606824
relu,1,depth2,2,1029.1136236601153,79,28.278180837631226,100,0.08,0.08,0.08,discrete,depth,6,0.0,0.0,0.0,full_depth_depth2_rep06,94006,1029.1136236601153
relu,1,depth2,2,1028.2297286045475,80,29.79983901977539,100,0.08,0.08,0.08,discrete,depth,6,0.0,0.0,0.0,full_depth_depth2_rep06,94006,1028.2297286045475
relu,1,depth2,2,1009.7777715799185,81,29.505619049072266,100,0.06,0.06,0.06,discrete,depth,6,0.0,0.0,0.0,full_depth_depth2_rep06,94006,1009.7777715799185
relu,1,depth2,2,1010.6596701293633,82,29.687856912612915,100,0.06,0.06,0.06,discrete,depth,6,0.0,0.0,0.0,full_depth_depth2_rep06,94006,1010.6596701293633
relu,1,depth2,2,1009.3661001039114,83,28.457107067108154,100,0.06,0.06,0.06,discrete,depth,6,0.0,0.0,0.0,full_depth_depth2_rep06,94006,1009.3661001039114
relu,1,depth2,2,1009.9577255549922,84,29.54081416130066,100,0.06,0.06,0.06,discrete,depth,6,0.0,0.0,0.0,full_depth_depth2_rep06,94006,1009.9577255549922
relu,1,depth2,2,1009.2779149002874,85,29.458631992340088,100,0.06,0.06,0.06,discrete,depth,6,0.0,0.0,0.0,full_depth_depth2_rep06,94006,1009.2779149002874
relu,1,depth2,2,1010.2543910083655,86,29.480117082595825,100,0.06,0.06,0.06,discrete,depth,6,0.0,0.0,0.0,full_depth_depth2_rep06,94006,1010.2543910083655
relu,1,depth2,2,1009.5966564588023,87,28.376457929611206,100,0.06,0.06,0.06,discrete,depth,6,0.0,0.0,0.0,full_depth_depth2_rep06,94006,1009.5966564588023
relu,1,depth2,2,1009.298428291823,88,29.449363946914673,100,0.06,0.06,0.06,discrete,depth,6,0.0,0.0,0.0,full_depth_depth2_rep06,94006,1009.298428291823
relu,1,depth2,2,1009.3935633584603,89,29.213254928588867,100,0.06,0.06,0.06,discrete,depth,6,0.0,0.0,0.0,full_depth_depth2_rep06,94006,1009.3935633584603
relu,1,depth2,2,1008.4191174663845,90,29.958490133285522,100,0.06,0.06,0.06,discrete,depth,6,0.0,0.0,0.0,full_depth_depth2_rep06,94006,1008.4191174663845
relu,1,depth2,2,985.6323216548695,91,28.762895107269287,100,0.04,0.04,0.04,discrete,depth,6,0.0,0.0,0.0,full_depth_depth2_rep06,94006,985.6323216548695
relu,1,depth2,2,985.7596738941802,92,29.845837116241455,100,0.04,0.04,0.04,discrete,depth,6,0.0,0.0,0.0,full_depth_depth2_rep06,94006,985.7596738941802
relu,1,depth2,2,986.9815026200973,93,29.72526502609253,100,0.04,0.04,0.04,discrete,depth,6,0.0,0.0,0.0,full_depth_depth2_rep06,94006,986.9815026200973
relu,1,depth2,2,984.1426292323807,94,29.7043240070343,100,0.04,0.04,0.04,discrete,depth,6,0.0,0.0,0.0,full_depth_depth2_rep06,94006,984.1426292323807
relu,1,depth2,2,985.1490191242873,95,29.02564787864685,100,0.04,0.04,0.04,discrete,depth,6,0.0,0.0,0.0,full_depth_depth2_rep06,94006,985.1490191242873
relu,1,depth2,2,984.9410981268811,96,29.788981914520264,100,0.04,0.04,0.04,discrete,depth,6,0.0,0.0,0.0,full_depth_depth2_rep06,94006,984.9410981268811
relu,1,depth2,2,983.5682105833974,97,30.002187967300415,100,0.04,0.04,0.04,discrete,depth,6,0.0,0.0,0.0,full_depth_depth2_rep06,94006,983.5682105833974
relu,1,depth2,2,985.6756843196902,98,29.922964096069336,100,0.04,0.04,0.04,discrete,depth,6,0.0,0.0,0.0,full_depth_depth2_rep06,94006,985.6756843196902
relu,1,depth2,2,985.680835417315,99,29.257032871246338,100,0.04,0.04,0.04,discrete,depth,6,0.0,0.0,0.0,full_depth_depth2_rep06,94006,985.680835417315
relu,1,depth2,2,990.5461863092962,100,30.57854390144348,100,0.04,0.04,0.04,discrete,depth,6,0.0,0.0,0.0,full_depth_depth2_rep06,94006,990.5461863092962
relu,1,depth2,2,961.9752977492406,101,31.745162963867188,100,0.02,0.02,0.02,discrete,depth,6,0.0,0.0,0.0,full_depth_depth2_rep06,94006,961.9752977492406
relu,1,depth2,2,956.9653904514415,102,31.084969997406006,100,0.02,0.02,0.02,discrete,depth,6,0.0,0.0,0.0,full_depth_depth2_rep06,94006,956.9653904514415
relu,1,depth2,2,956.8544867032916,103,30.25931215286255,100,0.02,0.02,0.02,discrete,depth,6,0.0,0.0,0.0,full_depth_depth2_rep06,94006,956.8544867032916
relu,1,depth2,2,955.6799286286567,104,31.222135066986084,100,0.02,0.02,0.02,discrete,depth,6,0.0,0.0,0.0,full_depth_depth2_rep06,94006,955.6799286286567
relu,1,depth2,2,956.0465235405163,105,30.981204986572266,100,0.02,0.02,0.02,discrete,depth,6,0.0,0.0,0.0,full_depth_depth2_rep06,94006,956.0465235405163
relu,1,depth2,2,955.0022873665125,106,30.967981100082397,100,0.02,0.02,0.02,discrete,depth,6,0.0,0.0,0.0,full_depth_depth2_rep06,94006,955.0022873665125
relu,1,depth2,2,958.24305496368,107,31.265906810760498,100,0.02,0.02,0.02,discrete,depth,6,0.0,0.0,0.0,full_depth_depth2_rep06,94006,958.24305496368
relu,1,depth2,2,956.0163911784989,108,30.20301604270935,100,0.02,0.02,0.02,discrete,depth,6,0.0,0.0,0.0,full_depth_depth2_rep06,94006,956.0163911784989
relu,1,depth2,2,958.3439029019183,109,30.856034994125366,100,0.02,0.02,0.02,discrete,depth,6,0.0,0.0,0.0,full_depth_depth2_rep06,94006,958.3439029019183
relu,1,depth2,2,958.9129718131212,110,30.82451891899109,100,0.02,0.02,0.02,discrete,depth,6,0.0,0.0,0.0,full_depth_depth2_rep06,94006,958.9129718131212
relu,1,depth2,2,939.9970966444074,111,32.06674289703369,100,0.01,0.01,0.01,discrete,depth,6,0.0,0.0,0.0,full_depth_depth2_rep06,94006,939.9970966444074
relu,1,depth2,2,942.2819525385012,112,32.16530799865723,100,0.01,0.01,0.01,discrete,depth,6,0.0,0.0,0.0,full_depth_depth2_rep06,94006,942.2819525385012
relu,1,depth2,2,942.202962167745,113,31.046995878219604,100,0.01,0.01,0.01,discrete,depth,6,0.0,0.0,0.0,full_depth_depth2_rep06,94006,942.202962167745
relu,1,depth2,2,938.7707010106521,114,31.861972093582153,100,0.01,0.01,0.01,discrete,depth,6,0.0,0.0,0.0,full_depth_depth2_rep06,94006,938.7707010106521
relu,1,depth2,2,939.594891744769,115,31.722897052764893,100,0.01,0.01,0.01,discrete,depth,6,0.0,0.0,0.0,full_depth_depth2_rep06,94006,939.594891744769
relu,1,depth2,2,936.2499528320229,116,31.976464986801147,100,0.01,0.01,0.01,discrete,depth,6,0.0,0.0,0.0,full_depth_depth2_rep06,94006,936.2499528320229
relu,1,depth2,2,937.9430014204461,117,32.08844590187073,100,0.01,0.01,0.01,discrete,depth,6,0.0,0.0,0.0,full_depth_depth2_rep06,94006,937.9430014204461
relu,1,depth2,2,940.8086180459915,118,31.31445598602295,100,0.01,0.01,0.01,discrete,depth,6,0.0,0.0,0.0,full_depth_depth2_rep06,94006,940.8086180459915
relu,1,depth2,2,938.5273404679822,119,32.14525485038757,100,0.01,0.01,0.01,discrete,depth,6,0.0,0.0,0.0,full_depth_depth2_rep06,94006,938.5273404679822
relu,1,depth2,2,940.3462103292425,120,32.16441988945007,100,0.01,0.01,0.01,discrete,depth,6,0.0,0.0,0.0,full_depth_depth2_rep06,94006,940.3462103292425
relu,1,depth2,2,916.6611984498568,121,28.6108980178833,100,0.01,0.01,0.0,discrete,depth,6,0.0,0.0,0.0,full_depth_depth2_rep06,94006,916.6611984498568
relu,1,depth2,2,918.0301263870657,122,25.105499029159546,100,0.01,0.01,0.0,discrete,depth,6,0.0,0.0,0.0,full_depth_depth2_rep06,94006,918.0301263870657
relu,1,depth2,2,914.878617041464,123,26.471556186676025,100,0.01,0.01,0.0,discrete,depth,6,0.0,0.0,0.0,full_depth_depth2_rep06,94006,914.878617041464
relu,1,depth2,2,914.2155564010546,124,25.032217979431152,100,0.01,0.01,0.0,discrete,depth,6,0.0,0.0,0.0,full_depth_depth2_rep06,94006,914.2155564010546
relu,1,depth2,2,912.8390164214966,125,25.340527057647705,100,0.01,0.01,0.0,discrete,depth,6,0.0,0.0,0.0,full_depth_depth2_rep06,94006,912.8390164214966
relu,1,depth2,2,911.5741932982316,126,25.60028386116028,100,0.01,0.01,0.0,discrete,depth,6,0.0,0.0,0.0,full_depth_depth2_rep06,94006,911.5741932982316
relu,1,depth2,2,911.0019270633809,127,25.77125096321106,100,0.01,0.01,0.0,discrete,depth,6,0.0,0.0,0.0,full_depth_depth2_rep06,94006,911.0019270633809
relu,1,depth2,2,912.9811698541453,128,25.90809679031372,100,0.01,0.01,0.0,discrete,depth,6,0.0,0.0,0.0,full_depth_depth2_rep06,94006,912.9811698541453
relu,1,depth2,2,919.4385115572258,129,26.438135862350464,100,0.01,0.01,0.0,discrete,depth,6,0.0,0.0,0.0,full_depth_depth2_rep06,94006,919.4385115572258
relu,1,depth2,2,920.2499771565438,130,28.182661056518555,100,0.01,0.01,0.0,discrete,depth,6,0.0,0.0,0.0,full_depth_depth2_rep06,94006,920.2499771565438
relu,1,depth3,3,1812.7106279048178,1,86.34365010261536,100,1.0,1.0,1.0,discrete,depth,1,0.0,0.0,0.0,full_depth_depth3_rep01,94001,1812.7106279048178
relu,1,depth3,3,978.9847779905224,2,28.252031087875366,100,1.0,1.0,1.0,discrete,depth,1,0.0,0.0,0.0,full_depth_depth3_rep01,94001,978.9847779905224
relu,1,depth3,3,957.9866771852026,3,28.616284132003784,100,1.0,1.0,1.0,discrete,depth,1,0.0,0.0,0.0,full_depth_depth3_rep01,94001,957.9866771852026
relu,1,depth3,3,948.7026184202472,4,29.23555898666382,100,1.0,1.0,1.0,discrete,depth,1,0.0,0.0,0.0,full_depth_depth3_rep01,94001,948.7026184202472
relu,1,depth3,3,947.0934934182068,5,27.52664804458618,100,1.0,1.0,1.0,discrete,depth,1,0.0,0.0,0.0,full_depth_depth3_rep01,94001,947.0934934182068
relu,1,depth3,3,946.156807262111,6,28.646095991134644,100,1.0,1.0,1.0,discrete,depth,1,0.0,0.0,0.0,full_depth_depth3_rep01,94001,946.156807262111
relu,1,depth3,3,945.8275685215984,7,28.931259155273438,100,1.0,1.0,1.0,discrete,depth,1,0.0,0.0,0.0,full_depth_depth3_rep01,94001,945.8275685215984
relu,1,depth3,3,945.6008973186025,8,27.605077981948853,100,1.0,1.0,1.0,discrete,depth,1,0.0,0.0,0.0,full_depth_depth3_rep01,94001,945.6008973186025
relu,1,depth3,3,945.4921277148698,9,28.614050149917603,100,1.0,1.0,1.0,discrete,depth,1,0.0,0.0,0.0,full_depth_depth3_rep01,94001,945.4921277148698
relu,1,depth3,3,945.4950653922216,10,28.425544023513794,100,1.0,1.0,1.0,discrete,depth,1,0.0,0.0,0.0,full_depth_depth3_rep01,94001,945.4950653922216
relu,1,depth3,3,945.694095870608,11,28.971431016921997,100,1.0,1.0,1.0,discrete,depth,1,0.0,0.0,0.0,full_depth_depth3_rep01,94001,945.694095870608
relu,1,depth3,3,945.846741077105,12,27.365554809570312,100,1.0,1.0,1.0,discrete,depth,1,0.0,0.0,0.0,full_depth_depth3_rep01,94001,945.846741077105
relu,1,depth3,3,946.0024528079837,13,28.97261691093445,100,1.0,1.0,1.0,discrete,depth,1,0.0,0.0,0.0,full_depth_depth3_rep01,94001,946.0024528079837
relu,1,depth3,3,946.0437491982156,14,28.701889038085938,100,1.0,1.0,1.0,discrete,depth,1,0.0,0.0,0.0,full_depth_depth3_rep01,94001,946.0437491982156
relu,1,depth3,3,945.8451707381067,15,28.666084051132202,100,1.0,1.0,1.0,discrete,depth,1,0.0,0.0,0.0,full_depth_depth3_rep01,94001,945.8451707381067
relu,1,depth3,3,945.6999765106663,16,27.8371000289917,100,1.0,1.0,1.0,discrete,depth,1,0.0,0.0,0.0,full_depth_depth3_rep01,94001,945.6999765106663
relu,1,depth3,3,945.4656158780724,17,29.847931146621704,100,1.0,1.0,1.0,discrete,depth,1,0.0,0.0,0.0,full_depth_depth3_rep01,94001,945.4656158780724
relu,1,depth3,3,945.3179656504067,18,28.805222988128662,100,1.0,1.0,1.0,discrete,depth,1,0.0,0.0,0.0,full_depth_depth3_rep01,94001,945.3179656504067
relu,1,depth3,3,945.161459912732,19,27.784638166427612,100,1.0,1.0,1.0,discrete,depth,1,0.0,0.0,0.0,full_depth_depth3_rep01,94001,945.161459912732
relu,1,depth3,3,944.9573165255701,20,28.446683168411255,100,1.0,1.0,1.0,discrete,depth,1,0.0,0.0,0.0,full_depth_depth3_rep01,94001,944.9573165255701
relu,1,depth3,3,1023.3678050613921,21,28.2774760723114,100,0.8,0.8,0.8,discrete,depth,1,0.0,0.0,0.0,full_depth_depth3_rep01,94001,1023.3678050613921
relu,1,depth3,3,1022.6484193613379,22,28.793519973754883,100,0.8,0.8,0.8,discrete,depth,1,0.0,0.0,0.0,full_depth_depth3_rep01,94001,1022.6484193613379
relu,1,depth3,3,1022.8365985380783,23,27.46105694770813,100,0.8,0.8,0.8,discrete,depth,1,0.0,0.0,0.0,full_depth_depth3_rep01,94001,1022.8365985380783
relu,1,depth3,3,1021.9796390853364,24,28.521812915802002,100,0.8,0.8,0.8,discrete,depth,1,0.0,0.0,0.0,full_depth_depth3_rep01,94001,1021.9796390853364
relu,1,depth3,3,1021.9863176523064,25,28.363264083862305,100,0.8,0.8,0.8,discrete,depth,1,0.0,0.0,0.0,full_depth_depth3_rep01,94001,1021.9863176523064
relu,1,depth3,3,1021.431238089213,26,27.828059911727905,100,0.8,0.8,0.8,discrete,depth,1,0.0,0.0,0.0,full_depth_depth3_rep01,94001,1021.431238089213
relu,1,depth3,3,1021.7305495377913,27,28.55899715423584,100,0.8,0.8,0.8,discrete,depth,1,0.0,0.0,0.0,full_depth_depth3_rep01,94001,1021.7305495377913
relu,1,depth3,3,1021.07228459164,28,28.421555995941162,100,0.8,0.8,0.8,discrete,depth,1,0.0,0.0,0.0,full_depth_depth3_rep01,94001,1021.07228459164
relu,1,depth3,3,1020.1721119185579,29,28.540024995803833,100,0.8,0.8,0.8,discrete,depth,1,0.0,0.0,0.0,full_depth_depth3_rep01,94001,1020.1721119185579
relu,1,depth3,3,1019.1655588364179,30,27.49026584625244,100,0.8,0.8,0.8,discrete,depth,1,0.0,0.0,0.0,full_depth_depth3_rep01,94001,1019.1655588364179
relu,1,depth3,3,1074.6776180432812,31,28.30841898918152,100,0.6,0.6,0.6,discrete,depth,1,0.0,0.0,0.0,full_depth_depth3_rep01,94001,1074.6776180432812
relu,1,depth3,3,1075.8326895277057,32,28.062249898910522,100,0.6,0.6,0.6,discrete,depth,1,0.0,0.0,0.0,full_depth_depth3_rep01,94001,1075.8326895277057
relu,1,depth3,3,1075.0639564140365,33,27.41274881362915,100,0.6,0.6,0.6,discrete,depth,1,0.0,0.0,0.0,full_depth_depth3_rep01,94001,1075.0639564140365
relu,1,depth3,3,1074.3934328251075,34,27.411500930786133,100,0.6,0.6,0.6,discrete,depth,1,0.0,0.0,0.0,full_depth_depth3_rep01,94001,1074.3934328251075
relu,1,depth3,3,1073.2041626953376,35,28.72135901451111,100,0.6,0.6,0.6,discrete,depth,1,0.0,0.0,0.0,full_depth_depth3_rep01,94001,1073.2041626953376
relu,1,depth3,3,1072.1545285151003,36,28.482095956802368,100,0.6,0.6,0.6,discrete,depth,1,0.0,0.0,0.0,full_depth_depth3_rep01,94001,1072.1545285151003
relu,1,depth3,3,1071.6434252938625,37,27.830023050308228,100,0.6,0.6,0.6,discrete,depth,1,0.0,0.0,0.0,full_depth_depth3_rep01,94001,1071.6434252938625
relu,1,depth3,3,1070.5892960546328,38,29.115880966186523,100,0.6,0.6,0.6,discrete,depth,1,0.0,0.0,0.0,full_depth_depth3_rep01,94001,1070.5892960546328
relu,1,depth3,3,1071.1106838319827,39,29.134392023086548,100,0.6,0.6,0.6,discrete,depth,1,0.0,0.0,0.0,full_depth_depth3_rep01,94001,1071.1106838319827
relu,1,depth3,3,1071.505258574352,40,28.65813398361206,100,0.6,0.6,0.6,discrete,depth,1,0.0,0.0,0.0,full_depth_depth3_rep01,94001,1071.505258574352
relu,1,depth3,3,1095.5813119836391,41,27.385283946990967,100,0.4,0.4,0.4,discrete,depth,1,0.0,0.0,0.0,full_depth_depth3_rep01,94001,1095.5813119836391
relu,1,depth3,3,1096.8652699563052,42,28.43037700653076,100,0.4,0.4,0.4,discrete,depth,1,0.0,0.0,0.0,full_depth_depth3_rep01,94001,1096.8652699563052
relu,1,depth3,3,1097.386956156383,43,28.07304096221924,100,0.4,0.4,0.4,discrete,depth,1,0.0,0.0,0.0,full_depth_depth3_rep01,94001,1097.386956156383
relu,1,depth3,3,1098.2383656375341,44,27.66781210899353,100,0.4,0.4,0.4,discrete,depth,1,0.0,0.0,0.0,full_depth_depth3_rep01,94001,1098.2383656375341
relu,1,depth3,3,1093.5402183699823,45,28.340635061264038,100,0.4,0.4,0.4,discrete,depth,1,0.0,0.0,0.0,full_depth_depth3_rep01,94001,1093.5402183699823
relu,1,depth3,3,1094.6156355528426,46,27.925736904144287,100,0.4,0.4,0.4,discrete,depth,1,0.0,0.0,0.0,full_depth_depth3_rep01,94001,1094.6156355528426
relu,1,depth3,3,1090.816527023962,47,28.0802481174469,100,0.4,0.4,0.4,discrete,depth,1,0.0,0.0,0.0,full_depth_depth3_rep01,94001,1090.816527023962
relu,1,depth3,3,1095.5766013896061,48,26.77784490585327,100,0.4,0.4,0.4,discrete,depth,1,0.0,0.0,0.0,full_depth_depth3_rep01,94001,1095.5766013896061
relu,1,depth3,3,1090.6380985023707,49,27.953277111053467,100,0.4,0.4,0.4,discrete,depth,1,0.0,0.0,0.0,full_depth_depth3_rep01,94001,1090.6380985023707
relu,1,depth3,3,1088.7004752998644,50,28.1702880859375,100,0.4,0.4,0.4,discrete,depth,1,0.0,0.0,0.0,full_depth_depth3_rep01,94001,1088.7004752998644
relu,1,depth3,3,1062.2434805285955,51,27.31200408935547,100,0.2,0.2,0.2,discrete,depth,1,0.0,0.0,0.0,full_depth_depth3_rep01,94001,1062.2434805285955
relu,1,depth3,3,1064.016571551912,52,28.019248008728027,100,0.2,0.2,0.2,discrete,depth,1,0.0,0.0,0.0,full_depth_depth3_rep01,94001,1064.016571551912
relu,1,depth3,3,1062.9644145982568,53,28.463731050491333,100,0.2,0.2,0.2,discrete,depth,1,0.0,0.0,0.0,full_depth_depth3_rep01,94001,1062.9644145982568
relu,1,depth3,3,1061.5971253749103,54,28.228989839553833,100,0.2,0.2,0.2,discrete,depth,1,0.0,0.0,0.0,full_depth_depth3_rep01,94001,1061.5971253749103
relu,1,depth3,3,1062.5166703122673,55,26.816126108169556,100,0.2,0.2,0.2,discrete,depth,1,0.0,0.0,0.0,full_depth_depth3_rep01,94001,1062.5166703122673
relu,1,depth3,3,1062.3240914568476,56,28.484848976135254,100,0.2,0.2,0.2,discrete,depth,1,0.0,0.0,0.0,full_depth_depth3_rep01,94001,1062.3240914568476
relu,1,depth3,3,1061.1757016524643,57,28.039063930511475,100,0.2,0.2,0.2,discrete,depth,1,0.0,0.0,0.0,full_depth_depth3_rep01,94001,1061.1757016524643
relu,1,depth3,3,1060.68859622363,58,28.645215034484863,100,0.2,0.2,0.2,discrete,depth,1,0.0,0.0,0.0,full_depth_depth3_rep01,94001,1060.68859622363
relu,1,depth3,3,1064.128739243727,59,27.290855884552002,100,0.2,0.2,0.2,discrete,depth,1,0.0,0.0,0.0,full_depth_depth3_rep01,94001,1064.128739243727
relu,1,depth3,3,1066.3158247124404,60,29.02034592628479,100,0.2,0.2,0.2,discrete,depth,1,0.0,0.0,0.0,full_depth_depth3_rep01,94001,1066.3158247124404
relu,1,depth3,3,1015.7409059294248,61,28.889241218566895,100,0.1,0.1,0.1,discrete,depth,1,0.0,0.0,0.0,full_depth_depth3_rep01,94001,1015.7409059294248
relu,1,depth3,3,1018.791095430109,62,28.71079397201538,100,0.1,0.1,0.1,discrete,depth,1,0.0,0.0,0.0,full_depth_depth3_rep01,94001,1018.791095430109
relu,1,depth3,3,1014.2595139310149,63,27.776061058044434,100,0.1,0.1,0.1,discrete,depth,1,0.0,0.0,0.0,full_depth_depth3_rep01,94001,1014.2595139310149
relu,1,depth3,3,1014.5505511414391,64,28.708080053329468,100,0.1,0.1,0.1,discrete,depth,1,0.0,0.0,0.0,full_depth_depth3_rep01,94001,1014.5505511414391
relu,1,depth3,3,1017.5610164499598,65,28.620443105697632,100,0.1,0.1,0.1,discrete,depth,1,0.0,0.0,0.0,full_depth_depth3_rep01,94001,1017.5610164499598
relu,1,depth3,3,1009.9371029695744,66,28.66305112838745,100,0.1,0.1,0.1,discrete,depth,1,0.0,0.0,0.0,full_depth_depth3_rep01,94001,1009.9371029695744
relu,1,depth3,3,1012.1275977452284,67,27.87686800956726,100,0.1,0.1,0.1,discrete,depth,1,0.0,0.0,0.0,full_depth_depth3_rep01,94001,1012.1275977452284
relu,1,depth3,3,1014.8593317818871,68,29.225455045700073,100,0.1,0.1,0.1,discrete,depth,1,0.0,0.0,0.0,full_depth_depth3_rep01,94001,1014.8593317818871
relu,1,depth3,3,1013.655507327762,69,29.2290620803833,100,0.1,0.1,0.1,discrete,depth,1,0.0,0.0,0.0,full_depth_depth3_rep01,94001,1013.655507327762
relu,1,depth3,3,1012.9464715690902,70,28.039170026779175,100,0.1,0.1,0.1,discrete,depth,1,0.0,0.0,0.0,full_depth_depth3_rep01,94001,1012.9464715690902
relu,1,depth3,3,1001.3257536644563,71,29.237509965896606,100,0.08,0.08,0.08,discrete,depth,1,0.0,0.0,0.0,full_depth_depth3_rep01,94001,1001.3257536644563
relu,1,depth3,3,998.9545946400893,72,29.155336141586304,100,0.08,0.08,0.08,discrete,depth,1,0.0,0.0,0.0,full_depth_depth3_rep01,94001,998.9545946400893
relu,1,depth3,3,1000.909072641616,73,29.24574089050293,100,0.08,0.08,0.08,discrete,depth,1,0.0,0.0,0.0,full_depth_depth3_rep01,94001,1000.909072641616
relu,1,depth3,3,1001.1045258514195,74,28.36275887489319,100,0.08,0.08,0.08,discrete,depth,1,0.0,0.0,0.0,full_depth_depth3_rep01,94001,1001.1045258514195
relu,1,depth3,3,1011.3285750025836,75,29.35850501060486,100,0.08,0.08,0.08,discrete,depth,1,0.0,0.0,0.0,full_depth_depth3_rep01,94001,1011.3285750025836
relu,1,depth3,3,997.3453771509272,76,28.92377495765686,100,0.08,0.08,0.08,discrete,depth,1,0.0,0.0,0.0,full_depth_depth3_rep01,94001,997.3453771509272
relu,1,depth3,3,1000.8146438145186,77,29.43873691558838,100,0.08,0.08,0.08,discrete,depth,1,0.0,0.0,0.0,full_depth_depth3_rep01,94001,1000.8146438145186
relu,1,depth3,3,1006.9578061808156,78,27.819827795028687,100,0.08,0.08,0.08,discrete,depth,1,0.0,0.0,0.0,full_depth_depth3_rep01,94001,1006.9578061808156
relu,1,depth3,3,995.4051313317176,79,28.7987859249115,100,0.08,0.08,0.08,discrete,depth,1,0.0,0.0,0.0,full_depth_depth3_rep01,94001,995.4051313317176
relu,1,depth3,3,997.5047334967875,80,28.897000074386597,100,0.08,0.08,0.08,discrete,depth,1,0.0,0.0,0.0,full_depth_depth3_rep01,94001,997.5047334967875
relu,1,depth3,3,980.0842853197732,81,30.2171151638031,100,0.06,0.06,0.06,discrete,depth,1,0.0,0.0,0.0,full_depth_depth3_rep01,94001,980.0842853197732
relu,1,depth3,3,978.0991998436606,82,28.502189874649048,100,0.06,0.06,0.06,discrete,depth,1,0.0,0.0,0.0,full_depth_depth3_rep01,94001,978.0991998436606
relu,1,depth3,3,985.7647672303511,83,29.147254943847656,100,0.06,0.06,0.06,discrete,depth,1,0.0,0.0,0.0,full_depth_depth3_rep01,94001,985.7647672303511
relu,1,depth3,3,978.1345096187033,84,29.230543851852417,100,0.06,0.06,0.06,discrete,depth,1,0.0,0.0,0.0,full_depth_depth3_rep01,94001,978.1345096187033
relu,1,depth3,3,982.0818496714805,85,29.3674418926239,100,0.06,0.06,0.06,discrete,depth,1,0.0,0.0,0.0,full_depth_depth3_rep01,94001,982.0818496714805
relu,1,depth3,3,983.5377368775346,86,28.48413610458374,100,0.06,0.06,0.06,discrete,depth,1,0.0,0.0,0.0,full_depth_depth3_rep01,94001,983.5377368775346
relu,1,depth3,3,981.3189188743185,87,29.04977297782898,100,0.06,0.06,0.06,discrete,depth,1,0.0,0.0,0.0,full_depth_depth3_rep01,94001,981.3189188743185
relu,1,depth3,3,980.0751631132705,88,29.351536989212036,100,0.06,0.06,0.06,discrete,depth,1,0.0,0.0,0.0,full_depth_depth3_rep01,94001,980.0751631132705
relu,1,depth3,3,974.6353099748019,89,29.390676975250244,100,0.06,0.06,0.06,discrete,depth,1,0.0,0.0,0.0,full_depth_depth3_rep01,94001,974.6353099748019
relu,1,depth3,3,977.4298335083766,90,28.591055870056152,100,0.06,0.06,0.06,discrete,depth,1,0.0,0.0,0.0,full_depth_depth3_rep01,94001,977.4298335083766
relu,1,depth3,3,959.0773139793027,91,29.393316984176636,100,0.04,0.04,0.04,discrete,depth,1,0.0,0.0,0.0,full_depth_depth3_rep01,94001,959.0773139793027
relu,1,depth3,3,955.1503305350249,92,29.510805130004883,100,0.04,0.04,0.04,discrete,depth,1,0.0,0.0,0.0,full_depth_depth3_rep01,94001,955.1503305350249
relu,1,depth3,3,951.7340765959436,93,29.516167879104614,100,0.04,0.04,0.04,discrete,depth,1,0.0,0.0,0.0,full_depth_depth3_rep01,94001,951.7340765959436
relu,1,depth3,3,955.7847957113642,94,29.652206897735596,100,0.04,0.04,0.04,discrete,depth,1,0.0,0.0,0.0,full_depth_depth3_rep01,94001,955.7847957113642
relu,1,depth3,3,956.4846049018503,95,28.70498299598694,100,0.04,0.04,0.04,discrete,depth,1,0.0,0.0,0.0,full_depth_depth3_rep01,94001,956.4846049018503
relu,1,depth3,3,971.404117300477,96,29.7242169380188,100,0.04,0.04,0.04,discrete,depth,1,0.0,0.0,0.0,full_depth_depth3_rep01,94001,971.404117300477
relu,1,depth3,3,958.8884062636847,97,29.29613995552063,100,0.04,0.04,0.04,discrete,depth,1,0.0,0.0,0.0,full_depth_depth3_rep01,94001,958.8884062636847
relu,1,depth3,3,957.1611869768718,98,29.38010287284851,100,0.04,0.04,0.04,discrete,depth,1,0.0,0.0,0.0,full_depth_depth3_rep01,94001,957.1611869768718
relu,1,depth3,3,956.7792248210267,99,29.12185788154602,100,0.04,0.04,0.04,discrete,depth,1,0.0,0.0,0.0,full_depth_depth3_rep01,94001,956.7792248210267
relu,1,depth3,3,962.1314481735109,100,29.53118896484375,100,0.04,0.04,0.04,discrete,depth,1,0.0,0.0,0.0,full_depth_depth3_rep01,94001,962.1314481735109
relu,1,depth3,3,927.9891673636506,101,31.68109393119812,100,0.02,0.02,0.02,discrete,depth,1,0.0,0.0,0.0,full_depth_depth3_rep01,94001,927.9891673636506
relu,1,depth3,3,922.7187901153543,102,30.76868200302124,100,0.02,0.02,0.02,discrete,depth,1,0.0,0.0,0.0,full_depth_depth3_rep01,94001,922.7187901153543
relu,1,depth3,3,944.5000284492777,103,30.850610971450806,100,0.02,0.02,0.02,discrete,depth,1,0.0,0.0,0.0,full_depth_depth3_rep01,94001,944.5000284492777
relu,1,depth3,3,932.5789396935991,104,29.630223035812378,100,0.02,0.02,0.02,discrete,depth,1,0.0,0.0,0.0,full_depth_depth3_rep01,94001,932.5789396935991
relu,1,depth3,3,930.7913525959037,105,30.637786865234375,100,0.02,0.02,0.02,discrete,depth,1,0.0,0.0,0.0,full_depth_depth3_rep01,94001,930.7913525959037
relu,1,depth3,3,936.8005957248556,106,30.62396502494812,100,0.02,0.02,0.02,discrete,depth,1,0.0,0.0,0.0,full_depth_depth3_rep01,94001,936.8005957248556
relu,1,depth3,3,927.5977426601424,107,30.687896013259888,100,0.02,0.02,0.02,discrete,depth,1,0.0,0.0,0.0,full_depth_depth3_rep01,94001,927.5977426601424
relu,1,depth3,3,935.6323229918345,108,30.848793029785156,100,0.02,0.02,0.02,discrete,depth,1,0.0,0.0,0.0,full_depth_depth3_rep01,94001,935.6323229918345
relu,1,depth3,3,935.3298306514151,109,29.91369104385376,100,0.02,0.02,0.02,discrete,depth,1,0.0,0.0,0.0,full_depth_depth3_rep01,94001,935.3298306514151
relu,1,depth3,3,939.4613890113558,110,30.58184814453125,100,0.02,0.02,0.02,discrete,depth,1,0.0,0.0,0.0,full_depth_depth3_rep01,94001,939.4613890113558
relu,1,depth3,3,914.2816621763981,111,31.405198097229004,100,0.01,0.01,0.01,discrete,depth,1,0.0,0.0,0.0,full_depth_depth3_rep01,94001,914.2816621763981
relu,1,depth3,3,910.0726585406287,112,31.512922048568726,100,0.01,0.01,0.01,discrete,depth,1,0.0,0.0,0.0,full_depth_depth3_rep01,94001,910.0726585406287
relu,1,depth3,3,914.9188812950451,113,31.357463121414185,100,0.01,0.01,0.01,discrete,depth,1,0.0,0.0,0.0,full_depth_depth3_rep01,94001,914.9188812950451
relu,1,depth3,3,912.8010892388812,114,30.223920822143555,100,0.01,0.01,0.01,discrete,depth,1,0.0,0.0,0.0,full_depth_depth3_rep01,94001,912.8010892388812
relu,1,depth3,3,927.7837103775871,115,31.084595918655396,100,0.01,0.01,0.01,discrete,depth,1,0.0,0.0,0.0,full_depth_depth3_rep01,94001,927.7837103775871
relu,1,depth3,3,927.4958789637385,116,31.33635687828064,100,0.01,0.01,0.01,discrete,depth,1,0.0,0.0,0.0,full_depth_depth3_rep01,94001,927.4958789637385
relu,1,depth3,3,905.7937679712533,117,31.48214101791382,100,0.01,0.01,0.01,discrete,depth,1,0.0,0.0,0.0,full_depth_depth3_rep01,94001,905.7937679712533
relu,1,depth3,3,922.1281001957219,118,31.303443908691406,100,0.01,0.01,0.01,discrete,depth,1,0.0,0.0,0.0,full_depth_depth3_rep01,94001,922.1281001957219
relu,1,depth3,3,910.9720987387796,119,30.307034969329834,100,0.01,0.01,0.01,discrete,depth,1,0.0,0.0,0.0,full_depth_depth3_rep01,94001,910.9720987387796
relu,1,depth3,3,910.6237801307668,120,32.015114068984985,100,0.01,0.01,0.01,discrete,depth,1,0.0,0.0,0.0,full_depth_depth3_rep01,94001,910.6237801307668
relu,1,depth3,3,895.5555481208442,121,28.70080304145813,100,0.01,0.01,0.0,discrete,depth,1,0.0,0.0,0.0,full_depth_depth3_rep01,94001,895.5555481208442
relu,1,depth3,3,891.4622064225463,122,25.277200937271118,100,0.01,0.01,0.0,discrete,depth,1,0.0,0.0,0.0,full_depth_depth3_rep01,94001,891.4622064225463
relu,1,depth3,3,887.4296935366464,123,26.578881978988647,100,0.01,0.01,0.0,discrete,depth,1,0.0,0.0,0.0,full_depth_depth3_rep01,94001,887.4296935366464
relu,1,depth3,3,897.4167969917871,124,25.930793046951294,100,0.01,0.01,0.0,discrete,depth,1,0.0,0.0,0.0,full_depth_depth3_rep01,94001,897.4167969917871
relu,1,depth3,3,884.5021423787356,125,25.171770095825195,100,0.01,0.01,0.0,discrete,depth,1,0.0,0.0,0.0,full_depth_depth3_rep01,94001,884.5021423787356
relu,1,depth3,3,889.3916071339804,126,24.794321060180664,100,0.01,0.01,0.0,discrete,depth,1,0.0,0.0,0.0,full_depth_depth3_rep01,94001,889.3916071339804
relu,1,depth3,3,903.6162280350915,127,25.169738054275513,100,0.01,0.01,0.0,discrete,depth,1,0.0,0.0,0.0,full_depth_depth3_rep01,94001,903.6162280350915
relu,1,depth3,3,900.1797157683142,128,26.171369075775146,100,0.01,0.01,0.0,discrete,depth,1,0.0,0.0,0.0,full_depth_depth3_rep01,94001,900.1797157683142
relu,1,depth3,3,880.4205183361283,129,26.329390048980713,100,0.01,0.01,0.0,discrete,depth,1,0.0,0.0,0.0,full_depth_depth3_rep01,94001,880.4205183361283
relu,1,depth3,3,884.1475855282727,130,27.097867965698242,100,0.01,0.01,0.0,discrete,depth,1,0.0,0.0,0.0,full_depth_depth3_rep01,94001,884.1475855282727
relu,1,depth3,3,1937.8462421276067,1,86.25132203102112,100,1.0,1.0,1.0,discrete,depth,2,0.0,0.0,0.0,full_depth_depth3_rep02,94002,1937.8462421276067
relu,1,depth3,3,1003.19589483238,2,28.677199125289917,100,1.0,1.0,1.0,discrete,depth,2,0.0,0.0,0.0,full_depth_depth3_rep02,94002,1003.19589483238
relu,1,depth3,3,981.2245059609645,3,28.628791093826294,100,1.0,1.0,1.0,discrete,depth,2,0.0,0.0,0.0,full_depth_depth3_rep02,94002,981.2245059609645
relu,1,depth3,3,977.2265641661378,4,27.876617193222046,100,1.0,1.0,1.0,discrete,depth,2,0.0,0.0,0.0,full_depth_depth3_rep02,94002,977.2265641661378
relu,1,depth3,3,976.7028911792294,5,28.896603107452393,100,1.0,1.0,1.0,discrete,depth,2,0.0,0.0,0.0,full_depth_depth3_rep02,94002,976.7028911792294
relu,1,depth3,3,977.2390072234517,6,28.892446041107178,100,1.0,1.0,1.0,discrete,depth,2,0.0,0.0,0.0,full_depth_depth3_rep02,94002,977.2390072234517
relu,1,depth3,3,977.1537403515343,7,28.80669403076172,100,1.0,1.0,1.0,discrete,depth,2,0.0,0.0,0.0,full_depth_depth3_rep02,94002,977.1537403515343
relu,1,depth3,3,977.0735719106048,8,28.33559513092041,100,1.0,1.0,1.0,discrete,depth,2,0.0,0.0,0.0,full_depth_depth3_rep02,94002,977.0735719106048
relu,1,depth3,3,976.9870057607305,9,28.725866079330444,100,1.0,1.0,1.0,discrete,depth,2,0.0,0.0,0.0,full_depth_depth3_rep02,94002,976.9870057607305
relu,1,depth3,3,976.527101115347,10,28.40490698814392,100,1.0,1.0,1.0,discrete,depth,2,0.0,0.0,0.0,full_depth_depth3_rep02,94002,976.527101115347
relu,1,depth3,3,975.8564279075267,11,29.005021810531616,100,1.0,1.0,1.0,discrete,depth,2,0.0,0.0,0.0,full_depth_depth3_rep02,94002,975.8564279075267
relu,1,depth3,3,974.577478598249,12,27.597278833389282,100,1.0,1.0,1.0,discrete,depth,2,0.0,0.0,0.0,full_depth_depth3_rep02,94002,974.577478598249
relu,1,depth3,3,973.1546665220013,13,28.44085383415222,100,1.0,1.0,1.0,discrete,depth,2,0.0,0.0,0.0,full_depth_depth3_rep02,94002,973.1546665220013
relu,1,depth3,3,971.3653649668445,14,28.928802013397217,100,1.0,1.0,1.0,discrete,depth,2,0.0,0.0,0.0,full_depth_depth3_rep02,94002,971.3653649668445
relu,1,depth3,3,969.2011747343568,15,28.434731006622314,100,1.0,1.0,1.0,discrete,depth,2,0.0,0.0,0.0,full_depth_depth3_rep02,94002,969.2011747343568
relu,1,depth3,3,967.4598129337395,16,27.692414045333862,100,1.0,1.0,1.0,discrete,depth,2,0.0,0.0,0.0,full_depth_depth3_rep02,94002,967.4598129337395
relu,1,depth3,3,965.7696147499477,17,29.61766481399536,100,1.0,1.0,1.0,discrete,depth,2,0.0,0.0,0.0,full_depth_depth3_rep02,94002,965.7696147499477
relu,1,depth3,3,965.9031924909947,18,28.807838201522827,100,1.0,1.0,1.0,discrete,depth,2,0.0,0.0,0.0,full_depth_depth3_rep02,94002,965.9031924909947
relu,1,depth3,3,964.2333195492778,19,28.6929190158844,100,1.0,1.0,1.0,discrete,depth,2,0.0,0.0,0.0,full_depth_depth3_rep02,94002,964.2333195492778
relu,1,depth3,3,969.7292361303652,20,27.57241988182068,100,1.0,1.0,1.0,discrete,depth,2,0.0,0.0,0.0,full_depth_depth3_rep02,94002,969.7292361303652
relu,1,depth3,3,1043.328759702178,21,28.658472061157227,100,0.8,0.8,0.8,discrete,depth,2,0.0,0.0,0.0,full_depth_depth3_rep02,94002,1043.328759702178
relu,1,depth3,3,1053.5008559560883,22,28.609564065933228,100,0.8,0.8,0.8,discrete,depth,2,0.0,0.0,0.0,full_depth_depth3_rep02,94002,1053.5008559560883
relu,1,depth3,3,1046.5946995790441,23,28.84281611442566,100,0.8,0.8,0.8,discrete,depth,2,0.0,0.0,0.0,full_depth_depth3_rep02,94002,1046.5946995790441
relu,1,depth3,3,1053.4743625865112,24,27.366246938705444,100,0.8,0.8,0.8,discrete,depth,2,0.0,0.0,0.0,full_depth_depth3_rep02,94002,1053.4743625865112
relu,1,depth3,3,1045.0845629979187,25,28.306151151657104,100,0.8,0.8,0.8,discrete,depth,2,0.0,0.0,0.0,full_depth_depth3_rep02,94002,1045.0845629979187
relu,1,depth3,3,1052.8521845661132,26,28.857666015625,100,0.8,0.8,0.8,discrete,depth,2,0.0,0.0,0.0,full_depth_depth3_rep02,94002,1052.8521845661132
relu,1,depth3,3,1044.6132606055132,27,27.551939964294434,100,0.8,0.8,0.8,discrete,depth,2,0.0,0.0,0.0,full_depth_depth3_rep02,94002,1044.6132606055132
relu,1,depth3,3,1040.4723695601278,28,28.758694171905518,100,0.8,0.8,0.8,discrete,depth,2,0.0,0.0,0.0,full_depth_depth3_rep02,94002,1040.4723695601278
relu,1,depth3,3,1052.3788044791597,29,28.554538011550903,100,0.8,0.8,0.8,discrete,depth,2,0.0,0.0,0.0,full_depth_depth3_rep02,94002,1052.3788044791597
relu,1,depth3,3,1044.890524393271,30,28.617235898971558,100,0.8,0.8,0.8,discrete,depth,2,0.0,0.0,0.0,full_depth_depth3_rep02,94002,1044.890524393271
relu,1,depth3,3,1117.3137935972952,31,27.46572494506836,100,0.6,0.6,0.6,discrete,depth,2,0.0,0.0,0.0,full_depth_depth3_rep02,94002,1117.3137935972952
relu,1,depth3,3,1107.7065361147706,32,28.351165056228638,100,0.6,0.6,0.6,discrete,depth,2,0.0,0.0,0.0,full_depth_depth3_rep02,94002,1107.7065361147706
relu,1,depth3,3,1102.9945064892622,33,28.77756690979004,100,0.6,0.6,0.6,discrete,depth,2,0.0,0.0,0.0,full_depth_depth3_rep02,94002,1102.9945064892622
relu,1,depth3,3,1100.8731240260704,34,27.48857307434082,100,0.6,0.6,0.6,discrete,depth,2,0.0,0.0,0.0,full_depth_depth3_rep02,94002,1100.8731240260704
relu,1,depth3,3,1098.779228979346,35,28.624917030334473,100,0.6,0.6,0.6,discrete,depth,2,0.0,0.0,0.0,full_depth_depth3_rep02,94002,1098.779228979346
relu,1,depth3,3,1101.7973575946553,36,28.230139017105103,100,0.6,0.6,0.6,discrete,depth,2,0.0,0.0,0.0,full_depth_depth3_rep02,94002,1101.7973575946553
relu,1,depth3,3,1104.1791882150285,37,28.489228010177612,100,0.6,0.6,0.6,discrete,depth,2,0.0,0.0,0.0,full_depth_depth3_rep02,94002,1104.1791882150285
relu,1,depth3,3,1098.6852870407615,38,28.107895851135254,100,0.6,0.6,0.6,discrete,depth,2,0.0,0.0,0.0,full_depth_depth3_rep02,94002,1098.6852870407615
relu,1,depth3,3,1095.1500336603278,39,28.50573706626892,100,0.6,0.6,0.6,discrete,depth,2,0.0,0.0,0.0,full_depth_depth3_rep02,94002,1095.1500336603278
relu,1,depth3,3,1109.7808526495653,40,28.859394073486328,100,0.6,0.6,0.6,discrete,depth,2,0.0,0.0,0.0,full_depth_depth3_rep02,94002,1109.7808526495653
relu,1,depth3,3,1143.6507340900903,41,27.66492199897766,100,0.4,0.4,0.4,discrete,depth,2,0.0,0.0,0.0,full_depth_depth3_rep02,94002,1143.6507340900903
relu,1,depth3,3,1139.7756533938339,42,28.280040979385376,100,0.4,0.4,0.4,discrete,depth,2,0.0,0.0,0.0,full_depth_depth3_rep02,94002,1139.7756533938339
relu,1,depth3,3,1134.9616104006247,43,28.77137804031372,100,0.4,0.4,0.4,discrete,depth,2,0.0,0.0,0.0,full_depth_depth3_rep02,94002,1134.9616104006247
relu,1,depth3,3,1137.0286093274963,44,28.556870937347412,100,0.4,0.4,0.4,discrete,depth,2,0.0,0.0,0.0,full_depth_depth3_rep02,94002,1137.0286093274963
relu,1,depth3,3,1131.0609868723536,45,27.781371116638184,100,0.4,0.4,0.4,discrete,depth,2,0.0,0.0,0.0,full_depth_depth3_rep02,94002,1131.0609868723536
relu,1,depth3,3,1135.2446546061783,46,28.27918291091919,100,0.4,0.4,0.4,discrete,depth,2,0.0,0.0,0.0,full_depth_depth3_rep02,94002,1135.2446546061783
relu,1,depth3,3,1130.7058840275981,47,28.202488899230957,100,0.4,0.4,0.4,discrete,depth,2,0.0,0.0,0.0,full_depth_depth3_rep02,94002,1130.7058840275981
relu,1,depth3,3,1128.18018641672,48,28.39751696586609,100,0.4,0.4,0.4,discrete,depth,2,0.0,0.0,0.0,full_depth_depth3_rep02,94002,1128.18018641672
relu,1,depth3,3,1143.28451334542,49,27.720759868621826,100,0.4,0.4,0.4,discrete,depth,2,0.0,0.0,0.0,full_depth_depth3_rep02,94002,1143.28451334542
relu,1,depth3,3,1139.3426525818231,50,28.30556893348694,100,0.4,0.4,0.4,discrete,depth,2,0.0,0.0,0.0,full_depth_depth3_rep02,94002,1139.3426525818231
relu,1,depth3,3,1110.5214212499593,51,28.773627996444702,100,0.2,0.2,0.2,discrete,depth,2,0.0,0.0,0.0,full_depth_depth3_rep02,94002,1110.5214212499593
relu,1,depth3,3,1123.1099107849225,52,29.052873134613037,100,0.2,0.2,0.2,discrete,depth,2,0.0,0.0,0.0,full_depth_depth3_rep02,94002,1123.1099107849225
relu,1,depth3,3,1112.7683464907664,53,27.574419021606445,100,0.2,0.2,0.2,discrete,depth,2,0.0,0.0,0.0,full_depth_depth3_rep02,94002,1112.7683464907664
relu,1,depth3,3,1108.0779047974402,54,28.102017879486084,100,0.2,0.2,0.2,discrete,depth,2,0.0,0.0,0.0,full_depth_depth3_rep02,94002,1108.0779047974402
relu,1,depth3,3,1107.0006369935702,55,28.20288896560669,100,0.2,0.2,0.2,discrete,depth,2,0.0,0.0,0.0,full_depth_depth3_rep02,94002,1107.0006369935702
relu,1,depth3,3,1116.4166543215629,56,28.178604125976562,100,0.2,0.2,0.2,discrete,depth,2,0.0,0.0,0.0,full_depth_depth3_rep02,94002,1116.4166543215629
relu,1,depth3,3,1109.5108079961472,57,27.272784948349,100,0.2,0.2,0.2,discrete,depth,2,0.0,0.0,0.0,full_depth_depth3_rep02,94002,1109.5108079961472
relu,1,depth3,3,1106.7632986381782,58,28.584208011627197,100,0.2,0.2,0.2,discrete,depth,2,0.0,0.0,0.0,full_depth_depth3_rep02,94002,1106.7632986381782
relu,1,depth3,3,1115.13973864552,59,28.445642948150635,100,0.2,0.2,0.2,discrete,depth,2,0.0,0.0,0.0,full_depth_depth3_rep02,94002,1115.13973864552
relu,1,depth3,3,1103.717534963815,60,29.189680814743042,100,0.2,0.2,0.2,discrete,depth,2,0.0,0.0,0.0,full_depth_depth3_rep02,94002,1103.717534963815
relu,1,depth3,3,1059.1195882027876,61,27.89291787147522,100,0.1,0.1,0.1,discrete,depth,2,0.0,0.0,0.0,full_depth_depth3_rep02,94002,1059.1195882027876
relu,1,depth3,3,1058.6971534196032,62,28.70831608772278,100,0.1,0.1,0.1,discrete,depth,2,0.0,0.0,0.0,full_depth_depth3_rep02,94002,1058.6971534196032
relu,1,depth3,3,1068.9688029517429,63,28.71446204185486,100,0.1,0.1,0.1,discrete,depth,2,0.0,0.0,0.0,full_depth_depth3_rep02,94002,1068.9688029517429
relu,1,depth3,3,1070.6718539225353,64,28.470247983932495,100,0.1,0.1,0.1,discrete,depth,2,0.0,0.0,0.0,full_depth_depth3_rep02,94002,1070.6718539225353
relu,1,depth3,3,1064.2197299107968,65,28.016944885253906,100,0.1,0.1,0.1,discrete,depth,2,0.0,0.0,0.0,full_depth_depth3_rep02,94002,1064.2197299107968
relu,1,depth3,3,1067.1749807106453,66,29.034642934799194,100,0.1,0.1,0.1,discrete,depth,2,0.0,0.0,0.0,full_depth_depth3_rep02,94002,1067.1749807106453
relu,1,depth3,3,1062.9582438002149,67,28.677772998809814,100,0.1,0.1,0.1,discrete,depth,2,0.0,0.0,0.0,full_depth_depth3_rep02,94002,1062.9582438002149
relu,1,depth3,3,1058.791231351009,68,28.80331516265869,100,0.1,0.1,0.1,discrete,depth,2,0.0,0.0,0.0,full_depth_depth3_rep02,94002,1058.791231351009
relu,1,depth3,3,1061.0168718793188,69,27.474965810775757,100,0.1,0.1,0.1,discrete,depth,2,0.0,0.0,0.0,full_depth_depth3_rep02,94002,1061.0168718793188
relu,1,depth3,3,1063.489427904148,70,28.638477087020874,100,0.1,0.1,0.1,discrete,depth,2,0.0,0.0,0.0,full_depth_depth3_rep02,94002,1063.489427904148
relu,1,depth3,3,1049.2765588144953,71,28.67840576171875,100,0.08,0.08,0.08,discrete,depth,2,0.0,0.0,0.0,full_depth_depth3_rep02,94002,1049.2765588144953
relu,1,depth3,3,1038.6630126814086,72,28.84765601158142,100,0.08,0.08,0.08,discrete,depth,2,0.0,0.0,0.0,full_depth_depth3_rep02,94002,1038.6630126814086
relu,1,depth3,3,1044.7344343741347,73,27.5987069606781,100,0.08,0.08,0.08,discrete,depth,2,0.0,0.0,0.0,full_depth_depth3_rep02,94002,1044.7344343741347
relu,1,depth3,3,1041.212052564668,74,28.46313500404358,100,0.08,0.08,0.08,discrete,depth,2,0.0,0.0,0.0,full_depth_depth3_rep02,94002,1041.212052564668
relu,1,depth3,3,1036.2675567605163,75,28.759111166000366,100,0.08,0.08,0.08,discrete,depth,2,0.0,0.0,0.0,full_depth_depth3_rep02,94002,1036.2675567605163
relu,1,depth3,3,1041.6600799328999,76,28.734100103378296,100,0.08,0.08,0.08,discrete,depth,2,0.0,0.0,0.0,full_depth_depth3_rep02,94002,1041.6600799328999
relu,1,depth3,3,1047.636404762776,77,27.825446128845215,100,0.08,0.08,0.08,discrete,depth,2,0.0,0.0,0.0,full_depth_depth3_rep02,94002,1047.636404762776
relu,1,depth3,3,1037.5314208572763,78,28.51117515563965,100,0.08,0.08,0.08,discrete,depth,2,0.0,0.0,0.0,full_depth_depth3_rep02,94002,1037.5314208572763
relu,1,depth3,3,1042.8447141124675,79,28.942005157470703,100,0.08,0.08,0.08,discrete,depth,2,0.0,0.0,0.0,full_depth_depth3_rep02,94002,1042.8447141124675
relu,1,depth3,3,1041.2370239766067,80,28.96827983856201,100,0.08,0.08,0.08,discrete,depth,2,0.0,0.0,0.0,full_depth_depth3_rep02,94002,1041.2370239766067
relu,1,depth3,3,1020.7311531489253,81,28.305120944976807,100,0.06,0.06,0.06,discrete,depth,2,0.0,0.0,0.0,full_depth_depth3_rep02,94002,1020.7311531489253
relu,1,depth3,3,1044.4507929583574,82,28.808942079544067,100,0.06,0.06,0.06,discrete,depth,2,0.0,0.0,0.0,full_depth_depth3_rep02,94002,1044.4507929583574
relu,1,depth3,3,1028.2859989394378,83,28.792351961135864,100,0.06,0.06,0.06,discrete,depth,2,0.0,0.0,0.0,full_depth_depth3_rep02,94002,1028.2859989394378
relu,1,depth3,3,1015.9140086708001,84,28.694025993347168,100,0.06,0.06,0.06,discrete,depth,2,0.0,0.0,0.0,full_depth_depth3_rep02,94002,1015.9140086708001
relu,1,depth3,3,1049.1028884774137,85,27.902822971343994,100,0.06,0.06,0.06,discrete,depth,2,0.0,0.0,0.0,full_depth_depth3_rep02,94002,1049.1028884774137
relu,1,depth3,3,1030.532809858713,86,28.746134996414185,100,0.06,0.06,0.06,discrete,depth,2,0.0,0.0,0.0,full_depth_depth3_rep02,94002,1030.532809858713
relu,1,depth3,3,1027.693871641733,87,28.896148920059204,100,0.06,0.06,0.06,discrete,depth,2,0.0,0.0,0.0,full_depth_depth3_rep02,94002,1027.693871641733
relu,1,depth3,3,1040.7074585655432,88,28.802833795547485,100,0.06,0.06,0.06,discrete,depth,2,0.0,0.0,0.0,full_depth_depth3_rep02,94002,1040.7074585655432
relu,1,depth3,3,1030.3702352218615,89,27.672353982925415,100,0.06,0.06,0.06,discrete,depth,2,0.0,0.0,0.0,full_depth_depth3_rep02,94002,1030.3702352218615
relu,1,depth3,3,1029.9902040168581,90,28.494910955429077,100,0.06,0.06,0.06,discrete,depth,2,0.0,0.0,0.0,full_depth_depth3_rep02,94002,1029.9902040168581
relu,1,depth3,3,1005.6592281290428,91,29.39180898666382,100,0.04,0.04,0.04,discrete,depth,2,0.0,0.0,0.0,full_depth_depth3_rep02,94002,1005.6592281290428
relu,1,depth3,3,1011.2974141278094,92,29.637566089630127,100,0.04,0.04,0.04,discrete,depth,2,0.0,0.0,0.0,full_depth_depth3_rep02,94002,1011.2974141278094
relu,1,depth3,3,1009.0645805173916,93,29.31803607940674,100,0.04,0.04,0.04,discrete,depth,2,0.0,0.0,0.0,full_depth_depth3_rep02,94002,1009.0645805173916
relu,1,depth3,3,1010.0274426340749,94,28.527825832366943,100,0.04,0.04,0.04,discrete,depth,2,0.0,0.0,0.0,full_depth_depth3_rep02,94002,1010.0274426340749
relu,1,depth3,3,1005.4983197698031,95,29.50640892982483,100,0.04,0.04,0.04,discrete,depth,2,0.0,0.0,0.0,full_depth_depth3_rep02,94002,1005.4983197698031
relu,1,depth3,3,1016.2938335748107,96,29.32217812538147,100,0.04,0.04,0.04,discrete,depth,2,0.0,0.0,0.0,full_depth_depth3_rep02,94002,1016.2938335748107
relu,1,depth3,3,1005.2318936051456,97,29.518930912017822,100,0.04,0.04,0.04,discrete,depth,2,0.0,0.0,0.0,full_depth_depth3_rep02,94002,1005.2318936051456
relu,1,depth3,3,1008.3654331684461,98,28.50586199760437,100,0.04,0.04,0.04,discrete,depth,2,0.0,0.0,0.0,full_depth_depth3_rep02,94002,1008.3654331684461
relu,1,depth3,3,1013.6925301939855,99,29.674715042114258,100,0.04,0.04,0.04,discrete,depth,2,0.0,0.0,0.0,full_depth_depth3_rep02,94002,1013.6925301939855
relu,1,depth3,3,1021.0841966265299,100,29.26978898048401,100,0.04,0.04,0.04,discrete,depth,2,0.0,0.0,0.0,full_depth_depth3_rep02,94002,1021.0841966265299
relu,1,depth3,3,993.4351430928741,101,32.22511410713196,100,0.02,0.02,0.02,discrete,depth,2,0.0,0.0,0.0,full_depth_depth3_rep02,94002,993.4351430928741
relu,1,depth3,3,980.788209559494,102,30.280122995376587,100,0.02,0.02,0.02,discrete,depth,2,0.0,0.0,0.0,full_depth_depth3_rep02,94002,980.788209559494
relu,1,depth3,3,974.2614417097225,103,30.954971075057983,100,0.02,0.02,0.02,discrete,depth,2,0.0,0.0,0.0,full_depth_depth3_rep02,94002,974.2614417097225
relu,1,depth3,3,979.7758597220756,104,31.04339098930359,100,0.02,0.02,0.02,discrete,depth,2,0.0,0.0,0.0,full_depth_depth3_rep02,94002,979.7758597220756
relu,1,depth3,3,982.2135388259672,105,30.70475697517395,100,0.02,0.02,0.02,discrete,depth,2,0.0,0.0,0.0,full_depth_depth3_rep02,94002,982.2135388259672
relu,1,depth3,3,975.34638976574,106,31.226855993270874,100,0.02,0.02,0.02,discrete,depth,2,0.0,0.0,0.0,full_depth_depth3_rep02,94002,975.34638976574
relu,1,depth3,3,969.8027919313981,107,30.29591703414917,100,0.02,0.02,0.02,discrete,depth,2,0.0,0.0,0.0,full_depth_depth3_rep02,94002,969.8027919313981
relu,1,depth3,3,980.8184340654741,108,31.05912709236145,100,0.02,0.02,0.02,discrete,depth,2,0.0,0.0,0.0,full_depth_depth3_rep02,94002,980.8184340654741
relu,1,depth3,3,964.6733498576882,109,31.140440940856934,100,0.02,0.02,0.02,discrete,depth,2,0.0,0.0,0.0,full_depth_depth3_rep02,94002,964.6733498576882
relu,1,depth3,3,976.0475238306944,110,30.99908208847046,100,0.02,0.02,0.02,discrete,depth,2,0.0,0.0,0.0,full_depth_depth3_rep02,94002,976.0475238306944
relu,1,depth3,3,975.1952045125772,111,32.19605302810669,100,0.01,0.01,0.01,discrete,depth,2,0.0,0.0,0.0,full_depth_depth3_rep02,94002,975.1952045125772
relu,1,depth3,3,962.929404607738,112,31.297218799591064,100,0.01,0.01,0.01,discrete,depth,2,0.0,0.0,0.0,full_depth_depth3_rep02,94002,962.929404607738
relu,1,depth3,3,967.1074445415522,113,31.056243896484375,100,0.01,0.01,0.01,discrete,depth,2,0.0,0.0,0.0,full_depth_depth3_rep02,94002,967.1074445415522
relu,1,depth3,3,969.953236235641,114,31.936464071273804,100,0.01,0.01,0.01,discrete,depth,2,0.0,0.0,0.0,full_depth_depth3_rep02,94002,969.953236235641
relu,1,depth3,3,959.7564702656381,115,32.15591287612915,100,0.01,0.01,0.01,discrete,depth,2,0.0,0.0,0.0,full_depth_depth3_rep02,94002,959.7564702656381
relu,1,depth3,3,974.3943445081431,116,32.14737391471863,100,0.01,0.01,0.01,discrete,depth,2,0.0,0.0,0.0,full_depth_depth3_rep02,94002,974.3943445081431
relu,1,depth3,3,960.7871942515101,117,31.948473930358887,100,0.01,0.01,0.01,discrete,depth,2,0.0,0.0,0.0,full_depth_depth3_rep02,94002,960.7871942515101
relu,1,depth3,3,958.7109915491685,118,31.169631004333496,100,0.01,0.01,0.01,discrete,depth,2,0.0,0.0,0.0,full_depth_depth3_rep02,94002,958.7109915491685
relu,1,depth3,3,951.7773807431502,119,32.05785012245178,100,0.01,0.01,0.01,discrete,depth,2,0.0,0.0,0.0,full_depth_depth3_rep02,94002,951.7773807431502
relu,1,depth3,3,966.1367154201153,120,33.33873796463013,100,0.01,0.01,0.01,discrete,depth,2,0.0,0.0,0.0,full_depth_depth3_rep02,94002,966.1367154201153
relu,1,depth3,3,937.0787351801216,121,29.53362202644348,100,0.01,0.01,0.0,discrete,depth,2,0.0,0.0,0.0,full_depth_depth3_rep02,94002,937.0787351801216
relu,1,depth3,3,933.2926975095949,122,26.24771499633789,100,0.01,0.01,0.0,discrete,depth,2,0.0,0.0,0.0,full_depth_depth3_rep02,94002,933.2926975095949
relu,1,depth3,3,935.0679327318499,123,27.320786952972412,100,0.01,0.01,0.0,discrete,depth,2,0.0,0.0,0.0,full_depth_depth3_rep02,94002,935.0679327318499
relu,1,depth3,3,938.513778888979,124,26.52805805206299,100,0.01,0.01,0.0,discrete,depth,2,0.0,0.0,0.0,full_depth_depth3_rep02,94002,938.513778888979
relu,1,depth3,3,933.3231591358486,125,26.115911960601807,100,0.01,0.01,0.0,discrete,depth,2,0.0,0.0,0.0,full_depth_depth3_rep02,94002,933.3231591358486
relu,1,depth3,3,938.6855804244676,126,25.722254991531372,100,0.01,0.01,0.0,discrete,depth,2,0.0,0.0,0.0,full_depth_depth3_rep02,94002,938.6855804244676
relu,1,depth3,3,936.6868585452324,127,25.791471004486084,100,0.01,0.01,0.0,discrete,depth,2,0.0,0.0,0.0,full_depth_depth3_rep02,94002,936.6868585452324
relu,1,depth3,3,933.7585143193674,128,26.87968111038208,100,0.01,0.01,0.0,discrete,depth,2,0.0,0.0,0.0,full_depth_depth3_rep02,94002,933.7585143193674
relu,1,depth3,3,957.6178217745911,129,29.38427209854126,100,0.01,0.01,0.0,discrete,depth,2,0.0,0.0,0.0,full_depth_depth3_rep02,94002,957.6178217745911
relu,1,depth3,3,934.029887756184,130,26.568038940429688,100,0.01,0.01,0.0,discrete,depth,2,0.0,0.0,0.0,full_depth_depth3_rep02,94002,934.029887756184
relu,1,depth3,3,1793.3556659388437,1,87.03428983688354,100,1.0,1.0,1.0,discrete,depth,3,0.0,0.0,0.0,full_depth_depth3_rep03,94003,1793.3556659388437
relu,1,depth3,3,940.0249431703481,2,28.805640935897827,100,1.0,1.0,1.0,discrete,depth,3,0.0,0.0,0.0,full_depth_depth3_rep03,94003,940.0249431703481
relu,1,depth3,3,929.8280771195631,3,28.94552493095398,100,1.0,1.0,1.0,discrete,depth,3,0.0,0.0,0.0,full_depth_depth3_rep03,94003,929.8280771195631
relu,1,depth3,3,923.2907252092987,4,27.918329000473022,100,1.0,1.0,1.0,discrete,depth,3,0.0,0.0,0.0,full_depth_depth3_rep03,94003,923.2907252092987
relu,1,depth3,3,920.8809303067204,5,28.905768871307373,100,1.0,1.0,1.0,discrete,depth,3,0.0,0.0,0.0,full_depth_depth3_rep03,94003,920.8809303067204
relu,1,depth3,3,918.9806619100451,6,28.586305856704712,100,1.0,1.0,1.0,discrete,depth,3,0.0,0.0,0.0,full_depth_depth3_rep03,94003,918.9806619100451
relu,1,depth3,3,918.1708717960679,7,29.084053993225098,100,1.0,1.0,1.0,discrete,depth,3,0.0,0.0,0.0,full_depth_depth3_rep03,94003,918.1708717960679
relu,1,depth3,3,918.8598225835144,8,27.568149089813232,100,1.0,1.0,1.0,discrete,depth,3,0.0,0.0,0.0,full_depth_depth3_rep03,94003,918.8598225835144
relu,1,depth3,3,917.8706996916179,9,28.48945116996765,100,1.0,1.0,1.0,discrete,depth,3,0.0,0.0,0.0,full_depth_depth3_rep03,94003,917.8706996916179
relu,1,depth3,3,917.1541137436849,10,28.54854106903076,100,1.0,1.0,1.0,discrete,depth,3,0.0,0.0,0.0,full_depth_depth3_rep03,94003,917.1541137436849
relu,1,depth3,3,917.7772711238265,11,28.843381881713867,100,1.0,1.0,1.0,discrete,depth,3,0.0,0.0,0.0,full_depth_depth3_rep03,94003,917.7772711238265
relu,1,depth3,3,917.5623915961946,12,27.401737928390503,100,1.0,1.0,1.0,discrete,depth,3,0.0,0.0,0.0,full_depth_depth3_rep03,94003,917.5623915961946
relu,1,depth3,3,917.6214190795939,13,28.58771300315857,100,1.0,1.0,1.0,discrete,depth,3,0.0,0.0,0.0,full_depth_depth3_rep03,94003,917.6214190795939
relu,1,depth3,3,917.6494405501371,14,28.861268997192383,100,1.0,1.0,1.0,discrete,depth,3,0.0,0.0,0.0,full_depth_depth3_rep03,94003,917.6494405501371
relu,1,depth3,3,917.4806098519359,15,28.420379161834717,100,1.0,1.0,1.0,discrete,depth,3,0.0,0.0,0.0,full_depth_depth3_rep03,94003,917.4806098519359
relu,1,depth3,3,917.3943632981659,16,27.809072971343994,100,1.0,1.0,1.0,discrete,depth,3,0.0,0.0,0.0,full_depth_depth3_rep03,94003,917.3943632981659
relu,1,depth3,3,917.2367094358182,17,29.343029975891113,100,1.0,1.0,1.0,discrete,depth,3,0.0,0.0,0.0,full_depth_depth3_rep03,94003,917.2367094358182
relu,1,depth3,3,917.20120319466,18,28.76283597946167,100,1.0,1.0,1.0,discrete,depth,3,0.0,0.0,0.0,full_depth_depth3_rep03,94003,917.20120319466
relu,1,depth3,3,917.0884715488812,19,29.01833987236023,100,1.0,1.0,1.0,discrete,depth,3,0.0,0.0,0.0,full_depth_depth3_rep03,94003,917.0884715488812
relu,1,depth3,3,917.0823033448738,20,27.499450206756592,100,1.0,1.0,1.0,discrete,depth,3,0.0,0.0,0.0,full_depth_depth3_rep03,94003,917.0823033448738
relu,1,depth3,3,992.5140461043945,21,28.43228793144226,100,0.8,0.8,0.8,discrete,depth,3,0.0,0.0,0.0,full_depth_depth3_rep03,94003,992.5140461043945
relu,1,depth3,3,992.2766889752643,22,28.4734148979187,100,0.8,0.8,0.8,discrete,depth,3,0.0,0.0,0.0,full_depth_depth3_rep03,94003,992.2766889752643
relu,1,depth3,3,992.250203480739,23,28.12419891357422,100,0.8,0.8,0.8,discrete,depth,3,0.0,0.0,0.0,full_depth_depth3_rep03,94003,992.250203480739
relu,1,depth3,3,992.2816626506028,24,28.803975105285645,100,0.8,0.8,0.8,discrete,depth,3,0.0,0.0,0.0,full_depth_depth3_rep03,94003,992.2816626506028
relu,1,depth3,3,992.2537781761308,25,29.113418102264404,100,0.8,0.8,0.8,discrete,depth,3,0.0,0.0,0.0,full_depth_depth3_rep03,94003,992.2537781761308
relu,1,depth3,3,992.2228367750521,26,28.709196090698242,100,0.8,0.8,0.8,discrete,depth,3,0.0,0.0,0.0,full_depth_depth3_rep03,94003,992.2228367750521
relu,1,depth3,3,992.1533659887111,27,27.759521961212158,100,0.8,0.8,0.8,discrete,depth,3,0.0,0.0,0.0,full_depth_depth3_rep03,94003,992.1533659887111
relu,1,depth3,3,991.9928248299884,28,28.828564167022705,100,0.8,0.8,0.8,discrete,depth,3,0.0,0.0,0.0,full_depth_depth3_rep03,94003,991.9928248299884
relu,1,depth3,3,991.9449052062582,29,28.666366815567017,100,0.8,0.8,0.8,discrete,depth,3,0.0,0.0,0.0,full_depth_depth3_rep03,94003,991.9449052062582
relu,1,depth3,3,991.8087682309649,30,29.025113105773926,100,0.8,0.8,0.8,discrete,depth,3,0.0,0.0,0.0,full_depth_depth3_rep03,94003,991.8087682309649
relu,1,depth3,3,1047.5391095782063,31,27.559032917022705,100,0.6,0.6,0.6,discrete,depth,3,0.0,0.0,0.0,full_depth_depth3_rep03,94003,1047.5391095782063
relu,1,depth3,3,1046.464445573182,32,28.393354177474976,100,0.6,0.6,0.6,discrete,depth,3,0.0,0.0,0.0,full_depth_depth3_rep03,94003,1046.464445573182
relu,1,depth3,3,1046.1883638541665,33,28.55136203765869,100,0.6,0.6,0.6,discrete,depth,3,0.0,0.0,0.0,full_depth_depth3_rep03,94003,1046.1883638541665
relu,1,depth3,3,1046.0907857025213,34,29.228686094284058,100,0.6,0.6,0.6,discrete,depth,3,0.0,0.0,0.0,full_depth_depth3_rep03,94003,1046.0907857025213
relu,1,depth3,3,1046.0025260537147,35,27.63987398147583,100,0.6,0.6,0.6,discrete,depth,3,0.0,0.0,0.0,full_depth_depth3_rep03,94003,1046.0025260537147
relu,1,depth3,3,1045.9260332336482,36,28.60178303718567,100,0.6,0.6,0.6,discrete,depth,3,0.0,0.0,0.0,full_depth_depth3_rep03,94003,1045.9260332336482
relu,1,depth3,3,1046.166778478583,37,28.514848947525024,100,0.6,0.6,0.6,discrete,depth,3,0.0,0.0,0.0,full_depth_depth3_rep03,94003,1046.166778478583
relu,1,depth3,3,1046.1065697786055,38,28.823805809020996,100,0.6,0.6,0.6,discrete,depth,3,0.0,0.0,0.0,full_depth_depth3_rep03,94003,1046.1065697786055
relu,1,depth3,3,1045.6041439469795,39,28.871958017349243,100,0.6,0.6,0.6,discrete,depth,3,0.0,0.0,0.0,full_depth_depth3_rep03,94003,1045.6041439469795
relu,1,depth3,3,1046.2756833270353,40,28.655560970306396,100,0.6,0.6,0.6,discrete,depth,3,0.0,0.0,0.0,full_depth_depth3_rep03,94003,1046.2756833270353
relu,1,depth3,3,1070.491384157213,41,29.001044988632202,100,0.4,0.4,0.4,discrete,depth,3,0.0,0.0,0.0,full_depth_depth3_rep03,94003,1070.491384157213
relu,1,depth3,3,1070.81080928059,42,27.47728395462036,100,0.4,0.4,0.4,discrete,depth,3,0.0,0.0,0.0,full_depth_depth3_rep03,94003,1070.81080928059
relu,1,depth3,3,1070.5708737618702,43,29.251415967941284,100,0.4,0.4,0.4,discrete,depth,3,0.0,0.0,0.0,full_depth_depth3_rep03,94003,1070.5708737618702
relu,1,depth3,3,1071.0068414553994,44,28.815136909484863,100,0.4,0.4,0.4,discrete,depth,3,0.0,0.0,0.0,full_depth_depth3_rep03,94003,1071.0068414553994
relu,1,depth3,3,1070.7884236625139,45,27.927603006362915,100,0.4,0.4,0.4,discrete,depth,3,0.0,0.0,0.0,full_depth_depth3_rep03,94003,1070.7884236625139
relu,1,depth3,3,1070.9191121300153,46,28.513496160507202,100,0.4,0.4,0.4,discrete,depth,3,0.0,0.0,0.0,full_depth_depth3_rep03,94003,1070.9191121300153
relu,1,depth3,3,1071.0528354207493,47,28.56145405769348,100,0.4,0.4,0.4,discrete,depth,3,0.0,0.0,0.0,full_depth_depth3_rep03,94003,1071.0528354207493
relu,1,depth3,3,1070.8762029943605,48,28.788365125656128,100,0.4,0.4,0.4,discrete,depth,3,0.0,0.0,0.0,full_depth_depth3_rep03,94003,1070.8762029943605
relu,1,depth3,3,1070.4799126296948,49,27.811079025268555,100,0.4,0.4,0.4,discrete,depth,3,0.0,0.0,0.0,full_depth_depth3_rep03,94003,1070.4799126296948
relu,1,depth3,3,1069.4037193136653,50,28.730654001235962,100,0.4,0.4,0.4,discrete,depth,3,0.0,0.0,0.0,full_depth_depth3_rep03,94003,1069.4037193136653
relu,1,depth3,3,1049.248731069279,51,28.789133071899414,100,0.2,0.2,0.2,discrete,depth,3,0.0,0.0,0.0,full_depth_depth3_rep03,94003,1049.248731069279
relu,1,depth3,3,1045.0822247693684,52,28.13968300819397,100,0.2,0.2,0.2,discrete,depth,3,0.0,0.0,0.0,full_depth_depth3_rep03,94003,1045.0822247693684
relu,1,depth3,3,1042.1947492007394,53,27.172774076461792,100,0.2,0.2,0.2,discrete,depth,3,0.0,0.0,0.0,full_depth_depth3_rep03,94003,1042.1947492007394
relu,1,depth3,3,1040.6214605022383,54,28.119987964630127,100,0.2,0.2,0.2,discrete,depth,3,0.0,0.0,0.0,full_depth_depth3_rep03,94003,1040.6214605022383
relu,1,depth3,3,1039.9613847219764,55,28.314712047576904,100,0.2,0.2,0.2,discrete,depth,3,0.0,0.0,0.0,full_depth_depth3_rep03,94003,1039.9613847219764
relu,1,depth3,3,1042.49364765719,56,27.700188875198364,100,0.2,0.2,0.2,discrete,depth,3,0.0,0.0,0.0,full_depth_depth3_rep03,94003,1042.49364765719
relu,1,depth3,3,1041.8221960106562,57,28.043900966644287,100,0.2,0.2,0.2,discrete,depth,3,0.0,0.0,0.0,full_depth_depth3_rep03,94003,1041.8221960106562
relu,1,depth3,3,1042.4102856646737,58,28.573775053024292,100,0.2,0.2,0.2,discrete,depth,3,0.0,0.0,0.0,full_depth_depth3_rep03,94003,1042.4102856646737
relu,1,depth3,3,1040.4389255753792,59,28.871761083602905,100,0.2,0.2,0.2,discrete,depth,3,0.0,0.0,0.0,full_depth_depth3_rep03,94003,1040.4389255753792
relu,1,depth3,3,1040.1569564578758,60,27.45644998550415,100,0.2,0.2,0.2,discrete,depth,3,0.0,0.0,0.0,full_depth_depth3_rep03,94003,1040.1569564578758
relu,1,depth3,3,992.1616917797005,61,29.412307024002075,100,0.1,0.1,0.1,discrete,depth,3,0.0,0.0,0.0,full_depth_depth3_rep03,94003,992.1616917797005
relu,1,depth3,3,991.4196548608976,62,29.314419984817505,100,0.1,0.1,0.1,discrete,depth,3,0.0,0.0,0.0,full_depth_depth3_rep03,94003,991.4196548608976
relu,1,depth3,3,986.3771156014816,63,29.08262300491333,100,0.1,0.1,0.1,discrete,depth,3,0.0,0.0,0.0,full_depth_depth3_rep03,94003,986.3771156014816
relu,1,depth3,3,989.3095814217393,64,28.021883964538574,100,0.1,0.1,0.1,discrete,depth,3,0.0,0.0,0.0,full_depth_depth3_rep03,94003,989.3095814217393
relu,1,depth3,3,984.9433792652127,65,29.026592016220093,100,0.1,0.1,0.1,discrete,depth,3,0.0,0.0,0.0,full_depth_depth3_rep03,94003,984.9433792652127
relu,1,depth3,3,986.0009051490898,66,29.39431595802307,100,0.1,0.1,0.1,discrete,depth,3,0.0,0.0,0.0,full_depth_depth3_rep03,94003,986.0009051490898
relu,1,depth3,3,985.2682729559981,67,29.215872049331665,100,0.1,0.1,0.1,discrete,depth,3,0.0,0.0,0.0,full_depth_depth3_rep03,94003,985.2682729559981
relu,1,depth3,3,986.3668332415764,68,28.130890130996704,100,0.1,0.1,0.1,discrete,depth,3,0.0,0.0,0.0,full_depth_depth3_rep03,94003,986.3668332415764
relu,1,depth3,3,985.1925490924652,69,29.22198796272278,100,0.1,0.1,0.1,discrete,depth,3,0.0,0.0,0.0,full_depth_depth3_rep03,94003,985.1925490924652
relu,1,depth3,3,987.2994142029903,70,29.31530213356018,100,0.1,0.1,0.1,discrete,depth,3,0.0,0.0,0.0,full_depth_depth3_rep03,94003,987.2994142029903
relu,1,depth3,3,969.4430348304966,71,29.466521978378296,100,0.08,0.08,0.08,discrete,depth,3,0.0,0.0,0.0,full_depth_depth3_rep03,94003,969.4430348304966
relu,1,depth3,3,971.7159244290567,72,28.28944683074951,100,0.08,0.08,0.08,discrete,depth,3,0.0,0.0,0.0,full_depth_depth3_rep03,94003,971.7159244290567
relu,1,depth3,3,977.5318019805443,73,29.43905782699585,100,0.08,0.08,0.08,discrete,depth,3,0.0,0.0,0.0,full_depth_depth3_rep03,94003,977.5318019805443
relu,1,depth3,3,976.3363720180713,74,29.753990173339844,100,0.08,0.08,0.08,discrete,depth,3,0.0,0.0,0.0,full_depth_depth3_rep03,94003,976.3363720180713
relu,1,depth3,3,975.1900229859102,75,29.191973209381104,100,0.08,0.08,0.08,discrete,depth,3,0.0,0.0,0.0,full_depth_depth3_rep03,94003,975.1900229859102
relu,1,depth3,3,976.565459493909,76,28.29609704017639,100,0.08,0.08,0.08,discrete,depth,3,0.0,0.0,0.0,full_depth_depth3_rep03,94003,976.565459493909
relu,1,depth3,3,975.7320587034169,77,29.29508686065674,100,0.08,0.08,0.08,discrete,depth,3,0.0,0.0,0.0,full_depth_depth3_rep03,94003,975.7320587034169
relu,1,depth3,3,971.4210516549115,78,29.12072491645813,100,0.08,0.08,0.08,discrete,depth,3,0.0,0.0,0.0,full_depth_depth3_rep03,94003,971.4210516549115
relu,1,depth3,3,971.1147513811324,79,28.887298107147217,100,0.08,0.08,0.08,discrete,depth,3,0.0,0.0,0.0,full_depth_depth3_rep03,94003,971.1147513811324
relu,1,depth3,3,978.5180918994514,80,29.073040008544922,100,0.08,0.08,0.08,discrete,depth,3,0.0,0.0,0.0,full_depth_depth3_rep03,94003,978.5180918994514
relu,1,depth3,3,963.4469575262774,81,29.415196180343628,100,0.06,0.06,0.06,discrete,depth,3,0.0,0.0,0.0,full_depth_depth3_rep03,94003,963.4469575262774
relu,1,depth3,3,955.015850369301,82,29.71387791633606,100,0.06,0.06,0.06,discrete,depth,3,0.0,0.0,0.0,full_depth_depth3_rep03,94003,955.015850369301
relu,1,depth3,3,957.5869691911298,83,29.583389043807983,100,0.06,0.06,0.06,discrete,depth,3,0.0,0.0,0.0,full_depth_depth3_rep03,94003,957.5869691911298
relu,1,depth3,3,950.372636290886,84,28.56772780418396,100,0.06,0.06,0.06,discrete,depth,3,0.0,0.0,0.0,full_depth_depth3_rep03,94003,950.372636290886
relu,1,depth3,3,955.4258938139577,85,29.24501395225525,100,0.06,0.06,0.06,discrete,depth,3,0.0,0.0,0.0,full_depth_depth3_rep03,94003,955.4258938139577
relu,1,depth3,3,954.6311708268831,86,29.37532687187195,100,0.06,0.06,0.06,discrete,depth,3,0.0,0.0,0.0,full_depth_depth3_rep03,94003,954.6311708268831
relu,1,depth3,3,955.912793747062,87,29.28263807296753,100,0.06,0.06,0.06,discrete,depth,3,0.0,0.0,0.0,full_depth_depth3_rep03,94003,955.912793747062
relu,1,depth3,3,961.2347487924245,88,28.628628969192505,100,0.06,0.06,0.06,discrete,depth,3,0.0,0.0,0.0,full_depth_depth3_rep03,94003,961.2347487924245
relu,1,depth3,3,951.7411592932233,89,29.481126070022583,100,0.06,0.06,0.06,discrete,depth,3,0.0,0.0,0.0,full_depth_depth3_rep03,94003,951.7411592932233
relu,1,depth3,3,952.0379570228747,90,29.618563890457153,100,0.06,0.06,0.06,discrete,depth,3,0.0,0.0,0.0,full_depth_depth3_rep03,94003,952.0379570228747
relu,1,depth3,3,934.1260659072972,91,29.648194074630737,100,0.04,0.04,0.04,discrete,depth,3,0.0,0.0,0.0,full_depth_depth3_rep03,94003,934.1260659072972
relu,1,depth3,3,930.4239887788186,92,30.130842208862305,100,0.04,0.04,0.04,discrete,depth,3,0.0,0.0,0.0,full_depth_depth3_rep03,94003,930.4239887788186
relu,1,depth3,3,937.75071489298,93,29.187977075576782,100,0.04,0.04,0.04,discrete,depth,3,0.0,0.0,0.0,full_depth_depth3_rep03,94003,937.75071489298
relu,1,depth3,3,930.9834861375895,94,29.64909291267395,100,0.04,0.04,0.04,discrete,depth,3,0.0,0.0,0.0,full_depth_depth3_rep03,94003,930.9834861375895
relu,1,depth3,3,930.5797002179902,95,29.99170708656311,100,0.04,0.04,0.04,discrete,depth,3,0.0,0.0,0.0,full_depth_depth3_rep03,94003,930.5797002179902
relu,1,depth3,3,934.7381990041805,96,29.80532193183899,100,0.04,0.04,0.04,discrete,depth,3,0.0,0.0,0.0,full_depth_depth3_rep03,94003,934.7381990041805
relu,1,depth3,3,931.378618440328,97,28.91335701942444,100,0.04,0.04,0.04,discrete,depth,3,0.0,0.0,0.0,full_depth_depth3_rep03,94003,931.378618440328
relu,1,depth3,3,933.2592554203459,98,29.54643702507019,100,0.04,0.04,0.04,discrete,depth,3,0.0,0.0,0.0,full_depth_depth3_rep03,94003,933.2592554203459
relu,1,depth3,3,930.1710058249736,99,29.933913946151733,100,0.04,0.04,0.04,discrete,depth,3,0.0,0.0,0.0,full_depth_depth3_rep03,94003,930.1710058249736
relu,1,depth3,3,935.2303193123355,100,31.26195192337036,100,0.04,0.04,0.04,discrete,depth,3,0.0,0.0,0.0,full_depth_depth3_rep03,94003,935.2303193123355
relu,1,depth3,3,906.6545938458995,101,31.749555826187134,100,0.02,0.02,0.02,discrete,depth,3,0.0,0.0,0.0,full_depth_depth3_rep03,94003,906.6545938458995
relu,1,depth3,3,904.1921698380537,102,31.480106115341187,100,0.02,0.02,0.02,discrete,depth,3,0.0,0.0,0.0,full_depth_depth3_rep03,94003,904.1921698380537
relu,1,depth3,3,905.9590311576353,103,31.64017105102539,100,0.02,0.02,0.02,discrete,depth,3,0.0,0.0,0.0,full_depth_depth3_rep03,94003,905.9590311576353
relu,1,depth3,3,905.945366141222,104,31.864585876464844,100,0.02,0.02,0.02,discrete,depth,3,0.0,0.0,0.0,full_depth_depth3_rep03,94003,905.945366141222
relu,1,depth3,3,903.2938193331413,105,31.435749053955078,100,0.02,0.02,0.02,discrete,depth,3,0.0,0.0,0.0,full_depth_depth3_rep03,94003,903.2938193331413
relu,1,depth3,3,905.1306252637353,106,32.09780287742615,100,0.02,0.02,0.02,discrete,depth,3,0.0,0.0,0.0,full_depth_depth3_rep03,94003,905.1306252637353
relu,1,depth3,3,902.1394340566326,107,31.047487020492554,100,0.02,0.02,0.02,discrete,depth,3,0.0,0.0,0.0,full_depth_depth3_rep03,94003,902.1394340566326
relu,1,depth3,3,899.1669642703507,108,30.862226963043213,100,0.02,0.02,0.02,discrete,depth,3,0.0,0.0,0.0,full_depth_depth3_rep03,94003,899.1669642703507
relu,1,depth3,3,906.0386188173864,109,31.839858055114746,100,0.02,0.02,0.02,discrete,depth,3,0.0,0.0,0.0,full_depth_depth3_rep03,94003,906.0386188173864
relu,1,depth3,3,905.9297292835982,110,31.837517023086548,100,0.02,0.02,0.02,discrete,depth,3,0.0,0.0,0.0,full_depth_depth3_rep03,94003,905.9297292835982
relu,1,depth3,3,888.6730621362022,111,32.17493915557861,100,0.01,0.01,0.01,discrete,depth,3,0.0,0.0,0.0,full_depth_depth3_rep03,94003,888.6730621362022
relu,1,depth3,3,888.9682680216094,112,31.075047969818115,100,0.01,0.01,0.01,discrete,depth,3,0.0,0.0,0.0,full_depth_depth3_rep03,94003,888.9682680216094
relu,1,depth3,3,885.6394986283357,113,31.150917053222656,100,0.01,0.01,0.01,discrete,depth,3,0.0,0.0,0.0,full_depth_depth3_rep03,94003,885.6394986283357
relu,1,depth3,3,880.380748776747,114,31.92188596725464,100,0.01,0.01,0.01,discrete,depth,3,0.0,0.0,0.0,full_depth_depth3_rep03,94003,880.380748776747
relu,1,depth3,3,881.332080411694,115,32.0604829788208,100,0.01,0.01,0.01,discrete,depth,3,0.0,0.0,0.0,full_depth_depth3_rep03,94003,881.332080411694
relu,1,depth3,3,882.4783591006457,116,31.900157928466797,100,0.01,0.01,0.01,discrete,depth,3,0.0,0.0,0.0,full_depth_depth3_rep03,94003,882.4783591006457
relu,1,depth3,3,902.5314218907032,117,31.838381052017212,100,0.01,0.01,0.01,discrete,depth,3,0.0,0.0,0.0,full_depth_depth3_rep03,94003,902.5314218907032
relu,1,depth3,3,884.3643118175897,118,31.378636837005615,100,0.01,0.01,0.01,discrete,depth,3,0.0,0.0,0.0,full_depth_depth3_rep03,94003,884.3643118175897
relu,1,depth3,3,890.9500113323272,119,33.08163499832153,100,0.01,0.01,0.01,discrete,depth,3,0.0,0.0,0.0,full_depth_depth3_rep03,94003,890.9500113323272
relu,1,depth3,3,885.9756188787406,120,31.467718839645386,100,0.01,0.01,0.01,discrete,depth,3,0.0,0.0,0.0,full_depth_depth3_rep03,94003,885.9756188787406
relu,1,depth3,3,861.0470259505614,121,28.5852210521698,100,0.01,0.01,0.0,discrete,depth,3,0.0,0.0,0.0,full_depth_depth3_rep03,94003,861.0470259505614
relu,1,depth3,3,859.0896196446861,122,25.420297861099243,100,0.01,0.01,0.0,discrete,depth,3,0.0,0.0,0.0,full_depth_depth3_rep03,94003,859.0896196446861
relu,1,depth3,3,857.569315198392,123,26.98415207862854,100,0.01,0.01,0.0,discrete,depth,3,0.0,0.0,0.0,full_depth_depth3_rep03,94003,857.569315198392
relu,1,depth3,3,855.4913765506661,124,24.78251886367798,100,0.01,0.01,0.0,discrete,depth,3,0.0,0.0,0.0,full_depth_depth3_rep03,94003,855.4913765506661
relu,1,depth3,3,858.6365295073115,125,25.28991198539734,100,0.01,0.01,0.0,discrete,depth,3,0.0,0.0,0.0,full_depth_depth3_rep03,94003,858.6365295073115
relu,1,depth3,3,860.9253771241991,126,25.537808179855347,100,0.01,0.01,0.0,discrete,depth,3,0.0,0.0,0.0,full_depth_depth3_rep03,94003,860.9253771241991
relu,1,depth3,3,861.6780419360714,127,26.585587978363037,100,0.01,0.01,0.0,discrete,depth,3,0.0,0.0,0.0,full_depth_depth3_rep03,94003,861.6780419360714
relu,1,depth3,3,858.1240521693,128,27.142021894454956,100,0.01,0.01,0.0,discrete,depth,3,0.0,0.0,0.0,full_depth_depth3_rep03,94003,858.1240521693
relu,1,depth3,3,858.2644169966276,129,26.99337410926819,100,0.01,0.01,0.0,discrete,depth,3,0.0,0.0,0.0,full_depth_depth3_rep03,94003,858.2644169966276
relu,1,depth3,3,858.0932941200207,130,29.25796604156494,100,0.01,0.01,0.0,discrete,depth,3,0.0,0.0,0.0,full_depth_depth3_rep03,94003,858.0932941200207
relu,1,depth3,3,1784.3777351323695,1,88.4944019317627,100,1.0,1.0,1.0,discrete,depth,4,0.0,0.0,0.0,full_depth_depth3_rep04,94004,1784.3777351323695
relu,1,depth3,3,959.1140186226903,2,28.598181009292603,100,1.0,1.0,1.0,discrete,depth,4,0.0,0.0,0.0,full_depth_depth3_rep04,94004,959.1140186226903
relu,1,depth3,3,939.1187246078359,3,28.31900906562805,100,1.0,1.0,1.0,discrete,depth,4,0.0,0.0,0.0,full_depth_depth3_rep04,94004,939.1187246078359
relu,1,depth3,3,931.7356310228676,4,28.98179793357849,100,1.0,1.0,1.0,discrete,depth,4,0.0,0.0,0.0,full_depth_depth3_rep04,94004,931.7356310228676
relu,1,depth3,3,929.5096645672397,5,27.793365955352783,100,1.0,1.0,1.0,discrete,depth,4,0.0,0.0,0.0,full_depth_depth3_rep04,94004,929.5096645672397
relu,1,depth3,3,928.800406101158,6,28.778400897979736,100,1.0,1.0,1.0,discrete,depth,4,0.0,0.0,0.0,full_depth_depth3_rep04,94004,928.800406101158
relu,1,depth3,3,928.3195560322154,7,28.88165783882141,100,1.0,1.0,1.0,discrete,depth,4,0.0,0.0,0.0,full_depth_depth3_rep04,94004,928.3195560322154
relu,1,depth3,3,927.8887833890308,8,28.770176887512207,100,1.0,1.0,1.0,discrete,depth,4,0.0,0.0,0.0,full_depth_depth3_rep04,94004,927.8887833890308
relu,1,depth3,3,927.4962046564527,9,27.490511894226074,100,1.0,1.0,1.0,discrete,depth,4,0.0,0.0,0.0,full_depth_depth3_rep04,94004,927.4962046564527
relu,1,depth3,3,927.1644254070212,10,28.495725870132446,100,1.0,1.0,1.0,discrete,depth,4,0.0,0.0,0.0,full_depth_depth3_rep04,94004,927.1644254070212
relu,1,depth3,3,926.7568687020033,11,28.81183695793152,100,1.0,1.0,1.0,discrete,depth,4,0.0,0.0,0.0,full_depth_depth3_rep04,94004,926.7568687020033
relu,1,depth3,3,926.2882381665073,12,28.93556308746338,100,1.0,1.0,1.0,discrete,depth,4,0.0,0.0,0.0,full_depth_depth3_rep04,94004,926.2882381665073
relu,1,depth3,3,925.6803816598522,13,27.66745901107788,100,1.0,1.0,1.0,discrete,depth,4,0.0,0.0,0.0,full_depth_depth3_rep04,94004,925.6803816598522
relu,1,depth3,3,925.1922601338022,14,28.328689098358154,100,1.0,1.0,1.0,discrete,depth,4,0.0,0.0,0.0,full_depth_depth3_rep04,94004,925.1922601338022
relu,1,depth3,3,924.8266322111521,15,28.732208967208862,100,1.0,1.0,1.0,discrete,depth,4,0.0,0.0,0.0,full_depth_depth3_rep04,94004,924.8266322111521
relu,1,depth3,3,924.6470393060157,16,28.698270082473755,100,1.0,1.0,1.0,discrete,depth,4,0.0,0.0,0.0,full_depth_depth3_rep04,94004,924.6470393060157
relu,1,depth3,3,924.533288720604,17,28.977927923202515,100,1.0,1.0,1.0,discrete,depth,4,0.0,0.0,0.0,full_depth_depth3_rep04,94004,924.533288720604
relu,1,depth3,3,924.5299890189335,18,28.4091899394989,100,1.0,1.0,1.0,discrete,depth,4,0.0,0.0,0.0,full_depth_depth3_rep04,94004,924.5299890189335
relu,1,depth3,3,924.4740155274828,19,28.38667893409729,100,1.0,1.0,1.0,discrete,depth,4,0.0,0.0,0.0,full_depth_depth3_rep04,94004,924.4740155274828
relu,1,depth3,3,924.4834653565662,20,28.902415990829468,100,1.0,1.0,1.0,discrete,depth,4,0.0,0.0,0.0,full_depth_depth3_rep04,94004,924.4834653565662
relu,1,depth3,3,999.9219539494496,21,28.222508907318115,100,0.8,0.8,0.8,discrete,depth,4,0.0,0.0,0.0,full_depth_depth3_rep04,94004,999.9219539494496
relu,1,depth3,3,1000.098734696259,22,28.549386024475098,100,0.8,0.8,0.8,discrete,depth,4,0.0,0.0,0.0,full_depth_depth3_rep04,94004,1000.098734696259
relu,1,depth3,3,999.9410708146283,23,28.77330780029297,100,0.8,0.8,0.8,discrete,depth,4,0.0,0.0,0.0,full_depth_depth3_rep04,94004,999.9410708146283
relu,1,depth3,3,999.8610529558817,24,27.703776121139526,100,0.8,0.8,0.8,discrete,depth,4,0.0,0.0,0.0,full_depth_depth3_rep04,94004,999.8610529558817
relu,1,depth3,3,999.8878398628599,25,28.674767017364502,100,0.8,0.8,0.8,discrete,depth,4,0.0,0.0,0.0,full_depth_depth3_rep04,94004,999.8878398628599
relu,1,depth3,3,999.8188134348321,26,28.491649866104126,100,0.8,0.8,0.8,discrete,depth,4,0.0,0.0,0.0,full_depth_depth3_rep04,94004,999.8188134348321
relu,1,depth3,3,999.7714588262371,27,28.519140005111694,100,0.8,0.8,0.8,discrete,depth,4,0.0,0.0,0.0,full_depth_depth3_rep04,94004,999.7714588262371
relu,1,depth3,3,999.7776544316181,28,27.444846153259277,100,0.8,0.8,0.8,discrete,depth,4,0.0,0.0,0.0,full_depth_depth3_rep04,94004,999.7776544316181
relu,1,depth3,3,999.6522179835607,29,28.74135184288025,100,0.8,0.8,0.8,discrete,depth,4,0.0,0.0,0.0,full_depth_depth3_rep04,94004,999.6522179835607
relu,1,depth3,3,999.8052179962069,30,29.086786031723022,100,0.8,0.8,0.8,discrete,depth,4,0.0,0.0,0.0,full_depth_depth3_rep04,94004,999.8052179962069
relu,1,depth3,3,1054.2845118769342,31,28.458168029785156,100,0.6,0.6,0.6,discrete,depth,4,0.0,0.0,0.0,full_depth_depth3_rep04,94004,1054.2845118769342
relu,1,depth3,3,1053.8991506972668,32,27.611606121063232,100,0.6,0.6,0.6,discrete,depth,4,0.0,0.0,0.0,full_depth_depth3_rep04,94004,1053.8991506972668
relu,1,depth3,3,1054.4442235815052,33,28.177178859710693,100,0.6,0.6,0.6,discrete,depth,4,0.0,0.0,0.0,full_depth_depth3_rep04,94004,1054.4442235815052
relu,1,depth3,3,1054.0135709852846,34,28.220160961151123,100,0.6,0.6,0.6,discrete,depth,4,0.0,0.0,0.0,full_depth_depth3_rep04,94004,1054.0135709852846
relu,1,depth3,3,1054.1917753168677,35,28.93686604499817,100,0.6,0.6,0.6,discrete,depth,4,0.0,0.0,0.0,full_depth_depth3_rep04,94004,1054.1917753168677
relu,1,depth3,3,1054.0414193709116,36,27.473402976989746,100,0.6,0.6,0.6,discrete,depth,4,0.0,0.0,0.0,full_depth_depth3_rep04,94004,1054.0414193709116
relu,1,depth3,3,1054.2280764190336,37,28.62532377243042,100,0.6,0.6,0.6,discrete,depth,4,0.0,0.0,0.0,full_depth_depth3_rep04,94004,1054.2280764190336
relu,1,depth3,3,1053.7473307203088,38,29.47061800956726,100,0.6,0.6,0.6,discrete,depth,4,0.0,0.0,0.0,full_depth_depth3_rep04,94004,1053.7473307203088
relu,1,depth3,3,1054.4195653759768,39,27.216347217559814,100,0.6,0.6,0.6,discrete,depth,4,0.0,0.0,0.0,full_depth_depth3_rep04,94004,1054.4195653759768
relu,1,depth3,3,1053.4866457846547,40,28.28347420692444,100,0.6,0.6,0.6,discrete,depth,4,0.0,0.0,0.0,full_depth_depth3_rep04,94004,1053.4866457846547
relu,1,depth3,3,1079.915259060372,41,27.708029985427856,100,0.4,0.4,0.4,discrete,depth,4,0.0,0.0,0.0,full_depth_depth3_rep04,94004,1079.915259060372
relu,1,depth3,3,1079.317778255273,42,27.958863973617554,100,0.4,0.4,0.4,discrete,depth,4,0.0,0.0,0.0,full_depth_depth3_rep04,94004,1079.317778255273
relu,1,depth3,3,1078.9450724905525,43,27.318748950958252,100,0.4,0.4,0.4,discrete,depth,4,0.0,0.0,0.0,full_depth_depth3_rep04,94004,1078.9450724905525
relu,1,depth3,3,1078.71910760945,44,28.008643865585327,100,0.4,0.4,0.4,discrete,depth,4,0.0,0.0,0.0,full_depth_depth3_rep04,94004,1078.71910760945
relu,1,depth3,3,1078.4956958511473,45,28.657780170440674,100,0.4,0.4,0.4,discrete,depth,4,0.0,0.0,0.0,full_depth_depth3_rep04,94004,1078.4956958511473
relu,1,depth3,3,1078.3978264245377,46,27.719598054885864,100,0.4,0.4,0.4,discrete,depth,4,0.0,0.0,0.0,full_depth_depth3_rep04,94004,1078.3978264245377
relu,1,depth3,3,1078.2445402273877,47,26.868937969207764,100,0.4,0.4,0.4,discrete,depth,4,0.0,0.0,0.0,full_depth_depth3_rep04,94004,1078.2445402273877
relu,1,depth3,3,1078.2841519594579,48,28.10220718383789,100,0.4,0.4,0.4,discrete,depth,4,0.0,0.0,0.0,full_depth_depth3_rep04,94004,1078.2841519594579
relu,1,depth3,3,1078.093802594201,49,27.94640803337097,100,0.4,0.4,0.4,discrete,depth,4,0.0,0.0,0.0,full_depth_depth3_rep04,94004,1078.093802594201
relu,1,depth3,3,1078.1849527589666,50,27.17055082321167,100,0.4,0.4,0.4,discrete,depth,4,0.0,0.0,0.0,full_depth_depth3_rep04,94004,1078.1849527589666
relu,1,depth3,3,1052.084664620515,51,28.472709894180298,100,0.2,0.2,0.2,discrete,depth,4,0.0,0.0,0.0,full_depth_depth3_rep04,94004,1052.084664620515
relu,1,depth3,3,1052.5231657138675,52,28.07003092765808,100,0.2,0.2,0.2,discrete,depth,4,0.0,0.0,0.0,full_depth_depth3_rep04,94004,1052.5231657138675
relu,1,depth3,3,1051.3995186772186,53,28.43382215499878,100,0.2,0.2,0.2,discrete,depth,4,0.0,0.0,0.0,full_depth_depth3_rep04,94004,1051.3995186772186
relu,1,depth3,3,1055.3357696811997,54,27.14839220046997,100,0.2,0.2,0.2,discrete,depth,4,0.0,0.0,0.0,full_depth_depth3_rep04,94004,1055.3357696811997
relu,1,depth3,3,1051.4680266057385,55,28.04970097541809,100,0.2,0.2,0.2,discrete,depth,4,0.0,0.0,0.0,full_depth_depth3_rep04,94004,1051.4680266057385
relu,1,depth3,3,1049.1416308381156,56,27.864815950393677,100,0.2,0.2,0.2,discrete,depth,4,0.0,0.0,0.0,full_depth_depth3_rep04,94004,1049.1416308381156
relu,1,depth3,3,1048.6735586426073,57,27.929791927337646,100,0.2,0.2,0.2,discrete,depth,4,0.0,0.0,0.0,full_depth_depth3_rep04,94004,1048.6735586426073
relu,1,depth3,3,1052.730030787454,58,27.01397204399109,100,0.2,0.2,0.2,discrete,depth,4,0.0,0.0,0.0,full_depth_depth3_rep04,94004,1052.730030787454
relu,1,depth3,3,1051.013313601077,59,28.766229152679443,100,0.2,0.2,0.2,discrete,depth,4,0.0,0.0,0.0,full_depth_depth3_rep04,94004,1051.013313601077
relu,1,depth3,3,1049.3943108534795,60,28.159754991531372,100,0.2,0.2,0.2,discrete,depth,4,0.0,0.0,0.0,full_depth_depth3_rep04,94004,1049.3943108534795
relu,1,depth3,3,998.9653411992106,61,28.991265058517456,100,0.1,0.1,0.1,discrete,depth,4,0.0,0.0,0.0,full_depth_depth3_rep04,94004,998.9653411992106
relu,1,depth3,3,1000.040785646495,62,28.262206077575684,100,0.1,0.1,0.1,discrete,depth,4,0.0,0.0,0.0,full_depth_depth3_rep04,94004,1000.040785646495
relu,1,depth3,3,1000.3706959318972,63,28.76078200340271,100,0.1,0.1,0.1,discrete,depth,4,0.0,0.0,0.0,full_depth_depth3_rep04,94004,1000.3706959318972
relu,1,depth3,3,999.2694552224582,64,28.922008991241455,100,0.1,0.1,0.1,discrete,depth,4,0.0,0.0,0.0,full_depth_depth3_rep04,94004,999.2694552224582
relu,1,depth3,3,1004.8949916663687,65,28.575812101364136,100,0.1,0.1,0.1,discrete,depth,4,0.0,0.0,0.0,full_depth_depth3_rep04,94004,1004.8949916663687
relu,1,depth3,3,999.7480227516266,66,28.04035711288452,100,0.1,0.1,0.1,discrete,depth,4,0.0,0.0,0.0,full_depth_depth3_rep04,94004,999.7480227516266
relu,1,depth3,3,998.7717241715073,67,29.3281729221344,100,0.1,0.1,0.1,discrete,depth,4,0.0,0.0,0.0,full_depth_depth3_rep04,94004,998.7717241715073
relu,1,depth3,3,999.6377530768992,68,28.990769863128662,100,0.1,0.1,0.1,discrete,depth,4,0.0,0.0,0.0,full_depth_depth3_rep04,94004,999.6377530768992
relu,1,depth3,3,999.8384289120467,69,29.14131999015808,100,0.1,0.1,0.1,discrete,depth,4,0.0,0.0,0.0,full_depth_depth3_rep04,94004,999.8384289120467
relu,1,depth3,3,1001.1581762997859,70,28.425780057907104,100,0.1,0.1,0.1,discrete,depth,4,0.0,0.0,0.0,full_depth_depth3_rep04,94004,1001.1581762997859
relu,1,depth3,3,985.4202551448388,71,28.720513105392456,100,0.08,0.08,0.08,discrete,depth,4,0.0,0.0,0.0,full_depth_depth3_rep04,94004,985.4202551448388
relu,1,depth3,3,980.5728431599538,72,28.892507076263428,100,0.08,0.08,0.08,discrete,depth,4,0.0,0.0,0.0,full_depth_depth3_rep04,94004,980.5728431599538
relu,1,depth3,3,982.8498122616492,73,29.243053913116455,100,0.08,0.08,0.08,discrete,depth,4,0.0,0.0,0.0,full_depth_depth3_rep04,94004,982.8498122616492
relu,1,depth3,3,984.486357082105,74,27.864886045455933,100,0.08,0.08,0.08,discrete,depth,4,0.0,0.0,0.0,full_depth_depth3_rep04,94004,984.486357082105
relu,1,depth3,3,982.2760086431467,75,28.45522713661194,100,0.08,0.08,0.08,discrete,depth,4,0.0,0.0,0.0,full_depth_depth3_rep04,94004,982.2760086431467
relu,1,depth3,3,985.1527845513006,76,28.87859606742859,100,0.08,0.08,0.08,discrete,depth,4,0.0,0.0,0.0,full_depth_depth3_rep04,94004,985.1527845513006
relu,1,depth3,3,986.4520894401487,77,29.0487859249115,100,0.08,0.08,0.08,discrete,depth,4,0.0,0.0,0.0,full_depth_depth3_rep04,94004,986.4520894401487
relu,1,depth3,3,986.4388734573389,78,28.116858959197998,100,0.08,0.08,0.08,discrete,depth,4,0.0,0.0,0.0,full_depth_depth3_rep04,94004,986.4388734573389
relu,1,depth3,3,983.1853213746695,79,27.848212957382202,100,0.08,0.08,0.08,discrete,depth,4,0.0,0.0,0.0,full_depth_depth3_rep04,94004,983.1853213746695
relu,1,depth3,3,985.2949183714924,80,29.553173065185547,100,0.08,0.08,0.08,discrete,depth,4,0.0,0.0,0.0,full_depth_depth3_rep04,94004,985.2949183714924
relu,1,depth3,3,964.5566153058109,81,29.0624840259552,100,0.06,0.06,0.06,discrete,depth,4,0.0,0.0,0.0,full_depth_depth3_rep04,94004,964.5566153058109
relu,1,depth3,3,962.0859170531508,82,28.100822925567627,100,0.06,0.06,0.06,discrete,depth,4,0.0,0.0,0.0,full_depth_depth3_rep04,94004,962.0859170531508
relu,1,depth3,3,962.802708472862,83,27.934625148773193,100,0.06,0.06,0.06,discrete,depth,4,0.0,0.0,0.0,full_depth_depth3_rep04,94004,962.802708472862
relu,1,depth3,3,962.8674371216297,84,29.395647048950195,100,0.06,0.06,0.06,discrete,depth,4,0.0,0.0,0.0,full_depth_depth3_rep04,94004,962.8674371216297
relu,1,depth3,3,965.9194159454912,85,29.069825887680054,100,0.06,0.06,0.06,discrete,depth,4,0.0,0.0,0.0,full_depth_depth3_rep04,94004,965.9194159454912
relu,1,depth3,3,964.5478644297043,86,29.194779872894287,100,0.06,0.06,0.06,discrete,depth,4,0.0,0.0,0.0,full_depth_depth3_rep04,94004,964.5478644297043
relu,1,depth3,3,976.3955571042275,87,27.744102954864502,100,0.06,0.06,0.06,discrete,depth,4,0.0,0.0,0.0,full_depth_depth3_rep04,94004,976.3955571042275
relu,1,depth3,3,969.0614376464929,88,28.838961124420166,100,0.06,0.06,0.06,discrete,depth,4,0.0,0.0,0.0,full_depth_depth3_rep04,94004,969.0614376464929
relu,1,depth3,3,966.9598340235674,89,29.140101194381714,100,0.06,0.06,0.06,discrete,depth,4,0.0,0.0,0.0,full_depth_depth3_rep04,94004,966.9598340235674
relu,1,depth3,3,962.8622237231555,90,29.05405592918396,100,0.06,0.06,0.06,discrete,depth,4,0.0,0.0,0.0,full_depth_depth3_rep04,94004,962.8622237231555
relu,1,depth3,3,938.8510156772462,91,28.861974954605103,100,0.04,0.04,0.04,discrete,depth,4,0.0,0.0,0.0,full_depth_depth3_rep04,94004,938.8510156772462
relu,1,depth3,3,947.6947741017734,92,29.576328992843628,100,0.04,0.04,0.04,discrete,depth,4,0.0,0.0,0.0,full_depth_depth3_rep04,94004,947.6947741017734
relu,1,depth3,3,947.9982427722153,93,29.87289810180664,100,0.04,0.04,0.04,discrete,depth,4,0.0,0.0,0.0,full_depth_depth3_rep04,94004,947.9982427722153
relu,1,depth3,3,942.2899630431591,94,29.717249870300293,100,0.04,0.04,0.04,discrete,depth,4,0.0,0.0,0.0,full_depth_depth3_rep04,94004,942.2899630431591
relu,1,depth3,3,942.5231355171672,95,30.05780291557312,100,0.04,0.04,0.04,discrete,depth,4,0.0,0.0,0.0,full_depth_depth3_rep04,94004,942.5231355171672
relu,1,depth3,3,943.2861514966564,96,28.597337007522583,100,0.04,0.04,0.04,discrete,depth,4,0.0,0.0,0.0,full_depth_depth3_rep04,94004,943.2861514966564
relu,1,depth3,3,942.5450307767546,97,29.462985038757324,100,0.04,0.04,0.04,discrete,depth,4,0.0,0.0,0.0,full_depth_depth3_rep04,94004,942.5450307767546
relu,1,depth3,3,942.5794990513947,98,29.76670503616333,100,0.04,0.04,0.04,discrete,depth,4,0.0,0.0,0.0,full_depth_depth3_rep04,94004,942.5794990513947
relu,1,depth3,3,941.598000827488,99,29.871432065963745,100,0.04,0.04,0.04,discrete,depth,4,0.0,0.0,0.0,full_depth_depth3_rep04,94004,941.598000827488
relu,1,depth3,3,942.680772989087,100,29.999255180358887,100,0.04,0.04,0.04,discrete,depth,4,0.0,0.0,0.0,full_depth_depth3_rep04,94004,942.680772989087
relu,1,depth3,3,918.8672855317734,101,30.781929969787598,100,0.02,0.02,0.02,discrete,depth,4,0.0,0.0,0.0,full_depth_depth3_rep04,94004,918.8672855317734
relu,1,depth3,3,914.7947493292564,102,30.78524398803711,100,0.02,0.02,0.02,discrete,depth,4,0.0,0.0,0.0,full_depth_depth3_rep04,94004,914.7947493292564
relu,1,depth3,3,917.6646238948026,103,30.7761869430542,100,0.02,0.02,0.02,discrete,depth,4,0.0,0.0,0.0,full_depth_depth3_rep04,94004,917.6646238948026
relu,1,depth3,3,913.6482218371375,104,30.813109159469604,100,0.02,0.02,0.02,discrete,depth,4,0.0,0.0,0.0,full_depth_depth3_rep04,94004,913.6482218371375
relu,1,depth3,3,915.0918565007207,105,30.806850910186768,100,0.02,0.02,0.02,discrete,depth,4,0.0,0.0,0.0,full_depth_depth3_rep04,94004,915.0918565007207
relu,1,depth3,3,911.1531135031936,106,29.87912893295288,100,0.02,0.02,0.02,discrete,depth,4,0.0,0.0,0.0,full_depth_depth3_rep04,94004,911.1531135031936
relu,1,depth3,3,920.9041187760791,107,30.76835298538208,100,0.02,0.02,0.02,discrete,depth,4,0.0,0.0,0.0,full_depth_depth3_rep04,94004,920.9041187760791
relu,1,depth3,3,912.0174073928068,108,30.72919797897339,100,0.02,0.02,0.02,discrete,depth,4,0.0,0.0,0.0,full_depth_depth3_rep04,94004,912.0174073928068
relu,1,depth3,3,914.7595928020382,109,31.016860961914062,100,0.02,0.02,0.02,discrete,depth,4,0.0,0.0,0.0,full_depth_depth3_rep04,94004,914.7595928020382
relu,1,depth3,3,910.8696129643515,110,30.56928515434265,100,0.02,0.02,0.02,discrete,depth,4,0.0,0.0,0.0,full_depth_depth3_rep04,94004,910.8696129643515
relu,1,depth3,3,893.985644012814,111,31.57961106300354,100,0.01,0.01,0.01,discrete,depth,4,0.0,0.0,0.0,full_depth_depth3_rep04,94004,893.985644012814
relu,1,depth3,3,903.8387260113473,112,30.51604700088501,100,0.01,0.01,0.01,discrete,depth,4,0.0,0.0,0.0,full_depth_depth3_rep04,94004,903.8387260113473
relu,1,depth3,3,901.7393096857236,113,31.13484501838684,100,0.01,0.01,0.01,discrete,depth,4,0.0,0.0,0.0,full_depth_depth3_rep04,94004,901.7393096857236
relu,1,depth3,3,909.3877118957191,114,31.093852996826172,100,0.01,0.01,0.01,discrete,depth,4,0.0,0.0,0.0,full_depth_depth3_rep04,94004,909.3877118957191
relu,1,depth3,3,897.6152670939254,115,31.31949496269226,100,0.01,0.01,0.01,discrete,depth,4,0.0,0.0,0.0,full_depth_depth3_rep04,94004,897.6152670939254
relu,1,depth3,3,910.149357980704,116,31.31020188331604,100,0.01,0.01,0.01,discrete,depth,4,0.0,0.0,0.0,full_depth_depth3_rep04,94004,910.149357980704
relu,1,depth3,3,896.0582399273777,117,30.30070996284485,100,0.01,0.01,0.01,discrete,depth,4,0.0,0.0,0.0,full_depth_depth3_rep04,94004,896.0582399273777
relu,1,depth3,3,912.8172483504095,118,31.430726051330566,100,0.01,0.01,0.01,discrete,depth,4,0.0,0.0,0.0,full_depth_depth3_rep04,94004,912.8172483504095
relu,1,depth3,3,899.8149825969948,119,32.01858305931091,100,0.01,0.01,0.01,discrete,depth,4,0.0,0.0,0.0,full_depth_depth3_rep04,94004,899.8149825969948
relu,1,depth3,3,898.6752201987989,120,32.57705116271973,100,0.01,0.01,0.01,discrete,depth,4,0.0,0.0,0.0,full_depth_depth3_rep04,94004,898.6752201987989
relu,1,depth3,3,878.9779238675499,121,27.809330940246582,100,0.01,0.01,0.0,discrete,depth,4,0.0,0.0,0.0,full_depth_depth3_rep04,94004,878.9779238675499
relu,1,depth3,3,871.8492913646438,122,25.224812030792236,100,0.01,0.01,0.0,discrete,depth,4,0.0,0.0,0.0,full_depth_depth3_rep04,94004,871.8492913646438
relu,1,depth3,3,874.7415247727904,123,25.16994309425354,100,0.01,0.01,0.0,discrete,depth,4,0.0,0.0,0.0,full_depth_depth3_rep04,94004,874.7415247727904
relu,1,depth3,3,874.918699675266,124,25.842344999313354,100,0.01,0.01,0.0,discrete,depth,4,0.0,0.0,0.0,full_depth_depth3_rep04,94004,874.918699675266
relu,1,depth3,3,878.8695971213267,125,24.18053698539734,100,0.01,0.01,0.0,discrete,depth,4,0.0,0.0,0.0,full_depth_depth3_rep04,94004,878.8695971213267
relu,1,depth3,3,870.5351920712502,126,25.15006709098816,100,0.01,0.01,0.0,discrete,depth,4,0.0,0.0,0.0,full_depth_depth3_rep04,94004,870.5351920712502
relu,1,depth3,3,876.2490620028296,127,25.460155963897705,100,0.01,0.01,0.0,discrete,depth,4,0.0,0.0,0.0,full_depth_depth3_rep04,94004,876.2490620028296
relu,1,depth3,3,884.168782407483,128,26.247241020202637,100,0.01,0.01,0.0,discrete,depth,4,0.0,0.0,0.0,full_depth_depth3_rep04,94004,884.168782407483
relu,1,depth3,3,877.3072144173569,129,25.778491973876953,100,0.01,0.01,0.0,discrete,depth,4,0.0,0.0,0.0,full_depth_depth3_rep04,94004,877.3072144173569
relu,1,depth3,3,877.6725723917589,130,27.375283002853394,100,0.01,0.01,0.0,discrete,depth,4,0.0,0.0,0.0,full_depth_depth3_rep04,94004,877.6725723917589
relu,1,depth3,3,2000.7672830195672,1,65.85372805595398,100,1.0,1.0,1.0,discrete,depth,5,0.0,0.0,0.0,full_depth_depth3_rep05,94005,2000.7672830195672
relu,1,depth3,3,995.4111957016447,2,13.7411470413208,100,1.0,1.0,1.0,discrete,depth,5,0.0,0.0,0.0,full_depth_depth3_rep05,94005,995.4111957016447
relu,1,depth3,3,962.0664093781427,3,14.12383484840393,100,1.0,1.0,1.0,discrete,depth,5,0.0,0.0,0.0,full_depth_depth3_rep05,94005,962.0664093781427
relu,1,depth3,3,953.9585919772303,4,13.977535963058472,100,1.0,1.0,1.0,discrete,depth,5,0.0,0.0,0.0,full_depth_depth3_rep05,94005,953.9585919772303
relu,1,depth3,3,950.2344093209058,5,14.509505033493042,100,1.0,1.0,1.0,discrete,depth,5,0.0,0.0,0.0,full_depth_depth3_rep05,94005,950.2344093209058
relu,1,depth3,3,947.7547621454584,6,14.279564142227173,100,1.0,1.0,1.0,discrete,depth,5,0.0,0.0,0.0,full_depth_depth3_rep05,94005,947.7547621454584
relu,1,depth3,3,945.7572120400578,7,13.371769905090332,100,1.0,1.0,1.0,discrete,depth,5,0.0,0.0,0.0,full_depth_depth3_rep05,94005,945.7572120400578
relu,1,depth3,3,943.2609648330196,8,14.436865091323853,100,1.0,1.0,1.0,discrete,depth,5,0.0,0.0,0.0,full_depth_depth3_rep05,94005,943.2609648330196
relu,1,depth3,3,941.5192246241979,9,13.253254175186157,100,1.0,1.0,1.0,discrete,depth,5,0.0,0.0,0.0,full_depth_depth3_rep05,94005,941.5192246241979
relu,1,depth3,3,940.3758446327222,10,14.379996061325073,100,1.0,1.0,1.0,discrete,depth,5,0.0,0.0,0.0,full_depth_depth3_rep05,94005,940.3758446327222
relu,1,depth3,3,939.6067500037846,11,13.87442684173584,100,1.0,1.0,1.0,discrete,depth,5,0.0,0.0,0.0,full_depth_depth3_rep05,94005,939.6067500037846
relu,1,depth3,3,938.9398953848947,12,14.35968804359436,100,1.0,1.0,1.0,discrete,depth,5,0.0,0.0,0.0,full_depth_depth3_rep05,94005,938.9398953848947
relu,1,depth3,3,938.3190669619856,13,14.073753833770752,100,1.0,1.0,1.0,discrete,depth,5,0.0,0.0,0.0,full_depth_depth3_rep05,94005,938.3190669619856
relu,1,depth3,3,937.8071522835157,14,13.654722929000854,100,1.0,1.0,1.0,discrete,depth,5,0.0,0.0,0.0,full_depth_depth3_rep05,94005,937.8071522835157
relu,1,depth3,3,937.327867083849,15,14.388463020324707,100,1.0,1.0,1.0,discrete,depth,5,0.0,0.0,0.0,full_depth_depth3_rep05,94005,937.327867083849
relu,1,depth3,3,936.9324486118254,16,13.785415172576904,100,1.0,1.0,1.0,discrete,depth,5,0.0,0.0,0.0,full_depth_depth3_rep05,94005,936.9324486118254
relu,1,depth3,3,936.6143593567052,17,14.503926038742065,100,1.0,1.0,1.0,discrete,depth,5,0.0,0.0,0.0,full_depth_depth3_rep05,94005,936.6143593567052
relu,1,depth3,3,936.2786244326642,18,13.764456987380981,100,1.0,1.0,1.0,discrete,depth,5,0.0,0.0,0.0,full_depth_depth3_rep05,94005,936.2786244326642
relu,1,depth3,3,935.8851680642925,19,14.443258047103882,100,1.0,1.0,1.0,discrete,depth,5,0.0,0.0,0.0,full_depth_depth3_rep05,94005,935.8851680642925
relu,1,depth3,3,935.5817831530991,20,13.787874937057495,100,1.0,1.0,1.0,discrete,depth,5,0.0,0.0,0.0,full_depth_depth3_rep05,94005,935.5817831530991
relu,1,depth3,3,1011.664978902801,21,14.13838791847229,100,0.8,0.8,0.8,discrete,depth,5,0.0,0.0,0.0,full_depth_depth3_rep05,94005,1011.664978902801
relu,1,depth3,3,1010.6948822873388,22,14.427792072296143,100,0.8,0.8,0.8,discrete,depth,5,0.0,0.0,0.0,full_depth_depth3_rep05,94005,1010.6948822873388
relu,1,depth3,3,1010.5196082178206,23,13.57351303100586,100,0.8,0.8,0.8,discrete,depth,5,0.0,0.0,0.0,full_depth_depth3_rep05,94005,1010.5196082178206
relu,1,depth3,3,1010.1268777457663,24,14.302582025527954,100,0.8,0.8,0.8,discrete,depth,5,0.0,0.0,0.0,full_depth_depth3_rep05,94005,1010.1268777457663
relu,1,depth3,3,1009.8575129279277,25,13.280770063400269,100,0.8,0.8,0.8,discrete,depth,5,0.0,0.0,0.0,full_depth_depth3_rep05,94005,1009.8575129279277
relu,1,depth3,3,1009.2055843912693,26,14.361155986785889,100,0.8,0.8,0.8,discrete,depth,5,0.0,0.0,0.0,full_depth_depth3_rep05,94005,1009.2055843912693
relu,1,depth3,3,1008.7243864861895,27,13.664363145828247,100,0.8,0.8,0.8,discrete,depth,5,0.0,0.0,0.0,full_depth_depth3_rep05,94005,1008.7243864861895
relu,1,depth3,3,1007.9615735624747,28,14.421388864517212,100,0.8,0.8,0.8,discrete,depth,5,0.0,0.0,0.0,full_depth_depth3_rep05,94005,1007.9615735624747
relu,1,depth3,3,1007.7120454629826,29,13.794435024261475,100,0.8,0.8,0.8,discrete,depth,5,0.0,0.0,0.0,full_depth_depth3_rep05,94005,1007.7120454629826
relu,1,depth3,3,1007.1450243947891,30,14.460500001907349,100,0.8,0.8,0.8,discrete,depth,5,0.0,0.0,0.0,full_depth_depth3_rep05,94005,1007.1450243947891
relu,1,depth3,3,1063.6210026091137,31,13.641355037689209,100,0.6,0.6,0.6,discrete,depth,5,0.0,0.0,0.0,full_depth_depth3_rep05,94005,1063.6210026091137
relu,1,depth3,3,1061.2498754783933,32,14.320281028747559,100,0.6,0.6,0.6,discrete,depth,5,0.0,0.0,0.0,full_depth_depth3_rep05,94005,1061.2498754783933
relu,1,depth3,3,1061.0305010828044,33,13.749286890029907,100,0.6,0.6,0.6,discrete,depth,5,0.0,0.0,0.0,full_depth_depth3_rep05,94005,1061.0305010828044
relu,1,depth3,3,1060.9408159556835,34,14.473850965499878,100,0.6,0.6,0.6,discrete,depth,5,0.0,0.0,0.0,full_depth_depth3_rep05,94005,1060.9408159556835
relu,1,depth3,3,1060.9894235821096,35,13.856201171875,100,0.6,0.6,0.6,discrete,depth,5,0.0,0.0,0.0,full_depth_depth3_rep05,94005,1060.9894235821096
relu,1,depth3,3,1060.8830634376159,36,14.362976789474487,100,0.6,0.6,0.6,discrete,depth,5,0.0,0.0,0.0,full_depth_depth3_rep05,94005,1060.8830634376159
relu,1,depth3,3,1060.715309705021,37,14.458168983459473,100,0.6,0.6,0.6,discrete,depth,5,0.0,0.0,0.0,full_depth_depth3_rep05,94005,1060.715309705021
relu,1,depth3,3,1060.5334062223542,38,13.719274997711182,100,0.6,0.6,0.6,discrete,depth,5,0.0,0.0,0.0,full_depth_depth3_rep05,94005,1060.5334062223542
relu,1,depth3,3,1060.371072056823,39,14.42926287651062,100,0.6,0.6,0.6,discrete,depth,5,0.0,0.0,0.0,full_depth_depth3_rep05,94005,1060.371072056823
relu,1,depth3,3,1060.092466122145,40,13.790421962738037,100,0.6,0.6,0.6,discrete,depth,5,0.0,0.0,0.0,full_depth_depth3_rep05,94005,1060.092466122145
relu,1,depth3,3,1085.9313082061742,41,14.502616882324219,100,0.4,0.4,0.4,discrete,depth,5,0.0,0.0,0.0,full_depth_depth3_rep05,94005,1085.9313082061742
relu,1,depth3,3,1092.4181865726728,42,13.708307981491089,100,0.4,0.4,0.4,discrete,depth,5,0.0,0.0,0.0,full_depth_depth3_rep05,94005,1092.4181865726728
relu,1,depth3,3,1087.6710991630384,43,14.052081823348999,100,0.4,0.4,0.4,discrete,depth,5,0.0,0.0,0.0,full_depth_depth3_rep05,94005,1087.6710991630384
relu,1,depth3,3,1086.0030602820927,44,13.249440908432007,100,0.4,0.4,0.4,discrete,depth,5,0.0,0.0,0.0,full_depth_depth3_rep05,94005,1086.0030602820927
relu,1,depth3,3,1086.8271028415945,45,14.171118021011353,100,0.4,0.4,0.4,discrete,depth,5,0.0,0.0,0.0,full_depth_depth3_rep05,94005,1086.8271028415945
relu,1,depth3,3,1084.5027380412591,46,13.253509044647217,100,0.4,0.4,0.4,discrete,depth,5,0.0,0.0,0.0,full_depth_depth3_rep05,94005,1084.5027380412591
relu,1,depth3,3,1090.8147085437217,47,14.468353033065796,100,0.4,0.4,0.4,discrete,depth,5,0.0,0.0,0.0,full_depth_depth3_rep05,94005,1090.8147085437217
relu,1,depth3,3,1084.286665100744,48,13.645550012588501,100,0.4,0.4,0.4,discrete,depth,5,0.0,0.0,0.0,full_depth_depth3_rep05,94005,1084.286665100744
relu,1,depth3,3,1084.3018622450188,49,14.133216857910156,100,0.4,0.4,0.4,discrete,depth,5,0.0,0.0,0.0,full_depth_depth3_rep05,94005,1084.3018622450188
relu,1,depth3,3,1083.9978383399662,50,13.879603147506714,100,0.4,0.4,0.4,discrete,depth,5,0.0,0.0,0.0,full_depth_depth3_rep05,94005,1083.9978383399662
relu,1,depth3,3,1055.9849075836971,51,14.207902908325195,100,0.2,0.2,0.2,discrete,depth,5,0.0,0.0,0.0,full_depth_depth3_rep05,94005,1055.9849075836971
relu,1,depth3,3,1064.8931154542875,52,13.949934005737305,100,0.2,0.2,0.2,discrete,depth,5,0.0,0.0,0.0,full_depth_depth3_rep05,94005,1064.8931154542875
relu,1,depth3,3,1059.439002980018,53,14.318684101104736,100,0.2,0.2,0.2,discrete,depth,5,0.0,0.0,0.0,full_depth_depth3_rep05,94005,1059.439002980018
relu,1,depth3,3,1063.9771659860132,54,14.35373592376709,100,0.2,0.2,0.2,discrete,depth,5,0.0,0.0,0.0,full_depth_depth3_rep05,94005,1063.9771659860132
relu,1,depth3,3,1058.6618547734822,55,13.499696016311646,100,0.2,0.2,0.2,discrete,depth,5,0.0,0.0,0.0,full_depth_depth3_rep05,94005,1058.6618547734822
relu,1,depth3,3,1064.8528605542851,56,14.587610960006714,100,0.2,0.2,0.2,discrete,depth,5,0.0,0.0,0.0,full_depth_depth3_rep05,94005,1064.8528605542851
relu,1,depth3,3,1059.1028556173524,57,13.712656021118164,100,0.2,0.2,0.2,discrete,depth,5,0.0,0.0,0.0,full_depth_depth3_rep05,94005,1059.1028556173524
relu,1,depth3,3,1064.5946148697174,58,14.22101378440857,100,0.2,0.2,0.2,discrete,depth,5,0.0,0.0,0.0,full_depth_depth3_rep05,94005,1064.5946148697174
relu,1,depth3,3,1058.614863115125,59,13.568860054016113,100,0.2,0.2,0.2,discrete,depth,5,0.0,0.0,0.0,full_depth_depth3_rep05,94005,1058.614863115125
relu,1,depth3,3,1064.5250613653816,60,14.333745956420898,100,0.2,0.2,0.2,discrete,depth,5,0.0,0.0,0.0,full_depth_depth3_rep05,94005,1064.5250613653816
relu,1,depth3,3,1014.6633845296691,61,14.234033107757568,100,0.1,0.1,0.1,discrete,depth,5,0.0,0.0,0.0,full_depth_depth3_rep05,94005,1014.6633845296691
relu,1,depth3,3,1009.0648609519848,62,14.56891393661499,100,0.1,0.1,0.1,discrete,depth,5,0.0,0.0,0.0,full_depth_depth3_rep05,94005,1009.0648609519848
relu,1,depth3,3,1010.2106850227159,63,14.64675521850586,100,0.1,0.1,0.1,discrete,depth,5,0.0,0.0,0.0,full_depth_depth3_rep05,94005,1010.2106850227159
relu,1,depth3,3,1013.7072010838277,64,13.73176097869873,100,0.1,0.1,0.1,discrete,depth,5,0.0,0.0,0.0,full_depth_depth3_rep05,94005,1013.7072010838277
relu,1,depth3,3,1015.1868330981796,65,14.68631100654602,100,0.1,0.1,0.1,discrete,depth,5,0.0,0.0,0.0,full_depth_depth3_rep05,94005,1015.1868330981796
relu,1,depth3,3,1019.1987988506621,66,14.02716612815857,100,0.1,0.1,0.1,discrete,depth,5,0.0,0.0,0.0,full_depth_depth3_rep05,94005,1019.1987988506621
relu,1,depth3,3,1011.257055448756,67,14.650355815887451,100,0.1,0.1,0.1,discrete,depth,5,0.0,0.0,0.0,full_depth_depth3_rep05,94005,1011.257055448756
relu,1,depth3,3,1014.489726377019,68,14.666450023651123,100,0.1,0.1,0.1,discrete,depth,5,0.0,0.0,0.0,full_depth_depth3_rep05,94005,1014.489726377019
relu,1,depth3,3,1020.3616576851365,69,13.951304197311401,100,0.1,0.1,0.1,discrete,depth,5,0.0,0.0,0.0,full_depth_depth3_rep05,94005,1020.3616576851365
relu,1,depth3,3,1010.2520832070803,70,14.369699001312256,100,0.1,0.1,0.1,discrete,depth,5,0.0,0.0,0.0,full_depth_depth3_rep05,94005,1010.2520832070803
relu,1,depth3,3,1003.8659433282021,71,14.234720945358276,100,0.08,0.08,0.08,discrete,depth,5,0.0,0.0,0.0,full_depth_depth3_rep05,94005,1003.8659433282021
relu,1,depth3,3,1001.6981718280659,72,14.947613954544067,100,0.08,0.08,0.08,discrete,depth,5,0.0,0.0,0.0,full_depth_depth3_rep05,94005,1001.6981718280659
relu,1,depth3,3,1000.4735759665995,73,14.173991918563843,100,0.08,0.08,0.08,discrete,depth,5,0.0,0.0,0.0,full_depth_depth3_rep05,94005,1000.4735759665995
relu,1,depth3,3,996.7820895378572,74,14.920960187911987,100,0.08,0.08,0.08,discrete,depth,5,0.0,0.0,0.0,full_depth_depth3_rep05,94005,996.7820895378572
relu,1,depth3,3,1007.4807275699153,75,14.891507863998413,100,0.08,0.08,0.08,discrete,depth,5,0.0,0.0,0.0,full_depth_depth3_rep05,94005,1007.4807275699153
relu,1,depth3,3,1001.248268106563,76,14.361642122268677,100,0.08,0.08,0.08,discrete,depth,5,0.0,0.0,0.0,full_depth_depth3_rep05,94005,1001.248268106563
relu,1,depth3,3,994.323866505447,77,14.906991004943848,100,0.08,0.08,0.08,discrete,depth,5,0.0,0.0,0.0,full_depth_depth3_rep05,94005,994.323866505447
relu,1,depth3,3,998.900994676664,78,14.195300102233887,100,0.08,0.08,0.08,discrete,depth,5,0.0,0.0,0.0,full_depth_depth3_rep05,94005,998.900994676664
relu,1,depth3,3,1002.053908864467,79,14.932845830917358,100,0.08,0.08,0.08,discrete,depth,5,0.0,0.0,0.0,full_depth_depth3_rep05,94005,1002.053908864467
relu,1,depth3,3,998.8011687272966,80,14.863234043121338,100,0.08,0.08,0.08,discrete,depth,5,0.0,0.0,0.0,full_depth_depth3_rep05,94005,998.8011687272966
relu,1,depth3,3,976.7002115913982,81,14.446058988571167,100,0.06,0.06,0.06,discrete,depth,5,0.0,0.0,0.0,full_depth_depth3_rep05,94005,976.7002115913982
relu,1,depth3,3,986.70804966033,82,15.074151039123535,100,0.06,0.06,0.06,discrete,depth,5,0.0,0.0,0.0,full_depth_depth3_rep05,94005,986.70804966033
relu,1,depth3,3,988.8244630714381,83,14.25089693069458,100,0.06,0.06,0.06,discrete,depth,5,0.0,0.0,0.0,full_depth_depth3_rep05,94005,988.8244630714381
relu,1,depth3,3,979.5480775254448,84,14.947629928588867,100,0.06,0.06,0.06,discrete,depth,5,0.0,0.0,0.0,full_depth_depth3_rep05,94005,979.5480775254448
relu,1,depth3,3,981.21335078108,85,15.0696280002594,100,0.06,0.06,0.06,discrete,depth,5,0.0,0.0,0.0,full_depth_depth3_rep05,94005,981.21335078108
relu,1,depth3,3,988.0478415127495,86,14.220205068588257,100,0.06,0.06,0.06,discrete,depth,5,0.0,0.0,0.0,full_depth_depth3_rep05,94005,988.0478415127495
relu,1,depth3,3,987.7754828290235,87,15.162261962890625,100,0.06,0.06,0.06,discrete,depth,5,0.0,0.0,0.0,full_depth_depth3_rep05,94005,987.7754828290235
relu,1,depth3,3,991.6406814221539,88,14.467383861541748,100,0.06,0.06,0.06,discrete,depth,5,0.0,0.0,0.0,full_depth_depth3_rep05,94005,991.6406814221539
relu,1,depth3,3,978.7175972635617,89,15.138227939605713,100,0.06,0.06,0.06,discrete,depth,5,0.0,0.0,0.0,full_depth_depth3_rep05,94005,978.7175972635617
relu,1,depth3,3,982.8881333471899,90,14.460467100143433,100,0.06,0.06,0.06,discrete,depth,5,0.0,0.0,0.0,full_depth_depth3_rep05,94005,982.8881333471899
relu,1,depth3,3,981.6337352728738,91,15.053544998168945,100,0.04,0.04,0.04,discrete,depth,5,0.0,0.0,0.0,full_depth_depth3_rep05,94005,981.6337352728738
relu,1,depth3,3,974.6892774088351,92,15.130398035049438,100,0.04,0.04,0.04,discrete,depth,5,0.0,0.0,0.0,full_depth_depth3_rep05,94005,974.6892774088351
relu,1,depth3,3,979.0375221126901,93,14.295569896697998,100,0.04,0.04,0.04,discrete,depth,5,0.0,0.0,0.0,full_depth_depth3_rep05,94005,979.0375221126901
relu,1,depth3,3,980.3019855021998,94,15.131124019622803,100,0.04,0.04,0.04,discrete,depth,5,0.0,0.0,0.0,full_depth_depth3_rep05,94005,980.3019855021998
relu,1,depth3,3,968.0753620629772,95,14.988614797592163,100,0.04,0.04,0.04,discrete,depth,5,0.0,0.0,0.0,full_depth_depth3_rep05,94005,968.0753620629772
relu,1,depth3,3,973.2369881789897,96,14.346429824829102,100,0.04,0.04,0.04,discrete,depth,5,0.0,0.0,0.0,full_depth_depth3_rep05,94005,973.2369881789897
relu,1,depth3,3,979.675509609711,97,15.121847867965698,100,0.04,0.04,0.04,discrete,depth,5,0.0,0.0,0.0,full_depth_depth3_rep05,94005,979.675509609711
relu,1,depth3,3,968.4988103580843,98,14.429859161376953,100,0.04,0.04,0.04,discrete,depth,5,0.0,0.0,0.0,full_depth_depth3_rep05,94005,968.4988103580843
relu,1,depth3,3,972.6944339357644,99,15.005512952804565,100,0.04,0.04,0.04,discrete,depth,5,0.0,0.0,0.0,full_depth_depth3_rep05,94005,972.6944339357644
relu,1,depth3,3,973.9334653059594,100,14.591118097305298,100,0.04,0.04,0.04,discrete,depth,5,0.0,0.0,0.0,full_depth_depth3_rep05,94005,973.9334653059594
relu,1,depth3,3,980.0740658242225,101,14.875651836395264,100,0.02,0.02,0.02,discrete,depth,5,0.0,0.0,0.0,full_depth_depth3_rep05,94005,980.0740658242225
relu,1,depth3,3,963.5251536043089,102,15.667244911193848,100,0.02,0.02,0.02,discrete,depth,5,0.0,0.0,0.0,full_depth_depth3_rep05,94005,963.5251536043089
relu,1,depth3,3,972.3406106032367,103,15.061378955841064,100,0.02,0.02,0.02,discrete,depth,5,0.0,0.0,0.0,full_depth_depth3_rep05,94005,972.3406106032367
relu,1,depth3,3,975.0825299716842,104,15.13913607597351,100,0.02,0.02,0.02,discrete,depth,5,0.0,0.0,0.0,full_depth_depth3_rep05,94005,975.0825299716842
relu,1,depth3,3,963.3463842215074,105,15.492803812026978,100,0.02,0.02,0.02,discrete,depth,5,0.0,0.0,0.0,full_depth_depth3_rep05,94005,963.3463842215074
relu,1,depth3,3,981.3392634141256,106,14.622956991195679,100,0.02,0.02,0.02,discrete,depth,5,0.0,0.0,0.0,full_depth_depth3_rep05,94005,981.3392634141256
relu,1,depth3,3,966.2074136061483,107,15.445626020431519,100,0.02,0.02,0.02,discrete,depth,5,0.0,0.0,0.0,full_depth_depth3_rep05,94005,966.2074136061483
relu,1,depth3,3,977.2739580186801,108,15.469498872756958,100,0.02,0.02,0.02,discrete,depth,5,0.0,0.0,0.0,full_depth_depth3_rep05,94005,977.2739580186801
relu,1,depth3,3,961.8384185516593,109,14.926878213882446,100,0.02,0.02,0.02,discrete,depth,5,0.0,0.0,0.0,full_depth_depth3_rep05,94005,961.8384185516593
relu,1,depth3,3,972.2040276958417,110,15.549798011779785,100,0.02,0.02,0.02,discrete,depth,5,0.0,0.0,0.0,full_depth_depth3_rep05,94005,972.2040276958417
relu,1,depth3,3,957.2654969377118,111,16.054419994354248,100,0.01,0.01,0.01,discrete,depth,5,0.0,0.0,0.0,full_depth_depth3_rep05,94005,957.2654969377118
relu,1,depth3,3,958.4373680229565,112,15.326042175292969,100,0.01,0.01,0.01,discrete,depth,5,0.0,0.0,0.0,full_depth_depth3_rep05,94005,958.4373680229565
relu,1,depth3,3,963.1875728674448,113,16.082043886184692,100,0.01,0.01,0.01,discrete,depth,5,0.0,0.0,0.0,full_depth_depth3_rep05,94005,963.1875728674448
relu,1,depth3,3,940.6224405833668,114,15.73817491531372,100,0.01,0.01,0.01,discrete,depth,5,0.0,0.0,0.0,full_depth_depth3_rep05,94005,940.6224405833668
relu,1,depth3,3,898.6166162955236,115,15.872374057769775,100,0.01,0.01,0.01,discrete,depth,5,0.0,0.0,0.0,full_depth_depth3_rep05,94005,898.6166162955236
relu,1,depth3,3,904.6421288257922,116,16.076435804367065,100,0.01,0.01,0.01,discrete,depth,5,0.0,0.0,0.0,full_depth_depth3_rep05,94005,904.6421288257922
relu,1,depth3,3,909.8131677105197,117,15.504210948944092,100,0.01,0.01,0.01,discrete,depth,5,0.0,0.0,0.0,full_depth_depth3_rep05,94005,909.8131677105197
relu,1,depth3,3,906.4483158998107,118,15.836915969848633,100,0.01,0.01,0.01,discrete,depth,5,0.0,0.0,0.0,full_depth_depth3_rep05,94005,906.4483158998107
relu,1,depth3,3,901.2163645079868,119,16.06812286376953,100,0.01,0.01,0.01,discrete,depth,5,0.0,0.0,0.0,full_depth_depth3_rep05,94005,901.2163645079868
relu,1,depth3,3,903.7791683309846,120,15.470165967941284,100,0.01,0.01,0.01,discrete,depth,5,0.0,0.0,0.0,full_depth_depth3_rep05,94005,903.7791683309846
relu,1,depth3,3,892.5531576939069,121,13.036489963531494,100,0.01,0.01,0.0,discrete,depth,5,0.0,0.0,0.0,full_depth_depth3_rep05,94005,892.5531576939069
relu,1,depth3,3,879.3122646376592,122,10.223342895507812,100,0.01,0.01,0.0,discrete,depth,5,0.0,0.0,0.0,full_depth_depth3_rep05,94005,879.3122646376592
relu,1,depth3,3,888.3107265995998,123,10.715059041976929,100,0.01,0.01,0.0,discrete,depth,5,0.0,0.0,0.0,full_depth_depth3_rep05,94005,888.3107265995998
relu,1,depth3,3,894.4731723549211,124,10.571156024932861,100,0.01,0.01,0.0,discrete,depth,5,0.0,0.0,0.0,full_depth_depth3_rep05,94005,894.4731723549211
relu,1,depth3,3,893.2753506037319,125,10.201664924621582,100,0.01,0.01,0.0,discrete,depth,5,0.0,0.0,0.0,full_depth_depth3_rep05,94005,893.2753506037319
relu,1,depth3,3,880.4105962657502,126,11.367578983306885,100,0.01,0.01,0.0,discrete,depth,5,0.0,0.0,0.0,full_depth_depth3_rep05,94005,880.4105962657502
relu,1,depth3,3,885.3442479335113,127,11.901145935058594,100,0.01,0.01,0.0,discrete,depth,5,0.0,0.0,0.0,full_depth_depth3_rep05,94005,885.3442479335113
relu,1,depth3,3,882.3057460766494,128,11.780176877975464,100,0.01,0.01,0.0,discrete,depth,5,0.0,0.0,0.0,full_depth_depth3_rep05,94005,882.3057460766494
relu,1,depth3,3,880.743149853761,129,11.990774154663086,100,0.01,0.01,0.0,discrete,depth,5,0.0,0.0,0.0,full_depth_depth3_rep05,94005,880.743149853761
relu,1,depth3,3,885.6287438042767,130,12.454041957855225,100,0.01,0.01,0.0,discrete,depth,5,0.0,0.0,0.0,full_depth_depth3_rep05,94005,885.6287438042767
relu,1,depth3,3,2065.540153028788,1,57.284148931503296,100,1.0,1.0,1.0,discrete,depth,6,0.0,0.0,0.0,full_depth_depth3_rep06,94006,2065.540153028788
relu,1,depth3,3,1011.3877312949136,2,15.212141990661621,100,1.0,1.0,1.0,discrete,depth,6,0.0,0.0,0.0,full_depth_depth3_rep06,94006,1011.3877312949136
relu,1,depth3,3,986.1177030982257,3,14.953256130218506,100,1.0,1.0,1.0,discrete,depth,6,0.0,0.0,0.0,full_depth_depth3_rep06,94006,986.1177030982257
relu,1,depth3,3,984.3483744327693,4,14.027112007141113,100,1.0,1.0,1.0,discrete,depth,6,0.0,0.0,0.0,full_depth_depth3_rep06,94006,984.3483744327693
relu,1,depth3,3,985.4424941662984,5,14.990901947021484,100,1.0,1.0,1.0,discrete,depth,6,0.0,0.0,0.0,full_depth_depth3_rep06,94006,985.4424941662984
relu,1,depth3,3,984.1061592219053,6,14.264132022857666,100,1.0,1.0,1.0,discrete,depth,6,0.0,0.0,0.0,full_depth_depth3_rep06,94006,984.1061592219053
relu,1,depth3,3,982.820751595484,7,14.447636127471924,100,1.0,1.0,1.0,discrete,depth,6,0.0,0.0,0.0,full_depth_depth3_rep06,94006,982.820751595484
relu,1,depth3,3,981.9570585056691,8,14.854938983917236,100,1.0,1.0,1.0,discrete,depth,6,0.0,0.0,0.0,full_depth_depth3_rep06,94006,981.9570585056691
relu,1,depth3,3,981.144167447777,9,13.999024868011475,100,1.0,1.0,1.0,discrete,depth,6,0.0,0.0,0.0,full_depth_depth3_rep06,94006,981.144167447777
relu,1,depth3,3,980.5845378788591,10,14.70360803604126,100,1.0,1.0,1.0,discrete,depth,6,0.0,0.0,0.0,full_depth_depth3_rep06,94006,980.5845378788591
relu,1,depth3,3,979.8779585634043,11,14.08128809928894,100,1.0,1.0,1.0,discrete,depth,6,0.0,0.0,0.0,full_depth_depth3_rep06,94006,979.8779585634043
relu,1,depth3,3,979.0869906683714,12,14.514545917510986,100,1.0,1.0,1.0,discrete,depth,6,0.0,0.0,0.0,full_depth_depth3_rep06,94006,979.0869906683714
relu,1,depth3,3,978.3132013360606,13,13.997427940368652,100,1.0,1.0,1.0,discrete,depth,6,0.0,0.0,0.0,full_depth_depth3_rep06,94006,978.3132013360606
relu,1,depth3,3,977.4893731656663,14,14.589392900466919,100,1.0,1.0,1.0,discrete,depth,6,0.0,0.0,0.0,full_depth_depth3_rep06,94006,977.4893731656663
relu,1,depth3,3,976.690521889725,15,14.03860592842102,100,1.0,1.0,1.0,discrete,depth,6,0.0,0.0,0.0,full_depth_depth3_rep06,94006,976.690521889725
relu,1,depth3,3,976.0733253143022,16,14.613625049591064,100,1.0,1.0,1.0,discrete,depth,6,0.0,0.0,0.0,full_depth_depth3_rep06,94006,976.0733253143022
relu,1,depth3,3,975.356634670118,17,14.656240940093994,100,1.0,1.0,1.0,discrete,depth,6,0.0,0.0,0.0,full_depth_depth3_rep06,94006,975.356634670118
relu,1,depth3,3,974.9760460492262,18,13.972214221954346,100,1.0,1.0,1.0,discrete,depth,6,0.0,0.0,0.0,full_depth_depth3_rep06,94006,974.9760460492262
relu,1,depth3,3,974.4203174320003,19,14.671946048736572,100,1.0,1.0,1.0,discrete,depth,6,0.0,0.0,0.0,full_depth_depth3_rep06,94006,974.4203174320003
relu,1,depth3,3,973.9889792569044,20,13.95285415649414,100,1.0,1.0,1.0,discrete,depth,6,0.0,0.0,0.0,full_depth_depth3_rep06,94006,973.9889792569044
relu,1,depth3,3,1052.031766156042,21,14.629611015319824,100,0.8,0.8,0.8,discrete,depth,6,0.0,0.0,0.0,full_depth_depth3_rep06,94006,1052.031766156042
relu,1,depth3,3,1051.9588003795843,22,14.001615047454834,100,0.8,0.8,0.8,discrete,depth,6,0.0,0.0,0.0,full_depth_depth3_rep06,94006,1051.9588003795843
relu,1,depth3,3,1051.4462437737075,23,14.42822813987732,100,0.8,0.8,0.8,discrete,depth,6,0.0,0.0,0.0,full_depth_depth3_rep06,94006,1051.4462437737075
relu,1,depth3,3,1050.9453555131702,24,13.899537086486816,100,0.8,0.8,0.8,discrete,depth,6,0.0,0.0,0.0,full_depth_depth3_rep06,94006,1050.9453555131702
relu,1,depth3,3,1050.4580205970167,25,14.43982481956482,100,0.8,0.8,0.8,discrete,depth,6,0.0,0.0,0.0,full_depth_depth3_rep06,94006,1050.4580205970167
relu,1,depth3,3,1050.0659523584372,26,14.021411895751953,100,0.8,0.8,0.8,discrete,depth,6,0.0,0.0,0.0,full_depth_depth3_rep06,94006,1050.0659523584372
relu,1,depth3,3,1049.5731613674789,27,14.549855947494507,100,0.8,0.8,0.8,discrete,depth,6,0.0,0.0,0.0,full_depth_depth3_rep06,94006,1049.5731613674789
relu,1,depth3,3,1049.3434348014484,28,14.132179975509644,100,0.8,0.8,0.8,discrete,depth,6,0.0,0.0,0.0,full_depth_depth3_rep06,94006,1049.3434348014484
relu,1,depth3,3,1049.1628489745688,29,14.606359958648682,100,0.8,0.8,0.8,discrete,depth,6,0.0,0.0,0.0,full_depth_depth3_rep06,94006,1049.1628489745688
relu,1,depth3,3,1048.9753289677562,30,14.662788152694702,100,0.8,0.8,0.8,discrete,depth,6,0.0,0.0,0.0,full_depth_depth3_rep06,94006,1048.9753289677562
relu,1,depth3,3,1105.632124271014,31,13.955745935440063,100,0.6,0.6,0.6,discrete,depth,6,0.0,0.0,0.0,full_depth_depth3_rep06,94006,1105.632124271014
relu,1,depth3,3,1105.9974822459983,32,14.670320987701416,100,0.6,0.6,0.6,discrete,depth,6,0.0,0.0,0.0,full_depth_depth3_rep06,94006,1105.9974822459983
relu,1,depth3,3,1105.7406363606547,33,13.983925104141235,100,0.6,0.6,0.6,discrete,depth,6,0.0,0.0,0.0,full_depth_depth3_rep06,94006,1105.7406363606547
relu,1,depth3,3,1105.396189957454,34,14.582193851470947,100,0.6,0.6,0.6,discrete,depth,6,0.0,0.0,0.0,full_depth_depth3_rep06,94006,1105.396189957454
relu,1,depth3,3,1105.1221791696146,35,14.726577043533325,100,0.6,0.6,0.6,discrete,depth,6,0.0,0.0,0.0,full_depth_depth3_rep06,94006,1105.1221791696146
relu,1,depth3,3,1104.7134175704464,36,13.924029111862183,100,0.6,0.6,0.6,discrete,depth,6,0.0,0.0,0.0,full_depth_depth3_rep06,94006,1104.7134175704464
relu,1,depth3,3,1104.7817597999244,37,14.698649883270264,100,0.6,0.6,0.6,discrete,depth,6,0.0,0.0,0.0,full_depth_depth3_rep06,94006,1104.7817597999244
relu,1,depth3,3,1104.495489727462,38,13.992000818252563,100,0.6,0.6,0.6,discrete,depth,6,0.0,0.0,0.0,full_depth_depth3_rep06,94006,1104.495489727462
relu,1,depth3,3,1104.2364087135372,39,14.390335083007812,100,0.6,0.6,0.6,discrete,depth,6,0.0,0.0,0.0,full_depth_depth3_rep06,94006,1104.2364087135372
relu,1,depth3,3,1104.0473922775784,40,14.124752044677734,100,0.6,0.6,0.6,discrete,depth,6,0.0,0.0,0.0,full_depth_depth3_rep06,94006,1104.0473922775784
relu,1,depth3,3,1130.3449984188005,41,14.69271206855774,100,0.4,0.4,0.4,discrete,depth,6,0.0,0.0,0.0,full_depth_depth3_rep06,94006,1130.3449984188005
relu,1,depth3,3,1130.5626325661383,42,13.838124990463257,100,0.4,0.4,0.4,discrete,depth,6,0.0,0.0,0.0,full_depth_depth3_rep06,94006,1130.5626325661383
relu,1,depth3,3,1130.3162131895779,43,14.686645984649658,100,0.4,0.4,0.4,discrete,depth,6,0.0,0.0,0.0,full_depth_depth3_rep06,94006,1130.3162131895779
relu,1,depth3,3,1130.1147988523346,44,14.313393115997314,100,0.4,0.4,0.4,discrete,depth,6,0.0,0.0,0.0,full_depth_depth3_rep06,94006,1130.1147988523346
relu,1,depth3,3,1130.0647320154487,45,14.661614894866943,100,0.4,0.4,0.4,discrete,depth,6,0.0,0.0,0.0,full_depth_depth3_rep06,94006,1130.0647320154487
relu,1,depth3,3,1129.9030091944953,46,13.928153038024902,100,0.4,0.4,0.4,discrete,depth,6,0.0,0.0,0.0,full_depth_depth3_rep06,94006,1129.9030091944953
relu,1,depth3,3,1129.5032030394389,47,14.759077072143555,100,0.4,0.4,0.4,discrete,depth,6,0.0,0.0,0.0,full_depth_depth3_rep06,94006,1129.5032030394389
relu,1,depth3,3,1129.3471807155229,48,14.175395965576172,100,0.4,0.4,0.4,discrete,depth,6,0.0,0.0,0.0,full_depth_depth3_rep06,94006,1129.3471807155229
relu,1,depth3,3,1129.2877725513235,49,14.679660081863403,100,0.4,0.4,0.4,discrete,depth,6,0.0,0.0,0.0,full_depth_depth3_rep06,94006,1129.2877725513235
relu,1,depth3,3,1129.173131589847,50,14.690173864364624,100,0.4,0.4,0.4,discrete,depth,6,0.0,0.0,0.0,full_depth_depth3_rep06,94006,1129.173131589847
relu,1,depth3,3,1100.1646814970475,51,13.946933031082153,100,0.2,0.2,0.2,discrete,depth,6,0.0,0.0,0.0,full_depth_depth3_rep06,94006,1100.1646814970475
relu,1,depth3,3,1101.8273907956616,52,14.706811904907227,100,0.2,0.2,0.2,discrete,depth,6,0.0,0.0,0.0,full_depth_depth3_rep06,94006,1101.8273907956616
relu,1,depth3,3,1101.8253077807385,53,13.979153871536255,100,0.2,0.2,0.2,discrete,depth,6,0.0,0.0,0.0,full_depth_depth3_rep06,94006,1101.8253077807385
relu,1,depth3,3,1102.3236674987645,54,14.590699911117554,100,0.2,0.2,0.2,discrete,depth,6,0.0,0.0,0.0,full_depth_depth3_rep06,94006,1102.3236674987645
relu,1,depth3,3,1101.8803691475268,55,13.745744943618774,100,0.2,0.2,0.2,discrete,depth,6,0.0,0.0,0.0,full_depth_depth3_rep06,94006,1101.8803691475268
relu,1,depth3,3,1101.7041349788005,56,14.368045091629028,100,0.2,0.2,0.2,discrete,depth,6,0.0,0.0,0.0,full_depth_depth3_rep06,94006,1101.7041349788005
relu,1,depth3,3,1101.559120381708,57,14.006171941757202,100,0.2,0.2,0.2,discrete,depth,6,0.0,0.0,0.0,full_depth_depth3_rep06,94006,1101.559120381708
relu,1,depth3,3,1101.4749885069089,58,14.395148992538452,100,0.2,0.2,0.2,discrete,depth,6,0.0,0.0,0.0,full_depth_depth3_rep06,94006,1101.4749885069089
relu,1,depth3,3,1101.6283413288108,59,13.946088075637817,100,0.2,0.2,0.2,discrete,depth,6,0.0,0.0,0.0,full_depth_depth3_rep06,94006,1101.6283413288108
relu,1,depth3,3,1101.6985695193696,60,14.360203981399536,100,0.2,0.2,0.2,discrete,depth,6,0.0,0.0,0.0,full_depth_depth3_rep06,94006,1101.6985695193696
relu,1,depth3,3,1050.335262877955,61,15.241463899612427,100,0.1,0.1,0.1,discrete,depth,6,0.0,0.0,0.0,full_depth_depth3_rep06,94006,1050.335262877955
relu,1,depth3,3,1048.0441943081344,62,14.300970077514648,100,0.1,0.1,0.1,discrete,depth,6,0.0,0.0,0.0,full_depth_depth3_rep06,94006,1048.0441943081344
relu,1,depth3,3,1055.9830634177604,63,15.005942106246948,100,0.1,0.1,0.1,discrete,depth,6,0.0,0.0,0.0,full_depth_depth3_rep06,94006,1055.9830634177604
relu,1,depth3,3,1047.420947256883,64,14.325934886932373,100,0.1,0.1,0.1,discrete,depth,6,0.0,0.0,0.0,full_depth_depth3_rep06,94006,1047.420947256883
relu,1,depth3,3,1050.1767466576487,65,14.807713031768799,100,0.1,0.1,0.1,discrete,depth,6,0.0,0.0,0.0,full_depth_depth3_rep06,94006,1050.1767466576487
relu,1,depth3,3,1046.893523774745,66,14.351446151733398,100,0.1,0.1,0.1,discrete,depth,6,0.0,0.0,0.0,full_depth_depth3_rep06,94006,1046.893523774745
relu,1,depth3,3,1054.695735800044,67,14.388604879379272,100,0.1,0.1,0.1,discrete,depth,6,0.0,0.0,0.0,full_depth_depth3_rep06,94006,1054.695735800044
relu,1,depth3,3,1046.6740357185643,68,14.792918920516968,100,0.1,0.1,0.1,discrete,depth,6,0.0,0.0,0.0,full_depth_depth3_rep06,94006,1046.6740357185643
relu,1,depth3,3,1050.5050394628902,69,13.882343053817749,100,0.1,0.1,0.1,discrete,depth,6,0.0,0.0,0.0,full_depth_depth3_rep06,94006,1050.5050394628902
relu,1,depth3,3,1048.5124169647477,70,14.846104860305786,100,0.1,0.1,0.1,discrete,depth,6,0.0,0.0,0.0,full_depth_depth3_rep06,94006,1048.5124169647477
relu,1,depth3,3,1038.482715160371,71,14.392436981201172,100,0.08,0.08,0.08,discrete,depth,6,0.0,0.0,0.0,full_depth_depth3_rep06,94006,1038.482715160371
relu,1,depth3,3,1032.2085834048473,72,15.051145792007446,100,0.08,0.08,0.08,discrete,depth,6,0.0,0.0,0.0,full_depth_depth3_rep06,94006,1032.2085834048473
relu,1,depth3,3,1041.8668079099316,73,14.4135000705719,100,0.08,0.08,0.08,discrete,depth,6,0.0,0.0,0.0,full_depth_depth3_rep06,94006,1041.8668079099316
relu,1,depth3,3,1045.924121463805,74,14.945281028747559,100,0.08,0.08,0.08,discrete,depth,6,0.0,0.0,0.0,full_depth_depth3_rep06,94006,1045.924121463805
relu,1,depth3,3,1043.145696022426,75,15.060476064682007,100,0.08,0.08,0.08,discrete,depth,6,0.0,0.0,0.0,full_depth_depth3_rep06,94006,1043.145696022426
relu,1,depth3,3,1035.121164607364,76,14.180484056472778,100,0.08,0.08,0.08,discrete,depth,6,0.0,0.0,0.0,full_depth_depth3_rep06,94006,1035.121164607364
relu,1,depth3,3,1034.2930046300435,77,15.031244039535522,100,0.08,0.08,0.08,discrete,depth,6,0.0,0.0,0.0,full_depth_depth3_rep06,94006,1034.2930046300435
relu,1,depth3,3,1037.3000982981287,78,14.346446990966797,100,0.08,0.08,0.08,discrete,depth,6,0.0,0.0,0.0,full_depth_depth3_rep06,94006,1037.3000982981287
relu,1,depth3,3,1036.6148594728554,79,14.64642882347107,100,0.08,0.08,0.08,discrete,depth,6,0.0,0.0,0.0,full_depth_depth3_rep06,94006,1036.6148594728554
relu,1,depth3,3,1036.653736464203,80,14.938781976699829,100,0.08,0.08,0.08,discrete,depth,6,0.0,0.0,0.0,full_depth_depth3_rep06,94006,1036.653736464203
relu,1,depth3,3,1022.8132353704548,81,13.747629880905151,100,0.06,0.06,0.06,discrete,depth,6,0.0,0.0,0.0,full_depth_depth3_rep06,94006,1022.8132353704548
relu,1,depth3,3,1019.6353138347563,82,14.939998149871826,100,0.06,0.06,0.06,discrete,depth,6,0.0,0.0,0.0,full_depth_depth3_rep06,94006,1019.6353138347563
relu,1,depth3,3,1013.6733705390242,83,13.774855136871338,100,0.06,0.06,0.06,discrete,depth,6,0.0,0.0,0.0,full_depth_depth3_rep06,94006,1013.6733705390242
relu,1,depth3,3,1017.5435694826726,84,14.868586778640747,100,0.06,0.06,0.06,discrete,depth,6,0.0,0.0,0.0,full_depth_depth3_rep06,94006,1017.5435694826726
relu,1,depth3,3,1016.9637715387851,85,14.28714895248413,100,0.06,0.06,0.06,discrete,depth,6,0.0,0.0,0.0,full_depth_depth3_rep06,94006,1016.9637715387851
relu,1,depth3,3,1012.5740751869823,86,15.057175159454346,100,0.06,0.06,0.06,discrete,depth,6,0.0,0.0,0.0,full_depth_depth3_rep06,94006,1012.5740751869823
relu,1,depth3,3,1013.3078526261365,87,13.808289051055908,100,0.06,0.06,0.06,discrete,depth,6,0.0,0.0,0.0,full_depth_depth3_rep06,94006,1013.3078526261365
relu,1,depth3,3,1025.1080023311138,88,14.851875066757202,100,0.06,0.06,0.06,discrete,depth,6,0.0,0.0,0.0,full_depth_depth3_rep06,94006,1025.1080023311138
relu,1,depth3,3,1012.8748629976182,89,14.286752223968506,100,0.06,0.06,0.06,discrete,depth,6,0.0,0.0,0.0,full_depth_depth3_rep06,94006,1012.8748629976182
relu,1,depth3,3,1017.3137409432471,90,14.911410093307495,100,0.06,0.06,0.06,discrete,depth,6,0.0,0.0,0.0,full_depth_depth3_rep06,94006,1017.3137409432471
relu,1,depth3,3,1000.3578703935882,91,15.205909967422485,100,0.04,0.04,0.04,discrete,depth,6,0.0,0.0,0.0,full_depth_depth3_rep06,94006,1000.3578703935882
relu,1,depth3,3,1006.0181178697931,92,14.409698009490967,100,0.04,0.04,0.04,discrete,depth,6,0.0,0.0,0.0,full_depth_depth3_rep06,94006,1006.0181178697931
relu,1,depth3,3,1006.7865389078863,93,15.029749155044556,100,0.04,0.04,0.04,discrete,depth,6,0.0,0.0,0.0,full_depth_depth3_rep06,94006,1006.7865389078863
relu,1,depth3,3,1006.1561062234667,94,14.618324041366577,100,0.04,0.04,0.04,discrete,depth,6,0.0,0.0,0.0,full_depth_depth3_rep06,94006,1006.1561062234667
relu,1,depth3,3,1003.9998758878838,95,15.155615091323853,100,0.04,0.04,0.04,discrete,depth,6,0.0,0.0,0.0,full_depth_depth3_rep06,94006,1003.9998758878838
relu,1,depth3,3,997.9498917677639,96,14.675066947937012,100,0.04,0.04,0.04,discrete,depth,6,0.0,0.0,0.0,full_depth_depth3_rep06,94006,997.9498917677639
relu,1,depth3,3,1005.2970869409836,97,15.146058082580566,100,0.04,0.04,0.04,discrete,depth,6,0.0,0.0,0.0,full_depth_depth3_rep06,94006,1005.2970869409836
relu,1,depth3,3,990.8576754810686,98,15.20765495300293,100,0.04,0.04,0.04,discrete,depth,6,0.0,0.0,0.0,full_depth_depth3_rep06,94006,990.8576754810686
relu,1,depth3,3,998.8705706898565,99,14.383607864379883,100,0.04,0.04,0.04,discrete,depth,6,0.0,0.0,0.0,full_depth_depth3_rep06,94006,998.8705706898565
relu,1,depth3,3,995.9887683898987,100,15.126511812210083,100,0.04,0.04,0.04,discrete,depth,6,0.0,0.0,0.0,full_depth_depth3_rep06,94006,995.9887683898987
relu,1,depth3,3,979.4602269083703,101,15.325423002243042,100,0.02,0.02,0.02,discrete,depth,6,0.0,0.0,0.0,full_depth_depth3_rep06,94006,979.4602269083703
relu,1,depth3,3,977.8828233372172,102,15.985318899154663,100,0.02,0.02,0.02,discrete,depth,6,0.0,0.0,0.0,full_depth_depth3_rep06,94006,977.8828233372172
relu,1,depth3,3,978.9442503940849,103,15.895636081695557,100,0.02,0.02,0.02,discrete,depth,6,0.0,0.0,0.0,full_depth_depth3_rep06,94006,978.9442503940849
relu,1,depth3,3,968.4991018285544,104,15.219472169876099,100,0.02,0.02,0.02,discrete,depth,6,0.0,0.0,0.0,full_depth_depth3_rep06,94006,968.4991018285544
relu,1,depth3,3,969.1959683632678,105,16.03365397453308,100,0.02,0.02,0.02,discrete,depth,6,0.0,0.0,0.0,full_depth_depth3_rep06,94006,969.1959683632678
relu,1,depth3,3,959.0074779522621,106,15.393516063690186,100,0.02,0.02,0.02,discrete,depth,6,0.0,0.0,0.0,full_depth_depth3_rep06,94006,959.0074779522621
relu,1,depth3,3,962.1782984588409,107,15.657194137573242,100,0.02,0.02,0.02,discrete,depth,6,0.0,0.0,0.0,full_depth_depth3_rep06,94006,962.1782984588409
relu,1,depth3,3,965.5948956705299,108,16.01781916618347,100,0.02,0.02,0.02,discrete,depth,6,0.0,0.0,0.0,full_depth_depth3_rep06,94006,965.5948956705299
relu,1,depth3,3,969.5708072587987,109,15.257658958435059,100,0.02,0.02,0.02,discrete,depth,6,0.0,0.0,0.0,full_depth_depth3_rep06,94006,969.5708072587987
relu,1,depth3,3,959.7413025196182,110,15.9301118850708,100,0.02,0.02,0.02,discrete,depth,6,0.0,0.0,0.0,full_depth_depth3_rep06,94006,959.7413025196182
relu,1,depth3,3,949.8396349835526,111,16.330209016799927,100,0.01,0.01,0.01,discrete,depth,6,0.0,0.0,0.0,full_depth_depth3_rep06,94006,949.8396349835526
relu,1,depth3,3,945.9533693179017,112,15.769195079803467,100,0.01,0.01,0.01,discrete,depth,6,0.0,0.0,0.0,full_depth_depth3_rep06,94006,945.9533693179017
relu,1,depth3,3,959.0205618859263,113,16.514442920684814,100,0.01,0.01,0.01,discrete,depth,6,0.0,0.0,0.0,full_depth_depth3_rep06,94006,959.0205618859263
relu,1,depth3,3,953.901380636354,114,15.99419093132019,100,0.01,0.01,0.01,discrete,depth,6,0.0,0.0,0.0,full_depth_depth3_rep06,94006,953.901380636354
relu,1,depth3,3,942.9892517115572,115,16.39768695831299,100,0.01,0.01,0.01,discrete,depth,6,0.0,0.0,0.0,full_depth_depth3_rep06,94006,942.9892517115572
relu,1,depth3,3,950.5039935742882,116,16.424160957336426,100,0.01,0.01,0.01,discrete,depth,6,0.0,0.0,0.0,full_depth_depth3_rep06,94006,950.5039935742882
relu,1,depth3,3,951.8655064236767,117,15.951400995254517,100,0.01,0.01,0.01,discrete,depth,6,0.0,0.0,0.0,full_depth_depth3_rep06,94006,951.8655064236767
relu,1,depth3,3,945.5194338565682,118,17.72402596473694,100,0.01,0.01,0.01,discrete,depth,6,0.0,0.0,0.0,full_depth_depth3_rep06,94006,945.5194338565682
relu,1,depth3,3,951.4142115939883,119,18.408049821853638,100,0.01,0.01,0.01,discrete,depth,6,0.0,0.0,0.0,full_depth_depth3_rep06,94006,951.4142115939883
relu,1,depth3,3,941.5994435912033,120,17.151427030563354,100,0.01,0.01,0.01,discrete,depth,6,0.0,0.0,0.0,full_depth_depth3_rep06,94006,941.5994435912033
relu,1,depth3,3,922.8826621608922,121,14.458176851272583,100,0.01,0.01,0.0,discrete,depth,6,0.0,0.0,0.0,full_depth_depth3_rep06,94006,922.8826621608922
relu,1,depth3,3,921.3465192391348,122,12.925984144210815,100,0.01,0.01,0.0,discrete,depth,6,0.0,0.0,0.0,full_depth_depth3_rep06,94006,921.3465192391348
relu,1,depth3,3,923.1376657396276,123,11.795649766921997,100,0.01,0.01,0.0,discrete,depth,6,0.0,0.0,0.0,full_depth_depth3_rep06,94006,923.1376657396276
relu,1,depth3,3,925.9315661756845,124,12.055723190307617,100,0.01,0.01,0.0,discrete,depth,6,0.0,0.0,0.0,full_depth_depth3_rep06,94006,925.9315661756845
relu,1,depth3,3,930.8201466135334,125,11.783370018005371,100,0.01,0.01,0.0,discrete,depth,6,0.0,0.0,0.0,full_depth_depth3_rep06,94006,930.8201466135334
relu,1,depth3,3,944.082497734462,126,10.367632865905762,100,0.01,0.01,0.0,discrete,depth,6,0.0,0.0,0.0,full_depth_depth3_rep06,94006,944.082497734462
relu,1,depth3,3,928.8765403028208,127,12.091232061386108,100,0.01,0.01,0.0,discrete,depth,6,0.0,0.0,0.0,full_depth_depth3_rep06,94006,928.8765403028208
relu,1,depth3,3,931.3049817352554,128,13.064900159835815,100,0.01,0.01,0.0,discrete,depth,6,0.0,0.0,0.0,full_depth_depth3_rep06,94006,931.3049817352554
relu,1,depth3,3,928.2289763310622,129,12.452733993530273,100,0.01,0.01,0.0,discrete,depth,6,0.0,0.0,0.0,full_depth_depth3_rep06,94006,928.2289763310622
relu,1,depth3,3,924.7821519998491,130,12.881561994552612,100,0.01,0.01,0.0,discrete,depth,6,0.0,0.0,0.0,full_depth_depth3_rep06,94006,924.7821519998491
