config_batch_size,config_context_terms,config_demand_power,config_depth,config_dropout,config_epochs,config_hidden_size,config_learning_rate,config_loss,config_mu,config_n_samples,config_rho,config_run_id,config_seed,config_sigma,config_solver,config_test_fraction,config_tolerance_absolute_floor,config_tolerance_relative,config_validation_fraction,elapsed_seconds,error,fallback_reason,finished_at,hostname,julia_version,pid,run_id,started_at,status,test_mae,test_mse,test_relative_mae,test_rmse,test_sample_count,test_tolerance_accuracy,train_mae,train_mse,train_relative_mae,train_rmse,train_sample_count,train_tolerance_accuracy,training_backend,validation_mae,validation_mse,validation_relative_mae,validation_rmse,validation_sample_count,validation_tolerance_accuracy,worker_id
32,3,1.0,2,0.0,100,64,0.0001,mse_scen,0.0,2000,0.0,run_0001_seed1,1,5.0,highs,0.15,1.0,0.1,0.15,36.818187781,,Training has not been implemented yet.,2026-05-01T16:35:51.086,instance-20260501-084214,1.12.6,14139,run_0001_seed1,2026-05-01T16:35:12.790,ok,5.777280221463638,53.00748777268037,0.0915490230040251,7.280624133457266,300,0.6197777777777778,5.606928046440312,50.00679929368202,0.08873171559770696,7.071548578188658,1400,0.6349047619047619,ContextualDFLTraining.supervised_mse_fallback,5.7203539381241715,52.84026371426016,0.08931930362701918,7.2691308775024925,300,0.6336666666666667,2
32,3,1.0,2,0.0,100,64,0.0001,mse_scen,0.0,2000,0.0,run_0002_seed2,2,5.0,highs,0.15,1.0,0.1,0.15,36.159971335,,Training has not been implemented yet.,2026-05-01T16:35:50.343,instance-20260501-084214,1.12.6,14163,run_0002_seed2,2026-05-01T16:35:12.778,ok,7.29862080000612,81.50717910969165,0.12248101946446174,9.028132647989375,300,0.4771111111111111,7.261206847136297,82.29648725025292,0.11912112440541815,9.071741136642565,1400,0.4856666666666667,ContextualDFLTraining.supervised_mse_fallback,7.474834822090026,86.59572995899582,0.12258373260137698,9.305682670228757,300,0.4713333333333333,3
32,3,1.0,2,0.0,100,64,0.0001,mse_scen,0.0,2000,0.0,run_0003_seed3,3,5.0,highs,0.15,1.0,0.1,0.15,37.060522371,,Training has not been implemented yet.,2026-05-01T16:35:51.146,instance-20260501-084214,1.12.6,14164,run_0003_seed3,2026-05-01T16:35:12.665,ok,6.615760894876557,68.08054636742463,0.10600641263725323,8.251093646749178,300,0.5447777777777778,6.63218472271434,70.1072903067542,0.10501344788061873,8.373009632548753,1400,0.5540714285714285,ContextualDFLTraining.supervised_mse_fallback,6.402865152963795,65.34894965927634,0.10135447522170427,8.083869720577908,300,0.5816666666666667,4
32,3,1.0,2,0.1,100,64,0.0001,mse_scen,0.0,2000,0.0,run_0004_seed1,1,5.0,highs,0.15,1.0,0.1,0.15,41.534826607,,Training has not been implemented yet.,2026-05-01T16:35:55.872,instance-20260501-084214,1.12.6,14165,run_0004_seed1,2026-05-01T16:35:12.671,ok,6.3486422903752,63.074941934417026,0.10036565918784113,7.941973428211469,300,0.5695555555555556,6.208872360830264,60.732043341515094,0.09804938657590355,7.793076628746512,1400,0.5835952380952381,ContextualDFLTraining.supervised_mse_fallback,6.343687958210382,64.57410553685341,0.09880983852479176,8.035801486899325,300,0.5797777777777777,5
32,3,1.0,2,0.1,100,64,0.0001,mse_scen,0.0,2000,0.0,run_0005_seed2,2,5.0,highs,0.15,1.0,0.1,0.15,41.990800078,,Training has not been implemented yet.,2026-05-01T16:35:56.027,instance-20260501-084214,1.12.6,14166,run_0005_seed2,2026-05-01T16:35:12.618,ok,5.891262926092192,54.02122454257046,0.09871554873168682,7.349913233676331,300,0.5735555555555556,5.840257392338191,53.73968793556125,0.09578644434988946,7.330735838615469,1400,0.5917380952380953,ContextualDFLTraining.supervised_mse_fallback,5.979372677053246,56.0762028508869,0.09806146209837968,7.488404559776862,300,0.5797777777777777,6
32,3,1.0,2,0.1,100,64,0.0001,mse_scen,0.0,2000,0.0,run_0006_seed3,3,5.0,highs,0.15,1.0,0.1,0.15,42.341098859,,Training has not been implemented yet.,2026-05-01T16:35:56.371,instance-20260501-084214,1.12.6,14167,run_0006_seed3,2026-05-01T16:35:12.610,ok,6.097514733717274,57.93869917088335,0.09770386679126564,7.6117474452902965,300,0.5851111111111111,6.091946387650797,58.94841415437668,0.09645159901125255,7.677787061020687,1400,0.5937142857142857,ContextualDFLTraining.supervised_mse_fallback,5.8845985396524885,55.28049521902556,0.09307112496004566,7.435085421098103,300,0.6213333333333333,7
64,3,1.0,2,0.0,100,64,0.0001,mse_scen,0.0,2000,0.0,run_0007_seed1,1,5.0,highs,0.15,1.0,0.1,0.15,36.547138917,,Training has not been implemented yet.,2026-05-01T16:35:50.569,instance-20260501-084214,1.12.6,14168,run_0007_seed1,2026-05-01T16:35:12.627,ok,12.302669483978729,222.53502299690976,0.19561254943716175,14.917607817505786,300,0.28933333333333333,12.04403223787239,219.70617515646293,0.1916148202144526,14.822488831382634,1400,0.3125476190476191,ContextualDFLTraining.supervised_mse_fallback,12.067739176950584,229.01782105462456,0.18874055211515056,15.133334763185031,300,0.3323333333333333,8
64,3,1.0,2,0.0,100,64,0.0001,mse_scen,0.0,2000,0.0,run_0008_seed2,2,5.0,highs,0.15,1.0,0.1,0.15,36.204152329,,Training has not been implemented yet.,2026-05-01T16:35:50.371,instance-20260501-084214,1.12.6,14169,run_0008_seed2,2026-05-01T16:35:12.604,ok,11.481528151811741,193.91378993830023,0.19360973124355305,13.925293172436271,300,0.29344444444444445,11.437513237124307,195.76793453446527,0.1888888715783628,13.991709492927063,1400,0.30316666666666664,ContextualDFLTraining.supervised_mse_fallback,11.757051354706356,203.7821635713896,0.19422304788481654,14.275229019927828,300,0.2941111111111111,9
64,3,1.0,2,0.0,100,64,0.0001,mse_scen,0.0,2000,0.0,run_0009_seed3,3,5.0,highs,0.15,1.0,0.1,0.15,25.388114095,,Training has not been implemented yet.,2026-05-01T16:35:36.618,instance-20260501-133020,1.12.6,17399,run_0009_seed3,2026-05-01T16:35:10.287,ok,10.167239165273182,155.7695815707518,0.1637152203045603,12.480768468758315,300,0.36,10.164323239297895,160.34798800675216,0.1617622004291906,12.662858603283548,1400,0.3705952380952381,ContextualDFLTraining.supervised_mse_fallback,9.74702908233374,146.32244137880562,0.1552124320508447,12.096381334052165,300,0.394,10
64,3,1.0,2,0.1,100,64,0.0001,mse_scen,0.0,2000,0.0,run_0010_seed1,1,5.0,highs,0.15,1.0,0.1,0.15,28.488212506,,Training has not been implemented yet.,2026-05-01T16:35:39.786,instance-20260501-133020,1.12.6,17419,run_0010_seed1,2026-05-01T16:35:10.334,ok,11.818416088112192,205.80609203491966,0.18815668072166394,14.345943399962223,300,0.30244444444444446,11.503206883102386,200.29878346428114,0.1832325142096261,14.15269527207737,1400,0.32454761904761903,ContextualDFLTraining.supervised_mse_fallback,11.595163760859652,211.65247465404673,0.1815860450702278,14.54828081437964,300,0.3418888888888889,11
64,3,1.0,2,0.1,100,64,0.0001,mse_scen,0.0,2000,0.0,run_0011_seed2,2,5.0,highs,0.15,1.0,0.1,0.15,28.136834899,,Training has not been implemented yet.,2026-05-01T16:35:39.547,instance-20260501-133020,1.12.6,17420,run_0011_seed2,2026-05-01T16:35:10.427,ok,10.595431889769689,166.02691665384833,0.17860279450505268,12.885143253136471,300,0.323,10.52417569619751,166.57247124838764,0.17370416988636306,12.906295798887752,1400,0.3322857142857143,ContextualDFLTraining.supervised_mse_fallback,10.84398511714646,173.96898645588604,0.17900755265172127,13.189730340529561,300,0.3181111111111111,12
64,3,1.0,2,0.1,100,64,0.0001,mse_scen,0.0,2000,0.0,run_0012_seed3,3,5.0,highs,0.15,1.0,0.1,0.15,28.445293218,,Training has not been implemented yet.,2026-05-01T16:35:39.929,instance-20260501-133020,1.12.6,17421,run_0012_seed3,2026-05-01T16:35:10.514,ok,11.41225699463921,195.35653389965736,0.18399737414971093,13.977000175275714,300,0.3207777777777778,11.283924881882418,194.81727206885012,0.17996606226424847,13.957695800842277,1400,0.33130952380952383,ContextualDFLTraining.supervised_mse_fallback,10.969716489737284,180.8212133360245,0.17476617276686712,13.446977851399343,300,0.34344444444444444,13
32,3,1.0,3,0.0,100,64,0.0001,mse_scen,0.0,2000,0.0,run_0013_seed1,1,5.0,highs,0.15,1.0,0.1,0.15,4.087968955,,Training has not been implemented yet.,2026-05-01T16:35:41.811,instance-20260501-133020,1.12.6,17399,run_0013_seed1,2026-05-01T16:35:37.116,ok,4.402600623798016,30.562329279027324,0.07085497720638081,5.528320656313934,300,0.7586666666666667,4.305935930802881,29.338468108047007,0.06965014628570237,5.416499617654099,1400,0.7608333333333334,ContextualDFLTraining.supervised_mse_fallback,4.351691005643846,30.11903291357143,0.06932277439482508,5.488080986426078,300,0.7635555555555555,10
32,3,1.0,3,0.0,100,64,0.0001,mse_scen,0.0,2000,0.0,run_0014_seed2,2,5.0,highs,0.15,1.0,0.1,0.15,3.748727679,,Training has not been implemented yet.,2026-05-01T16:35:44.097,instance-20260501-133020,1.12.6,17420,run_0014_seed2,2026-05-01T16:35:39.738,ok,4.309216632673861,29.186407112068498,0.07400071526688091,5.402444549652361,300,0.7372222222222222,4.281415287366723,28.97056136973454,0.07200737082025774,5.382430804918401,1400,0.7450476190476191,ContextualDFLTraining.supervised_mse_fallback,4.3167454653999116,29.32436717744259,0.07232265166112692,5.41519779670536,300,0.7453333333333333,12
32,3,1.0,3,0.0,100,64,0.0001,mse_scen,0.0,2000,0.0,run_0015_seed3,3,5.0,highs,0.15,1.0,0.1,0.15,3.742777776,,Training has not been implemented yet.,2026-05-01T16:35:44.386,instance-20260501-133020,1.12.6,17419,run_0015_seed3,2026-05-01T16:35:39.987,ok,4.474680825376254,31.585618691704397,0.07339401362729117,5.620108423482985,300,0.7384444444444445,4.462654321734125,31.637027526948685,0.07210074909265841,5.624680215527696,1400,0.745547619047619,ContextualDFLTraining.supervised_mse_fallback,4.402514755220311,30.90659278008665,0.07065975850543936,5.559369818611337,300,0.757,11
32,3,1.0,3,0.1,100,64,0.0001,mse_scen,0.0,2000,0.0,run_0016_seed1,1,5.0,highs,0.15,1.0,0.1,0.15,5.227707465,,Training has not been implemented yet.,2026-05-01T16:35:46.060,instance-20260501-133020,1.12.6,17421,run_0016_seed1,2026-05-01T16:35:40.105,ok,4.422947144193327,31.047837032147903,0.07088306305038683,5.572058599130837,300,0.7583333333333333,4.321811955358485,29.577128093937084,0.06960738417166154,5.438485827317847,1400,0.7611190476190476,ContextualDFLTraining.supervised_mse_fallback,4.388390723753628,30.69412538535294,0.06958936372443747,5.540227918177459,300,0.7606666666666667,13
32,3,1.0,3,0.1,100,64,0.0001,mse_scen,0.0,2000,0.0,run_0017_seed2,2,5.0,highs,0.15,1.0,0.1,0.15,7.685324597,,Training has not been implemented yet.,2026-05-01T16:35:50.146,instance-20260501-133020,1.12.6,17399,run_0017_seed2,2026-05-01T16:35:41.837,ok,4.384741445799607,30.21249679475891,0.07451498680964436,5.496589560332744,300,0.7282222222222222,4.354230311930742,29.97876336792085,0.07244381776661435,5.475286601441138,1400,0.7372142857142857,ContextualDFLTraining.supervised_mse_fallback,4.381518097879275,30.232585279434932,0.072678421843416,5.4984166156662715,300,0.7386666666666667,10
32,3,1.0,3,0.1,100,64,0.0001,mse_scen,0.0,2000,0.0,run_0018_seed3,3,5.0,highs,0.15,1.0,0.1,0.15,5.456729408,,Training has not been implemented yet.,2026-05-01T16:35:50.189,instance-20260501-133020,1.12.6,17420,run_0018_seed3,2026-05-01T16:35:44.121,ok,4.543383611451551,32.399033442966655,0.07346668890817348,5.692014884288924,300,0.7345555555555555,4.538986863562329,32.62939531537226,0.07231765921158222,5.712214571895235,1400,0.7383809523809524,ContextualDFLTraining.supervised_mse_fallback,4.492751596290712,31.889024267226148,0.07107894433080646,5.64703676871562,300,0.7511111111111111,12
64,3,1.0,3,0.0,100,64,0.0001,mse_scen,0.0,2000,0.0,run_0019_seed1,1,5.0,highs,0.15,1.0,0.1,0.15,1.207535019,,Training has not been implemented yet.,2026-05-01T16:35:45.622,instance-20260501-133020,1.12.6,17419,run_0019_seed1,2026-05-01T16:35:44.411,ok,5.855837022176774,55.91211157402162,0.09249414343428068,7.47744017522184,300,0.6166666666666667,5.669988328423087,51.560768904889756,0.08958206718394482,7.1805827691692095,1400,0.633547619047619,ContextualDFLTraining.supervised_mse_fallback,5.83170195126212,55.403832328749694,0.09083152886775941,7.443375063017427,300,0.6281111111111111,11
64,3,1.0,3,0.0,100,64,0.0001,mse_scen,0.0,2000,0.0,run_0020_seed2,2,5.0,highs,0.15,1.0,0.1,0.15,2.088273883,,Training has not been implemented yet.,2026-05-01T16:35:47.743,instance-20260501-133020,1.12.6,17419,run_0020_seed2,2026-05-01T16:35:45.651,ok,6.00813918487614,56.44243810922106,0.10073983166631079,7.512818253439987,300,0.5658888888888889,6.004845966160175,57.272986236524645,0.09840712952005387,7.567891796037034,1400,0.5792380952380952,ContextualDFLTraining.supervised_mse_fallback,6.144348096298112,59.61989253996041,0.10064827065727008,7.721391878408997,300,0.568,11
64,3,1.0,3,0.0,100,64,0.0001,mse_scen,0.0,2000,0.0,run_0021_seed3,3,5.0,highs,0.15,1.0,0.1,0.15,3.711582652,,Training has not been implemented yet.,2026-05-01T16:35:50.411,instance-20260501-133020,1.12.6,17421,run_0021_seed3,2026-05-01T16:35:46.087,ok,6.679675643622888,69.84743582146866,0.10697999035878378,8.357477838526924,300,0.5446666666666666,6.67881128782676,71.58529826983182,0.10561694319439188,8.460809551681908,1400,0.5534523809523809,ContextualDFLTraining.supervised_mse_fallback,6.459541974932635,66.63198996864044,0.1021296628694419,8.162842027666617,300,0.5714444444444444,13
64,3,1.0,3,0.1,100,64,0.0001,mse_scen,0.0,2000,0.0,run_0022_seed1,1,5.0,highs,0.15,1.0,0.1,0.15,3.94635971,,Training has not been implemented yet.,2026-05-01T16:35:52.343,instance-20260501-133020,1.12.6,17419,run_0022_seed1,2026-05-01T16:35:47.769,ok,5.2296888607726455,44.700498488086104,0.08264351188814881,6.685843139656067,300,0.6757777777777778,5.045755764833679,40.87969989312398,0.07982661509266988,6.393723476435619,1400,0.6891428571428572,ContextualDFLTraining.supervised_mse_fallback,5.16884337639643,43.40798134921763,0.08057558983947592,6.588473370153182,300,0.6874444444444444,11
64,3,1.0,3,0.1,100,64,0.0001,mse_scen,0.0,2000,0.0,run_0023_seed2,2,5.0,highs,0.15,1.0,0.1,0.15,2.048614039,,Training has not been implemented yet.,2026-05-01T16:35:52.224,instance-20260501-133020,1.12.6,17399,run_0023_seed2,2026-05-01T16:35:50.172,ok,5.011036454016116,40.06002086288923,0.08394492514395314,6.329298607499036,300,0.6622222222222223,4.953017825239033,39.26514427691664,0.08136207675997482,6.266190571385189,1400,0.6778809523809524,ContextualDFLTraining.supervised_mse_fallback,5.007291248730852,39.9510447201093,0.08227907794170232,6.32068388072915,300,0.6761111111111111,10
64,3,1.0,3,0.1,100,64,0.0001,mse_scen,0.0,2000,0.0,run_0024_seed3,3,5.0,highs,0.15,1.0,0.1,0.15,1.416509341,,Training has not been implemented yet.,2026-05-01T16:35:51.633,instance-20260501-133020,1.12.6,17420,run_0024_seed3,2026-05-01T16:35:50.213,ok,5.784568197222491,53.149276563821545,0.09285113939304508,7.290355036884113,300,0.6118888888888889,5.75287125147347,53.01779742502154,0.09099360026725738,7.281332118851711,1400,0.6239761904761905,ContextualDFLTraining.supervised_mse_fallback,5.583864064951046,49.90155281939069,0.08823542357995175,7.0641031150026885,300,0.6453333333333333,12
32,3,1.0,2,0.0,100,128,0.0001,mse_scen,0.0,2000,0.0,run_0025_seed1,1,5.0,highs,0.15,1.0,0.1,0.15,3.853656945,,Training has not been implemented yet.,2026-05-01T16:35:54.916,instance-20260501-133020,1.12.6,17421,run_0025_seed1,2026-05-01T16:35:50.436,ok,4.376166602825115,30.116069498871028,0.070390375496965,5.487810993362565,300,0.7584444444444445,4.290587789929479,29.129699917566107,0.06929634789498389,5.397193707619369,1400,0.761452380952381,ContextualDFLTraining.supervised_mse_fallback,4.326869709896525,29.7492081504668,0.06889246884362696,5.4542834681071355,300,0.7672222222222222,13
32,3,1.0,2,0.0,100,128,0.0001,mse_scen,0.0,2000,0.0,run_0026_seed2,2,5.0,highs,0.15,1.0,0.1,0.15,4.883406826,,Training has not been implemented yet.,2026-05-01T16:35:55.482,instance-20260501-084214,1.12.6,14163,run_0026_seed2,2026-05-01T16:35:50.590,ok,4.317328052841182,29.36163204588393,0.07394992424327126,5.418637471346827,300,0.7317777777777777,4.290159259656498,29.071808803124863,0.07198468021652069,5.391827964904376,1400,0.7426428571428572,ContextualDFLTraining.supervised_mse_fallback,4.312577700414111,29.190993657813344,0.07211532415038374,5.402869020975184,300,0.7433333333333333,3
32,3,1.0,2,0.0,100,128,0.0001,mse_scen,0.0,2000,0.0,run_0027_seed3,3,5.0,highs,0.15,1.0,0.1,0.15,3.872255561,,Training has not been implemented yet.,2026-05-01T16:35:54.504,instance-20260501-084214,1.12.6,14169,run_0027_seed3,2026-05-01T16:35:50.623,ok,4.4688204853936195,31.34689834975071,0.07297929049526303,5.598830087594257,300,0.7394444444444445,4.457530624953527,31.52512915211743,0.07179391692505173,5.6147243166621665,1400,0.7443333333333333,ContextualDFLTraining.supervised_mse_fallback,4.385614839324891,30.732282076740766,0.07023140217623539,5.543670451671957,300,0.7592222222222222,9
32,3,1.0,2,0.1,100,128,0.0001,mse_scen,0.0,2000,0.0,run_0028_seed1,1,5.0,highs,0.15,1.0,0.1,0.15,12.421326191,,Training has not been implemented yet.,2026-05-01T16:36:04.475,instance-20260501-084214,1.12.6,14168,run_0028_seed1,2026-05-01T16:35:50.831,ok,4.3824500434142575,30.221509435099232,0.07038069231947473,5.497409338506569,300,0.757,4.2957150889521545,29.180547444046923,0.06928883999416163,5.401902206079533,1400,0.7622857142857142,ContextualDFLTraining.supervised_mse_fallback,4.326128215579738,29.811822236558008,0.06878614107817817,5.460020351295223,300,0.765,8
32,3,1.0,2,0.1,100,128,0.0001,mse_scen,0.0,2000,0.0,run_0029_seed2,2,5.0,highs,0.15,1.0,0.1,0.15,12.256666718,,Training has not been implemented yet.,2026-05-01T16:36:04.680,instance-20260501-084214,1.12.6,14139,run_0029_seed2,2026-05-01T16:35:51.395,ok,4.2744243595350175,28.729649235961034,0.07316913620177813,5.360004592904845,300,0.7385555555555555,4.23936750091045,28.31497215001546,0.0710739762797725,5.321181461857456,1400,0.7485,ContextualDFLTraining.supervised_mse_fallback,4.259102285119987,28.423828118725428,0.07119443008172559,5.331400202453895,300,0.7496666666666667,2
32,3,1.0,2,0.1,100,128,0.0001,mse_scen,0.0,2000,0.0,run_0030_seed3,3,5.0,highs,0.15,1.0,0.1,0.15,12.461876487,,Training has not been implemented yet.,2026-05-01T16:36:04.860,instance-20260501-084214,1.12.6,14164,run_0030_seed3,2026-05-01T16:35:51.414,ok,4.380464312578691,30.07138375004655,0.07151081030756969,5.483738118295452,300,0.75,4.375233858583529,30.30178624275091,0.07040124967015038,5.504705827085668,1400,0.7528809523809524,ContextualDFLTraining.supervised_mse_fallback,4.305022913443718,29.536878243160363,0.06880662124787609,5.434784102718374,300,0.7675555555555555,4
64,3,1.0,2,0.0,100,128,0.0001,mse_scen,0.0,2000,0.0,run_0031_seed1,1,5.0,highs,0.15,1.0,0.1,0.15,4.056665178,,Training has not been implemented yet.,2026-05-01T16:35:56.333,instance-20260501-133020,1.12.6,17420,run_0031_seed1,2026-05-01T16:35:51.657,ok,9.752941835609017,142.59346474081124,0.15452675780544461,11.941250551797799,300,0.37144444444444447,9.52510763724143,139.41936849114376,0.15083571566343226,11.807597913680146,1400,0.3935952380952381,ContextualDFLTraining.supervised_mse_fallback,9.621773548833787,146.78139457803644,0.14994970769315488,12.115337163200884,300,0.4028888888888889,12
64,3,1.0,2,0.0,100,128,0.0001,mse_scen,0.0,2000,0.0,run_0032_seed2,2,5.0,highs,0.15,1.0,0.1,0.15,1.654823366,,Training has not been implemented yet.,2026-05-01T16:35:53.910,instance-20260501-133020,1.12.6,17399,run_0032_seed2,2026-05-01T16:35:52.249,ok,8.68555071765094,113.64443498980374,0.14612757383225683,10.66041439109211,300,0.40066666666666667,8.64731392586056,115.1656716800328,0.1421874773007858,10.731526996659554,1400,0.4090238095238095,ContextualDFLTraining.supervised_mse_fallback,8.91254622907448,120.9997551151171,0.14652227735711554,10.999988868863326,300,0.398,10
64,3,1.0,2,0.0,100,128,0.0001,mse_scen,0.0,2000,0.0,run_0033_seed3,3,5.0,highs,0.15,1.0,0.1,0.15,4.083496266,,Training has not been implemented yet.,2026-05-01T16:35:57.105,instance-20260501-133020,1.12.6,17419,run_0033_seed3,2026-05-01T16:35:52.368,ok,8.876317272173189,119.95160400414493,0.14260770787673327,10.952241962454305,300,0.4093333333333333,8.88286794013483,123.49247757768352,0.14106185993047948,11.112716930511796,1400,0.4240952380952381,ContextualDFLTraining.supervised_mse_fallback,8.542414667103612,113.56513042375384,0.1356697488553219,10.656694160186538,300,0.4434444444444444,11
64,3,1.0,2,0.1,100,128,0.0001,mse_scen,0.0,2000,0.0,run_0034_seed1,1,5.0,highs,0.15,1.0,0.1,0.15,4.675390528,,Training has not been implemented yet.,2026-05-01T16:35:59.217,instance-20260501-133020,1.12.6,17399,run_0034_seed1,2026-05-01T16:35:53.935,ok,7.699749624721434,91.16942837263656,0.12182602050436521,9.548268344188727,300,0.47655555555555557,7.501829838647858,87.73747375824331,0.11854198588260095,9.366828372413114,1400,0.491952380952381,ContextualDFLTraining.supervised_mse_fallback,7.658699027585532,93.85333674235503,0.11922485682678234,9.687793182265764,300,0.4988888888888889,10
64,3,1.0,2,0.1,100,128,0.0001,mse_scen,0.0,2000,0.0,run_0035_seed2,2,5.0,highs,0.15,1.0,0.1,0.15,11.973356788,,Training has not been implemented yet.,2026-05-01T16:36:07.681,instance-20260501-084214,1.12.6,14169,run_0035_seed2,2026-05-01T16:35:54.527,ok,7.913807202106167,94.93102391124222,0.13303754055960224,9.743255303605784,300,0.44022222222222224,7.854858078855994,95.5511582086007,0.12903356987189266,9.775027274059173,1400,0.44957142857142857,ContextualDFLTraining.supervised_mse_fallback,8.088337919655354,100.45567640042589,0.13288190848960998,10.02275792386636,300,0.43944444444444447,9
64,3,1.0,2,0.1,100,128,0.0001,mse_scen,0.0,2000,0.0,run_0036_seed3,3,5.0,highs,0.15,1.0,0.1,0.15,2.630225985,,Training has not been implemented yet.,2026-05-01T16:35:57.576,instance-20260501-133020,1.12.6,17421,run_0036_seed3,2026-05-01T16:35:54.941,ok,7.79425990668952,93.36563106065184,0.1250179585857889,9.66258925240289,300,0.46544444444444444,7.793146147232045,95.60333859272731,0.12356453059784119,9.777695975674806,1400,0.4799761904761905,ContextualDFLTraining.supervised_mse_fallback,7.503932367461632,88.31650682167047,0.11897462015956929,9.397686248309766,300,0.5023333333333333,13
32,3,1.0,3,0.0,100,128,0.0001,mse_scen,0.0,2000,0.0,run_0037_seed1,1,5.0,highs,0.15,1.0,0.1,0.15,10.0432466,,Training has not been implemented yet.,2026-05-01T16:36:06.781,instance-20260501-084214,1.12.6,14163,run_0037_seed1,2026-05-01T16:35:55.505,ok,4.25678961850087,28.4054324809693,0.06864305443635105,5.329674706862446,300,0.7697777777777778,4.178262609674291,27.51355002505166,0.0676867890540536,5.245336025942634,1400,0.773952380952381,ContextualDFLTraining.supervised_mse_fallback,4.219531994554358,28.14693821227956,0.06733333859806465,5.305368810203449,300,0.7747777777777778,3
32,3,1.0,3,0.0,100,128,0.0001,mse_scen,0.0,2000,0.0,run_0038_seed2,2,5.0,highs,0.15,1.0,0.1,0.15,10.885259664,,Training has not been implemented yet.,2026-05-01T16:36:08.259,instance-20260501-084214,1.12.6,14165,run_0038_seed2,2026-05-01T16:35:56.121,ok,4.281040320722063,28.83471534256267,0.07363678529787894,5.369796582978044,300,0.7383333333333333,4.250179674469766,28.514340572197472,0.07158343518281922,5.339882074746359,1400,0.7474047619047619,ContextualDFLTraining.supervised_mse_fallback,4.275923138341965,28.677926342037214,0.07177560938557234,5.355177526659337,300,0.7504444444444445,5
32,3,1.0,3,0.0,100,128,0.0001,mse_scen,0.0,2000,0.0,run_0039_seed3,3,5.0,highs,0.15,1.0,0.1,0.15,10.44353952,,Training has not been implemented yet.,2026-05-01T16:36:08.058,instance-20260501-084214,1.12.6,14166,run_0039_seed3,2026-05-01T16:35:56.277,ok,4.396119092760484,30.414220413574895,0.07219226316217477,5.514908921602867,300,0.7476666666666667,4.387731420274806,30.492384460897508,0.07098935430055285,5.521990987035157,1400,0.7516190476190476,ContextualDFLTraining.supervised_mse_fallback,4.334055830859065,29.93337873810062,0.06963165050830308,5.471140533572559,300,0.7631111111111111,6
32,3,1.0,3,0.1,100,128,0.0001,mse_scen,0.0,2000,0.0,run_0040_seed1,1,5.0,highs,0.15,1.0,0.1,0.15,4.756755838,,Training has not been implemented yet.,2026-05-01T16:36:01.120,instance-20260501-133020,1.12.6,17420,run_0040_seed1,2026-05-01T16:35:56.357,ok,4.3146378365498705,29.318843309270786,0.06933439314150312,5.414687738851686,300,0.7668888888888888,4.224363889934931,28.14987463007386,0.06823365762809515,5.305645543199608,1400,0.7698333333333334,ContextualDFLTraining.supervised_mse_fallback,4.263806594365065,28.832423090275242,0.06783698597004004,5.369583139339146,300,0.7685555555555555,12
32,3,1.0,3,0.1,100,128,0.0001,mse_scen,0.0,2000,0.0,run_0041_seed2,2,5.0,highs,0.15,1.0,0.1,0.15,12.637056377,,Training has not been implemented yet.,2026-05-01T16:36:10.582,instance-20260501-084214,1.12.6,14167,run_0041_seed2,2026-05-01T16:35:56.621,ok,4.256066906464392,28.493681482519452,0.07289228765437068,5.337947309829824,300,0.7403333333333333,4.211770242133194,27.971338409247974,0.07066038933972182,5.288793662948856,1400,0.7509761904761905,ContextualDFLTraining.supervised_mse_fallback,4.2470633849395565,28.302455886199724,0.07101888605302804,5.320005252459787,300,0.7496666666666667,7
32,3,1.0,3,0.1,100,128,0.0001,mse_scen,0.0,2000,0.0,run_0042_seed3,3,5.0,highs,0.15,1.0,0.1,0.15,4.801240688,,Training has not been implemented yet.,2026-05-01T16:36:01.938,instance-20260501-133020,1.12.6,17419,run_0042_seed3,2026-05-01T16:35:57.131,ok,4.39348891706755,30.41258935888677,0.07191790211630927,5.514761042773002,300,0.7468888888888889,4.3908900051685364,30.52887681534892,0.07078555739077,5.525294274095175,1400,0.7511190476190476,ContextualDFLTraining.supervised_mse_fallback,4.322371473592063,29.797396055754266,0.06916365671406452,5.458699117532882,300,0.7647777777777778,11
64,3,1.0,3,0.0,100,128,0.0001,mse_scen,0.0,2000,0.0,run_0043_seed1,1,5.0,highs,0.15,1.0,0.1,0.15,3.502000627,,Training has not been implemented yet.,2026-05-01T16:36:01.109,instance-20260501-133020,1.12.6,17421,run_0043_seed1,2026-05-01T16:35:57.601,ok,4.483069601086273,32.3529181339706,0.07201042504214399,5.687962564396024,300,0.7526666666666667,4.352531305674156,30.121251438211573,0.07026889806930715,5.488283104779816,1400,0.758547619047619,ContextualDFLTraining.supervised_mse_fallback,4.430906097988255,31.464594170967207,0.07041071907376276,5.609330991389901,300,0.756,13
64,3,1.0,3,0.0,100,128,0.0001,mse_scen,0.0,2000,0.0,run_0044_seed2,2,5.0,highs,0.15,1.0,0.1,0.15,3.491371615,,Training has not been implemented yet.,2026-05-01T16:36:02.741,instance-20260501-133020,1.12.6,17399,run_0044_seed2,2026-05-01T16:35:59.243,ok,4.413622702639211,30.887942699620734,0.07540596614282119,5.557692209867396,300,0.726,4.378805509960299,30.58252564502329,0.07327915977307287,5.530146982225996,1400,0.734,ContextualDFLTraining.supervised_mse_fallback,4.418999125604571,30.947674978584374,0.07372609574443582,5.563063452683636,300,0.7343333333333333,10
64,3,1.0,3,0.0,100,128,0.0001,mse_scen,0.0,2000,0.0,run_0045_seed3,3,5.0,highs,0.15,1.0,0.1,0.15,3.497491547,,Training has not been implemented yet.,2026-05-01T16:36:04.640,instance-20260501-133020,1.12.6,17421,run_0045_seed3,2026-05-01T16:36:01.135,ok,4.607842358668846,34.16491921448165,0.07528209223407116,5.8450764934671,300,0.7277777777777777,4.581712830426988,33.76162443765406,0.07367123552345826,5.810475405477082,1400,0.7354047619047619,ContextualDFLTraining.supervised_mse_fallback,4.5253929292270945,32.96816459535729,0.07244058590253172,5.741791061625047,300,0.7477777777777778,13
64,3,1.0,3,0.1,100,128,0.0001,mse_scen,0.0,2000,0.0,run_0046_seed1,1,5.0,highs,0.15,1.0,0.1,0.15,4.366092175,,Training has not been implemented yet.,2026-05-01T16:36:05.526,instance-20260501-133020,1.12.6,17420,run_0046_seed1,2026-05-01T16:36:01.144,ok,4.46350908722913,31.621680876976054,0.07120692601584079,5.623315825825191,300,0.7514444444444445,4.354292159865781,30.030106838966372,0.06986082432725021,5.4799732516652275,1400,0.7584761904761905,ContextualDFLTraining.supervised_mse_fallback,4.421189390256985,31.134695845969702,0.0698250405217972,5.579847295936485,300,0.7567777777777778,12
64,3,1.0,3,0.1,100,128,0.0001,mse_scen,0.0,2000,0.0,run_0047_seed2,2,5.0,highs,0.15,1.0,0.1,0.15,4.37985258,,Training has not been implemented yet.,2026-05-01T16:36:06.349,instance-20260501-133020,1.12.6,17419,run_0047_seed2,2026-05-01T16:36:01.963,ok,4.392243186484579,30.46278257115352,0.07492632951050847,5.519309972374583,300,0.7271111111111112,4.366354735227402,30.255542988293,0.0729280145948417,5.5005038849448145,1400,0.7368809523809524,ContextualDFLTraining.supervised_mse_fallback,4.403886882197311,30.58694996275973,0.07333232129319647,5.530546985855895,300,0.7346666666666667,11
64,3,1.0,3,0.1,100,128,0.0001,mse_scen,0.0,2000,0.0,run_0048_seed3,3,5.0,highs,0.15,1.0,0.1,0.15,3.941501849,,Training has not been implemented yet.,2026-05-01T16:36:06.716,instance-20260501-133020,1.12.6,17399,run_0048_seed3,2026-05-01T16:36:02.767,ok,4.5674155601069515,33.47325391827346,0.074512020540327,5.785607480487546,300,0.734,4.529055156183681,32.71379181588287,0.07274967814987657,5.719597172518609,1400,0.7393809523809524,ContextualDFLTraining.supervised_mse_fallback,4.474163637563276,31.94891490009206,0.07141940647299147,5.652337118404391,300,0.7501111111111111,10
32,3,1.0,2,0.0,100,256,0.0001,mse_scen,0.0,2000,0.0,run_0049_seed1,1,5.0,highs,0.15,1.0,0.1,0.15,12.838077143,,Training has not been implemented yet.,2026-05-01T16:36:17.355,instance-20260501-084214,1.12.6,14168,run_0049_seed1,2026-05-01T16:36:04.498,ok,4.3373119822365185,29.58326313755048,0.06987411203990897,5.439049837752039,300,0.7621111111111111,4.252230132675535,28.55644469019514,0.06882219008170587,5.343823040688673,1400,0.7655238095238095,ContextualDFLTraining.supervised_mse_fallback,4.27793866720975,29.0795829548405,0.06820118280729467,5.392548836574454,300,0.7688888888888888,8
32,3,1.0,2,0.0,100,256,0.0001,mse_scen,0.0,2000,0.0,run_0050_seed2,2,5.0,highs,0.15,1.0,0.1,0.15,8.813830845,,Training has not been implemented yet.,2026-05-01T16:36:13.491,instance-20260501-133020,1.12.6,17421,run_0050_seed2,2026-05-01T16:36:04.664,ok,4.219363191214657,27.895392061899038,0.07251446809619916,5.28160885165676,300,0.7454444444444445,4.1698893674351645,27.388656046865375,0.07021029191593535,5.2334172437199555,1400,0.7559047619047619,ContextualDFLTraining.supervised_mse_fallback,4.185774087851616,27.46922631164203,0.0702354704956479,5.241109263471047,300,0.7572222222222222,13
32,3,1.0,2,0.0,100,256,0.0001,mse_scen,0.0,2000,0.0,run_0051_seed3,3,5.0,highs,0.15,1.0,0.1,0.15,13.527287676,,Training has not been implemented yet.,2026-05-01T16:36:18.247,instance-20260501-084214,1.12.6,14139,run_0051_seed3,2026-05-01T16:36:04.703,ok,4.329250716976921,29.374136739012986,0.07104343076278803,5.419791208064475,300,0.7534444444444445,4.328130445194653,29.62342698393949,0.07002877955766304,5.442740760309964,1400,0.7567857142857143,ContextualDFLTraining.supervised_mse_fallback,4.270610769078118,28.981521389690066,0.068556844618285,5.383448837844571,300,0.768,2
32,3,1.0,2,0.1,100,256,0.0001,mse_scen,0.0,2000,0.0,run_0052_seed1,1,5.0,highs,0.15,1.0,0.1,0.15,15.877928026,,Training has not been implemented yet.,2026-05-01T16:36:20.797,instance-20260501-084214,1.12.6,14164,run_0052_seed1,2026-05-01T16:36:04.884,ok,4.163291831431979,27.207894149572976,0.06672388044598718,5.216118686300473,300,0.7835555555555556,4.080399264889144,26.193948244169853,0.06570289266591291,5.118002368519368,1400,0.7853571428571429,ContextualDFLTraining.supervised_mse_fallback,4.106878326417072,26.640750769739757,0.06509008030203353,5.161467889054407,300,0.7876666666666666,4
32,3,1.0,2,0.1,100,256,0.0001,mse_scen,0.0,2000,0.0,run_0053_seed2,2,5.0,highs,0.15,1.0,0.1,0.15,8.379097275,,Training has not been implemented yet.,2026-05-01T16:36:13.941,instance-20260501-133020,1.12.6,17420,run_0053_seed2,2026-05-01T16:36:05.551,ok,4.166303312454515,27.163755541386774,0.0713836648764174,5.211885986990389,300,0.7494444444444445,4.1135379460621,26.628074822748115,0.06905647594740345,5.160239802833597,1400,0.7616904761904761,ContextualDFLTraining.supervised_mse_fallback,4.135033388640785,26.824867716472504,0.06916915382526899,5.179272894574344,300,0.7618888888888888,12
32,3,1.0,2,0.1,100,256,0.0001,mse_scen,0.0,2000,0.0,run_0054_seed3,3,5.0,highs,0.15,1.0,0.1,0.15,8.696352129,,Training has not been implemented yet.,2026-05-01T16:36:15.082,instance-20260501-133020,1.12.6,17419,run_0054_seed3,2026-05-01T16:36:06.375,ok,4.142791320312718,26.920487926055944,0.06802716015661538,5.188495728634258,300,0.7747777777777778,4.158097233172701,27.237233777567223,0.06731656400143557,5.218930328866944,1400,0.7749761904761905,ContextualDFLTraining.supervised_mse_fallback,4.1015848255720755,26.63978174459702,0.06586939719485282,5.161374017119571,300,0.7855555555555556,11
64,3,1.0,2,0.0,100,256,0.0001,mse_scen,0.0,2000,0.0,run_0055_seed1,1,5.0,highs,0.15,1.0,0.1,0.15,6.160653265,,Training has not been implemented yet.,2026-05-01T16:36:12.910,instance-20260501-133020,1.12.6,17399,run_0055_seed1,2026-05-01T16:36:06.741,ok,4.9853034293450245,39.917940710617756,0.07926707757902889,6.318064633304866,300,0.6972222222222222,4.846742473879725,37.731478309746024,0.0770619415910118,6.142595405017819,1400,0.7053809523809523,ContextualDFLTraining.supervised_mse_fallback,4.978246087606458,40.24164440440045,0.07810305099248457,6.343630222861391,300,0.7063333333333334,10
64,3,1.0,2,0.0,100,256,0.0001,mse_scen,0.0,2000,0.0,run_0056_seed2,2,5.0,highs,0.15,1.0,0.1,0.15,9.973832296,,Training has not been implemented yet.,2026-05-01T16:36:16.813,instance-20260501-084214,1.12.6,14163,run_0056_seed2,2026-05-01T16:36:06.804,ok,5.007096729769786,39.6694114611992,0.08411829216331915,6.298365777024958,300,0.6602222222222223,4.988547045297616,39.67728257739387,0.08211856654462717,6.29899059988137,1400,0.6739047619047619,ContextualDFLTraining.supervised_mse_fallback,5.06316234749838,40.64541866149204,0.08328098915101333,6.375375962364262,300,0.6656666666666666,3
64,3,1.0,2,0.0,100,256,0.0001,mse_scen,0.0,2000,0.0,run_0057_seed3,3,5.0,highs,0.15,1.0,0.1,0.15,9.22799669,,Training has not been implemented yet.,2026-05-01T16:36:16.947,instance-20260501-084214,1.12.6,14169,run_0057_seed3,2026-05-01T16:36:07.704,ok,5.631128535266921,50.04243285429759,0.09034987538222972,7.074067631447807,300,0.6248888888888889,5.6303797641186515,50.933255548062355,0.0891677793810855,7.136753852282027,1400,0.6340238095238095,ContextualDFLTraining.supervised_mse_fallback,5.448408169628963,47.94422967530605,0.08620085866017954,6.9241771839913255,300,0.6585555555555556,9
64,3,1.0,2,0.1,100,256,0.0001,mse_scen,0.0,2000,0.0,run_0058_seed1,1,5.0,highs,0.15,1.0,0.1,0.15,11.343750088,,Training has not been implemented yet.,2026-05-01T16:36:19.441,instance-20260501-084214,1.12.6,14166,run_0058_seed1,2026-05-01T16:36:08.081,ok,4.794027749523221,36.95280156652865,0.07630739316835729,6.078881604911272,300,0.722,4.655247816199239,34.71793163254551,0.07413470703709968,5.892192430033621,1400,0.7248571428571429,ContextualDFLTraining.supervised_mse_fallback,4.758594574206547,36.55398645068468,0.07477903786115435,6.045989286352126,300,0.7251111111111112,6
64,3,1.0,2,0.1,100,256,0.0001,mse_scen,0.0,2000,0.0,run_0059_seed2,2,5.0,highs,0.15,1.0,0.1,0.15,12.696974801,,Training has not been implemented yet.,2026-05-01T16:36:20.990,instance-20260501-084214,1.12.6,14165,run_0059_seed2,2026-05-01T16:36:08.278,ok,4.777739828615521,36.14901257164921,0.08041515616985222,6.012404890860995,300,0.68,4.7443328172678125,35.8224275086527,0.07830518749105839,5.985183999565319,1400,0.6967857142857142,ContextualDFLTraining.supervised_mse_fallback,4.80522713428295,36.573365803170844,0.07922652286703688,6.047591735821032,300,0.6926666666666667,5
64,3,1.0,2,0.1,100,256,0.0001,mse_scen,0.0,2000,0.0,run_0060_seed3,3,5.0,highs,0.15,1.0,0.1,0.15,12.169135087,,Training has not been implemented yet.,2026-05-01T16:36:22.794,instance-20260501-084214,1.12.6,14167,run_0060_seed3,2026-05-01T16:36:10.604,ok,5.024406458733825,39.97108720780094,0.08082939196157375,6.322269150218214,300,0.6803333333333333,5.037402697591083,40.72047036620233,0.07997576519472151,6.3812593088043625,1400,0.6872619047619047,ContextualDFLTraining.supervised_mse_fallback,4.891001540704578,38.62198537756614,0.0774845426948542,6.2146589107984145,300,0.7091111111111111,7
32,3,1.0,3,0.0,100,256,0.0001,mse_scen,0.0,2000,0.0,run_0061_seed1,1,5.0,highs,0.15,1.0,0.1,0.15,15.027974392,,Training has not been implemented yet.,2026-05-01T16:36:27.981,instance-20260501-133020,1.12.6,17399,run_0061_seed1,2026-05-01T16:36:12.936,ok,4.0943658441482125,26.250467599248,0.06606601953767348,5.1235210157906055,300,0.7856666666666666,4.025259759706219,25.451721576949765,0.06524195920710964,5.044969928250293,1400,0.7884523809523809,ContextualDFLTraining.supervised_mse_fallback,4.0666704139349115,26.041326844692147,0.06484594625892542,5.103070335072029,300,0.7897777777777778,10
32,3,1.0,3,0.0,100,256,0.0001,mse_scen,0.0,2000,0.0,run_0062_seed2,2,5.0,highs,0.15,1.0,0.1,0.15,14.937718902,,Training has not been implemented yet.,2026-05-01T16:36:28.477,instance-20260501-133020,1.12.6,17421,run_0062_seed2,2026-05-01T16:36:13.516,ok,4.083524509953878,25.960924838715105,0.07014800147097563,5.095186438072223,300,0.7594444444444445,3.9999990910551313,25.147492813132015,0.06741852648115368,5.014727591119184,1400,0.7723333333333333,ContextualDFLTraining.supervised_mse_fallback,4.019822850851599,25.35240021481208,0.06749259435527907,5.035116703196866,300,0.7743333333333333,13
32,3,1.0,3,0.0,100,256,0.0001,mse_scen,0.0,2000,0.0,run_0063_seed3,3,5.0,highs,0.15,1.0,0.1,0.15,14.638483351,,Training has not been implemented yet.,2026-05-01T16:36:28.619,instance-20260501-133020,1.12.6,17420,run_0063_seed3,2026-05-01T16:36:13.965,ok,4.074137780059046,25.989636938181317,0.06701320819012047,5.098003230499302,300,0.7775555555555556,4.087544072320472,26.254115509606653,0.06636086555187194,5.123876999851446,1400,0.7812142857142857,ContextualDFLTraining.supervised_mse_fallback,4.0406209222834235,25.817710402603506,0.06498966619682106,5.081113106653256,300,0.7933333333333333,12
32,3,1.0,3,0.1,100,256,0.0001,mse_scen,0.0,2000,0.0,run_0064_seed1,1,5.0,highs,0.15,1.0,0.1,0.15,16.228104859,,Training has not been implemented yet.,2026-05-01T16:36:31.350,instance-20260501-133020,1.12.6,17419,run_0064_seed1,2026-05-01T16:36:15.108,ok,4.114685333761574,26.54282735440327,0.06632622323371982,5.151973151560795,300,0.7835555555555556,4.039721691156595,25.665554402114314,0.06542818713109956,5.066118277548829,1400,0.7868333333333334,ContextualDFLTraining.supervised_mse_fallback,4.088848374327878,26.312464957773617,0.06516788886609598,5.129567716462433,300,0.7877777777777778,11
32,3,1.0,3,0.1,100,256,0.0001,mse_scen,0.0,2000,0.0,run_0065_seed2,2,5.0,highs,0.15,1.0,0.1,0.15,34.619393601,,Training has not been implemented yet.,2026-05-01T16:36:52.418,instance-20260501-084214,1.12.6,14163,run_0065_seed2,2026-05-01T16:36:16.837,ok,4.101630063138423,26.269359102232904,0.0707241000145644,5.125364289709845,300,0.7603333333333333,4.026439859663473,25.545540236938805,0.06808793707158202,5.054259613132156,1400,0.7676190476190476,ContextualDFLTraining.supervised_mse_fallback,4.035692158889659,25.565798657594335,0.06801366778421332,5.056263309756953,300,0.769,3
32,3,1.0,3,0.1,100,256,0.0001,mse_scen,0.0,2000,0.0,run_0066_seed3,3,5.0,highs,0.15,1.0,0.1,0.15,28.887720546,,Training has not been implemented yet.,2026-05-01T16:36:46.821,instance-20260501-084214,1.12.6,14169,run_0066_seed3,2026-05-01T16:36:16.970,ok,4.077173321616174,26.129921546694714,0.06757621766010347,5.111743493828179,300,0.7743333333333333,4.084839437853277,26.25276058750583,0.06680850961544574,5.123744781651974,1400,0.7801428571428571,ContextualDFLTraining.supervised_mse_fallback,4.037119574166575,25.780706414775572,0.06544159759890492,5.077470474042717,300,0.7904444444444444,9
64,3,1.0,3,0.0,100,256,0.0001,mse_scen,0.0,2000,0.0,run_0067_seed1,1,5.0,highs,0.15,1.0,0.1,0.15,20.11321691,,Training has not been implemented yet.,2026-05-01T16:36:38.605,instance-20260501-084214,1.12.6,14168,run_0067_seed1,2026-05-01T16:36:17.379,ok,4.315879299453269,29.371272076651785,0.06945521950606852,5.419526923694704,300,0.7673333333333333,4.2228901651835,28.175183939829292,0.06831991555143034,5.3080301374266226,1400,0.7702857142857142,ContextualDFLTraining.supervised_mse_fallback,4.268492698578881,28.932756842334975,0.06799816533790343,5.3789178133091955,300,0.7693333333333333,8
64,3,1.0,3,0.0,100,256,0.0001,mse_scen,0.0,2000,0.0,run_0068_seed2,2,5.0,highs,0.15,1.0,0.1,0.15,19.091869488,,Training has not been implemented yet.,2026-05-01T16:36:38.668,instance-20260501-084214,1.12.6,14139,run_0068_seed2,2026-05-01T16:36:18.269,ok,4.2757252486218595,28.798229421289278,0.07337622608657446,5.366398179532458,300,0.7382222222222222,4.2469752737883235,28.5076749122615,0.07137802361126515,5.339257899021314,1400,0.7479761904761905,ContextualDFLTraining.supervised_mse_fallback,4.283262461034163,28.844285283938763,0.07171381482062283,5.370687598803226,300,0.7477777777777778,2
64,3,1.0,3,0.0,100,256,0.0001,mse_scen,0.0,2000,0.0,run_0069_seed3,3,5.0,highs,0.15,1.0,0.1,0.15,16.332585782,,Training has not been implemented yet.,2026-05-01T16:36:35.820,instance-20260501-084214,1.12.6,14166,run_0069_seed3,2026-05-01T16:36:19.464,ok,4.305732756969509,29.241358135699404,0.07061262445991372,5.407527913538626,300,0.7556666666666667,4.300778261207743,29.241729752142753,0.06951728933812332,5.407562274458127,1400,0.7617142857142857,ContextualDFLTraining.supervised_mse_fallback,4.244840967189239,28.690910876458016,0.06807764284519348,5.356389724101302,300,0.7718888888888888,6
64,3,1.0,3,0.1,100,256,0.0001,mse_scen,0.0,2000,0.0,run_0070_seed1,1,5.0,highs,0.15,1.0,0.1,0.15,23.632098286,,Training has not been implemented yet.,2026-05-01T16:36:45.591,instance-20260501-084214,1.12.6,14164,run_0070_seed1,2026-05-01T16:36:20.820,ok,4.255129681717772,28.420632816200854,0.0677862243093072,5.331100525801483,300,0.7735555555555556,4.162552861637141,27.282508418071227,0.06665721940788272,5.223266068091039,1400,0.7784285714285715,ContextualDFLTraining.supervised_mse_fallback,4.218848658531638,28.150865270557638,0.06652543357166378,5.305738899583887,300,0.7754444444444445,4
64,3,1.0,3,0.1,100,256,0.0001,mse_scen,0.0,2000,0.0,run_0071_seed2,2,5.0,highs,0.15,1.0,0.1,0.15,22.869576401,,Training has not been implemented yet.,2026-05-01T16:36:44.932,instance-20260501-084214,1.12.6,14165,run_0071_seed2,2026-05-01T16:36:21.008,ok,4.206291339417897,27.709821561484606,0.07179272562509997,5.264011926419298,300,0.7453333333333333,4.155519987195056,27.24683542620519,0.06951884458535679,5.219850134458382,1400,0.7583095238095238,ContextualDFLTraining.supervised_mse_fallback,4.185499115693611,27.560258144283978,0.06975527122212859,5.249786485590055,300,0.7562222222222222,5
64,3,1.0,3,0.1,100,256,0.0001,mse_scen,0.0,2000,0.0,run_0072_seed3,3,5.0,highs,0.15,1.0,0.1,0.15,17.37533412,,Training has not been implemented yet.,2026-05-01T16:36:40.885,instance-20260501-084214,1.12.6,14167,run_0072_seed3,2026-05-01T16:36:22.817,ok,4.275803357506263,28.89449848557879,0.07037996138721092,5.375360312163156,300,0.7594444444444445,4.261639529156484,28.748148345027534,0.06910076426282147,5.361729976885029,1400,0.7646904761904761,ContextualDFLTraining.supervised_mse_fallback,4.214067807243015,28.2436997937578,0.06784793760827268,5.31448019977098,300,0.7744444444444445,7
32,3,1.0,2,0.0,100,64,0.0003,mse_scen,0.0,2000,0.0,run_0073_seed1,1,5.0,highs,0.15,1.0,0.1,0.15,1.370352692,,Training has not been implemented yet.,2026-05-01T16:36:29.381,instance-20260501-133020,1.12.6,17399,run_0073_seed1,2026-05-01T16:36:28.008,ok,4.33463853929269,29.45784656540434,0.06984043059138466,5.427508320159845,300,0.7625555555555555,4.255053383629298,28.585985145916116,0.06888261084948614,5.346586307721602,1400,0.7653333333333333,ContextualDFLTraining.supervised_mse_fallback,4.283938440872766,29.10353246979986,0.06831654932241225,5.394768991328531,300,0.7688888888888888,10
32,3,1.0,2,0.0,100,64,0.0003,mse_scen,0.0,2000,0.0,run_0074_seed2,2,5.0,highs,0.15,1.0,0.1,0.15,1.218608947,,Training has not been implemented yet.,2026-05-01T16:36:29.722,instance-20260501-133020,1.12.6,17421,run_0074_seed2,2026-05-01T16:36:28.502,ok,4.270851727365924,28.671184444587034,0.07338832864904077,5.3545480149669995,300,0.739,4.2413074586836155,28.335332316991273,0.07137196737506225,5.323094242730564,1400,0.7481428571428571,ContextualDFLTraining.supervised_mse_fallback,4.262398437195714,28.456189149636405,0.07146764448199011,5.334434285811046,300,0.7518888888888889,13
32,3,1.0,2,0.0,100,64,0.0003,mse_scen,0.0,2000,0.0,run_0075_seed3,3,5.0,highs,0.15,1.0,0.1,0.15,1.171274893,,Training has not been implemented yet.,2026-05-01T16:36:29.818,instance-20260501-133020,1.12.6,17420,run_0075_seed3,2026-05-01T16:36:28.643,ok,4.370799056448384,29.90012637593116,0.07170995571323938,5.468100801551774,300,0.7496666666666667,4.37212730122979,30.22633184245506,0.07071820566477006,5.4978479282765775,1400,0.7518095238095238,ContextualDFLTraining.supervised_mse_fallback,4.313840383196222,29.581867724530618,0.06921931012083754,5.438921558960987,300,0.764,12
32,3,1.0,2,0.1,100,64,0.0003,mse_scen,0.0,2000,0.0,run_0076_seed1,1,5.0,highs,0.15,1.0,0.1,0.15,1.455848447,,Training has not been implemented yet.,2026-05-01T16:36:30.865,instance-20260501-133020,1.12.6,17399,run_0076_seed1,2026-05-01T16:36:29.406,ok,4.151305553433831,26.95574068337273,0.06679586712996582,5.191891821231711,300,0.7813333333333333,4.0776570758700545,26.14343427606976,0.0658936649101315,5.113065056897844,1400,0.7848095238095238,ContextualDFLTraining.supervised_mse_fallback,4.101837152996429,26.553778317958894,0.06526033810297685,5.153035835113015,300,0.7855555555555556,10
32,3,1.0,2,0.1,100,64,0.0003,mse_scen,0.0,2000,0.0,run_0077_seed2,2,5.0,highs,0.15,1.0,0.1,0.15,1.405965095,,Training has not been implemented yet.,2026-05-01T16:36:31.157,instance-20260501-133020,1.12.6,17421,run_0077_seed2,2026-05-01T16:36:29.747,ok,4.184461567158053,27.30740143299099,0.07152962548085878,5.225648422252591,300,0.75,4.123897131485889,26.74158288796685,0.06909752089425344,5.1712264394403435,1400,0.7617857142857143,ContextualDFLTraining.supervised_mse_fallback,4.142814199027302,26.94166819584199,0.06918562926635047,5.1905364073322895,300,0.7616666666666667,13
32,3,1.0,2,0.1,100,64,0.0003,mse_scen,0.0,2000,0.0,run_0078_seed3,3,5.0,highs,0.15,1.0,0.1,0.15,1.407291224,,Training has not been implemented yet.,2026-05-01T16:36:31.252,instance-20260501-133020,1.12.6,17420,run_0078_seed3,2026-05-01T16:36:29.843,ok,4.216442407696523,27.70735531915516,0.06856980669599316,5.263777666197078,300,0.7686666666666667,4.2469529577808,28.382601598467968,0.06815493276380481,5.327532411770759,1400,0.7665952380952381,ContextualDFLTraining.supervised_mse_fallback,4.1843737060675394,27.691639450051326,0.06653317086794001,5.262284622675908,300,0.7784444444444445,12
64,3,1.0,2,0.0,100,64,0.0003,mse_scen,0.0,2000,0.0,run_0079_seed1,1,5.0,highs,0.15,1.0,0.1,0.15,0.873136632,,Training has not been implemented yet.,2026-05-01T16:36:31.766,instance-20260501-133020,1.12.6,17399,run_0079_seed1,2026-05-01T16:36:30.891,ok,4.434427008819213,31.154406101312347,0.07120323031414594,5.581613216742302,300,0.7526666666666667,4.337136901983225,29.87951999209052,0.06981793035485818,5.466216240882766,1400,0.7574285714285715,ContextualDFLTraining.supervised_mse_fallback,4.390810990074218,30.822579725527916,0.06974781126542806,5.551808689564862,300,0.7592222222222222,10
64,3,1.0,2,0.0,100,64,0.0003,mse_scen,0.0,2000,0.0,run_0080_seed2,2,5.0,highs,0.15,1.0,0.1,0.15,0.808681435,,Training has not been implemented yet.,2026-05-01T16:36:31.994,instance-20260501-133020,1.12.6,17421,run_0080_seed2,2026-05-01T16:36:31.182,ok,4.409546989491142,30.72909766279999,0.07493419137570567,5.543383232539492,300,0.7207777777777777,4.394044416720306,30.570098374272025,0.07322737721372388,5.5290232748897,1400,0.732452380952381,ContextualDFLTraining.supervised_mse_fallback,4.418298538796903,30.739891346025825,0.0734496335806954,5.54435671165067,300,0.7326666666666667,13
64,3,1.0,2,0.0,100,64,0.0003,mse_scen,0.0,2000,0.0,run_0081_seed3,3,5.0,highs,0.15,1.0,0.1,0.15,0.845106698,,Training has not been implemented yet.,2026-05-01T16:36:32.124,instance-20260501-133020,1.12.6,17420,run_0081_seed3,2026-05-01T16:36:31.277,ok,4.532076168258614,32.34721335455733,0.07370808878022164,5.6874610640036325,300,0.7305555555555555,4.536622950584914,32.74200442104229,0.0727752481444759,5.722062951509908,1400,0.7356190476190476,ContextualDFLTraining.supervised_mse_fallback,4.454669161672622,31.81704423156643,0.07113083858792149,5.640659911000346,300,0.7496666666666667,12
64,3,1.0,2,0.1,100,64,0.0003,mse_scen,0.0,2000,0.0,run_0082_seed1,1,5.0,highs,0.15,1.0,0.1,0.15,1.056135759,,Training has not been implemented yet.,2026-05-01T16:36:32.436,instance-20260501-133020,1.12.6,17419,run_0082_seed1,2026-05-01T16:36:31.376,ok,4.401130234869903,30.559197814437766,0.07053050438933203,5.528037428820265,300,0.7578888888888888,4.3021511947754165,29.316341941160836,0.06918967616039792,5.414456754020742,1400,0.7616428571428572,ContextualDFLTraining.supervised_mse_fallback,4.340909288292043,30.011165819917643,0.06887534686195561,5.478244775465737,300,0.7657777777777778,11
64,3,1.0,2,0.1,100,64,0.0003,mse_scen,0.0,2000,0.0,run_0083_seed2,2,5.0,highs,0.15,1.0,0.1,0.15,1.659964894,,Training has not been implemented yet.,2026-05-01T16:36:33.456,instance-20260501-133020,1.12.6,17399,run_0083_seed2,2026-05-01T16:36:31.793,ok,4.3292969363031375,29.473492767815166,0.07374500686890537,5.42894950868169,300,0.7318888888888889,4.304804611418261,29.248186444686123,0.07183011788185253,5.408159247348965,1400,0.7431190476190476,ContextualDFLTraining.supervised_mse_fallback,4.330823012041966,29.458171655539132,0.07200282676284009,5.427538268454597,300,0.7425555555555555,10
64,3,1.0,2,0.1,100,64,0.0003,mse_scen,0.0,2000,0.0,run_0084_seed3,3,5.0,highs,0.15,1.0,0.1,0.15,1.717095197,,Training has not been implemented yet.,2026-05-01T16:36:33.739,instance-20260501-133020,1.12.6,17421,run_0084_seed3,2026-05-01T16:36:32.019,ok,4.4102964004014185,30.39515206383461,0.07178568650505278,5.513179850488701,300,0.7454444444444445,4.416939002820681,30.884303307187167,0.07092742825737472,5.557364780827975,1400,0.7491666666666666,ContextualDFLTraining.supervised_mse_fallback,4.334443671649021,29.864339322351878,0.06908997241289296,5.4648274741616385,300,0.7631111111111111,13
32,3,1.0,3,0.0,100,64,0.0003,mse_scen,0.0,2000,0.0,run_0085_seed1,1,5.0,highs,0.15,1.0,0.1,0.15,2.318731649,,Training has not been implemented yet.,2026-05-01T16:36:34.470,instance-20260501-133020,1.12.6,17420,run_0085_seed1,2026-05-01T16:36:32.149,ok,4.22465954007753,28.00878564581608,0.06828507312121031,5.292332722516233,300,0.7716666666666666,4.12914050598437,26.833755849011,0.06701471490794447,5.180130871803433,1400,0.7773333333333333,ContextualDFLTraining.supervised_mse_fallback,4.1852227846835675,27.587246157896406,0.06687203434326895,5.252356248189607,300,0.7763333333333333,12
32,3,1.0,3,0.0,100,64,0.0003,mse_scen,0.0,2000,0.0,run_0086_seed2,2,5.0,highs,0.15,1.0,0.1,0.15,1.538334647,,Training has not been implemented yet.,2026-05-01T16:36:34.003,instance-20260501-133020,1.12.6,17419,run_0086_seed2,2026-05-01T16:36:32.462,ok,4.155220948547287,27.011617082286712,0.0714156953767827,5.197270156754093,300,0.751,4.0996933939501154,26.45618037234365,0.06905180999883329,5.143557171097027,1400,0.7639523809523809,ContextualDFLTraining.supervised_mse_fallback,4.120225938201489,26.635559305848997,0.06915722062450687,5.160964958789102,300,0.7625555555555555,11
32,3,1.0,3,0.0,100,64,0.0003,mse_scen,0.0,2000,0.0,run_0087_seed3,3,5.0,highs,0.15,1.0,0.1,0.15,1.624884072,,Training has not been implemented yet.,2026-05-01T16:36:35.110,instance-20260501-133020,1.12.6,17399,run_0087_seed3,2026-05-01T16:36:33.482,ok,4.293577428874296,28.835415343264277,0.07063153487490521,5.369861762025562,300,0.7581111111111111,4.282670987955369,28.962611224216886,0.06947220617310604,5.381692226820193,1400,0.7606904761904761,ContextualDFLTraining.supervised_mse_fallback,4.231256180803462,28.361478530866698,0.06808859471834597,5.325549598949079,300,0.7744444444444445,10
32,3,1.0,3,0.1,100,64,0.0003,mse_scen,0.0,2000,0.0,run_0088_seed1,1,5.0,highs,0.15,1.0,0.1,0.15,2.009262352,,Training has not been implemented yet.,2026-05-01T16:36:35.776,instance-20260501-133020,1.12.6,17421,run_0088_seed1,2026-05-01T16:36:33.764,ok,4.291522449307749,28.886941884771073,0.06856620375386716,5.374657373709609,300,0.7694444444444445,4.209308664436449,27.940534189333636,0.0675396479744863,5.285880644635635,1400,0.7729285714285714,ContextualDFLTraining.supervised_mse_fallback,4.256161803110281,28.685801236997946,0.06727143336281544,5.3559127361261165,300,0.7725555555555556,13
32,3,1.0,3,0.1,100,64,0.0003,mse_scen,0.0,2000,0.0,run_0089_seed2,2,5.0,highs,0.15,1.0,0.1,0.15,2.58095008,,Training has not been implemented yet.,2026-05-01T16:36:36.613,instance-20260501-133020,1.12.6,17419,run_0089_seed2,2026-05-01T16:36:34.029,ok,4.279142053955854,28.77349526839401,0.07306083561789718,5.36409314501473,300,0.7378888888888889,4.242850484461584,28.39721386722708,0.07094379104131272,5.328903627128856,1400,0.7485952380952381,ContextualDFLTraining.supervised_mse_fallback,4.271465275465271,28.63154186159548,0.07116667606178513,5.350844967067863,300,0.7453333333333333,11
32,3,1.0,3,0.1,100,64,0.0003,mse_scen,0.0,2000,0.0,run_0090_seed3,3,5.0,highs,0.15,1.0,0.1,0.15,1.946243389,,Training has not been implemented yet.,2026-05-01T16:36:36.444,instance-20260501-133020,1.12.6,17420,run_0090_seed3,2026-05-01T16:36:34.495,ok,4.359866695694202,29.738778094732474,0.07129241503082645,5.453327249921141,300,0.7495555555555555,4.365241942982453,30.09100306651765,0.07035153811251132,5.485526689983164,1400,0.7543571428571428,ContextualDFLTraining.supervised_mse_fallback,4.310808114370478,29.518701604175018,0.06890019555584996,5.433111595041558,300,0.7656666666666667,12
64,3,1.0,3,0.0,100,64,0.0003,mse_scen,0.0,2000,0.0,run_0091_seed1,1,5.0,highs,0.15,1.0,0.1,0.15,1.110882408,,Training has not been implemented yet.,2026-05-01T16:36:36.249,instance-20260501-133020,1.12.6,17399,run_0091_seed1,2026-05-01T16:36:35.135,ok,4.337827464278288,29.64486731219761,0.06986978961167445,5.444710030129944,300,0.7627777777777778,4.246508870663006,28.473485659803014,0.06872032311349341,5.3360552526939795,1400,0.7669761904761905,ContextualDFLTraining.supervised_mse_fallback,4.275679333359958,29.060342399296637,0.06815808525409016,5.390764546824192,300,0.7681111111111111,10
64,3,1.0,3,0.0,100,64,0.0003,mse_scen,0.0,2000,0.0,run_0092_seed2,2,5.0,highs,0.15,1.0,0.1,0.15,1.112960757,,Training has not been implemented yet.,2026-05-01T16:36:36.918,instance-20260501-133020,1.12.6,17421,run_0092_seed2,2026-05-01T16:36:35.801,ok,4.295650471785513,29.06445390020529,0.0737635474025345,5.391145880070886,300,0.7375555555555555,4.259572170067641,28.64500064327775,0.07160791567311725,5.352102450745665,1400,0.7463095238095238,ContextualDFLTraining.supervised_mse_fallback,4.2836915150263,28.814506251054485,0.0717927016627392,5.367914515997296,300,0.7466666666666667,13
64,3,1.0,3,0.0,100,64,0.0003,mse_scen,0.0,2000,0.0,run_0093_seed3,3,5.0,highs,0.15,1.0,0.1,0.15,2.248764716,,Training has not been implemented yet.,2026-05-01T16:36:38.097,instance-20260501-084214,1.12.6,14166,run_0093_seed3,2026-05-01T16:36:35.843,ok,4.315741466043768,29.341767841785824,0.07084576775358864,5.416804209290365,300,0.7543333333333333,4.329079795928812,29.633699065143176,0.07001276815838665,5.443684328204858,1400,0.7582857142857143,ContextualDFLTraining.supervised_mse_fallback,4.263235543629181,28.98518901593462,0.0684335928866374,5.3837894661599295,300,0.7674444444444445,6
64,3,1.0,3,0.1,100,64,0.0003,mse_scen,0.0,2000,0.0,run_0094_seed1,1,5.0,highs,0.15,1.0,0.1,0.15,1.989516575,,Training has not been implemented yet.,2026-05-01T16:36:38.275,instance-20260501-133020,1.12.6,17399,run_0094_seed1,2026-05-01T16:36:36.274,ok,4.386191779757684,30.304519871898176,0.07013233559688016,5.504954120780497,300,0.762,4.292653585440871,29.143022598937613,0.06899378201480165,5.398427789545546,1400,0.7650476190476191,ContextualDFLTraining.supervised_mse_fallback,4.34373298241823,30.04655678452616,0.06876350335986679,5.481473960945738,300,0.7648888888888888,10
64,3,1.0,3,0.1,100,64,0.0003,mse_scen,0.0,2000,0.0,run_0095_seed2,2,5.0,highs,0.15,1.0,0.1,0.15,2.036416692,,Training has not been implemented yet.,2026-05-01T16:36:38.508,instance-20260501-133020,1.12.6,17420,run_0095_seed2,2026-05-01T16:36:36.468,ok,4.297975680053041,29.070691433342418,0.07376381068915731,5.391724346935998,300,0.7374444444444445,4.271293803902153,28.81498379221828,0.07177456285248861,5.367958996883106,1400,0.7458095238095238,ContextualDFLTraining.supervised_mse_fallback,4.298550774616656,29.032837560094237,0.07199625244296337,5.38821283544871,300,0.7457777777777778,12
64,3,1.0,3,0.1,100,64,0.0003,mse_scen,0.0,2000,0.0,run_0096_seed3,3,5.0,highs,0.15,1.0,0.1,0.15,1.353956775,,Training has not been implemented yet.,2026-05-01T16:36:37.996,instance-20260501-133020,1.12.6,17419,run_0096_seed3,2026-05-01T16:36:36.639,ok,4.398376566809498,30.43507666828241,0.0717984891176879,5.516799495022672,300,0.7478888888888889,4.392902051729376,30.534387447680412,0.07067150713320859,5.525792924791918,1400,0.7514285714285714,ContextualDFLTraining.supervised_mse_fallback,4.33401704268314,29.887974025772614,0.06921110276782431,5.466989484695632,300,0.7632222222222222,11
32,3,1.0,2,0.0,100,128,0.0003,mse_scen,0.0,2000,0.0,run_0097_seed1,1,5.0,highs,0.15,1.0,0.1,0.15,3.115455738,,Training has not been implemented yet.,2026-05-01T16:36:40.064,instance-20260501-133020,1.12.6,17421,run_0097_seed1,2026-05-01T16:36:36.942,ok,4.193571885653156,27.603041328537035,0.06768587144914619,5.253859660148626,300,0.7765555555555556,4.11806258005588,26.696366370433864,0.06673205220771347,5.166852656156731,1400,0.7794761904761904,ContextualDFLTraining.supervised_mse_fallback,4.1485259087787565,27.18710675347499,0.06617987553773229,5.214125694061756,300,0.7822222222222223,13
32,3,1.0,2,0.0,100,128,0.0003,mse_scen,0.0,2000,0.0,run_0098_seed2,2,5.0,highs,0.15,1.0,0.1,0.15,2.90583214,,Training has not been implemented yet.,2026-05-01T16:36:40.930,instance-20260501-133020,1.12.6,17419,run_0098_seed2,2026-05-01T16:36:38.021,ok,4.1537482675335715,26.978899786390777,0.0714428947361175,5.194121656872389,300,0.7485555555555555,4.0998336890499845,26.415266104205116,0.06911683893179017,5.13957839751522,1400,0.7612857142857142,ContextualDFLTraining.supervised_mse_fallback,4.113620706806,26.537634142777172,0.06909482259237974,5.151469124703862,300,0.7636666666666667,11
32,3,1.0,2,0.0,100,128,0.0003,mse_scen,0.0,2000,0.0,run_0099_seed3,3,5.0,highs,0.15,1.0,0.1,0.15,7.920535433,,Training has not been implemented yet.,2026-05-01T16:36:46.961,instance-20260501-084214,1.12.6,14166,run_0099_seed3,2026-05-01T16:36:38.120,ok,4.002890210412251,25.042690460573546,0.06572683484641242,5.004267225136318,300,0.7851111111111111,4.044305960357545,25.637661334363155,0.06559534766877936,5.063364625855336,1400,0.7865714285714286,ContextualDFLTraining.supervised_mse_fallback,3.9944649614101793,25.208132430040123,0.0641739245188144,5.020770103284965,300,0.7935555555555556,6
32,3,1.0,2,0.1,100,128,0.0003,mse_scen,0.0,2000,0.0,run_0100_seed1,1,5.0,highs,0.15,1.0,0.1,0.15,2.603028275,,Training has not been implemented yet.,2026-05-01T16:36:40.908,instance-20260501-133020,1.12.6,17399,run_0100_seed1,2026-05-01T16:36:38.300,ok,4.141018302199853,26.849294062690973,0.06618158673006773,5.181630444434548,300,0.7874444444444444,4.075043124578573,26.124426566987488,0.06541501086093829,5.111205979706501,1400,0.7865952380952381,ContextualDFLTraining.supervised_mse_fallback,4.105799641377892,26.574376442054405,0.06488755098340412,5.155034087380452,300,0.788,10
32,3,1.0,2,0.1,100,128,0.0003,mse_scen,0.0,2000,0.0,run_0101_seed2,2,5.0,highs,0.15,1.0,0.1,0.15,2.637103856,,Training has not been implemented yet.,2026-05-01T16:36:41.174,instance-20260501-133020,1.12.6,17420,run_0101_seed2,2026-05-01T16:36:38.532,ok,4.112675193361154,26.372376457808883,0.07094658133765065,5.1354042156201185,300,0.7557777777777778,4.037145386971455,25.65745490170052,0.06830251725537609,5.065318835147549,1400,0.7666904761904761,ContextualDFLTraining.supervised_mse_fallback,4.037603637043097,25.64873790431147,0.06807601042208597,5.064458303146692,300,0.769,12
32,3,1.0,2,0.1,100,128,0.0003,mse_scen,0.0,2000,0.0,run_0102_seed3,3,5.0,highs,0.15,1.0,0.1,0.15,4.764849255,,Training has not been implemented yet.,2026-05-01T16:36:43.400,instance-20260501-084214,1.12.6,14168,run_0102_seed3,2026-05-01T16:36:38.628,ok,4.002133646969805,25.009498693559074,0.06540626321593764,5.000949779147865,300,0.788,4.029021539348142,25.452686101692446,0.0650595860817869,5.045065520059422,1400,0.7892380952380952,ContextualDFLTraining.supervised_mse_fallback,3.9911312833585963,25.089251022883037,0.06382167893615451,5.008917150730588,300,0.7978888888888889,8
64,3,1.0,2,0.0,100,128,0.0003,mse_scen,0.0,2000,0.0,run_0103_seed1,1,5.0,highs,0.15,1.0,0.1,0.15,3.229959563,,Training has not been implemented yet.,2026-05-01T16:36:41.933,instance-20260501-084214,1.12.6,14139,run_0103_seed1,2026-05-01T16:36:38.692,ok,4.34293461640097,29.60892278266123,0.0699438989300505,5.441408161740969,300,0.7635555555555555,4.258727692618202,28.64839723495701,0.06890518884917074,5.352419755116093,1400,0.7640714285714286,ContextualDFLTraining.supervised_mse_fallback,4.294717255900145,29.334693725495093,0.06845470785707791,5.416151191159188,300,0.7671111111111111,2
64,3,1.0,2,0.0,100,128,0.0003,mse_scen,0.0,2000,0.0,run_0104_seed2,2,5.0,highs,0.15,1.0,0.1,0.15,2.282483317,,Training has not been implemented yet.,2026-05-01T16:36:42.380,instance-20260501-133020,1.12.6,17421,run_0104_seed2,2026-05-01T16:36:40.089,ok,4.304696959242927,29.115681572609756,0.07396083063314529,5.3958948815381635,300,0.7363333333333333,4.271833578475094,28.807104370262827,0.07187175205984553,5.367225015803123,1400,0.7449761904761905,ContextualDFLTraining.supervised_mse_fallback,4.289661286567966,28.856055683242857,0.07191495173458412,5.3717832870698405,300,0.7485555555555555,13
64,3,1.0,2,0.0,100,128,0.0003,mse_scen,0.0,2000,0.0,run_0105_seed3,3,5.0,highs,0.15,1.0,0.1,0.15,6.727999779,,Training has not been implemented yet.,2026-05-01T16:36:48.846,instance-20260501-084214,1.12.6,14167,run_0105_seed3,2026-05-01T16:36:40.908,ok,4.395991605186376,30.33387082796117,0.07220675687632587,5.507619343052057,300,0.7481111111111111,4.390235852781332,30.501680905748074,0.07105992382110339,5.522832688552866,1400,0.7509285714285714,ContextualDFLTraining.supervised_mse_fallback,4.3280323229727085,29.865321051204152,0.06953079756055687,5.464917295916211,300,0.7635555555555555,7
64,3,1.0,2,0.1,100,128,0.0003,mse_scen,0.0,2000,0.0,run_0106_seed1,1,5.0,highs,0.15,1.0,0.1,0.15,2.679095027,,Training has not been implemented yet.,2026-05-01T16:36:43.616,instance-20260501-133020,1.12.6,17399,run_0106_seed1,2026-05-01T16:36:40.934,ok,4.232126752134677,28.17971182707052,0.06792008500804782,5.308456633247607,300,0.7762222222222223,4.149785124120884,27.140253690496618,0.06689726859275341,5.2096308593312655,1400,0.7772857142857142,ContextualDFLTraining.supervised_mse_fallback,4.173876613046332,27.63169301836143,0.0662579898502871,5.256585680682988,300,0.7783333333333333,10
64,3,1.0,2,0.1,100,128,0.0003,mse_scen,0.0,2000,0.0,run_0107_seed2,2,5.0,highs,0.15,1.0,0.1,0.15,2.040710178,,Training has not been implemented yet.,2026-05-01T16:36:43,instance-20260501-133020,1.12.6,17419,run_0107_seed2,2026-05-01T16:36:40.955,ok,4.196005516348727,27.56871546923636,0.07210860682869119,5.25059191608302,300,0.7475555555555555,4.1486414290225015,27.087915735321054,0.06985748569519973,5.2046052429863545,1400,0.7561428571428571,ContextualDFLTraining.supervised_mse_fallback,4.159181646219458,27.156369433859293,0.06978303474844705,5.2111773558246215,300,0.76,11
64,3,1.0,2,0.1,100,128,0.0003,mse_scen,0.0,2000,0.0,run_0108_seed3,3,5.0,highs,0.15,1.0,0.1,0.15,2.637168458,,Training has not been implemented yet.,2026-05-01T16:36:43.839,instance-20260501-133020,1.12.6,17420,run_0108_seed3,2026-05-01T16:36:41.198,ok,4.256200240386181,28.48023643825683,0.06988217633220213,5.3366877778503055,300,0.7612222222222222,4.270240442910944,28.792384388396588,0.069074565578259,5.365853556368883,1400,0.7626904761904761,ContextualDFLTraining.supervised_mse_fallback,4.202917296479219,28.080506810555413,0.06745962247376952,5.299104340410312,300,0.776,12
32,3,1.0,3,0.0,100,128,0.0003,mse_scen,0.0,2000,0.0,run_0109_seed1,1,5.0,highs,0.15,1.0,0.1,0.15,7.233010565,,Training has not been implemented yet.,2026-05-01T16:36:49.199,instance-20260501-084214,1.12.6,14139,run_0109_seed1,2026-05-01T16:36:41.955,ok,4.087699837284735,26.168120986076,0.06577015882611004,5.1154785686264,300,0.7883333333333333,4.021159222602739,25.400069413866454,0.06499717982057746,5.039848153850119,1400,0.7901666666666667,ContextualDFLTraining.supervised_mse_fallback,4.0515260981991235,25.86312395539845,0.06443162247621613,5.085580001867874,300,0.792,2
32,3,1.0,3,0.0,100,128,0.0003,mse_scen,0.0,2000,0.0,run_0110_seed2,2,5.0,highs,0.15,1.0,0.1,0.15,4.440419948,,Training has not been implemented yet.,2026-05-01T16:36:46.852,instance-20260501-133020,1.12.6,17421,run_0110_seed2,2026-05-01T16:36:42.405,ok,4.107151417371638,26.347546170524485,0.07068531788901736,5.132986087115811,300,0.7553333333333333,4.030753914045019,25.592419890097553,0.06804011321882977,5.058895125429816,1400,0.7678333333333334,ContextualDFLTraining.supervised_mse_fallback,4.039960678326963,25.657651420784045,0.06794132617513765,5.0653382336013895,300,0.7687777777777778,13
32,3,1.0,3,0.0,100,128,0.0003,mse_scen,0.0,2000,0.0,run_0111_seed3,3,5.0,highs,0.15,1.0,0.1,0.15,4.178565801,,Training has not been implemented yet.,2026-05-01T16:36:47.208,instance-20260501-133020,1.12.6,17419,run_0111_seed3,2026-05-01T16:36:43.026,ok,3.9793151604061374,24.80263541824046,0.06527957897886286,4.980224434525061,300,0.7875555555555556,4.011839308313161,25.22661343966285,0.06504591546581519,5.022610221753511,1400,0.7903571428571429,ContextualDFLTraining.supervised_mse_fallback,3.9810077573238614,24.96162069298454,0.06388944793194593,4.996160595195529,300,0.7961111111111111,11
32,3,1.0,3,0.1,100,128,0.0003,mse_scen,0.0,2000,0.0,run_0112_seed1,1,5.0,highs,0.15,1.0,0.1,0.15,12.75968038,,Training has not been implemented yet.,2026-05-01T16:36:57.277,instance-20260501-084214,1.12.6,14168,run_0112_seed1,2026-05-01T16:36:43.423,ok,4.117417554012479,26.58911677274614,0.06679838684787351,5.1564635917211845,300,0.7782222222222223,4.061829339246494,25.940237932777404,0.06618358862643121,5.09315598944087,1400,0.7826666666666666,ContextualDFLTraining.supervised_mse_fallback,4.102797905763055,26.473646045065244,0.0657574786163568,5.1452547113884695,300,0.7834444444444445,8
32,3,1.0,3,0.1,100,128,0.0003,mse_scen,0.0,2000,0.0,run_0113_seed2,2,5.0,highs,0.15,1.0,0.1,0.15,4.687929765,,Training has not been implemented yet.,2026-05-01T16:36:48.338,instance-20260501-133020,1.12.6,17399,run_0113_seed2,2026-05-01T16:36:43.642,ok,4.090306731341855,26.091151793445118,0.06974726998019895,5.107949862072368,300,0.7554444444444445,4.012496447240666,25.316424028756135,0.06710899156677132,5.031542907375046,1400,0.7737142857142857,ContextualDFLTraining.supervised_mse_fallback,4.030427175825764,25.48986074813871,0.06716951325180542,5.0487484338337465,300,0.7734444444444445,10
32,3,1.0,3,0.1,100,128,0.0003,mse_scen,0.0,2000,0.0,run_0114_seed3,3,5.0,highs,0.15,1.0,0.1,0.15,5.247828734,,Training has not been implemented yet.,2026-05-01T16:36:49.117,instance-20260501-133020,1.12.6,17420,run_0114_seed3,2026-05-01T16:36:43.863,ok,4.008635729946949,25.16760385060157,0.06605927061871918,5.016732387780075,300,0.7858888888888889,4.03873680973346,25.593764740319795,0.06572921810527727,5.059028043045402,1400,0.7872380952380953,ContextualDFLTraining.supervised_mse_fallback,3.993751518516049,25.184760986643763,0.06435527005548065,5.018442087604853,300,0.7957777777777778,12
64,3,1.0,3,0.0,100,128,0.0003,mse_scen,0.0,2000,0.0,run_0115_seed1,1,5.0,highs,0.15,1.0,0.1,0.15,5.615434515,,Training has not been implemented yet.,2026-05-01T16:36:50.577,instance-20260501-084214,1.12.6,14165,run_0115_seed1,2026-05-01T16:36:44.951,ok,4.096573102981127,26.28715625603351,0.0659557255063086,5.1271001800270595,300,0.7883333333333333,4.02253199254523,25.419140505561362,0.06506217874790284,5.04173982922179,1400,0.7893333333333333,ContextualDFLTraining.supervised_mse_fallback,4.064370927126474,25.98845809979214,0.06467001995047977,5.0978876115301075,300,0.792,5
64,3,1.0,3,0.0,100,128,0.0003,mse_scen,0.0,2000,0.0,run_0116_seed2,2,5.0,highs,0.15,1.0,0.1,0.15,6.57721649,,Training has not been implemented yet.,2026-05-01T16:36:53.207,instance-20260501-084214,1.12.6,14164,run_0116_seed2,2026-05-01T16:36:45.614,ok,4.230188306032416,28.127998257250105,0.07272565878448695,5.303583529770235,300,0.7416666666666667,4.193739270892283,27.69549319958462,0.07062560405301388,5.262650776897952,1400,0.7526428571428572,ContextualDFLTraining.supervised_mse_fallback,4.2118009873577344,27.82981993421613,0.07067643882544915,5.275397609111197,300,0.7525555555555555,4
64,3,1.0,3,0.0,100,128,0.0003,mse_scen,0.0,2000,0.0,run_0117_seed3,3,5.0,highs,0.15,1.0,0.1,0.15,8.989926163,,Training has not been implemented yet.,2026-05-01T16:36:57.632,instance-20260501-084214,1.12.6,14169,run_0117_seed3,2026-05-01T16:36:47.585,ok,4.261853741240867,28.48867706522904,0.06988007208243577,5.337478530657434,300,0.7623333333333333,4.269196448369506,28.733460737472022,0.06904102097165665,5.3603601313225235,1400,0.7636190476190476,ContextualDFLTraining.supervised_mse_fallback,4.207880559402817,28.165532626553873,0.06748669065638208,5.3071209357384985,300,0.7736666666666666,9
64,3,1.0,3,0.1,100,128,0.0003,mse_scen,0.0,2000,0.0,run_0118_seed1,1,5.0,highs,0.15,1.0,0.1,0.15,3.937641808,,Training has not been implemented yet.,2026-05-01T16:36:51.525,instance-20260501-133020,1.12.6,17421,run_0118_seed1,2026-05-01T16:36:47.580,ok,4.2211062746632,27.918628712311264,0.0678419713853789,5.28380816384464,300,0.7762222222222223,4.143079646258618,27.03429129993973,0.06690020193249971,5.199451057557877,1400,0.7783095238095238,ContextualDFLTraining.supervised_mse_fallback,4.181385366480535,27.658630838156096,0.06651183134400367,5.2591473489679,300,0.778,13
64,3,1.0,3,0.1,100,128,0.0003,mse_scen,0.0,2000,0.0,run_0119_seed2,2,5.0,highs,0.15,1.0,0.1,0.15,11.733503957,,Training has not been implemented yet.,2026-05-01T16:37:00.333,instance-20260501-084214,1.12.6,14166,run_0119_seed2,2026-05-01T16:36:47.582,ok,4.120987335467835,26.550228455816235,0.07037042452150268,5.152691379834061,300,0.7562222222222222,4.050198824993343,25.840052900362096,0.06782483853975174,5.083311214195143,1400,0.7690476190476191,ContextualDFLTraining.supervised_mse_fallback,4.077095345060453,26.0614759908459,0.06804066226104555,5.105044171292341,300,0.7694444444444445,6
64,3,1.0,3,0.1,100,128,0.0003,mse_scen,0.0,2000,0.0,run_0120_seed3,3,5.0,highs,0.15,1.0,0.1,0.15,4.555726643,,Training has not been implemented yet.,2026-05-01T16:36:52.141,instance-20260501-133020,1.12.6,17419,run_0120_seed3,2026-05-01T16:36:47.580,ok,4.160846181259735,27.104699307439397,0.06791352053471483,5.206217370360116,300,0.773,4.18028070798096,27.484592611012793,0.06730720356710017,5.242574998129525,1400,0.7730476190476191,ContextualDFLTraining.supervised_mse_fallback,4.132461440800991,27.075557179621292,0.06596617621230025,5.2034178363476915,300,0.7825555555555556,11
32,3,1.0,2,0.0,100,256,0.0003,mse_scen,0.0,2000,0.0,run_0121_seed1,1,5.0,highs,0.15,1.0,0.1,0.15,7.40825897,,Training has not been implemented yet.,2026-05-01T16:36:55.883,instance-20260501-133020,1.12.6,17399,run_0121_seed1,2026-05-01T16:36:48.382,ok,4.080322545895716,26.09841790111705,0.06582090992135255,5.108661067355815,300,0.7892222222222223,4.01454013750085,25.31939767049305,0.06505040163645022,5.031838398686215,1400,0.7898571428571428,ContextualDFLTraining.supervised_mse_fallback,4.043316093146484,25.749321810214173,0.06444473989842256,5.074378958080898,300,0.7922222222222223,10
32,3,1.0,2,0.0,100,256,0.0003,mse_scen,0.0,2000,0.0,run_0122_seed2,2,5.0,highs,0.15,1.0,0.1,0.15,12.424288183,,Training has not been implemented yet.,2026-05-01T16:37:01.363,instance-20260501-084214,1.12.6,14167,run_0122_seed2,2026-05-01T16:36:48.925,ok,4.070096605898808,25.783184531173227,0.06988918191346269,5.07771449878518,300,0.7602222222222222,3.9819432331865565,24.948184565966567,0.06710629940078845,4.994815768971521,1400,0.774952380952381,ContextualDFLTraining.supervised_mse_fallback,3.9978951891397436,25.097150570411273,0.06712883335711096,5.0097056371019715,300,0.7746666666666666,7
32,3,1.0,2,0.0,100,256,0.0003,mse_scen,0.0,2000,0.0,run_0123_seed3,3,5.0,highs,0.15,1.0,0.1,0.15,8.114526214,,Training has not been implemented yet.,2026-05-01T16:36:57.288,instance-20260501-133020,1.12.6,17420,run_0123_seed3,2026-05-01T16:36:49.162,ok,3.974182984232723,24.736710502961955,0.06525767050788585,4.973601361484649,300,0.7892222222222223,4.006543217637432,25.162356054086636,0.06500573814629368,5.0162093311669755,1400,0.7907142857142857,ContextualDFLTraining.supervised_mse_fallback,3.97550365254425,24.866906057779566,0.06385524883942748,4.9866728444705055,300,0.7996666666666666,12
32,3,1.0,2,0.1,100,256,0.0003,mse_scen,0.0,2000,0.0,run_0124_seed1,1,5.0,highs,0.15,1.0,0.1,0.15,14.592131102,,Training has not been implemented yet.,2026-05-01T16:37:03.888,instance-20260501-084214,1.12.6,14139,run_0124_seed1,2026-05-01T16:36:49.278,ok,4.065365227925052,25.897927989585824,0.06540508179857557,5.089000686734658,300,0.7888888888888889,4.001920828357296,25.142304366218514,0.06464989226840039,5.014210243519762,1400,0.7922142857142858,ContextualDFLTraining.supervised_mse_fallback,4.030642807859488,25.571934841377395,0.06406427382778282,5.056870063722954,300,0.7928888888888889,2
32,3,1.0,2,0.1,100,256,0.0003,mse_scen,0.0,2000,0.0,run_0125_seed2,2,5.0,highs,0.15,1.0,0.1,0.15,15.06821601,,Training has not been implemented yet.,2026-05-01T16:37:05.738,instance-20260501-084214,1.12.6,14165,run_0125_seed2,2026-05-01T16:36:50.656,ok,4.06821748625831,25.786338070380896,0.06954927682594407,5.078025016714756,300,0.7603333333333333,3.9804418606026495,24.930826289135055,0.06675828851028895,4.9930778372798335,1400,0.7761904761904762,ContextualDFLTraining.supervised_mse_fallback,3.9993745773682465,25.103329022839343,0.06682859745711989,5.010322247404786,300,0.7787777777777778,5
32,3,1.0,2,0.1,100,256,0.0003,mse_scen,0.0,2000,0.0,run_0126_seed3,3,5.0,highs,0.15,1.0,0.1,0.15,9.469669192,,Training has not been implemented yet.,2026-05-01T16:37:01.037,instance-20260501-133020,1.12.6,17421,run_0126_seed3,2026-05-01T16:36:51.556,ok,4.0073628477137095,25.148907124052613,0.06625137119777721,5.0148686048642,300,0.7854444444444444,4.031782317069289,25.49884478139351,0.06583931623062975,5.049638084199056,1400,0.7864523809523809,ContextualDFLTraining.supervised_mse_fallback,3.9959515126829293,25.099383539825993,0.0646238116939783,5.009928496478367,300,0.7948888888888889,13
64,3,1.0,2,0.0,100,256,0.0003,mse_scen,0.0,2000,0.0,run_0127_seed1,1,5.0,highs,0.15,1.0,0.1,0.15,5.592474767,,Training has not been implemented yet.,2026-05-01T16:36:57.774,instance-20260501-133020,1.12.6,17419,run_0127_seed1,2026-05-01T16:36:52.169,ok,4.312272396548449,29.157733849287894,0.06946028005421699,5.399790167153525,300,0.7663333333333333,4.227361819898993,28.193398403416538,0.06840968528048696,5.309745606280638,1400,0.768095238095238,ContextualDFLTraining.supervised_mse_fallback,4.255474629656957,28.7374587234294,0.06783712963401858,5.360733039746467,300,0.7706666666666667,11
64,3,1.0,2,0.0,100,256,0.0003,mse_scen,0.0,2000,0.0,run_0128_seed2,2,5.0,highs,0.15,1.0,0.1,0.15,9.826309759,,Training has not been implemented yet.,2026-05-01T16:37:02.334,instance-20260501-084214,1.12.6,14163,run_0128_seed2,2026-05-01T16:36:52.485,ok,4.1730859957836675,27.200970569995413,0.07172756693635293,5.215454972482785,300,0.7498888888888889,4.113667356461873,26.600908280600848,0.06929272711442998,5.157606836566824,1400,0.7603333333333333,ContextualDFLTraining.supervised_mse_fallback,4.131763962914398,26.786005243353785,0.06935041548758124,5.175519804169798,300,0.7622222222222222,3
64,3,1.0,2,0.0,100,256,0.0003,mse_scen,0.0,2000,0.0,run_0129_seed3,3,5.0,highs,0.15,1.0,0.1,0.15,9.154067736,,Training has not been implemented yet.,2026-05-01T16:37:02.450,instance-20260501-084214,1.12.6,14164,run_0129_seed3,2026-05-01T16:36:53.280,ok,4.167080905667406,27.18218603065579,0.06835329008676982,5.213653808094261,300,0.7711111111111111,4.181992214804487,27.531265702720155,0.06767754182168795,5.247024461799293,1400,0.774,ContextualDFLTraining.supervised_mse_fallback,4.1176563275842915,26.866963936917983,0.06606107274160218,5.183335213635906,300,0.784,4
64,3,1.0,2,0.1,100,256,0.0003,mse_scen,0.0,2000,0.0,run_0130_seed1,1,5.0,highs,0.15,1.0,0.1,0.15,7.198520944,,Training has not been implemented yet.,2026-05-01T16:37:03.124,instance-20260501-133020,1.12.6,17399,run_0130_seed1,2026-05-01T16:36:55.912,ok,4.108120332388432,26.448119003267657,0.06606266786821428,5.142773473843434,300,0.7882222222222223,4.028739040946205,25.510669101727363,0.06509686446271544,5.050808757191997,1400,0.7902380952380952,ContextualDFLTraining.supervised_mse_fallback,4.068083513315146,26.063701243807806,0.06466941166953864,5.105262113134624,300,0.7896666666666666,10
64,3,1.0,2,0.1,100,256,0.0003,mse_scen,0.0,2000,0.0,run_0131_seed2,2,5.0,highs,0.15,1.0,0.1,0.15,10.796335828,,Training has not been implemented yet.,2026-05-01T16:37:08.160,instance-20260501-084214,1.12.6,14168,run_0131_seed2,2026-05-01T16:36:57.344,ok,4.081883262028568,25.974389963409227,0.0696961556079699,5.096507624188276,300,0.7593333333333333,4.005283290991537,25.241353140959234,0.06707285924747214,5.024077342254917,1400,0.7730238095238096,ContextualDFLTraining.supervised_mse_fallback,4.020410116364404,25.36188936117622,0.0670779883739631,5.036058911606994,300,0.7737777777777778,8
64,3,1.0,2,0.1,100,256,0.0003,mse_scen,0.0,2000,0.0,run_0132_seed3,3,5.0,highs,0.15,1.0,0.1,0.15,7.138500743,,Training has not been implemented yet.,2026-05-01T16:37:04.467,instance-20260501-133020,1.12.6,17420,run_0132_seed3,2026-05-01T16:36:57.312,ok,4.002259039946543,25.09237324320554,0.0657108706258448,5.009228807232261,300,0.7875555555555556,4.026301814294819,25.432925278377347,0.06528329051075145,5.0431067090016395,1400,0.7880714285714285,ContextualDFLTraining.supervised_mse_fallback,3.988702579133907,25.041688978018385,0.06406812471322844,5.004167161278526,300,0.7966666666666666,12
32,3,1.0,3,0.0,100,256,0.0003,mse_scen,0.0,2000,0.0,run_0133_seed1,1,5.0,highs,0.15,1.0,0.1,0.15,22.306329446,,Training has not been implemented yet.,2026-05-01T16:37:20.020,instance-20260501-084214,1.12.6,14169,run_0133_seed1,2026-05-01T16:36:57.684,ok,4.086304123293609,26.17602210613817,0.06572260364311334,5.116250786087227,300,0.7868888888888889,4.021441134027193,25.391409465725136,0.06497786831269932,5.038988932883772,1400,0.789952380952381,ContextualDFLTraining.supervised_mse_fallback,4.049816157167486,25.841312340045214,0.06438908728644384,5.083435092537842,300,0.79,9
32,3,1.0,3,0.0,100,256,0.0003,mse_scen,0.0,2000,0.0,run_0134_seed2,2,5.0,highs,0.15,1.0,0.1,0.15,14.527334201,,Training has not been implemented yet.,2026-05-01T16:37:12.350,instance-20260501-133020,1.12.6,17419,run_0134_seed2,2026-05-01T16:36:57.800,ok,4.062953023469907,25.68042985940114,0.06967597555745855,5.067586196543789,300,0.762,3.9709062387385416,24.814752775710726,0.06681950546624905,4.981440833304228,1400,0.7765714285714286,ContextualDFLTraining.supervised_mse_fallback,3.9801585166424225,24.856837140737614,0.06673261639779467,4.985663159574423,300,0.7736666666666666,11
32,3,1.0,3,0.0,100,256,0.0003,mse_scen,0.0,2000,0.0,run_0135_seed3,3,5.0,highs,0.15,1.0,0.1,0.15,23.681128658,,Training has not been implemented yet.,2026-05-01T16:37:24.091,instance-20260501-084214,1.12.6,14166,run_0135_seed3,2026-05-01T16:37:00.387,ok,3.976511106998131,24.794296980878073,0.06538953108634081,4.979387209374068,300,0.7888888888888889,4.011103698998984,25.245945884737935,0.06521016743701583,5.024534394820871,1400,0.789952380952381,ContextualDFLTraining.supervised_mse_fallback,3.9859162946729905,24.963187926835964,0.0641158649046084,4.996317436556245,300,0.7983333333333333,6
32,3,1.0,3,0.1,100,256,0.0003,mse_scen,0.0,2000,0.0,run_0136_seed1,1,5.0,highs,0.15,1.0,0.1,0.15,15.934266,,Training has not been implemented yet.,2026-05-01T16:37:17.013,instance-20260501-133020,1.12.6,17421,run_0136_seed1,2026-05-01T16:37:01.062,ok,4.0742412554777045,26.006159974110982,0.06528859488756135,5.099623512977304,300,0.7888888888888889,4.0135558474402,25.29963488723512,0.06458849703936517,5.029874241691846,1400,0.7900238095238096,ContextualDFLTraining.supervised_mse_fallback,4.057317326631538,25.907062480311268,0.06427603105956074,5.08989808152494,300,0.793,13
32,3,1.0,3,0.1,100,256,0.0003,mse_scen,0.0,2000,0.0,run_0137_seed2,2,5.0,highs,0.15,1.0,0.1,0.15,25.373838199,,Training has not been implemented yet.,2026-05-01T16:37:26.784,instance-20260501-084214,1.12.6,14167,run_0137_seed2,2026-05-01T16:37:01.385,ok,4.122034179748458,26.541630470127636,0.07170801326804796,5.1518569923987245,300,0.7565555555555555,4.04151998421024,25.659747981463546,0.06899323334585201,5.065545181070202,1400,0.763452380952381,ContextualDFLTraining.supervised_mse_fallback,4.04040214551027,25.58918978850574,0.0687557237409994,5.0585758656469455,300,0.7686666666666667,7
32,3,1.0,3,0.1,100,256,0.0003,mse_scen,0.0,2000,0.0,run_0138_seed3,3,5.0,highs,0.15,1.0,0.1,0.15,24.982771679,,Training has not been implemented yet.,2026-05-01T16:37:27.362,instance-20260501-084214,1.12.6,14163,run_0138_seed3,2026-05-01T16:37:02.357,ok,4.03265648182151,25.59200835759248,0.06687773430663284,5.058854451117613,300,0.7766666666666666,4.053242157676878,25.77370613377181,0.06638709803342306,5.076781079953301,1400,0.7845952380952381,ContextualDFLTraining.supervised_mse_fallback,4.018364173295637,25.4693298939689,0.06515911524081965,5.046714762493409,300,0.7945555555555556,3
64,3,1.0,3,0.0,100,256,0.0003,mse_scen,0.0,2000,0.0,run_0139_seed1,1,5.0,highs,0.15,1.0,0.1,0.15,16.127445124,,Training has not been implemented yet.,2026-05-01T16:37:18.629,instance-20260501-084214,1.12.6,14164,run_0139_seed1,2026-05-01T16:37:02.472,ok,4.171454368528822,27.24291320178688,0.06734400576261489,5.219474418156188,300,0.7776666666666666,4.094430508543287,26.386686137524816,0.06640271528636878,5.136797264592483,1400,0.7816190476190477,ContextualDFLTraining.supervised_mse_fallback,4.133394102494673,26.92748218985883,0.06599955930106276,5.189169701393357,300,0.7825555555555556,4
64,3,1.0,3,0.0,100,256,0.0003,mse_scen,0.0,2000,0.0,run_0140_seed2,2,5.0,highs,0.15,1.0,0.1,0.15,9.791960688,,Training has not been implemented yet.,2026-05-01T16:37:12.959,instance-20260501-133020,1.12.6,17399,run_0140_seed2,2026-05-01T16:37:03.150,ok,4.095064211998124,26.1732432506636,0.07030880333689508,5.115979207411187,300,0.7572222222222222,4.007579860164886,25.281846411557247,0.06750395166325703,5.028105648408479,1400,0.772452380952381,ContextualDFLTraining.supervised_mse_fallback,4.0256766058817774,25.486716658941003,0.06756711128564041,5.048437051102153,300,0.7705555555555555,10
64,3,1.0,3,0.0,100,256,0.0003,mse_scen,0.0,2000,0.0,run_0141_seed3,3,5.0,highs,0.15,1.0,0.1,0.15,16.654835936,,Training has not been implemented yet.,2026-05-01T16:37:20.594,instance-20260501-084214,1.12.6,14139,run_0141_seed3,2026-05-01T16:37:03.911,ok,3.989795845434489,24.983787969175456,0.06557168706538317,4.998378534002347,300,0.7857777777777778,4.021165384113535,25.33115710460078,0.06529853108169313,5.033006765801212,1400,0.7884761904761904,ContextualDFLTraining.supervised_mse_fallback,3.984432763955848,24.964549875460317,0.06408026718619676,4.9964537299429,300,0.8004444444444444,2
64,3,1.0,3,0.1,100,256,0.0003,mse_scen,0.0,2000,0.0,run_0142_seed1,1,5.0,highs,0.15,1.0,0.1,0.15,12.038957392,,Training has not been implemented yet.,2026-05-01T16:37:16.545,instance-20260501-133020,1.12.6,17420,run_0142_seed1,2026-05-01T16:37:04.491,ok,4.105317921533501,26.369195498757833,0.0657988424056895,5.135094497548982,300,0.7883333333333333,4.033354390754152,25.55462281378464,0.06497200395986474,5.05515804043599,1400,0.7893809523809524,ContextualDFLTraining.supervised_mse_fallback,4.075691808436794,26.19323974267066,0.06461283573366043,5.117933151446066,300,0.7908888888888889,12
64,3,1.0,3,0.1,100,256,0.0003,mse_scen,0.0,2000,0.0,run_0143_seed2,2,5.0,highs,0.15,1.0,0.1,0.15,18.306171426,,Training has not been implemented yet.,2026-05-01T16:37:24.083,instance-20260501-084214,1.12.6,14165,run_0143_seed2,2026-05-01T16:37:05.755,ok,4.107375536716396,26.363589961105717,0.0696629951143888,5.134548661869485,300,0.7536666666666667,4.027854126877964,25.561330806273546,0.06700541550675353,5.055821476899036,1400,0.7728571428571429,ContextualDFLTraining.supervised_mse_fallback,4.057159856439486,25.794765459183967,0.06727420716380192,5.078854738933175,300,0.7724444444444445,5
64,3,1.0,3,0.1,100,256,0.0003,mse_scen,0.0,2000,0.0,run_0144_seed3,3,5.0,highs,0.15,1.0,0.1,0.15,19.151405295,,Training has not been implemented yet.,2026-05-01T16:37:27.368,instance-20260501-084214,1.12.6,14168,run_0144_seed3,2026-05-01T16:37:08.184,ok,4.017883203109827,25.24285236552075,0.06603962271749546,5.024226544008615,300,0.7841111111111111,4.028606545963966,25.466265613037816,0.0654019910862823,5.046411161710648,1400,0.7869761904761905,ContextualDFLTraining.supervised_mse_fallback,3.987372518301112,25.068610434363332,0.06415487874686991,5.006856342493095,300,0.7947777777777778,8
32,3,1.0,2,0.0,100,64,0.001,mse_scen,0.0,2000,0.0,run_0145_seed1,1,5.0,highs,0.15,1.0,0.1,0.15,1.342590811,,Training has not been implemented yet.,2026-05-01T16:37:13.721,instance-20260501-133020,1.12.6,17419,run_0145_seed1,2026-05-01T16:37:12.376,ok,4.075750886261487,26.021162692172975,0.06568067451686829,5.101094264192044,300,0.7873333333333333,4.013081750686753,25.300558656419383,0.06496424397485472,5.029966069112135,1400,0.7904285714285715,ContextualDFLTraining.supervised_mse_fallback,4.040587151933913,25.710885225694145,0.06435629327333098,5.070590224588667,300,0.7927777777777778,11
32,3,1.0,2,0.0,100,64,0.001,mse_scen,0.0,2000,0.0,run_0146_seed2,2,5.0,highs,0.15,1.0,0.1,0.15,1.326494007,,Training has not been implemented yet.,2026-05-01T16:37:14.314,instance-20260501-133020,1.12.6,17399,run_0146_seed2,2026-05-01T16:37:12.985,ok,4.0646763407439375,25.72569705006856,0.06996052997232076,5.0720505764501755,300,0.7603333333333333,3.9757770862676955,24.857779182123686,0.06715585036590097,4.985757633712622,1400,0.7737857142857143,ContextualDFLTraining.supervised_mse_fallback,3.9848762106026583,24.940529644197987,0.06705196735961025,4.994049423483711,300,0.7753333333333333,10
32,3,1.0,2,0.0,100,64,0.001,mse_scen,0.0,2000,0.0,run_0147_seed3,3,5.0,highs,0.15,1.0,0.1,0.15,1.335654634,,Training has not been implemented yet.,2026-05-01T16:37:15.085,instance-20260501-133020,1.12.6,17419,run_0147_seed3,2026-05-01T16:37:13.746,ok,3.9717757188916925,24.70870266729607,0.06522262434244398,4.970784914608162,300,0.7892222222222223,4.00843402421073,25.18601042420039,0.06508143285980253,5.018566570665412,1400,0.7902619047619047,ContextualDFLTraining.supervised_mse_fallback,3.9793187653944835,24.924887614174377,0.06392553697034169,4.992483111055497,300,0.798,11
32,3,1.0,2,0.1,100,64,0.001,mse_scen,0.0,2000,0.0,run_0148_seed1,1,5.0,highs,0.15,1.0,0.1,0.15,1.437633755,,Training has not been implemented yet.,2026-05-01T16:37:15.780,instance-20260501-133020,1.12.6,17399,run_0148_seed1,2026-05-01T16:37:14.340,ok,4.113607338383489,26.49341506492669,0.06652951552222028,5.147175445322094,300,0.7818888888888889,4.051900205786099,25.803422411413873,0.06582113253618217,5.079706921803055,1400,0.7861666666666667,ContextualDFLTraining.supervised_mse_fallback,4.076057801797099,26.1567031269224,0.06515739181076625,5.114362436015109,300,0.7881111111111111,10
32,3,1.0,2,0.1,100,64,0.001,mse_scen,0.0,2000,0.0,run_0149_seed2,2,5.0,highs,0.15,1.0,0.1,0.15,1.478640331,,Training has not been implemented yet.,2026-05-01T16:37:16.592,instance-20260501-133020,1.12.6,17419,run_0149_seed2,2026-05-01T16:37:15.111,ok,4.069786164463858,25.816684835777284,0.06990606411576457,5.081012186147292,300,0.7611111111111111,3.9943125731181146,25.081504253575318,0.06729673489745738,5.00814379322073,1400,0.7735238095238095,ContextualDFLTraining.supervised_mse_fallback,4.004161174057818,25.17285794189962,0.06719360882212996,5.01725601717708,300,0.7742222222222223,11
32,3,1.0,2,0.1,100,64,0.001,mse_scen,0.0,2000,0.0,run_0150_seed3,3,5.0,highs,0.15,1.0,0.1,0.15,2.098248337,,Training has not been implemented yet.,2026-05-01T16:37:17.907,instance-20260501-133020,1.12.6,17399,run_0150_seed3,2026-05-01T16:37:15.805,ok,4.01107500168907,25.113754486407327,0.06578154118728151,5.011362537913948,300,0.7881111111111111,4.045801375599992,25.698298527886283,0.06556101137765043,5.069348925442624,1400,0.7856190476190477,ContextualDFLTraining.supervised_mse_fallback,3.997582164606267,25.20292913043155,0.06416881288895997,5.020251899101433,300,0.7948888888888889,10
64,3,1.0,2,0.0,100,64,0.001,mse_scen,0.0,2000,0.0,run_0151_seed1,1,5.0,highs,0.15,1.0,0.1,0.15,0.913974777,,Training has not been implemented yet.,2026-05-01T16:37:17.485,instance-20260501-133020,1.12.6,17420,run_0151_seed1,2026-05-01T16:37:16.569,ok,4.343441103281966,29.533019087930366,0.06996042457110659,5.434429048937005,300,0.7625555555555555,4.267704674355939,28.757070506792203,0.06905624201853679,5.362561935007577,1400,0.7644761904761905,ContextualDFLTraining.supervised_mse_fallback,4.292723284520102,29.217154960739304,0.06842578707477052,5.405289535329195,300,0.7674444444444445,12
64,3,1.0,2,0.0,100,64,0.001,mse_scen,0.0,2000,0.0,run_0152_seed2,2,5.0,highs,0.15,1.0,0.1,0.15,1.439725729,,Training has not been implemented yet.,2026-05-01T16:37:18.060,instance-20260501-133020,1.12.6,17419,run_0152_seed2,2026-05-01T16:37:16.618,ok,4.170138489826166,27.27508541449283,0.07155476517310116,5.222555448675756,300,0.7504444444444445,4.114429525588468,26.679326821811078,0.06922641276356399,5.165203463738004,1400,0.7611428571428571,ContextualDFLTraining.supervised_mse_fallback,4.12638103766241,26.721572971357975,0.0691678363463753,5.169291341311493,300,0.7604444444444445,11
64,3,1.0,2,0.0,100,64,0.001,mse_scen,0.0,2000,0.0,run_0153_seed3,3,5.0,highs,0.15,1.0,0.1,0.15,0.862293969,,Training has not been implemented yet.,2026-05-01T16:37:17.978,instance-20260501-133020,1.12.6,17421,run_0153_seed3,2026-05-01T16:37:17.037,ok,4.294365475437671,28.88176547039121,0.07040607412615235,5.374175794518747,300,0.7577777777777778,4.298022553773989,29.20255799545799,0.06949306114242011,5.403939118407792,1400,0.7584047619047619,ContextualDFLTraining.supervised_mse_fallback,4.2447152125074314,28.565150492011377,0.06805197129266366,5.344637545429192,300,0.7716666666666666,13
64,3,1.0,2,0.1,100,64,0.001,mse_scen,0.0,2000,0.0,run_0154_seed1,1,5.0,highs,0.15,1.0,0.1,0.15,0.983329135,,Training has not been implemented yet.,2026-05-01T16:37:18.495,instance-20260501-133020,1.12.6,17420,run_0154_seed1,2026-05-01T16:37:17.510,ok,4.1424412324649085,26.86568144356685,0.06662620936287576,5.183211499019392,300,0.7798888888888889,4.070841088003322,26.056672844965167,0.06578130471366246,5.1045737182418245,1400,0.7851190476190476,ContextualDFLTraining.supervised_mse_fallback,4.105389265129929,26.5970836491391,0.06530205722258961,5.157236047452075,300,0.7866666666666666,12
64,3,1.0,2,0.1,100,64,0.001,mse_scen,0.0,2000,0.0,run_0155_seed2,2,5.0,highs,0.15,1.0,0.1,0.15,1.106666303,,Training has not been implemented yet.,2026-05-01T16:37:19.043,instance-20260501-133020,1.12.6,17399,run_0155_seed2,2026-05-01T16:37:17.932,ok,4.13205114544632,26.64165943648951,0.07060820602710903,5.1615559123668815,300,0.753,4.064149933571681,26.017346197417687,0.06808547402392978,5.100720164586339,1400,0.7679761904761905,ContextualDFLTraining.supervised_mse_fallback,4.075296265710551,26.105444307381816,0.06802778107159876,5.109348716556917,300,0.7687777777777778,10
64,3,1.0,2,0.1,100,64,0.001,mse_scen,0.0,2000,0.0,run_0156_seed3,3,5.0,highs,0.15,1.0,0.1,0.15,1.658267544,,Training has not been implemented yet.,2026-05-01T16:37:19.663,instance-20260501-133020,1.12.6,17421,run_0156_seed3,2026-05-01T16:37:18.003,ok,4.252215634199571,28.303172668888706,0.0697856114960547,5.320072618760829,300,0.7591111111111111,4.2674072836985575,28.72548022095315,0.0691338312549294,5.359615678474824,1400,0.7633571428571428,ContextualDFLTraining.supervised_mse_fallback,4.20084780725878,28.062343729684414,0.06746586680727713,5.297390275379417,300,0.776,13
32,3,1.0,3,0.0,100,64,0.001,mse_scen,0.0,2000,0.0,run_0157_seed1,1,5.0,highs,0.15,1.0,0.1,0.15,1.727754332,,Training has not been implemented yet.,2026-05-01T16:37:19.817,instance-20260501-133020,1.12.6,17419,run_0157_seed1,2026-05-01T16:37:18.086,ok,4.062203688661151,25.86759436677984,0.06532107384862997,5.0860195012189875,300,0.7885555555555556,4.005177306638257,25.162759172061662,0.06466850012095626,5.016249512540386,1400,0.7912857142857143,ContextualDFLTraining.supervised_mse_fallback,4.032499552297467,25.610592415075924,0.06405992856319659,5.060690902937654,300,0.7923333333333333,11
32,3,1.0,3,0.0,100,64,0.001,mse_scen,0.0,2000,0.0,run_0158_seed2,2,5.0,highs,0.15,1.0,0.1,0.15,2.195048135,,Training has not been implemented yet.,2026-05-01T16:37:20.718,instance-20260501-133020,1.12.6,17420,run_0158_seed2,2026-05-01T16:37:18.520,ok,4.069155352866108,25.777988979080448,0.0697068694799887,5.077202869600589,300,0.7601111111111111,3.9821391052236166,24.93173931714908,0.06694145830406045,4.993169265821967,1400,0.7751666666666667,ContextualDFLTraining.supervised_mse_fallback,3.992129408479872,25.003543739757305,0.06685392316262892,5.000354361418529,300,0.7765555555555556,12
32,3,1.0,3,0.0,100,64,0.001,mse_scen,0.0,2000,0.0,run_0159_seed3,3,5.0,highs,0.15,1.0,0.1,0.15,3.229798992,,Training has not been implemented yet.,2026-05-01T16:37:21.889,instance-20260501-084214,1.12.6,14164,run_0159_seed3,2026-05-01T16:37:18.652,ok,3.98049889211667,24.817451186944645,0.06548965024043417,4.981711672401831,300,0.7875555555555556,4.016580151704941,25.295050477565844,0.06533409759207133,5.029418502925148,1400,0.790047619047619,ContextualDFLTraining.supervised_mse_fallback,3.991474164489415,25.058241093700957,0.0642442865963479,5.005820721290462,300,0.7981111111111111,4
32,3,1.0,3,0.1,100,64,0.001,mse_scen,0.0,2000,0.0,run_0160_seed1,1,5.0,highs,0.15,1.0,0.1,0.15,1.964289488,,Training has not been implemented yet.,2026-05-01T16:37:21.036,instance-20260501-133020,1.12.6,17399,run_0160_seed1,2026-05-01T16:37:19.068,ok,4.254448297837986,28.369879435720474,0.06898360800238537,5.326338276501078,300,0.7643333333333333,4.185313528197355,27.58588152341397,0.06810345608369915,5.2522263396976685,1400,0.7704761904761904,ContextualDFLTraining.supervised_mse_fallback,4.227789354678227,28.203964990122458,0.06778264152971979,5.310740531236906,300,0.7716666666666666,10
32,3,1.0,3,0.1,100,64,0.001,mse_scen,0.0,2000,0.0,run_0161_seed2,2,5.0,highs,0.15,1.0,0.1,0.15,1.986546025,,Training has not been implemented yet.,2026-05-01T16:37:21.679,instance-20260501-133020,1.12.6,17421,run_0161_seed2,2026-05-01T16:37:19.689,ok,4.212553643461734,27.69929192718227,0.07102760136887024,5.263011678419711,300,0.7453333333333333,4.167842219177581,27.356890427142666,0.06880778317149465,5.230381480077975,1400,0.7594761904761905,ContextualDFLTraining.supervised_mse_fallback,4.191714554272674,27.581010016381974,0.06894049187308292,5.251762562833736,300,0.7597777777777778,13
32,3,1.0,3,0.1,100,64,0.001,mse_scen,0.0,2000,0.0,run_0162_seed3,3,5.0,highs,0.15,1.0,0.1,0.15,2.012421856,,Training has not been implemented yet.,2026-05-01T16:37:21.860,instance-20260501-133020,1.12.6,17419,run_0162_seed3,2026-05-01T16:37:19.843,ok,4.077489517572593,25.98013179381572,0.0664133873148068,5.09707090335378,300,0.783,4.098068184134071,26.366906241783397,0.06589337195940777,5.134871589609948,1400,0.7825238095238095,ContextualDFLTraining.supervised_mse_fallback,4.0598834486027355,26.07957124458476,0.064648545512549,5.106816155354014,300,0.7884444444444444,11
64,3,1.0,3,0.0,100,64,0.001,mse_scen,0.0,2000,0.0,run_0163_seed1,1,5.0,highs,0.15,1.0,0.1,0.15,2.305432615,,Training has not been implemented yet.,2026-05-01T16:37:22.353,instance-20260501-084214,1.12.6,14169,run_0163_seed1,2026-05-01T16:37:20.043,ok,4.307777954888234,29.091538138420606,0.06954645492720223,5.39365721365574,300,0.7634444444444445,4.230230562312686,28.23625063523667,0.06862011537637468,5.3137793175137285,1400,0.7681428571428571,ContextualDFLTraining.supervised_mse_fallback,4.261908844514323,28.780557709129116,0.06809276124208563,5.364751411680611,300,0.7685555555555555,9
64,3,1.0,3,0.0,100,64,0.001,mse_scen,0.0,2000,0.0,run_0164_seed2,2,5.0,highs,0.15,1.0,0.1,0.15,2.270805956,,Training has not been implemented yet.,2026-05-01T16:37:22.893,instance-20260501-084214,1.12.6,14139,run_0164_seed2,2026-05-01T16:37:20.617,ok,4.081748459566207,25.965624117426735,0.07010584113134864,5.095647566053478,300,0.7598888888888888,3.994198108848295,25.095573776449854,0.06731252731164067,5.009548260716714,1400,0.772952380952381,ContextualDFLTraining.supervised_mse_fallback,4.014622278626623,25.311329567517696,0.06741388889620485,5.031036629514607,300,0.7741111111111111,2
64,3,1.0,3,0.0,100,64,0.001,mse_scen,0.0,2000,0.0,run_0165_seed3,3,5.0,highs,0.15,1.0,0.1,0.15,1.221305412,,Training has not been implemented yet.,2026-05-01T16:37:21.967,instance-20260501-133020,1.12.6,17420,run_0165_seed3,2026-05-01T16:37:20.741,ok,4.07583820040444,25.96976909778786,0.06698043360014955,5.0960542675473794,300,0.7785555555555556,4.105013571410257,26.483398858406424,0.06667320893933765,5.146202372469084,1400,0.7790714285714285,ContextualDFLTraining.supervised_mse_fallback,4.062993525100144,26.14836325640303,0.06536580748427605,5.1135470327751005,300,0.7867777777777778,12
64,3,1.0,3,0.1,100,64,0.001,mse_scen,0.0,2000,0.0,run_0166_seed1,1,5.0,highs,0.15,1.0,0.1,0.15,1.980818847,,Training has not been implemented yet.,2026-05-01T16:37:23.046,instance-20260501-133020,1.12.6,17399,run_0166_seed1,2026-05-01T16:37:21.063,ok,4.245763843645694,28.27655439849944,0.06901251554570131,5.317570347301429,300,0.7666666666666667,4.178335623177901,27.48790352035995,0.06821541335142174,5.242890759910981,1400,0.7718809523809523,ContextualDFLTraining.supervised_mse_fallback,4.2184954930538305,28.064508264532765,0.06781008846553394,5.297594573439229,300,0.7721111111111111,10
64,3,1.0,3,0.1,100,64,0.001,mse_scen,0.0,2000,0.0,run_0167_seed2,2,5.0,highs,0.15,1.0,0.1,0.15,2.098521442,,Training has not been implemented yet.,2026-05-01T16:37:23.805,instance-20260501-133020,1.12.6,17421,run_0167_seed2,2026-05-01T16:37:21.703,ok,4.251894068426181,28.284591213693666,0.07198562556211939,5.318325978509936,300,0.7372222222222222,4.213944272310234,27.95952556837156,0.06983243441077527,5.287676764740027,1400,0.7546904761904762,ContextualDFLTraining.supervised_mse_fallback,4.245098503822615,28.323903442424083,0.07007032944819215,5.3220206164974675,300,0.7522222222222222,13
64,3,1.0,3,0.1,100,64,0.001,mse_scen,0.0,2000,0.0,run_0168_seed3,3,5.0,highs,0.15,1.0,0.1,0.15,2.034636497,,Training has not been implemented yet.,2026-05-01T16:37:23.923,instance-20260501-133020,1.12.6,17419,run_0168_seed3,2026-05-01T16:37:21.885,ok,4.255329551579796,28.35850219535481,0.06986972971215798,5.325270152335448,300,0.759,4.256793121630856,28.57041726721926,0.06897128788612424,5.3451302385647494,1400,0.7654047619047619,ContextualDFLTraining.supervised_mse_fallback,4.200373778348693,28.089304278319513,0.06748689301241051,5.299934365472795,300,0.778,11
32,3,1.0,2,0.0,100,128,0.001,mse_scen,0.0,2000,0.0,run_0169_seed1,1,5.0,highs,0.15,1.0,0.1,0.15,4.887202229,,Training has not been implemented yet.,2026-05-01T16:37:26.806,instance-20260501-084214,1.12.6,14164,run_0169_seed1,2026-05-01T16:37:21.911,ok,4.066226832992953,25.949174612818002,0.06533672045543447,5.094033236328362,300,0.7881111111111111,4.006501993918448,25.20548050358762,0.06466427742316812,5.020506000752078,1400,0.791952380952381,ContextualDFLTraining.supervised_mse_fallback,4.033276247142674,25.624110339222778,0.06404421833576066,5.062026307638353,300,0.7921111111111111,4
32,3,1.0,2,0.0,100,128,0.001,mse_scen,0.0,2000,0.0,run_0170_seed2,2,5.0,highs,0.15,1.0,0.1,0.15,2.301652227,,Training has not been implemented yet.,2026-05-01T16:37:24.297,instance-20260501-133020,1.12.6,17420,run_0170_seed2,2026-05-01T16:37:21.991,ok,4.060539009301375,25.634359595684103,0.06956318700842098,5.063038573394844,300,0.7608888888888888,3.969698094262829,24.792777043789222,0.06673201685974675,4.979234584129294,1400,0.7769047619047619,ContextualDFLTraining.supervised_mse_fallback,3.9842462414094575,24.90033726151691,0.06672589195441918,4.9900237736424575,300,0.7754444444444445,12
32,3,1.0,2,0.0,100,128,0.001,mse_scen,0.0,2000,0.0,run_0171_seed3,3,5.0,highs,0.15,1.0,0.1,0.15,5.070843954,,Training has not been implemented yet.,2026-05-01T16:37:27.454,instance-20260501-084214,1.12.6,14169,run_0171_seed3,2026-05-01T16:37:22.376,ok,3.9742602734820967,24.74104774802967,0.06530085131463363,4.974037368982029,300,0.7898888888888889,4.012259625702528,25.248239345218554,0.0651933925994111,5.024762615807692,1400,0.7897619047619048,ContextualDFLTraining.supervised_mse_fallback,3.9837573086893276,24.960112550644897,0.06404095537016054,4.996009662785381,300,0.7975555555555556,9
32,3,1.0,2,0.1,100,128,0.001,mse_scen,0.0,2000,0.0,run_0172_seed1,1,5.0,highs,0.15,1.0,0.1,0.15,5.515459986,,Training has not been implemented yet.,2026-05-01T16:37:28.439,instance-20260501-084214,1.12.6,14139,run_0172_seed1,2026-05-01T16:37:22.916,ok,4.0701265809033496,25.905242678047294,0.06563190772131067,5.089719312304687,300,0.7901111111111111,4.0089772634152565,25.24743395713422,0.06489760884789512,5.024682473264775,1400,0.7907857142857143,ContextualDFLTraining.supervised_mse_fallback,4.033304683862,25.62058434116425,0.06424645763686292,5.061678016346383,300,0.7932222222222223,2
32,3,1.0,2,0.1,100,128,0.001,mse_scen,0.0,2000,0.0,run_0173_seed2,2,5.0,highs,0.15,1.0,0.1,0.15,2.658099764,,Training has not been implemented yet.,2026-05-01T16:37:25.734,instance-20260501-133020,1.12.6,17399,run_0173_seed2,2026-05-01T16:37:23.072,ok,4.097470006045603,26.18272876198218,0.06964713085442645,5.116906170918339,300,0.7545555555555555,4.009676773582251,25.327304778419567,0.06686217099339924,5.032624045010671,1400,0.7747857142857143,ContextualDFLTraining.supervised_mse_fallback,4.034563073947027,25.487877363964444,0.06704418656147523,5.04855200666136,300,0.7737777777777778,10
32,3,1.0,2,0.1,100,128,0.001,mse_scen,0.0,2000,0.0,run_0174_seed3,3,5.0,highs,0.15,1.0,0.1,0.15,3.197771933,,Training has not been implemented yet.,2026-05-01T16:37:27.035,instance-20260501-133020,1.12.6,17421,run_0174_seed3,2026-05-01T16:37:23.830,ok,3.9959465048537477,24.940325041494916,0.0653307134412284,4.994028938792297,300,0.7915555555555556,4.03130066122824,25.50655775992714,0.06514270650611412,5.050401742428729,1400,0.7891428571428571,ContextualDFLTraining.supervised_mse_fallback,3.9955403274312324,25.125246282409506,0.06390658977459332,5.012508980780932,300,0.7955555555555556,13
64,3,1.0,2,0.0,100,128,0.001,mse_scen,0.0,2000,0.0,run_0175_seed1,1,5.0,highs,0.15,1.0,0.1,0.15,1.772879473,,Training has not been implemented yet.,2026-05-01T16:37:25.725,instance-20260501-133020,1.12.6,17419,run_0175_seed1,2026-05-01T16:37:23.949,ok,4.146585134970102,26.94039040201855,0.06679844077126972,5.1904133170700915,300,0.7808888888888889,4.074985211460423,26.12723268260043,0.0659346334825021,5.111480478550264,1400,0.7845952380952381,ContextualDFLTraining.supervised_mse_fallback,4.104673907331361,26.577547858421926,0.06534494765940507,5.155341682024765,300,0.787,11
64,3,1.0,2,0.0,100,128,0.001,mse_scen,0.0,2000,0.0,run_0176_seed2,2,5.0,highs,0.15,1.0,0.1,0.15,7.103696197,,Training has not been implemented yet.,2026-05-01T16:37:32.488,instance-20260501-084214,1.12.6,14165,run_0176_seed2,2026-05-01T16:37:24.101,ok,4.087021328331588,26.08884364968965,0.07027218197768209,5.107723920660714,300,0.7594444444444445,4.012151884555665,25.310289110203662,0.06766887309603195,5.0309332245820615,1400,0.7708095238095238,ContextualDFLTraining.supervised_mse_fallback,4.02405204744587,25.444054421668252,0.06761297629557475,5.0442099898466015,300,0.772,5
64,3,1.0,2,0.0,100,128,0.001,mse_scen,0.0,2000,0.0,run_0177_seed3,3,5.0,highs,0.15,1.0,0.1,0.15,3.896090358,,Training has not been implemented yet.,2026-05-01T16:37:28.023,instance-20260501-084214,1.12.6,14166,run_0177_seed3,2026-05-01T16:37:24.114,ok,3.9734366581199745,24.72733747166298,0.06517764445876484,4.972658994105968,300,0.7888888888888889,4.005960028840142,25.15146243185439,0.0649227699109306,5.015123371548739,1400,0.7898333333333334,ContextualDFLTraining.supervised_mse_fallback,3.969128434473273,24.792002871093047,0.06368795722680617,4.979156843391564,300,0.7991111111111111,6
64,3,1.0,2,0.1,100,128,0.001,mse_scen,0.0,2000,0.0,run_0178_seed1,1,5.0,highs,0.15,1.0,0.1,0.15,2.58389247,,Training has not been implemented yet.,2026-05-01T16:37:26.910,instance-20260501-133020,1.12.6,17420,run_0178_seed1,2026-05-01T16:37:24.321,ok,4.127772515030408,26.69832905430972,0.06713240621176818,5.16704258297817,300,0.7765555555555556,4.059452781479586,25.889076579505556,0.06629228331323334,5.088130951489511,1400,0.7832619047619047,ContextualDFLTraining.supervised_mse_fallback,4.091362992222223,26.36681552564896,0.06570753010794333,5.1348627562622315,300,0.7815555555555556,12
64,3,1.0,2,0.1,100,128,0.001,mse_scen,0.0,2000,0.0,run_0179_seed2,2,5.0,highs,0.15,1.0,0.1,0.15,2.694476854,,Training has not been implemented yet.,2026-05-01T16:37:28.447,instance-20260501-133020,1.12.6,17419,run_0179_seed2,2026-05-01T16:37:25.750,ok,4.065138630968942,25.793971278909524,0.06965666885761998,5.078776553355102,300,0.7581111111111111,3.986548377097434,25.008706566210492,0.06700440384058229,5.000870580829951,1400,0.7745238095238095,ContextualDFLTraining.supervised_mse_fallback,3.9975106173860517,25.062093828512133,0.06695823330078537,5.0062055319884875,300,0.7748888888888888,11
64,3,1.0,2,0.1,100,128,0.001,mse_scen,0.0,2000,0.0,run_0180_seed3,3,5.0,highs,0.15,1.0,0.1,0.15,2.677107931,,Training has not been implemented yet.,2026-05-01T16:37:28.440,instance-20260501-133020,1.12.6,17399,run_0180_seed3,2026-05-01T16:37:25.758,ok,3.996513385730964,24.993942699560936,0.06550477154383,4.99939423326076,300,0.7881111111111111,4.027795571742405,25.44357037226969,0.06521218112184632,5.044162008923751,1400,0.7886666666666666,ContextualDFLTraining.supervised_mse_fallback,3.9826873899450397,24.99704192158699,0.06387166318965719,4.999704183407953,300,0.7978888888888889,10
32,3,1.0,3,0.0,100,128,0.001,mse_scen,0.0,2000,0.0,run_0181_seed1,1,5.0,highs,0.15,1.0,0.1,0.15,10.976294823,,Training has not been implemented yet.,2026-05-01T16:37:38.772,instance-20260501-084214,1.12.6,14167,run_0181_seed1,2026-05-01T16:37:26.807,ok,4.074048829706276,25.99615121416304,0.0655156678115983,5.098642095123273,300,0.7874444444444444,4.01383893626668,25.268882907742444,0.06483518390854139,5.026816378956212,1400,0.7900238095238096,ContextualDFLTraining.supervised_mse_fallback,4.040338913776162,25.723044290055334,0.06421127378764492,5.071789062062354,300,0.792,7
32,3,1.0,3,0.0,100,128,0.001,mse_scen,0.0,2000,0.0,run_0182_seed2,2,5.0,highs,0.15,1.0,0.1,0.15,7.09344793,,Training has not been implemented yet.,2026-05-01T16:37:33.930,instance-20260501-084214,1.12.6,14164,run_0182_seed2,2026-05-01T16:37:26.828,ok,4.069955306174733,25.76882304357426,0.06967884361888965,5.076300133322916,300,0.7601111111111111,3.971890359630994,24.829117954416983,0.06675277064152715,4.982882494542389,1400,0.775547619047619,ContextualDFLTraining.supervised_mse_fallback,3.993052926670865,24.99992029899861,0.0668475372923859,4.999992029893509,300,0.776,4
32,3,1.0,3,0.0,100,128,0.001,mse_scen,0.0,2000,0.0,run_0183_seed3,3,5.0,highs,0.15,1.0,0.1,0.15,4.324025115,,Training has not been implemented yet.,2026-05-01T16:37:31.264,instance-20260501-133020,1.12.6,17420,run_0183_seed3,2026-05-01T16:37:26.934,ok,4.005282737435614,25.038415050468046,0.0651652748533026,5.003840030463409,300,0.7884444444444444,4.040018226458127,25.58905623244708,0.06495797621944416,5.05856266467532,1400,0.7898571428571428,ContextualDFLTraining.supervised_mse_fallback,4.013264252264524,25.352687392398916,0.06385855388714853,5.035145220586881,300,0.7947777777777778,12
32,3,1.0,3,0.1,100,128,0.001,mse_scen,0.0,2000,0.0,run_0184_seed1,1,5.0,highs,0.15,1.0,0.1,0.15,4.921105063,,Training has not been implemented yet.,2026-05-01T16:37:31.987,instance-20260501-133020,1.12.6,17421,run_0184_seed1,2026-05-01T16:37:27.060,ok,4.166466429075235,27.215440518608972,0.06800958764865596,5.216842006291639,300,0.7712222222222223,4.116747952052275,26.63283254192242,0.06746755001861668,5.160700780119152,1400,0.7758333333333334,ContextualDFLTraining.supervised_mse_fallback,4.145010414162271,26.974769432912012,0.0668257103578405,5.193724042814752,300,0.7758888888888889,13
32,3,1.0,3,0.1,100,128,0.001,mse_scen,0.0,2000,0.0,run_0185_seed2,2,5.0,highs,0.15,1.0,0.1,0.15,8.318147406,,Training has not been implemented yet.,2026-05-01T16:37:35.713,instance-20260501-084214,1.12.6,14163,run_0185_seed2,2026-05-01T16:37:27.385,ok,4.0909966618049864,26.200777944440976,0.07086821225445493,5.118669548275311,300,0.7568888888888889,4.02004525893409,25.389462503738436,0.06833244906514757,5.03879573943402,1400,0.7673809523809524,ContextualDFLTraining.supervised_mse_fallback,4.031074431657069,25.48326661391704,0.06830581957406819,5.048095345169012,300,0.769,3
32,3,1.0,3,0.1,100,128,0.001,mse_scen,0.0,2000,0.0,run_0186_seed3,3,5.0,highs,0.15,1.0,0.1,0.15,8.388550908,,Training has not been implemented yet.,2026-05-01T16:37:35.789,instance-20260501-084214,1.12.6,14168,run_0186_seed3,2026-05-01T16:37:27.390,ok,4.022417644935278,25.354384764718766,0.06648892638121177,5.035313770235055,300,0.7808888888888889,4.05565132786073,25.803520779997,0.06623797089629077,5.079716604299595,1400,0.7838333333333334,ContextualDFLTraining.supervised_mse_fallback,4.003924704105423,25.344143412782447,0.0647500569015811,5.034296714813545,300,0.7954444444444444,8
64,3,1.0,3,0.0,100,128,0.001,mse_scen,0.0,2000,0.0,run_0187_seed1,1,5.0,highs,0.15,1.0,0.1,0.15,5.711747728,,Training has not been implemented yet.,2026-05-01T16:37:33.205,instance-20260501-084214,1.12.6,14169,run_0187_seed1,2026-05-01T16:37:27.476,ok,4.101507924746136,26.311876205196224,0.06630148056654624,5.129510328013408,300,0.7845555555555556,4.0307897831079424,25.524903661401055,0.06545341922437117,5.052217697348468,1400,0.787047619047619,ContextualDFLTraining.supervised_mse_fallback,4.0639325230267085,25.97201767047315,0.06492629428660515,5.096274881761496,300,0.79,9
64,3,1.0,3,0.0,100,128,0.001,mse_scen,0.0,2000,0.0,run_0188_seed2,2,5.0,highs,0.15,1.0,0.1,0.15,4.944926676,,Training has not been implemented yet.,2026-05-01T16:37:32.999,instance-20260501-084214,1.12.6,14166,run_0188_seed2,2026-05-01T16:37:28.046,ok,4.092076206466253,26.108435122145114,0.0701438388914808,5.109641388800696,300,0.7571111111111111,4.007238041216224,25.276935237772634,0.06738146058384188,5.027617252513624,1400,0.7727857142857143,ContextualDFLTraining.supervised_mse_fallback,4.024734639478209,25.42835880621716,0.06742174965378138,5.0426539447216845,300,0.7732222222222223,6
64,3,1.0,3,0.0,100,128,0.001,mse_scen,0.0,2000,0.0,run_0189_seed3,3,5.0,highs,0.15,1.0,0.1,0.15,5.621747402,,Training has not been implemented yet.,2026-05-01T16:37:34.097,instance-20260501-084214,1.12.6,14139,run_0189_seed3,2026-05-01T16:37:28.462,ok,3.9841320067397983,24.85790393159154,0.06555985698108821,4.985770144279773,300,0.7877777777777778,4.01810706780537,25.3015590685143,0.06535511288885235,5.030065513342177,1400,0.787952380952381,ContextualDFLTraining.supervised_mse_fallback,3.9941105923052174,25.121857088869852,0.06428681464865989,5.012170895816488,300,0.7971111111111111,2
64,3,1.0,3,0.1,100,128,0.001,mse_scen,0.0,2000,0.0,run_0190_seed1,1,5.0,highs,0.15,1.0,0.1,0.15,4.303372417,,Training has not been implemented yet.,2026-05-01T16:37:32.775,instance-20260501-133020,1.12.6,17399,run_0190_seed1,2026-05-01T16:37:28.466,ok,4.127587894208729,26.715745773464235,0.06611152408805691,5.168727674531154,300,0.7874444444444444,4.055437737864394,25.859363328787488,0.0652288342071432,5.085210254137727,1400,0.7886428571428571,ContextualDFLTraining.supervised_mse_fallback,4.08385926876936,26.278649814507386,0.06467480691766887,5.12627055611654,300,0.7881111111111111,10
64,3,1.0,3,0.1,100,128,0.001,mse_scen,0.0,2000,0.0,run_0191_seed2,2,5.0,highs,0.15,1.0,0.1,0.15,4.407860427,,Training has not been implemented yet.,2026-05-01T16:37:32.887,instance-20260501-133020,1.12.6,17419,run_0191_seed2,2026-05-01T16:37:28.472,ok,4.1870414446194415,27.37169167156504,0.0704554920759909,5.231796218466946,300,0.7441111111111111,4.117932796698541,26.672499611566707,0.06794618602018535,5.164542536524093,1400,0.7655952380952381,ContextualDFLTraining.supervised_mse_fallback,4.148275042205661,27.03092576757304,0.06820287180105342,5.199127404437503,300,0.7616666666666667,11
64,3,1.0,3,0.1,100,128,0.001,mse_scen,0.0,2000,0.0,run_0192_seed3,3,5.0,highs,0.15,1.0,0.1,0.15,4.447621999,,Training has not been implemented yet.,2026-05-01T16:37:35.742,instance-20260501-133020,1.12.6,17420,run_0192_seed3,2026-05-01T16:37:31.288,ok,4.189789397059279,27.314391623022722,0.06703982365873785,5.226317214159768,300,0.7775555555555556,4.228384339101279,28.007619204265175,0.06678391785489307,5.292222520290051,1400,0.774547619047619,ContextualDFLTraining.supervised_mse_fallback,4.203839650714777,27.847386316628583,0.06575863105760428,5.2770622809124195,300,0.7797777777777778,12
32,3,1.0,2,0.0,100,256,0.001,mse_scen,0.0,2000,0.0,run_0193_seed1,1,5.0,highs,0.15,1.0,0.1,0.15,8.012978693,,Training has not been implemented yet.,2026-05-01T16:37:40.034,instance-20260501-133020,1.12.6,17421,run_0193_seed1,2026-05-01T16:37:32.011,ok,4.0665263729160825,25.907597951693052,0.06537592186761351,5.08995068263859,300,0.7867777777777778,4.010041911917952,25.223860197275975,0.06474305924104727,5.022336129459673,1400,0.7901904761904762,ContextualDFLTraining.supervised_mse_fallback,4.034667559526145,25.66153768584026,0.06407844866095762,5.065721832655269,300,0.7914444444444444,13
32,3,1.0,2,0.0,100,256,0.001,mse_scen,0.0,2000,0.0,run_0194_seed2,2,5.0,highs,0.15,1.0,0.1,0.15,12.065574386,,Training has not been implemented yet.,2026-05-01T16:37:44.588,instance-20260501-084214,1.12.6,14165,run_0194_seed2,2026-05-01T16:37:32.506,ok,4.062963340910522,25.675174630830092,0.06955830888867609,5.067067656034414,300,0.7613333333333333,3.970324626512511,24.815351931560915,0.0667004214801197,4.981500971751478,1400,0.7771190476190476,ContextualDFLTraining.supervised_mse_fallback,3.9880231878660175,24.925344258370423,0.06673722480380083,4.9925288440198745,300,0.774,5
32,3,1.0,2,0.0,100,256,0.001,mse_scen,0.0,2000,0.0,run_0195_seed3,3,5.0,highs,0.15,1.0,0.1,0.15,7.287672451,,Training has not been implemented yet.,2026-05-01T16:37:40.098,instance-20260501-133020,1.12.6,17399,run_0195_seed3,2026-05-01T16:37:32.800,ok,3.9775600378561333,24.787604148533948,0.06544902792391794,4.978715110200015,300,0.7882222222222223,4.016862965142339,25.29877956654904,0.06534431390155793,5.02978921691049,1400,0.7893571428571429,ContextualDFLTraining.supervised_mse_fallback,3.988277709718239,25.006139423502393,0.06419413940115735,5.0006139046623455,300,0.7972222222222223,10
32,3,1.0,2,0.1,100,256,0.001,mse_scen,0.0,2000,0.0,run_0196_seed1,1,5.0,highs,0.15,1.0,0.1,0.15,8.535079477,,Training has not been implemented yet.,2026-05-01T16:37:41.458,instance-20260501-133020,1.12.6,17419,run_0196_seed1,2026-05-01T16:37:32.913,ok,4.095248541650131,26.2633650118681,0.06530956726439657,5.124779508609917,300,0.7866666666666666,4.033092447379381,25.53868939400647,0.06458791575770714,5.05358183806362,1400,0.7897142857142857,ContextualDFLTraining.supervised_mse_fallback,4.067701665237932,26.077407074800096,0.06412504705348508,5.106604260641321,300,0.7916666666666666,11
32,3,1.0,2,0.1,100,256,0.001,mse_scen,0.0,2000,0.0,run_0197_seed2,2,5.0,highs,0.15,1.0,0.1,0.15,15.235644023,,Training has not been implemented yet.,2026-05-01T16:37:48.275,instance-20260501-084214,1.12.6,14166,run_0197_seed2,2026-05-01T16:37:33.023,ok,4.069832125690032,25.832398435902235,0.07013169774826968,5.0825582570101675,300,0.7627777777777778,3.9829290393204553,24.955537781130833,0.06734439938960742,4.995551799464283,1400,0.7724047619047619,ContextualDFLTraining.supervised_mse_fallback,3.9934372585311624,25.02707273496264,0.06729739500633534,5.002706540959867,300,0.7743333333333333,6
32,3,1.0,2,0.1,100,256,0.001,mse_scen,0.0,2000,0.0,run_0198_seed3,3,5.0,highs,0.15,1.0,0.1,0.15,13.858459954,,Training has not been implemented yet.,2026-05-01T16:37:47.102,instance-20260501-084214,1.12.6,14169,run_0198_seed3,2026-05-01T16:37:33.227,ok,4.003853593059095,25.03286965478866,0.06519425319145064,5.003285885774334,300,0.7894444444444444,4.036705483709547,25.56141166997192,0.06496556317879518,5.055829473980696,1400,0.7895714285714286,ContextualDFLTraining.supervised_mse_fallback,4.002718927362062,25.25458195026923,0.0637625813639288,5.025393710971234,300,0.7964444444444444,9
64,3,1.0,2,0.0,100,256,0.001,mse_scen,0.0,2000,0.0,run_0199_seed1,1,5.0,highs,0.15,1.0,0.1,0.15,8.720005438,,Training has not been implemented yet.,2026-05-01T16:37:42.690,instance-20260501-084214,1.12.6,14164,run_0199_seed1,2026-05-01T16:37:33.953,ok,4.088930390552229,26.222141344507598,0.06594509513559942,5.120755934870124,300,0.7874444444444444,4.015300042201245,25.322761653110827,0.06504471780326024,5.0321726573231595,1400,0.7894523809523809,ContextualDFLTraining.supervised_mse_fallback,4.046286901187519,25.772611245859117,0.06447513908402142,5.076673245921892,300,0.7941111111111111,4
64,3,1.0,2,0.0,100,256,0.001,mse_scen,0.0,2000,0.0,run_0200_seed2,2,5.0,highs,0.15,1.0,0.1,0.15,9.940542592,,Training has not been implemented yet.,2026-05-01T16:37:44.076,instance-20260501-084214,1.12.6,14139,run_0200_seed2,2026-05-01T16:37:34.120,ok,4.057933021585548,25.623202810008575,0.06964776744026589,5.0619366659420555,300,0.7636666666666667,3.965547657928552,24.715772758450843,0.06679452126351983,4.971496028204271,1400,0.7764761904761904,ContextualDFLTraining.supervised_mse_fallback,3.987155104719723,24.919244848703407,0.06690876543961453,4.991917952921844,300,0.7765555555555556,2
64,3,1.0,2,0.0,100,256,0.001,mse_scen,0.0,2000,0.0,run_0201_seed3,3,5.0,highs,0.15,1.0,0.1,0.15,9.571241172,,Training has not been implemented yet.,2026-05-01T16:37:45.335,instance-20260501-084214,1.12.6,14163,run_0201_seed3,2026-05-01T16:37:35.736,ok,3.9764842944669736,24.753644925544517,0.06538743643066142,4.975303500847413,300,0.7878888888888889,4.009528857400734,25.189578770497786,0.06516612406121346,5.018922072566756,1400,0.7893333333333333,ContextualDFLTraining.supervised_mse_fallback,3.976784599197926,24.89646843807004,0.06397881680235883,4.989636102770426,300,0.7977777777777778,3
64,3,1.0,2,0.1,100,256,0.001,mse_scen,0.0,2000,0.0,run_0202_seed1,1,5.0,highs,0.15,1.0,0.1,0.15,6.45155167,,Training has not been implemented yet.,2026-05-01T16:37:42.313,instance-20260501-133020,1.12.6,17420,run_0202_seed1,2026-05-01T16:37:35.766,ok,4.111979087174142,26.48917198748142,0.06673816889746627,5.146763253490627,300,0.7811111111111111,4.046358955118258,25.720181288994794,0.0659698545725429,5.071506806561024,1400,0.7848333333333334,ContextualDFLTraining.supervised_mse_fallback,4.075204090835022,26.16485678498024,0.06534857930373988,5.115159507286185,300,0.7844444444444445,12
64,3,1.0,2,0.1,100,256,0.001,mse_scen,0.0,2000,0.0,run_0203_seed2,2,5.0,highs,0.15,1.0,0.1,0.15,10.591831484,,Training has not been implemented yet.,2026-05-01T16:37:46.423,instance-20260501-084214,1.12.6,14168,run_0203_seed2,2026-05-01T16:37:35.812,ok,4.0645731750757115,25.7174294619191,0.06960653453074299,5.071235496594404,300,0.7597777777777778,3.9752879214472,24.862824236238303,0.06678733140093868,4.986263554630692,1400,0.7763809523809524,ContextualDFLTraining.supervised_mse_fallback,3.9931525430524246,25.011002108251986,0.06686822329551238,5.0011000898054405,300,0.7752222222222223,8
64,3,1.0,2,0.1,100,256,0.001,mse_scen,0.0,2000,0.0,run_0204_seed3,3,5.0,highs,0.15,1.0,0.1,0.15,10.421932088,,Training has not been implemented yet.,2026-05-01T16:37:49.232,instance-20260501-084214,1.12.6,14167,run_0204_seed3,2026-05-01T16:37:38.794,ok,4.00341021083625,25.02391517054415,0.0652617809285293,5.0023909453924285,300,0.7895555555555556,4.032129940698328,25.4862689314411,0.06494956572416268,5.048392707727985,1400,0.7900952380952381,ContextualDFLTraining.supervised_mse_fallback,3.991151222969383,25.11760356350593,0.06367705497766969,5.011746558187667,300,0.7952222222222223,7
32,3,1.0,3,0.0,100,256,0.001,mse_scen,0.0,2000,0.0,run_0205_seed1,1,5.0,highs,0.15,1.0,0.1,0.15,14.716771042,,Training has not been implemented yet.,2026-05-01T16:37:54.800,instance-20260501-133020,1.12.6,17421,run_0205_seed1,2026-05-01T16:37:40.061,ok,4.088798779168572,26.17477783824281,0.06614327141980046,5.116129185061966,300,0.7844444444444445,4.031495478819823,25.502977546956114,0.06548515009701467,5.050047281655501,1400,0.7863571428571429,ContextualDFLTraining.supervised_mse_fallback,4.0578387615738745,25.93906513461065,0.06484295225288811,5.0930408534205425,300,0.7858888888888889,13
32,3,1.0,3,0.0,100,256,0.001,mse_scen,0.0,2000,0.0,run_0206_seed2,2,5.0,highs,0.15,1.0,0.1,0.15,14.359117951,,Training has not been implemented yet.,2026-05-01T16:37:54.505,instance-20260501-133020,1.12.6,17399,run_0206_seed2,2026-05-01T16:37:40.123,ok,4.1019569201988935,26.189947218429904,0.07065072578404147,5.11761147591627,300,0.7605555555555555,3.999169589151043,25.169123720450976,0.06766327162136909,5.016883865553495,1400,0.7716428571428572,ContextualDFLTraining.supervised_mse_fallback,4.017447681432978,25.350863917569242,0.06771599967753902,5.034964142629939,300,0.7697777777777778,10
32,3,1.0,3,0.0,100,256,0.001,mse_scen,0.0,2000,0.0,run_0207_seed3,3,5.0,highs,0.15,1.0,0.1,0.15,13.681283187,,Training has not been implemented yet.,2026-05-01T16:37:55.177,instance-20260501-133020,1.12.6,17419,run_0207_seed3,2026-05-01T16:37:41.484,ok,4.026139410549955,25.33504817356393,0.06657976895723376,5.033393306067382,300,0.7821111111111111,4.046885238103476,25.65766066269701,0.0661397791524722,5.065339145871381,1400,0.7849285714285714,ContextualDFLTraining.supervised_mse_fallback,4.015232122190927,25.427350510675726,0.06494755181317897,5.0425539670563495,300,0.7892222222222223,11
32,3,1.0,3,0.1,100,256,0.001,mse_scen,0.0,2000,0.0,run_0208_seed1,1,5.0,highs,0.15,1.0,0.1,0.15,15.269568798,,Training has not been implemented yet.,2026-05-01T16:37:57.617,instance-20260501-133020,1.12.6,17420,run_0208_seed1,2026-05-01T16:37:42.337,ok,4.077453112852358,26.049168449990223,0.06523752177292383,5.103838599523914,300,0.7896666666666666,4.019695022586116,25.37990125497772,0.06460042517523676,5.0378468868136235,1400,0.7897857142857143,ContextualDFLTraining.supervised_mse_fallback,4.0559609522432005,25.904588451941887,0.06414976107264406,5.089655042529099,300,0.7948888888888889,12
32,3,1.0,3,0.1,100,256,0.001,mse_scen,0.0,2000,0.0,run_0209_seed2,2,5.0,highs,0.15,1.0,0.1,0.15,23.226265203,,Training has not been implemented yet.,2026-05-01T16:38:05.955,instance-20260501-084214,1.12.6,14164,run_0209_seed2,2026-05-01T16:37:42.712,ok,4.070305376666745,25.8398189442461,0.06976798483139424,5.083288201965938,300,0.7623333333333333,3.986801757413646,25.029686154593648,0.06703163775659665,5.0029677347144315,1400,0.7747857142857143,ContextualDFLTraining.supervised_mse_fallback,4.014116186466452,25.225906953944257,0.06723302207222837,5.022539890727027,300,0.7761111111111111,4
32,3,1.0,3,0.1,100,256,0.001,mse_scen,0.0,2000,0.0,run_0210_seed3,3,5.0,highs,0.15,1.0,0.1,0.15,26.876431234,,Training has not been implemented yet.,2026-05-01T16:38:11.511,instance-20260501-084214,1.12.6,14139,run_0210_seed3,2026-05-01T16:37:44.099,ok,4.066679128522861,25.96111686030941,0.06763156499875726,5.095205281468982,300,0.7716666666666666,4.081461497642786,26.13034197157038,0.06697547608605846,5.111784617095128,1400,0.7800714285714285,ContextualDFLTraining.supervised_mse_fallback,4.05601191804445,25.8341847114896,0.06584207346941753,5.0827339800042255,300,0.7923333333333333,2
64,3,1.0,3,0.0,100,256,0.001,mse_scen,0.0,2000,0.0,run_0211_seed1,1,5.0,highs,0.15,1.0,0.1,0.15,15.295360558,,Training has not been implemented yet.,2026-05-01T16:37:59.929,instance-20260501-084214,1.12.6,14165,run_0211_seed1,2026-05-01T16:37:44.606,ok,4.0732283429111416,26.035683327491007,0.06552875317864504,5.102517352002931,300,0.7864444444444444,4.013201590053758,25.300754609580697,0.06485449755021716,5.029985547651275,1400,0.7909047619047619,ContextualDFLTraining.supervised_mse_fallback,4.045817584921314,25.740323322613488,0.06433853440919159,5.07349222159781,300,0.7916666666666666,5
64,3,1.0,3,0.0,100,256,0.001,mse_scen,0.0,2000,0.0,run_0212_seed2,2,5.0,highs,0.15,1.0,0.1,0.15,16.312894195,,Training has not been implemented yet.,2026-05-01T16:38:01.705,instance-20260501-084214,1.12.6,14163,run_0212_seed2,2026-05-01T16:37:45.358,ok,4.075044493879821,25.850015479212402,0.07028071765626497,5.084291049813376,300,0.7607777777777778,3.9847181674657066,24.954066753367975,0.0674436702958566,4.995404563533166,1400,0.7730952380952381,ContextualDFLTraining.supervised_mse_fallback,3.9895485918795774,25.03456243395143,0.06728943569979225,5.003455049658329,300,0.7751111111111111,3
64,3,1.0,3,0.0,100,256,0.001,mse_scen,0.0,2000,0.0,run_0213_seed3,3,5.0,highs,0.15,1.0,0.1,0.15,15.701973196,,Training has not been implemented yet.,2026-05-01T16:38:02.163,instance-20260501-084214,1.12.6,14168,run_0213_seed3,2026-05-01T16:37:46.445,ok,3.988960076884861,24.945127567796288,0.06558298329159906,4.994509742486873,300,0.7883333333333333,4.020442509012242,25.350409603173688,0.06534693117446852,5.034919026476363,1400,0.7884523809523809,ContextualDFLTraining.supervised_mse_fallback,3.9971856714347216,25.14470331211937,0.06428916524386381,5.014449452544055,300,0.7963333333333333,8
64,3,1.0,3,0.1,100,256,0.001,mse_scen,0.0,2000,0.0,run_0214_seed1,1,5.0,highs,0.15,1.0,0.1,0.15,17.985395801,,Training has not been implemented yet.,2026-05-01T16:38:05.136,instance-20260501-084214,1.12.6,14169,run_0214_seed1,2026-05-01T16:37:47.125,ok,4.117489665964574,26.53012504927286,0.06593276966585566,5.15074024284596,300,0.7873333333333333,4.047057557432495,25.747129719918593,0.06511633940158038,5.07416295756439,1400,0.7884761904761904,ContextualDFLTraining.supervised_mse_fallback,4.075563312704081,26.158957693496124,0.06453888971626649,5.114582846478892,300,0.79,9
64,3,1.0,3,0.1,100,256,0.001,mse_scen,0.0,2000,0.0,run_0215_seed2,2,5.0,highs,0.15,1.0,0.1,0.15,17.541013519,,Training has not been implemented yet.,2026-05-01T16:38:05.854,instance-20260501-084214,1.12.6,14166,run_0215_seed2,2026-05-01T16:37:48.298,ok,4.070772298981355,25.886350390876203,0.07013980204701302,5.087863047574709,300,0.7603333333333333,3.99352501329494,25.050432240932874,0.06748362518393015,5.00504068324453,1400,0.7710952380952381,ContextualDFLTraining.supervised_mse_fallback,4.004825966796291,25.154958424932587,0.06744346983514479,5.015471904510341,300,0.7754444444444445,6
64,3,1.0,3,0.1,100,256,0.001,mse_scen,0.0,2000,0.0,run_0216_seed3,3,5.0,highs,0.15,1.0,0.1,0.15,16.57389093,,Training has not been implemented yet.,2026-05-01T16:38:05.844,instance-20260501-084214,1.12.6,14167,run_0216_seed3,2026-05-01T16:37:49.254,ok,4.016029697247215,25.16475749553205,0.06534373779999278,5.016448693601087,300,0.7863333333333333,4.045315430325753,25.65397448022197,0.06502206121947122,5.064975269458082,1400,0.7882619047619047,ContextualDFLTraining.supervised_mse_fallback,4.006273219255008,25.306874222048442,0.06380004266204292,5.030593823998161,300,0.7931111111111111,7
