activation,batch_size,candidate_name,depth,display_loss,epoch,epoch_seconds,iterations,mu,mu_in,mu_ref,mu_schedule_kind,phase,replicate,rho,rho_in,rho_ref,run_id,seed,training_loss
silu,1,linear,3,1851.3883457037614,1,92.52109098434448,100,1.0,1.0,1.0,linear,mu_schedule,1,0.0,0.0,0.0,full_mu_schedule_linear_rep01,94001,1851.3883457037614
silu,1,linear,3,980.4688355237726,2,31.442171812057495,100,0.9916806722689075,0.9916806722689075,0.9916806722689075,linear,mu_schedule,1,0.0,0.0,0.0,full_mu_schedule_linear_rep01,94001,980.4688355237726
silu,1,linear,3,961.8499248756817,3,31.95585799217224,100,0.9833613445378151,0.9833613445378151,0.9833613445378151,linear,mu_schedule,1,0.0,0.0,0.0,full_mu_schedule_linear_rep01,94001,961.8499248756817
silu,1,linear,3,954.2149701779271,4,31.934513807296753,100,0.9750420168067226,0.9750420168067226,0.9750420168067226,linear,mu_schedule,1,0.0,0.0,0.0,full_mu_schedule_linear_rep01,94001,954.2149701779271
silu,1,linear,3,954.989377691517,5,29.572569131851196,100,0.9667226890756303,0.9667226890756303,0.9667226890756303,linear,mu_schedule,1,0.0,0.0,0.0,full_mu_schedule_linear_rep01,94001,954.989377691517
silu,1,linear,3,955.9870577612762,6,32.83174514770508,100,0.9584033613445379,0.9584033613445379,0.9584033613445379,linear,mu_schedule,1,0.0,0.0,0.0,full_mu_schedule_linear_rep01,94001,955.9870577612762
silu,1,linear,3,957.7718311113862,7,31.573557138442993,100,0.9500840336134454,0.9500840336134454,0.9500840336134454,linear,mu_schedule,1,0.0,0.0,0.0,full_mu_schedule_linear_rep01,94001,957.7718311113862
silu,1,linear,3,960.0787775970529,8,31.355793952941895,100,0.941764705882353,0.941764705882353,0.941764705882353,linear,mu_schedule,1,0.0,0.0,0.0,full_mu_schedule_linear_rep01,94001,960.0787775970529
silu,1,linear,3,962.7391497116607,9,32.21268391609192,100,0.9334453781512605,0.9334453781512605,0.9334453781512605,linear,mu_schedule,1,0.0,0.0,0.0,full_mu_schedule_linear_rep01,94001,962.7391497116607
silu,1,linear,3,965.5986359673453,10,31.83577299118042,100,0.925126050420168,0.925126050420168,0.925126050420168,linear,mu_schedule,1,0.0,0.0,0.0,full_mu_schedule_linear_rep01,94001,965.5986359673453
silu,1,linear,3,968.5943357817114,11,30.840458869934082,100,0.9168067226890756,0.9168067226890756,0.9168067226890756,linear,mu_schedule,1,0.0,0.0,0.0,full_mu_schedule_linear_rep01,94001,968.5943357817114
silu,1,linear,3,971.6491459063695,12,32.85798788070679,100,0.9084873949579831,0.9084873949579831,0.9084873949579831,linear,mu_schedule,1,0.0,0.0,0.0,full_mu_schedule_linear_rep01,94001,971.6491459063695
silu,1,linear,3,974.761932234323,13,31.441230058670044,100,0.9001680672268908,0.9001680672268908,0.9001680672268908,linear,mu_schedule,1,0.0,0.0,0.0,full_mu_schedule_linear_rep01,94001,974.761932234323
silu,1,linear,3,977.9256968500193,14,32.73733401298523,100,0.8918487394957983,0.8918487394957983,0.8918487394957983,linear,mu_schedule,1,0.0,0.0,0.0,full_mu_schedule_linear_rep01,94001,977.9256968500193
silu,1,linear,3,981.1613405341258,15,31.421820163726807,100,0.8835294117647059,0.8835294117647059,0.8835294117647059,linear,mu_schedule,1,0.0,0.0,0.0,full_mu_schedule_linear_rep01,94001,981.1613405341258
silu,1,linear,3,984.4412489775073,16,32.30298185348511,100,0.8752100840336134,0.8752100840336134,0.8752100840336134,linear,mu_schedule,1,0.0,0.0,0.0,full_mu_schedule_linear_rep01,94001,984.4412489775073
silu,1,linear,3,987.7055785866427,17,33.29928398132324,100,0.866890756302521,0.866890756302521,0.866890756302521,linear,mu_schedule,1,0.0,0.0,0.0,full_mu_schedule_linear_rep01,94001,987.7055785866427
silu,1,linear,3,990.9622259950752,18,33.75399208068848,100,0.8585714285714285,0.8585714285714285,0.8585714285714285,linear,mu_schedule,1,0.0,0.0,0.0,full_mu_schedule_linear_rep01,94001,990.9622259950752
silu,1,linear,3,994.1901812426751,19,30.825490951538086,100,0.8502521008403361,0.8502521008403361,0.8502521008403361,linear,mu_schedule,1,0.0,0.0,0.0,full_mu_schedule_linear_rep01,94001,994.1901812426751
silu,1,linear,3,997.3758179272295,20,31.83045196533203,100,0.8419327731092437,0.8419327731092437,0.8419327731092437,linear,mu_schedule,1,0.0,0.0,0.0,full_mu_schedule_linear_rep01,94001,997.3758179272295
silu,1,linear,3,1000.5120838264106,21,31.0990948677063,100,0.8336134453781513,0.8336134453781513,0.8336134453781513,linear,mu_schedule,1,0.0,0.0,0.0,full_mu_schedule_linear_rep01,94001,1000.5120838264106
silu,1,linear,3,1003.6057629691821,22,31.27602195739746,100,0.8252941176470588,0.8252941176470588,0.8252941176470588,linear,mu_schedule,1,0.0,0.0,0.0,full_mu_schedule_linear_rep01,94001,1003.6057629691821
silu,1,linear,3,1006.641507216912,23,31.802329063415527,100,0.8169747899159664,0.8169747899159664,0.8169747899159664,linear,mu_schedule,1,0.0,0.0,0.0,full_mu_schedule_linear_rep01,94001,1006.641507216912
silu,1,linear,3,1009.6388208508301,24,31.918701171875,100,0.8086554621848739,0.8086554621848739,0.8086554621848739,linear,mu_schedule,1,0.0,0.0,0.0,full_mu_schedule_linear_rep01,94001,1009.6388208508301
silu,1,linear,3,1012.5901938057833,25,30.8158860206604,100,0.8003361344537815,0.8003361344537815,0.8003361344537815,linear,mu_schedule,1,0.0,0.0,0.0,full_mu_schedule_linear_rep01,94001,1012.5901938057833
silu,1,linear,3,1015.5095417385199,26,31.79148507118225,100,0.792016806722689,0.792016806722689,0.792016806722689,linear,mu_schedule,1,0.0,0.0,0.0,full_mu_schedule_linear_rep01,94001,1015.5095417385199
silu,1,linear,3,1018.3523486300354,27,31.190473079681396,100,0.7836974789915966,0.7836974789915966,0.7836974789915966,linear,mu_schedule,1,0.0,0.0,0.0,full_mu_schedule_linear_rep01,94001,1018.3523486300354
silu,1,linear,3,1021.1715545713091,28,32.83683705329895,100,0.7753781512605042,0.7753781512605042,0.7753781512605042,linear,mu_schedule,1,0.0,0.0,0.0,full_mu_schedule_linear_rep01,94001,1021.1715545713091
silu,1,linear,3,1023.9372321646846,29,31.350769996643066,100,0.7670588235294118,0.7670588235294118,0.7670588235294118,linear,mu_schedule,1,0.0,0.0,0.0,full_mu_schedule_linear_rep01,94001,1023.9372321646846
silu,1,linear,3,1026.6463247054487,30,32.082399129867554,100,0.7587394957983193,0.7587394957983193,0.7587394957983193,linear,mu_schedule,1,0.0,0.0,0.0,full_mu_schedule_linear_rep01,94001,1026.6463247054487
silu,1,linear,3,1029.2843808059451,31,31.368035078048706,100,0.7504201680672269,0.7504201680672269,0.7504201680672269,linear,mu_schedule,1,0.0,0.0,0.0,full_mu_schedule_linear_rep01,94001,1029.2843808059451
silu,1,linear,3,1031.9105725929962,32,31.278067111968994,100,0.7421008403361344,0.7421008403361344,0.7421008403361344,linear,mu_schedule,1,0.0,0.0,0.0,full_mu_schedule_linear_rep01,94001,1031.9105725929962
silu,1,linear,3,1034.4534636470487,33,30.790021896362305,100,0.733781512605042,0.733781512605042,0.733781512605042,linear,mu_schedule,1,0.0,0.0,0.0,full_mu_schedule_linear_rep01,94001,1034.4534636470487
silu,1,linear,3,1036.9629207412704,34,31.910803079605103,100,0.7254621848739495,0.7254621848739495,0.7254621848739495,linear,mu_schedule,1,0.0,0.0,0.0,full_mu_schedule_linear_rep01,94001,1036.9629207412704
silu,1,linear,3,1039.336594107498,35,32.766489028930664,100,0.7171428571428572,0.7171428571428572,0.7171428571428572,linear,mu_schedule,1,0.0,0.0,0.0,full_mu_schedule_linear_rep01,94001,1039.336594107498
silu,1,linear,3,1041.6826382637696,36,29.873470067977905,100,0.7088235294117647,0.7088235294117647,0.7088235294117647,linear,mu_schedule,1,0.0,0.0,0.0,full_mu_schedule_linear_rep01,94001,1041.6826382637696
silu,1,linear,3,1043.9481489708453,37,30.87812614440918,100,0.7005042016806723,0.7005042016806723,0.7005042016806723,linear,mu_schedule,1,0.0,0.0,0.0,full_mu_schedule_linear_rep01,94001,1043.9481489708453
silu,1,linear,3,1046.1074766108823,38,31.899946928024292,100,0.6921848739495798,0.6921848739495798,0.6921848739495798,linear,mu_schedule,1,0.0,0.0,0.0,full_mu_schedule_linear_rep01,94001,1046.1074766108823
silu,1,linear,3,1047.9694773448512,39,30.52014708518982,100,0.6838655462184874,0.6838655462184874,0.6838655462184874,linear,mu_schedule,1,0.0,0.0,0.0,full_mu_schedule_linear_rep01,94001,1047.9694773448512
silu,1,linear,3,1049.8253229914426,40,31.071372032165527,100,0.6755462184873949,0.6755462184873949,0.6755462184873949,linear,mu_schedule,1,0.0,0.0,0.0,full_mu_schedule_linear_rep01,94001,1049.8253229914426
silu,1,linear,3,1051.6051252183577,41,32.00964593887329,100,0.6672268907563025,0.6672268907563025,0.6672268907563025,linear,mu_schedule,1,0.0,0.0,0.0,full_mu_schedule_linear_rep01,94001,1051.6051252183577
silu,1,linear,3,1053.2370290406025,42,31.445260047912598,100,0.65890756302521,0.65890756302521,0.65890756302521,linear,mu_schedule,1,0.0,0.0,0.0,full_mu_schedule_linear_rep01,94001,1053.2370290406025
silu,1,linear,3,1054.437209914247,43,32.07212996482849,100,0.6505882352941177,0.6505882352941177,0.6505882352941177,linear,mu_schedule,1,0.0,0.0,0.0,full_mu_schedule_linear_rep01,94001,1054.437209914247
silu,1,linear,3,1054.9564934271577,44,30.429459810256958,100,0.6422689075630252,0.6422689075630252,0.6422689075630252,linear,mu_schedule,1,0.0,0.0,0.0,full_mu_schedule_linear_rep01,94001,1054.9564934271577
silu,1,linear,3,1055.905073361158,45,32.138917207717896,100,0.6339495798319328,0.6339495798319328,0.6339495798319328,linear,mu_schedule,1,0.0,0.0,0.0,full_mu_schedule_linear_rep01,94001,1055.905073361158
silu,1,linear,3,1057.2857886291424,46,30.60002303123474,100,0.6256302521008403,0.6256302521008403,0.6256302521008403,linear,mu_schedule,1,0.0,0.0,0.0,full_mu_schedule_linear_rep01,94001,1057.2857886291424
silu,1,linear,3,1057.9655943287407,47,31.35416603088379,100,0.6173109243697479,0.6173109243697479,0.6173109243697479,linear,mu_schedule,1,0.0,0.0,0.0,full_mu_schedule_linear_rep01,94001,1057.9655943287407
silu,1,linear,3,1061.3391089798167,48,31.191158056259155,100,0.6089915966386554,0.6089915966386554,0.6089915966386554,linear,mu_schedule,1,0.0,0.0,0.0,full_mu_schedule_linear_rep01,94001,1061.3391089798167
silu,1,linear,3,1071.291682324763,49,30.970850944519043,100,0.600672268907563,0.600672268907563,0.600672268907563,linear,mu_schedule,1,0.0,0.0,0.0,full_mu_schedule_linear_rep01,94001,1071.291682324763
silu,1,linear,3,1063.9739252562833,50,30.538594961166382,100,0.5923529411764706,0.5923529411764706,0.5923529411764706,linear,mu_schedule,1,0.0,0.0,0.0,full_mu_schedule_linear_rep01,94001,1063.9739252562833
silu,1,linear,3,1066.639732682743,51,31.513783931732178,100,0.5840336134453782,0.5840336134453782,0.5840336134453782,linear,mu_schedule,1,0.0,0.0,0.0,full_mu_schedule_linear_rep01,94001,1066.639732682743
silu,1,linear,3,1075.8494839237378,52,31.797271966934204,100,0.5757142857142857,0.5757142857142857,0.5757142857142857,linear,mu_schedule,1,0.0,0.0,0.0,full_mu_schedule_linear_rep01,94001,1075.8494839237378
silu,1,linear,3,1068.3014264048343,53,31.192409992218018,100,0.5673949579831933,0.5673949579831933,0.5673949579831933,linear,mu_schedule,1,0.0,0.0,0.0,full_mu_schedule_linear_rep01,94001,1068.3014264048343
silu,1,linear,3,1071.187994578321,54,31.636803150177002,100,0.5590756302521008,0.5590756302521008,0.5590756302521008,linear,mu_schedule,1,0.0,0.0,0.0,full_mu_schedule_linear_rep01,94001,1071.187994578321
silu,1,linear,3,1078.9163753828764,55,30.549877166748047,100,0.5507563025210084,0.5507563025210084,0.5507563025210084,linear,mu_schedule,1,0.0,0.0,0.0,full_mu_schedule_linear_rep01,94001,1078.9163753828764
silu,1,linear,3,1073.0947915701486,56,30.798809051513672,100,0.5424369747899159,0.5424369747899159,0.5424369747899159,linear,mu_schedule,1,0.0,0.0,0.0,full_mu_schedule_linear_rep01,94001,1073.0947915701486
silu,1,linear,3,1082.0169622752726,57,31.77967596054077,100,0.5341176470588235,0.5341176470588235,0.5341176470588235,linear,mu_schedule,1,0.0,0.0,0.0,full_mu_schedule_linear_rep01,94001,1082.0169622752726
silu,1,linear,3,1075.8709345064071,58,30.16498112678528,100,0.5257983193277311,0.5257983193277311,0.5257983193277311,linear,mu_schedule,1,0.0,0.0,0.0,full_mu_schedule_linear_rep01,94001,1075.8709345064071
silu,1,linear,3,1083.502324801648,59,31.14394998550415,100,0.5174789915966387,0.5174789915966387,0.5174789915966387,linear,mu_schedule,1,0.0,0.0,0.0,full_mu_schedule_linear_rep01,94001,1083.502324801648
silu,1,linear,3,1078.4758562351253,60,30.981378078460693,100,0.5091596638655462,0.5091596638655462,0.5091596638655462,linear,mu_schedule,1,0.0,0.0,0.0,full_mu_schedule_linear_rep01,94001,1078.4758562351253
silu,1,linear,3,1082.0485049888737,61,30.89028000831604,100,0.5008403361344538,0.5008403361344538,0.5008403361344538,linear,mu_schedule,1,0.0,0.0,0.0,full_mu_schedule_linear_rep01,94001,1082.0485049888737
silu,1,linear,3,1087.5908775465778,62,31.8666090965271,100,0.4925210084033613,0.4925210084033613,0.4925210084033613,linear,mu_schedule,1,0.0,0.0,0.0,full_mu_schedule_linear_rep01,94001,1087.5908775465778
silu,1,linear,3,1081.9077879784747,63,35.37644004821777,100,0.48420168067226893,0.48420168067226893,0.48420168067226893,linear,mu_schedule,1,0.0,0.0,0.0,full_mu_schedule_linear_rep01,94001,1081.9077879784747
silu,1,linear,3,1082.6861168796222,64,36.18638300895691,100,0.4758823529411765,0.4758823529411765,0.4758823529411765,linear,mu_schedule,1,0.0,0.0,0.0,full_mu_schedule_linear_rep01,94001,1082.6861168796222
silu,1,linear,3,1083.2029573414654,65,36.570719957351685,100,0.467563025210084,0.467563025210084,0.467563025210084,linear,mu_schedule,1,0.0,0.0,0.0,full_mu_schedule_linear_rep01,94001,1083.2029573414654
silu,1,linear,3,1083.3405569613935,66,36.3110830783844,100,0.4592436974789916,0.4592436974789916,0.4592436974789916,linear,mu_schedule,1,0.0,0.0,0.0,full_mu_schedule_linear_rep01,94001,1083.3405569613935
silu,1,linear,3,1083.5487866331212,67,35.18867301940918,100,0.4509243697478992,0.4509243697478992,0.4509243697478992,linear,mu_schedule,1,0.0,0.0,0.0,full_mu_schedule_linear_rep01,94001,1083.5487866331212
silu,1,linear,3,1084.1389571018042,68,35.12107300758362,100,0.4426050420168067,0.4426050420168067,0.4426050420168067,linear,mu_schedule,1,0.0,0.0,0.0,full_mu_schedule_linear_rep01,94001,1084.1389571018042
silu,1,linear,3,1084.9325348577152,69,34.513697147369385,100,0.4342857142857143,0.4342857142857143,0.4342857142857143,linear,mu_schedule,1,0.0,0.0,0.0,full_mu_schedule_linear_rep01,94001,1084.9325348577152
silu,1,linear,3,1085.7448005726123,70,35.80203914642334,100,0.4259663865546218,0.4259663865546218,0.4259663865546218,linear,mu_schedule,1,0.0,0.0,0.0,full_mu_schedule_linear_rep01,94001,1085.7448005726123
silu,1,linear,3,1085.7591408417268,71,33.027822971343994,100,0.4176470588235294,0.4176470588235294,0.4176470588235294,linear,mu_schedule,1,0.0,0.0,0.0,full_mu_schedule_linear_rep01,94001,1085.7591408417268
silu,1,linear,3,1085.718030697721,72,34.37692308425903,100,0.409327731092437,0.409327731092437,0.409327731092437,linear,mu_schedule,1,0.0,0.0,0.0,full_mu_schedule_linear_rep01,94001,1085.718030697721
silu,1,linear,3,1085.6163948962467,73,37.05001091957092,100,0.4010084033613445,0.4010084033613445,0.4010084033613445,linear,mu_schedule,1,0.0,0.0,0.0,full_mu_schedule_linear_rep01,94001,1085.6163948962467
silu,1,linear,3,1085.5174357662297,74,32.90647006034851,100,0.3926890756302521,0.3926890756302521,0.3926890756302521,linear,mu_schedule,1,0.0,0.0,0.0,full_mu_schedule_linear_rep01,94001,1085.5174357662297
silu,1,linear,3,1085.33324780662,75,34.20917296409607,100,0.3843697478991597,0.3843697478991597,0.3843697478991597,linear,mu_schedule,1,0.0,0.0,0.0,full_mu_schedule_linear_rep01,94001,1085.33324780662
silu,1,linear,3,1085.0533617818503,76,35.42978000640869,100,0.3760504201680672,0.3760504201680672,0.3760504201680672,linear,mu_schedule,1,0.0,0.0,0.0,full_mu_schedule_linear_rep01,94001,1085.0533617818503
silu,1,linear,3,1084.7712035082757,77,33.58385491371155,100,0.36773109243697477,0.36773109243697477,0.36773109243697477,linear,mu_schedule,1,0.0,0.0,0.0,full_mu_schedule_linear_rep01,94001,1084.7712035082757
silu,1,linear,3,1084.2577824635164,78,33.00327515602112,100,0.3594117647058824,0.3594117647058824,0.3594117647058824,linear,mu_schedule,1,0.0,0.0,0.0,full_mu_schedule_linear_rep01,94001,1084.2577824635164
silu,1,linear,3,1085.0843895032467,79,33.70792293548584,100,0.3510924369747899,0.3510924369747899,0.3510924369747899,linear,mu_schedule,1,0.0,0.0,0.0,full_mu_schedule_linear_rep01,94001,1085.0843895032467
silu,1,linear,3,1083.6472095349786,80,32.12711811065674,100,0.34277310924369747,0.34277310924369747,0.34277310924369747,linear,mu_schedule,1,0.0,0.0,0.0,full_mu_schedule_linear_rep01,94001,1083.6472095349786
silu,1,linear,3,1083.904071741387,81,33.93047380447388,100,0.334453781512605,0.334453781512605,0.334453781512605,linear,mu_schedule,1,0.0,0.0,0.0,full_mu_schedule_linear_rep01,94001,1083.904071741387
silu,1,linear,3,1087.6786234566985,82,33.07620310783386,100,0.3261344537815126,0.3261344537815126,0.3261344537815126,linear,mu_schedule,1,0.0,0.0,0.0,full_mu_schedule_linear_rep01,94001,1087.6786234566985
silu,1,linear,3,1081.679070312856,83,34.69829702377319,100,0.31781512605042017,0.31781512605042017,0.31781512605042017,linear,mu_schedule,1,0.0,0.0,0.0,full_mu_schedule_linear_rep01,94001,1081.679070312856
silu,1,linear,3,1081.1980713641028,84,35.29550004005432,100,0.3094957983193277,0.3094957983193277,0.3094957983193277,linear,mu_schedule,1,0.0,0.0,0.0,full_mu_schedule_linear_rep01,94001,1081.1980713641028
silu,1,linear,3,1090.4178385579717,85,34.82498598098755,100,0.30117647058823527,0.30117647058823527,0.30117647058823527,linear,mu_schedule,1,0.0,0.0,0.0,full_mu_schedule_linear_rep01,94001,1090.4178385579717
silu,1,linear,3,1076.772281792828,86,35.34605693817139,100,0.29285714285714287,0.29285714285714287,0.29285714285714287,linear,mu_schedule,1,0.0,0.0,0.0,full_mu_schedule_linear_rep01,94001,1076.772281792828
silu,1,linear,3,1092.1725018315497,87,35.53314995765686,100,0.2845378151260504,0.2845378151260504,0.2845378151260504,linear,mu_schedule,1,0.0,0.0,0.0,full_mu_schedule_linear_rep01,94001,1092.1725018315497
silu,1,linear,3,1076.5964154808537,88,33.725265979766846,100,0.27621848739495797,0.27621848739495797,0.27621848739495797,linear,mu_schedule,1,0.0,0.0,0.0,full_mu_schedule_linear_rep01,94001,1076.5964154808537
silu,1,linear,3,1080.1146918458624,89,35.24526810646057,100,0.26789915966386557,0.26789915966386557,0.26789915966386557,linear,mu_schedule,1,0.0,0.0,0.0,full_mu_schedule_linear_rep01,94001,1080.1146918458624
silu,1,linear,3,1075.0709432431972,90,33.24064493179321,100,0.2595798319327731,0.2595798319327731,0.2595798319327731,linear,mu_schedule,1,0.0,0.0,0.0,full_mu_schedule_linear_rep01,94001,1075.0709432431972
silu,1,linear,3,1075.5022982996043,91,35.512840032577515,100,0.25126050420168067,0.25126050420168067,0.25126050420168067,linear,mu_schedule,1,0.0,0.0,0.0,full_mu_schedule_linear_rep01,94001,1075.5022982996043
silu,1,linear,3,1070.1509434435743,92,31.363117933273315,100,0.24294117647058824,0.24294117647058824,0.24294117647058824,linear,mu_schedule,1,0.0,0.0,0.0,full_mu_schedule_linear_rep01,94001,1070.1509434435743
silu,1,linear,3,1065.7521017994964,93,34.729820013046265,100,0.2346218487394958,0.2346218487394958,0.2346218487394958,linear,mu_schedule,1,0.0,0.0,0.0,full_mu_schedule_linear_rep01,94001,1065.7521017994964
silu,1,linear,3,1062.4818862559305,94,33.12887096405029,100,0.22630252100840337,0.22630252100840337,0.22630252100840337,linear,mu_schedule,1,0.0,0.0,0.0,full_mu_schedule_linear_rep01,94001,1062.4818862559305
silu,1,linear,3,1068.3351432076358,95,34.879990100860596,100,0.21798319327731092,0.21798319327731092,0.21798319327731092,linear,mu_schedule,1,0.0,0.0,0.0,full_mu_schedule_linear_rep01,94001,1068.3351432076358
silu,1,linear,3,1061.8839738244053,96,34.360530853271484,100,0.2096638655462185,0.2096638655462185,0.2096638655462185,linear,mu_schedule,1,0.0,0.0,0.0,full_mu_schedule_linear_rep01,94001,1061.8839738244053
silu,1,linear,3,1052.2092374477825,97,36.04861903190613,100,0.20134453781512604,0.20134453781512604,0.20134453781512604,linear,mu_schedule,1,0.0,0.0,0.0,full_mu_schedule_linear_rep01,94001,1052.2092374477825
silu,1,linear,3,1057.5124404622434,98,36.38800597190857,100,0.19302521008403362,0.19302521008403362,0.19302521008403362,linear,mu_schedule,1,0.0,0.0,0.0,full_mu_schedule_linear_rep01,94001,1057.5124404622434
silu,1,linear,3,1048.8678775908047,99,34.20211100578308,100,0.18470588235294116,0.18470588235294116,0.18470588235294116,linear,mu_schedule,1,0.0,0.0,0.0,full_mu_schedule_linear_rep01,94001,1048.8678775908047
silu,1,linear,3,1052.15623767345,100,35.15304899215698,100,0.17638655462184874,0.17638655462184874,0.17638655462184874,linear,mu_schedule,1,0.0,0.0,0.0,full_mu_schedule_linear_rep01,94001,1052.15623767345
silu,1,linear,3,1044.3273604825365,101,33.75552701950073,100,0.16806722689075632,0.16806722689075632,0.16806722689075632,linear,mu_schedule,1,0.0,0.0,0.0,full_mu_schedule_linear_rep01,94001,1044.3273604825365
silu,1,linear,3,1036.788246960307,102,34.15581703186035,100,0.15974789915966386,0.15974789915966386,0.15974789915966386,linear,mu_schedule,1,0.0,0.0,0.0,full_mu_schedule_linear_rep01,94001,1036.788246960307
silu,1,linear,3,1034.6039365263473,103,35.22628402709961,100,0.15142857142857144,0.15142857142857144,0.15142857142857144,linear,mu_schedule,1,0.0,0.0,0.0,full_mu_schedule_linear_rep01,94001,1034.6039365263473
silu,1,linear,3,1028.4761979830153,104,32.71761703491211,100,0.143109243697479,0.143109243697479,0.143109243697479,linear,mu_schedule,1,0.0,0.0,0.0,full_mu_schedule_linear_rep01,94001,1028.4761979830153
silu,1,linear,3,1029.179252735687,105,34.53389286994934,100,0.13478991596638656,0.13478991596638656,0.13478991596638656,linear,mu_schedule,1,0.0,0.0,0.0,full_mu_schedule_linear_rep01,94001,1029.179252735687
silu,1,linear,3,1021.3650713250213,106,34.44284200668335,100,0.1264705882352941,0.1264705882352941,0.1264705882352941,linear,mu_schedule,1,0.0,0.0,0.0,full_mu_schedule_linear_rep01,94001,1021.3650713250213
silu,1,linear,3,1014.6990583668608,107,32.5866539478302,100,0.11815126050420167,0.11815126050420167,0.11815126050420167,linear,mu_schedule,1,0.0,0.0,0.0,full_mu_schedule_linear_rep01,94001,1014.6990583668608
silu,1,linear,3,1010.495196121628,108,34.35792303085327,100,0.10983193277310925,0.10983193277310925,0.10983193277310925,linear,mu_schedule,1,0.0,0.0,0.0,full_mu_schedule_linear_rep01,94001,1010.495196121628
silu,1,linear,3,1008.4463446914856,109,36.62960720062256,100,0.10151260504201681,0.10151260504201681,0.10151260504201681,linear,mu_schedule,1,0.0,0.0,0.0,full_mu_schedule_linear_rep01,94001,1008.4463446914856
silu,1,linear,3,1009.5345088675058,110,34.3587429523468,100,0.09319327731092437,0.09319327731092437,0.09319327731092437,linear,mu_schedule,1,0.0,0.0,0.0,full_mu_schedule_linear_rep01,94001,1009.5345088675058
silu,1,linear,3,993.7501219862576,111,36.9817328453064,100,0.08487394957983194,0.08487394957983194,0.08487394957983194,linear,mu_schedule,1,0.0,0.0,0.0,full_mu_schedule_linear_rep01,94001,993.7501219862576
silu,1,linear,3,981.3313801416302,112,38.45018410682678,100,0.0765546218487395,0.0765546218487395,0.0765546218487395,linear,mu_schedule,1,0.0,0.0,0.0,full_mu_schedule_linear_rep01,94001,981.3313801416302
silu,1,linear,3,983.7822020256141,113,36.01022291183472,100,0.06823529411764706,0.06823529411764706,0.06823529411764706,linear,mu_schedule,1,0.0,0.0,0.0,full_mu_schedule_linear_rep01,94001,983.7822020256141
silu,1,linear,3,967.3739541160494,114,35.52187395095825,100,0.05991596638655462,0.05991596638655462,0.05991596638655462,linear,mu_schedule,1,0.0,0.0,0.0,full_mu_schedule_linear_rep01,94001,967.3739541160494
silu,1,linear,3,966.1411986540415,115,36.51861810684204,100,0.051596638655462185,0.051596638655462185,0.051596638655462185,linear,mu_schedule,1,0.0,0.0,0.0,full_mu_schedule_linear_rep01,94001,966.1411986540415
silu,1,linear,3,945.4287314414203,116,37.242887020111084,100,0.04327731092436975,0.04327731092436975,0.04327731092436975,linear,mu_schedule,1,0.0,0.0,0.0,full_mu_schedule_linear_rep01,94001,945.4287314414203
silu,1,linear,3,942.581284253017,117,36.85971283912659,100,0.03495798319327731,0.03495798319327731,0.03495798319327731,linear,mu_schedule,1,0.0,0.0,0.0,full_mu_schedule_linear_rep01,94001,942.581284253017
silu,1,linear,3,938.4261894744501,118,37.26497197151184,100,0.026638655462184874,0.026638655462184874,0.026638655462184874,linear,mu_schedule,1,0.0,0.0,0.0,full_mu_schedule_linear_rep01,94001,938.4261894744501
silu,1,linear,3,922.1556177936912,119,35.65898013114929,100,0.018319327731092436,0.018319327731092436,0.018319327731092436,linear,mu_schedule,1,0.0,0.0,0.0,full_mu_schedule_linear_rep01,94001,922.1556177936912
silu,1,linear,3,905.4062327619008,120,36.92062187194824,100,0.01,0.01,0.01,linear,mu_schedule,1,0.0,0.0,0.0,full_mu_schedule_linear_rep01,94001,905.4062327619008
silu,1,linear,3,877.4521094434431,121,35.368531942367554,100,0.01,0.01,0.0,linear,mu_schedule,1,0.0,0.0,0.0,full_mu_schedule_linear_rep01,94001,877.4521094434431
silu,1,linear,3,878.9694330106786,122,32.734755992889404,100,0.01,0.01,0.0,linear,mu_schedule,1,0.0,0.0,0.0,full_mu_schedule_linear_rep01,94001,878.9694330106786
silu,1,linear,3,877.8925424961541,123,29.740905046463013,100,0.01,0.01,0.0,linear,mu_schedule,1,0.0,0.0,0.0,full_mu_schedule_linear_rep01,94001,877.8925424961541
silu,1,linear,3,895.770090023234,124,31.807575941085815,100,0.01,0.01,0.0,linear,mu_schedule,1,0.0,0.0,0.0,full_mu_schedule_linear_rep01,94001,895.770090023234
silu,1,linear,3,886.1903923594489,125,30.829190015792847,100,0.01,0.01,0.0,linear,mu_schedule,1,0.0,0.0,0.0,full_mu_schedule_linear_rep01,94001,886.1903923594489
silu,1,linear,3,880.7795856786335,126,31.21977686882019,100,0.01,0.01,0.0,linear,mu_schedule,1,0.0,0.0,0.0,full_mu_schedule_linear_rep01,94001,880.7795856786335
silu,1,linear,3,887.4988799068385,127,30.304752111434937,100,0.01,0.01,0.0,linear,mu_schedule,1,0.0,0.0,0.0,full_mu_schedule_linear_rep01,94001,887.4988799068385
silu,1,linear,3,882.1677870020164,128,31.172046899795532,100,0.01,0.01,0.0,linear,mu_schedule,1,0.0,0.0,0.0,full_mu_schedule_linear_rep01,94001,882.1677870020164
silu,1,linear,3,894.1697223323096,129,30.094749927520752,100,0.01,0.01,0.0,linear,mu_schedule,1,0.0,0.0,0.0,full_mu_schedule_linear_rep01,94001,894.1697223323096
silu,1,linear,3,889.0621585462438,130,30.86808705329895,100,0.01,0.01,0.0,linear,mu_schedule,1,0.0,0.0,0.0,full_mu_schedule_linear_rep01,94001,889.0621585462438
silu,1,linear,3,2084.683288225248,1,94.60022592544556,100,1.0,1.0,1.0,linear,mu_schedule,2,0.0,0.0,0.0,full_mu_schedule_linear_rep02,94002,2084.683288225248
silu,1,linear,3,1016.2766073560648,2,30.922404050827026,100,0.9916806722689075,0.9916806722689075,0.9916806722689075,linear,mu_schedule,2,0.0,0.0,0.0,full_mu_schedule_linear_rep02,94002,1016.2766073560648
silu,1,linear,3,1002.4751719888226,3,32.63741183280945,100,0.9833613445378151,0.9833613445378151,0.9833613445378151,linear,mu_schedule,2,0.0,0.0,0.0,full_mu_schedule_linear_rep02,94002,1002.4751719888226
silu,1,linear,3,996.5821432128675,4,31.846652030944824,100,0.9750420168067226,0.9750420168067226,0.9750420168067226,linear,mu_schedule,2,0.0,0.0,0.0,full_mu_schedule_linear_rep02,94002,996.5821432128675
silu,1,linear,3,997.357024824751,5,31.054086923599243,100,0.9667226890756303,0.9667226890756303,0.9667226890756303,linear,mu_schedule,2,0.0,0.0,0.0,full_mu_schedule_linear_rep02,94002,997.357024824751
silu,1,linear,3,998.6740950075508,6,31.663738012313843,100,0.9584033613445379,0.9584033613445379,0.9584033613445379,linear,mu_schedule,2,0.0,0.0,0.0,full_mu_schedule_linear_rep02,94002,998.6740950075508
silu,1,linear,3,1000.6655206973893,7,32.04501509666443,100,0.9500840336134454,0.9500840336134454,0.9500840336134454,linear,mu_schedule,2,0.0,0.0,0.0,full_mu_schedule_linear_rep02,94002,1000.6655206973893
silu,1,linear,3,1002.7882231170777,8,31.434257984161377,100,0.941764705882353,0.941764705882353,0.941764705882353,linear,mu_schedule,2,0.0,0.0,0.0,full_mu_schedule_linear_rep02,94002,1002.7882231170777
silu,1,linear,3,1004.4299087574707,9,33.76482915878296,100,0.9334453781512605,0.9334453781512605,0.9334453781512605,linear,mu_schedule,2,0.0,0.0,0.0,full_mu_schedule_linear_rep02,94002,1004.4299087574707
silu,1,linear,3,1005.9547531131443,10,31.464956998825073,100,0.925126050420168,0.925126050420168,0.925126050420168,linear,mu_schedule,2,0.0,0.0,0.0,full_mu_schedule_linear_rep02,94002,1005.9547531131443
silu,1,linear,3,1007.732769088465,11,32.310402154922485,100,0.9168067226890756,0.9168067226890756,0.9168067226890756,linear,mu_schedule,2,0.0,0.0,0.0,full_mu_schedule_linear_rep02,94002,1007.732769088465
silu,1,linear,3,1009.904384396978,12,32.64234900474548,100,0.9084873949579831,0.9084873949579831,0.9084873949579831,linear,mu_schedule,2,0.0,0.0,0.0,full_mu_schedule_linear_rep02,94002,1009.904384396978
silu,1,linear,3,1012.4351593538992,13,31.00226092338562,100,0.9001680672268908,0.9001680672268908,0.9001680672268908,linear,mu_schedule,2,0.0,0.0,0.0,full_mu_schedule_linear_rep02,94002,1012.4351593538992
silu,1,linear,3,1015.225658487683,14,32.68026900291443,100,0.8918487394957983,0.8918487394957983,0.8918487394957983,linear,mu_schedule,2,0.0,0.0,0.0,full_mu_schedule_linear_rep02,94002,1015.225658487683
silu,1,linear,3,1018.1716166608135,15,32.68230199813843,100,0.8835294117647059,0.8835294117647059,0.8835294117647059,linear,mu_schedule,2,0.0,0.0,0.0,full_mu_schedule_linear_rep02,94002,1018.1716166608135
silu,1,linear,3,1021.1401050552029,16,32.30878806114197,100,0.8752100840336134,0.8752100840336134,0.8752100840336134,linear,mu_schedule,2,0.0,0.0,0.0,full_mu_schedule_linear_rep02,94002,1021.1401050552029
silu,1,linear,3,1024.129972240119,17,33.19884204864502,100,0.866890756302521,0.866890756302521,0.866890756302521,linear,mu_schedule,2,0.0,0.0,0.0,full_mu_schedule_linear_rep02,94002,1024.129972240119
silu,1,linear,3,1027.1178991798781,18,33.30325388908386,100,0.8585714285714285,0.8585714285714285,0.8585714285714285,linear,mu_schedule,2,0.0,0.0,0.0,full_mu_schedule_linear_rep02,94002,1027.1178991798781
silu,1,linear,3,1030.134874089457,19,31.320847034454346,100,0.8502521008403361,0.8502521008403361,0.8502521008403361,linear,mu_schedule,2,0.0,0.0,0.0,full_mu_schedule_linear_rep02,94002,1030.134874089457
silu,1,linear,3,1033.186218926853,20,32.27990794181824,100,0.8419327731092437,0.8419327731092437,0.8419327731092437,linear,mu_schedule,2,0.0,0.0,0.0,full_mu_schedule_linear_rep02,94002,1033.186218926853
silu,1,linear,3,1036.2396144302957,21,32.11532497406006,100,0.8336134453781513,0.8336134453781513,0.8336134453781513,linear,mu_schedule,2,0.0,0.0,0.0,full_mu_schedule_linear_rep02,94002,1036.2396144302957
silu,1,linear,3,1039.3026934188038,22,30.233275890350342,100,0.8252941176470588,0.8252941176470588,0.8252941176470588,linear,mu_schedule,2,0.0,0.0,0.0,full_mu_schedule_linear_rep02,94002,1039.3026934188038
silu,1,linear,3,1042.2947933375494,23,33.008923053741455,100,0.8169747899159664,0.8169747899159664,0.8169747899159664,linear,mu_schedule,2,0.0,0.0,0.0,full_mu_schedule_linear_rep02,94002,1042.2947933375494
silu,1,linear,3,1045.2516322651718,24,30.71731996536255,100,0.8086554621848739,0.8086554621848739,0.8086554621848739,linear,mu_schedule,2,0.0,0.0,0.0,full_mu_schedule_linear_rep02,94002,1045.2516322651718
silu,1,linear,3,1048.169660670129,25,32.1220760345459,100,0.8003361344537815,0.8003361344537815,0.8003361344537815,linear,mu_schedule,2,0.0,0.0,0.0,full_mu_schedule_linear_rep02,94002,1048.169660670129
silu,1,linear,3,1051.0345715005453,26,32.10235595703125,100,0.792016806722689,0.792016806722689,0.792016806722689,linear,mu_schedule,2,0.0,0.0,0.0,full_mu_schedule_linear_rep02,94002,1051.0345715005453
silu,1,linear,3,1053.8271466090418,27,30.4768009185791,100,0.7836974789915966,0.7836974789915966,0.7836974789915966,linear,mu_schedule,2,0.0,0.0,0.0,full_mu_schedule_linear_rep02,94002,1053.8271466090418
silu,1,linear,3,1056.5815648456787,28,32.09195804595947,100,0.7753781512605042,0.7753781512605042,0.7753781512605042,linear,mu_schedule,2,0.0,0.0,0.0,full_mu_schedule_linear_rep02,94002,1056.5815648456787
silu,1,linear,3,1059.2464950605051,29,31.285933017730713,100,0.7670588235294118,0.7670588235294118,0.7670588235294118,linear,mu_schedule,2,0.0,0.0,0.0,full_mu_schedule_linear_rep02,94002,1059.2464950605051
silu,1,linear,3,1061.9137892299286,30,30.34403681755066,100,0.7587394957983193,0.7587394957983193,0.7587394957983193,linear,mu_schedule,2,0.0,0.0,0.0,full_mu_schedule_linear_rep02,94002,1061.9137892299286
silu,1,linear,3,1064.528798385011,31,31.79092788696289,100,0.7504201680672269,0.7504201680672269,0.7504201680672269,linear,mu_schedule,2,0.0,0.0,0.0,full_mu_schedule_linear_rep02,94002,1064.528798385011
silu,1,linear,3,1067.0535304080931,32,32.25422215461731,100,0.7421008403361344,0.7421008403361344,0.7421008403361344,linear,mu_schedule,2,0.0,0.0,0.0,full_mu_schedule_linear_rep02,94002,1067.0535304080931
silu,1,linear,3,1069.4673268635693,33,30.740537881851196,100,0.733781512605042,0.733781512605042,0.733781512605042,linear,mu_schedule,2,0.0,0.0,0.0,full_mu_schedule_linear_rep02,94002,1069.4673268635693
silu,1,linear,3,1071.6873768368357,34,32.514729022979736,100,0.7254621848739495,0.7254621848739495,0.7254621848739495,linear,mu_schedule,2,0.0,0.0,0.0,full_mu_schedule_linear_rep02,94002,1071.6873768368357
silu,1,linear,3,1073.696779847648,35,31.497586965560913,100,0.7171428571428572,0.7171428571428572,0.7171428571428572,linear,mu_schedule,2,0.0,0.0,0.0,full_mu_schedule_linear_rep02,94002,1073.696779847648
silu,1,linear,3,1075.5958825781763,36,32.21231293678284,100,0.7088235294117647,0.7088235294117647,0.7088235294117647,linear,mu_schedule,2,0.0,0.0,0.0,full_mu_schedule_linear_rep02,94002,1075.5958825781763
silu,1,linear,3,1077.6521139650717,37,32.933592796325684,100,0.7005042016806723,0.7005042016806723,0.7005042016806723,linear,mu_schedule,2,0.0,0.0,0.0,full_mu_schedule_linear_rep02,94002,1077.6521139650717
silu,1,linear,3,1079.7191130919218,38,30.816095113754272,100,0.6921848739495798,0.6921848739495798,0.6921848739495798,linear,mu_schedule,2,0.0,0.0,0.0,full_mu_schedule_linear_rep02,94002,1079.7191130919218
silu,1,linear,3,1081.592578925811,39,33.25657105445862,100,0.6838655462184874,0.6838655462184874,0.6838655462184874,linear,mu_schedule,2,0.0,0.0,0.0,full_mu_schedule_linear_rep02,94002,1081.592578925811
silu,1,linear,3,1083.0605503314562,40,33.21694588661194,100,0.6755462184873949,0.6755462184873949,0.6755462184873949,linear,mu_schedule,2,0.0,0.0,0.0,full_mu_schedule_linear_rep02,94002,1083.0605503314562
silu,1,linear,3,1084.032831544941,41,31.064585208892822,100,0.6672268907563025,0.6672268907563025,0.6672268907563025,linear,mu_schedule,2,0.0,0.0,0.0,full_mu_schedule_linear_rep02,94002,1084.032831544941
silu,1,linear,3,1085.4090793458845,42,31.66763710975647,100,0.65890756302521,0.65890756302521,0.65890756302521,linear,mu_schedule,2,0.0,0.0,0.0,full_mu_schedule_linear_rep02,94002,1085.4090793458845
silu,1,linear,3,1089.4119103559303,43,32.106024980545044,100,0.6505882352941177,0.6505882352941177,0.6505882352941177,linear,mu_schedule,2,0.0,0.0,0.0,full_mu_schedule_linear_rep02,94002,1089.4119103559303
silu,1,linear,3,1090.568341372009,44,31.031038999557495,100,0.6422689075630252,0.6422689075630252,0.6422689075630252,linear,mu_schedule,2,0.0,0.0,0.0,full_mu_schedule_linear_rep02,94002,1090.568341372009
silu,1,linear,3,1094.6345190683674,45,31.84394407272339,100,0.6339495798319328,0.6339495798319328,0.6339495798319328,linear,mu_schedule,2,0.0,0.0,0.0,full_mu_schedule_linear_rep02,94002,1094.6345190683674
silu,1,linear,3,1090.3045110804471,46,31.472811937332153,100,0.6256302521008403,0.6256302521008403,0.6256302521008403,linear,mu_schedule,2,0.0,0.0,0.0,full_mu_schedule_linear_rep02,94002,1090.3045110804471
silu,1,linear,3,1099.769840014662,47,31.193225860595703,100,0.6173109243697479,0.6173109243697479,0.6173109243697479,linear,mu_schedule,2,0.0,0.0,0.0,full_mu_schedule_linear_rep02,94002,1099.769840014662
silu,1,linear,3,1092.805658348937,48,32.22520303726196,100,0.6089915966386554,0.6089915966386554,0.6089915966386554,linear,mu_schedule,2,0.0,0.0,0.0,full_mu_schedule_linear_rep02,94002,1092.805658348937
silu,1,linear,3,1101.6052182338633,49,30.290628910064697,100,0.600672268907563,0.600672268907563,0.600672268907563,linear,mu_schedule,2,0.0,0.0,0.0,full_mu_schedule_linear_rep02,94002,1101.6052182338633
silu,1,linear,3,1096.8738973614816,50,31.73528790473938,100,0.5923529411764706,0.5923529411764706,0.5923529411764706,linear,mu_schedule,2,0.0,0.0,0.0,full_mu_schedule_linear_rep02,94002,1096.8738973614816
silu,1,linear,3,1103.2358168341711,51,32.45913100242615,100,0.5840336134453782,0.5840336134453782,0.5840336134453782,linear,mu_schedule,2,0.0,0.0,0.0,full_mu_schedule_linear_rep02,94002,1103.2358168341711
silu,1,linear,3,1105.771450498526,52,30.918599128723145,100,0.5757142857142857,0.5757142857142857,0.5757142857142857,linear,mu_schedule,2,0.0,0.0,0.0,full_mu_schedule_linear_rep02,94002,1105.771450498526
silu,1,linear,3,1098.2686453831602,53,30.716476917266846,100,0.5673949579831933,0.5673949579831933,0.5673949579831933,linear,mu_schedule,2,0.0,0.0,0.0,full_mu_schedule_linear_rep02,94002,1098.2686453831602
silu,1,linear,3,1107.579124439653,54,31.97131085395813,100,0.5590756302521008,0.5590756302521008,0.5590756302521008,linear,mu_schedule,2,0.0,0.0,0.0,full_mu_schedule_linear_rep02,94002,1107.579124439653
silu,1,linear,3,1109.6070769525297,55,30.394752979278564,100,0.5507563025210084,0.5507563025210084,0.5507563025210084,linear,mu_schedule,2,0.0,0.0,0.0,full_mu_schedule_linear_rep02,94002,1109.6070769525297
silu,1,linear,3,1111.5237640743676,56,31.215914964675903,100,0.5424369747899159,0.5424369747899159,0.5424369747899159,linear,mu_schedule,2,0.0,0.0,0.0,full_mu_schedule_linear_rep02,94002,1111.5237640743676
silu,1,linear,3,1109.6094066059768,57,30.367887020111084,100,0.5341176470588235,0.5341176470588235,0.5341176470588235,linear,mu_schedule,2,0.0,0.0,0.0,full_mu_schedule_linear_rep02,94002,1109.6094066059768
silu,1,linear,3,1114.8511768858712,58,31.075913906097412,100,0.5257983193277311,0.5257983193277311,0.5257983193277311,linear,mu_schedule,2,0.0,0.0,0.0,full_mu_schedule_linear_rep02,94002,1114.8511768858712
silu,1,linear,3,1112.4634760299105,59,32.870380878448486,100,0.5174789915966387,0.5174789915966387,0.5174789915966387,linear,mu_schedule,2,0.0,0.0,0.0,full_mu_schedule_linear_rep02,94002,1112.4634760299105
silu,1,linear,3,1118.969009753174,60,30.5165798664093,100,0.5091596638655462,0.5091596638655462,0.5091596638655462,linear,mu_schedule,2,0.0,0.0,0.0,full_mu_schedule_linear_rep02,94002,1118.969009753174
silu,1,linear,3,1114.8713979747815,61,32.13949799537659,100,0.5008403361344538,0.5008403361344538,0.5008403361344538,linear,mu_schedule,2,0.0,0.0,0.0,full_mu_schedule_linear_rep02,94002,1114.8713979747815
silu,1,linear,3,1123.9904824987968,62,35.579647064208984,100,0.4925210084033613,0.4925210084033613,0.4925210084033613,linear,mu_schedule,2,0.0,0.0,0.0,full_mu_schedule_linear_rep02,94002,1123.9904824987968
silu,1,linear,3,1124.1914516645445,63,35.79885411262512,100,0.48420168067226893,0.48420168067226893,0.48420168067226893,linear,mu_schedule,2,0.0,0.0,0.0,full_mu_schedule_linear_rep02,94002,1124.1914516645445
silu,1,linear,3,1124.7365506848842,64,34.920868158340454,100,0.4758823529411765,0.4758823529411765,0.4758823529411765,linear,mu_schedule,2,0.0,0.0,0.0,full_mu_schedule_linear_rep02,94002,1124.7365506848842
silu,1,linear,3,1124.9050819941922,65,32.84082102775574,100,0.467563025210084,0.467563025210084,0.467563025210084,linear,mu_schedule,2,0.0,0.0,0.0,full_mu_schedule_linear_rep02,94002,1124.9050819941922
silu,1,linear,3,1125.3973731885128,66,34.977619886398315,100,0.4592436974789916,0.4592436974789916,0.4592436974789916,linear,mu_schedule,2,0.0,0.0,0.0,full_mu_schedule_linear_rep02,94002,1125.3973731885128
silu,1,linear,3,1121.2112526863905,67,33.96544694900513,100,0.4509243697478992,0.4509243697478992,0.4509243697478992,linear,mu_schedule,2,0.0,0.0,0.0,full_mu_schedule_linear_rep02,94002,1121.2112526863905
silu,1,linear,3,1123.7485235635227,68,35.335670948028564,100,0.4426050420168067,0.4426050420168067,0.4426050420168067,linear,mu_schedule,2,0.0,0.0,0.0,full_mu_schedule_linear_rep02,94002,1123.7485235635227
silu,1,linear,3,1123.840844506563,69,33.861427783966064,100,0.4342857142857143,0.4342857142857143,0.4342857142857143,linear,mu_schedule,2,0.0,0.0,0.0,full_mu_schedule_linear_rep02,94002,1123.840844506563
silu,1,linear,3,1122.8584944421973,70,34.63760805130005,100,0.4259663865546218,0.4259663865546218,0.4259663865546218,linear,mu_schedule,2,0.0,0.0,0.0,full_mu_schedule_linear_rep02,94002,1122.8584944421973
silu,1,linear,3,1121.8681908479232,71,34.621649980545044,100,0.4176470588235294,0.4176470588235294,0.4176470588235294,linear,mu_schedule,2,0.0,0.0,0.0,full_mu_schedule_linear_rep02,94002,1121.8681908479232
silu,1,linear,3,1121.8489156808137,72,37.30083608627319,100,0.409327731092437,0.409327731092437,0.409327731092437,linear,mu_schedule,2,0.0,0.0,0.0,full_mu_schedule_linear_rep02,94002,1121.8489156808137
silu,1,linear,3,1122.2767560858647,73,35.04605722427368,100,0.4010084033613445,0.4010084033613445,0.4010084033613445,linear,mu_schedule,2,0.0,0.0,0.0,full_mu_schedule_linear_rep02,94002,1122.2767560858647
silu,1,linear,3,1128.5070587798377,74,35.615817070007324,100,0.3926890756302521,0.3926890756302521,0.3926890756302521,linear,mu_schedule,2,0.0,0.0,0.0,full_mu_schedule_linear_rep02,94002,1128.5070587798377
silu,1,linear,3,1116.7556676683528,75,34.65627694129944,100,0.3843697478991597,0.3843697478991597,0.3843697478991597,linear,mu_schedule,2,0.0,0.0,0.0,full_mu_schedule_linear_rep02,94002,1116.7556676683528
silu,1,linear,3,1124.4001490517498,76,33.00700306892395,100,0.3760504201680672,0.3760504201680672,0.3760504201680672,linear,mu_schedule,2,0.0,0.0,0.0,full_mu_schedule_linear_rep02,94002,1124.4001490517498
silu,1,linear,3,1123.000685788436,77,34.098159074783325,100,0.36773109243697477,0.36773109243697477,0.36773109243697477,linear,mu_schedule,2,0.0,0.0,0.0,full_mu_schedule_linear_rep02,94002,1123.000685788436
silu,1,linear,3,1121.8883352674745,78,35.49757194519043,100,0.3594117647058824,0.3594117647058824,0.3594117647058824,linear,mu_schedule,2,0.0,0.0,0.0,full_mu_schedule_linear_rep02,94002,1121.8883352674745
silu,1,linear,3,1124.079483954359,79,33.59666681289673,100,0.3510924369747899,0.3510924369747899,0.3510924369747899,linear,mu_schedule,2,0.0,0.0,0.0,full_mu_schedule_linear_rep02,94002,1124.079483954359
silu,1,linear,3,1113.8047891909496,80,34.57934784889221,100,0.34277310924369747,0.34277310924369747,0.34277310924369747,linear,mu_schedule,2,0.0,0.0,0.0,full_mu_schedule_linear_rep02,94002,1113.8047891909496
silu,1,linear,3,1120.5862957171082,81,34.61187815666199,100,0.334453781512605,0.334453781512605,0.334453781512605,linear,mu_schedule,2,0.0,0.0,0.0,full_mu_schedule_linear_rep02,94002,1120.5862957171082
silu,1,linear,3,1110.250822734565,82,32.58611297607422,100,0.3261344537815126,0.3261344537815126,0.3261344537815126,linear,mu_schedule,2,0.0,0.0,0.0,full_mu_schedule_linear_rep02,94002,1110.250822734565
silu,1,linear,3,1116.1692235226014,83,34.69632911682129,100,0.31781512605042017,0.31781512605042017,0.31781512605042017,linear,mu_schedule,2,0.0,0.0,0.0,full_mu_schedule_linear_rep02,94002,1116.1692235226014
silu,1,linear,3,1118.3801746928125,84,34.39694285392761,100,0.3094957983193277,0.3094957983193277,0.3094957983193277,linear,mu_schedule,2,0.0,0.0,0.0,full_mu_schedule_linear_rep02,94002,1118.3801746928125
silu,1,linear,3,1111.4712149005545,85,34.1152880191803,100,0.30117647058823527,0.30117647058823527,0.30117647058823527,linear,mu_schedule,2,0.0,0.0,0.0,full_mu_schedule_linear_rep02,94002,1111.4712149005545
silu,1,linear,3,1117.1449600437181,86,36.16685700416565,100,0.29285714285714287,0.29285714285714287,0.29285714285714287,linear,mu_schedule,2,0.0,0.0,0.0,full_mu_schedule_linear_rep02,94002,1117.1449600437181
silu,1,linear,3,1118.7903308361106,87,34.48404502868652,100,0.2845378151260504,0.2845378151260504,0.2845378151260504,linear,mu_schedule,2,0.0,0.0,0.0,full_mu_schedule_linear_rep02,94002,1118.7903308361106
silu,1,linear,3,1112.387201312561,88,35.065662145614624,100,0.27621848739495797,0.27621848739495797,0.27621848739495797,linear,mu_schedule,2,0.0,0.0,0.0,full_mu_schedule_linear_rep02,94002,1112.387201312561
silu,1,linear,3,1105.5375714833835,89,34.7458770275116,100,0.26789915966386557,0.26789915966386557,0.26789915966386557,linear,mu_schedule,2,0.0,0.0,0.0,full_mu_schedule_linear_rep02,94002,1105.5375714833835
silu,1,linear,3,1110.3971157387466,90,32.67313885688782,100,0.2595798319327731,0.2595798319327731,0.2595798319327731,linear,mu_schedule,2,0.0,0.0,0.0,full_mu_schedule_linear_rep02,94002,1110.3971157387466
silu,1,linear,3,1108.7182019644883,91,34.15788412094116,100,0.25126050420168067,0.25126050420168067,0.25126050420168067,linear,mu_schedule,2,0.0,0.0,0.0,full_mu_schedule_linear_rep02,94002,1108.7182019644883
silu,1,linear,3,1105.717044208868,92,33.924418210983276,100,0.24294117647058824,0.24294117647058824,0.24294117647058824,linear,mu_schedule,2,0.0,0.0,0.0,full_mu_schedule_linear_rep02,94002,1105.717044208868
silu,1,linear,3,1100.4704428690004,93,35.61718988418579,100,0.2346218487394958,0.2346218487394958,0.2346218487394958,linear,mu_schedule,2,0.0,0.0,0.0,full_mu_schedule_linear_rep02,94002,1100.4704428690004
silu,1,linear,3,1103.0063194962947,94,34.612565994262695,100,0.22630252100840337,0.22630252100840337,0.22630252100840337,linear,mu_schedule,2,0.0,0.0,0.0,full_mu_schedule_linear_rep02,94002,1103.0063194962947
silu,1,linear,3,1098.5868368035854,95,35.970091104507446,100,0.21798319327731092,0.21798319327731092,0.21798319327731092,linear,mu_schedule,2,0.0,0.0,0.0,full_mu_schedule_linear_rep02,94002,1098.5868368035854
silu,1,linear,3,1094.9638476594182,96,31.49406886100769,100,0.2096638655462185,0.2096638655462185,0.2096638655462185,linear,mu_schedule,2,0.0,0.0,0.0,full_mu_schedule_linear_rep02,94002,1094.9638476594182
silu,1,linear,3,1088.5413555591558,97,33.906662940979004,100,0.20134453781512604,0.20134453781512604,0.20134453781512604,linear,mu_schedule,2,0.0,0.0,0.0,full_mu_schedule_linear_rep02,94002,1088.5413555591558
silu,1,linear,3,1085.0119401450386,98,33.3809540271759,100,0.19302521008403362,0.19302521008403362,0.19302521008403362,linear,mu_schedule,2,0.0,0.0,0.0,full_mu_schedule_linear_rep02,94002,1085.0119401450386
silu,1,linear,3,1088.2699928484049,99,34.38475513458252,100,0.18470588235294116,0.18470588235294116,0.18470588235294116,linear,mu_schedule,2,0.0,0.0,0.0,full_mu_schedule_linear_rep02,94002,1088.2699928484049
silu,1,linear,3,1086.5015374919776,100,38.62396693229675,100,0.17638655462184874,0.17638655462184874,0.17638655462184874,linear,mu_schedule,2,0.0,0.0,0.0,full_mu_schedule_linear_rep02,94002,1086.5015374919776
silu,1,linear,3,1080.255937380541,101,34.3269100189209,100,0.16806722689075632,0.16806722689075632,0.16806722689075632,linear,mu_schedule,2,0.0,0.0,0.0,full_mu_schedule_linear_rep02,94002,1080.255937380541
silu,1,linear,3,1072.9605522300399,102,34.273350954055786,100,0.15974789915966386,0.15974789915966386,0.15974789915966386,linear,mu_schedule,2,0.0,0.0,0.0,full_mu_schedule_linear_rep02,94002,1072.9605522300399
silu,1,linear,3,1074.3536031433039,103,34.46676707267761,100,0.15142857142857144,0.15142857142857144,0.15142857142857144,linear,mu_schedule,2,0.0,0.0,0.0,full_mu_schedule_linear_rep02,94002,1074.3536031433039
silu,1,linear,3,1064.9674683507337,104,34.634068965911865,100,0.143109243697479,0.143109243697479,0.143109243697479,linear,mu_schedule,2,0.0,0.0,0.0,full_mu_schedule_linear_rep02,94002,1064.9674683507337
silu,1,linear,3,1060.9056697733497,105,34.074230909347534,100,0.13478991596638656,0.13478991596638656,0.13478991596638656,linear,mu_schedule,2,0.0,0.0,0.0,full_mu_schedule_linear_rep02,94002,1060.9056697733497
silu,1,linear,3,1055.467444989297,106,33.59720301628113,100,0.1264705882352941,0.1264705882352941,0.1264705882352941,linear,mu_schedule,2,0.0,0.0,0.0,full_mu_schedule_linear_rep02,94002,1055.467444989297
silu,1,linear,3,1053.0701505334434,107,31.912216901779175,100,0.11815126050420167,0.11815126050420167,0.11815126050420167,linear,mu_schedule,2,0.0,0.0,0.0,full_mu_schedule_linear_rep02,94002,1053.0701505334434
silu,1,linear,3,1056.2250207866,108,34.63770294189453,100,0.10983193277310925,0.10983193277310925,0.10983193277310925,linear,mu_schedule,2,0.0,0.0,0.0,full_mu_schedule_linear_rep02,94002,1056.2250207866
silu,1,linear,3,1046.8019764107787,109,35.80025100708008,100,0.10151260504201681,0.10151260504201681,0.10151260504201681,linear,mu_schedule,2,0.0,0.0,0.0,full_mu_schedule_linear_rep02,94002,1046.8019764107787
silu,1,linear,3,1036.2954257484362,110,35.237465143203735,100,0.09319327731092437,0.09319327731092437,0.09319327731092437,linear,mu_schedule,2,0.0,0.0,0.0,full_mu_schedule_linear_rep02,94002,1036.2954257484362
silu,1,linear,3,1032.8859356325356,111,34.510375022888184,100,0.08487394957983194,0.08487394957983194,0.08487394957983194,linear,mu_schedule,2,0.0,0.0,0.0,full_mu_schedule_linear_rep02,94002,1032.8859356325356
silu,1,linear,3,1025.3947483820066,112,33.44525504112244,100,0.0765546218487395,0.0765546218487395,0.0765546218487395,linear,mu_schedule,2,0.0,0.0,0.0,full_mu_schedule_linear_rep02,94002,1025.3947483820066
silu,1,linear,3,1020.32325948687,113,34.865745067596436,100,0.06823529411764706,0.06823529411764706,0.06823529411764706,linear,mu_schedule,2,0.0,0.0,0.0,full_mu_schedule_linear_rep02,94002,1020.32325948687
silu,1,linear,3,1005.7687704855155,114,33.336530923843384,100,0.05991596638655462,0.05991596638655462,0.05991596638655462,linear,mu_schedule,2,0.0,0.0,0.0,full_mu_schedule_linear_rep02,94002,1005.7687704855155
silu,1,linear,3,1000.601381160386,115,34.38790583610535,100,0.051596638655462185,0.051596638655462185,0.051596638655462185,linear,mu_schedule,2,0.0,0.0,0.0,full_mu_schedule_linear_rep02,94002,1000.601381160386
silu,1,linear,3,987.8793558283364,116,33.45031213760376,100,0.04327731092436975,0.04327731092436975,0.04327731092436975,linear,mu_schedule,2,0.0,0.0,0.0,full_mu_schedule_linear_rep02,94002,987.8793558283364
silu,1,linear,3,987.901260528084,117,39.136188983917236,100,0.03495798319327731,0.03495798319327731,0.03495798319327731,linear,mu_schedule,2,0.0,0.0,0.0,full_mu_schedule_linear_rep02,94002,987.901260528084
silu,1,linear,3,986.9784726021556,118,36.13883996009827,100,0.026638655462184874,0.026638655462184874,0.026638655462184874,linear,mu_schedule,2,0.0,0.0,0.0,full_mu_schedule_linear_rep02,94002,986.9784726021556
silu,1,linear,3,960.73314302857,119,35.68319892883301,100,0.018319327731092436,0.018319327731092436,0.018319327731092436,linear,mu_schedule,2,0.0,0.0,0.0,full_mu_schedule_linear_rep02,94002,960.73314302857
silu,1,linear,3,937.0068240240807,120,34.703206062316895,100,0.01,0.01,0.01,linear,mu_schedule,2,0.0,0.0,0.0,full_mu_schedule_linear_rep02,94002,937.0068240240807
silu,1,linear,3,915.9991688892776,121,33.281733989715576,100,0.01,0.01,0.0,linear,mu_schedule,2,0.0,0.0,0.0,full_mu_schedule_linear_rep02,94002,915.9991688892776
silu,1,linear,3,934.8424510914134,122,30.220736980438232,100,0.01,0.01,0.0,linear,mu_schedule,2,0.0,0.0,0.0,full_mu_schedule_linear_rep02,94002,934.8424510914134
silu,1,linear,3,921.7487912095869,123,28.539318799972534,100,0.01,0.01,0.0,linear,mu_schedule,2,0.0,0.0,0.0,full_mu_schedule_linear_rep02,94002,921.7487912095869
silu,1,linear,3,917.1345887704244,124,31.283621072769165,100,0.01,0.01,0.0,linear,mu_schedule,2,0.0,0.0,0.0,full_mu_schedule_linear_rep02,94002,917.1345887704244
silu,1,linear,3,930.1636872062026,125,29.752389907836914,100,0.01,0.01,0.0,linear,mu_schedule,2,0.0,0.0,0.0,full_mu_schedule_linear_rep02,94002,930.1636872062026
silu,1,linear,3,919.5345131555164,126,30.93499994277954,100,0.01,0.01,0.0,linear,mu_schedule,2,0.0,0.0,0.0,full_mu_schedule_linear_rep02,94002,919.5345131555164
silu,1,linear,3,912.953074878883,127,30.548119068145752,100,0.01,0.01,0.0,linear,mu_schedule,2,0.0,0.0,0.0,full_mu_schedule_linear_rep02,94002,912.953074878883
silu,1,linear,3,939.8768613995377,128,30.9327449798584,100,0.01,0.01,0.0,linear,mu_schedule,2,0.0,0.0,0.0,full_mu_schedule_linear_rep02,94002,939.8768613995377
silu,1,linear,3,921.5396384421865,129,30.136538982391357,100,0.01,0.01,0.0,linear,mu_schedule,2,0.0,0.0,0.0,full_mu_schedule_linear_rep02,94002,921.5396384421865
silu,1,linear,3,935.1596377855865,130,32.36955809593201,100,0.01,0.01,0.0,linear,mu_schedule,2,0.0,0.0,0.0,full_mu_schedule_linear_rep02,94002,935.1596377855865
silu,1,linear,3,1780.0392069461595,1,94.91770505905151,100,1.0,1.0,1.0,linear,mu_schedule,3,0.0,0.0,0.0,full_mu_schedule_linear_rep03,94003,1780.0392069461595
silu,1,linear,3,940.843868470418,2,31.01139807701111,100,0.9916806722689075,0.9916806722689075,0.9916806722689075,linear,mu_schedule,3,0.0,0.0,0.0,full_mu_schedule_linear_rep03,94003,940.843868470418
silu,1,linear,3,931.8476601973595,3,31.682079076766968,100,0.9833613445378151,0.9833613445378151,0.9833613445378151,linear,mu_schedule,3,0.0,0.0,0.0,full_mu_schedule_linear_rep03,94003,931.8476601973595
silu,1,linear,3,931.4980293017079,4,31.75606608390808,100,0.9750420168067226,0.9750420168067226,0.9750420168067226,linear,mu_schedule,3,0.0,0.0,0.0,full_mu_schedule_linear_rep03,94003,931.4980293017079
silu,1,linear,3,933.9952264641053,5,30.18247699737549,100,0.9667226890756303,0.9667226890756303,0.9667226890756303,linear,mu_schedule,3,0.0,0.0,0.0,full_mu_schedule_linear_rep03,94003,933.9952264641053
silu,1,linear,3,936.8588243241188,6,30.973180055618286,100,0.9584033613445379,0.9584033613445379,0.9584033613445379,linear,mu_schedule,3,0.0,0.0,0.0,full_mu_schedule_linear_rep03,94003,936.8588243241188
silu,1,linear,3,939.7974712665739,7,31.499480962753296,100,0.9500840336134454,0.9500840336134454,0.9500840336134454,linear,mu_schedule,3,0.0,0.0,0.0,full_mu_schedule_linear_rep03,94003,939.7974712665739
silu,1,linear,3,942.751356448987,8,29.93075203895569,100,0.941764705882353,0.941764705882353,0.941764705882353,linear,mu_schedule,3,0.0,0.0,0.0,full_mu_schedule_linear_rep03,94003,942.751356448987
silu,1,linear,3,945.6965938636067,9,32.05894088745117,100,0.9334453781512605,0.9334453781512605,0.9334453781512605,linear,mu_schedule,3,0.0,0.0,0.0,full_mu_schedule_linear_rep03,94003,945.6965938636067
silu,1,linear,3,948.6580845222705,10,31.906322956085205,100,0.925126050420168,0.925126050420168,0.925126050420168,linear,mu_schedule,3,0.0,0.0,0.0,full_mu_schedule_linear_rep03,94003,948.6580845222705
silu,1,linear,3,951.5642339020826,11,30.798741102218628,100,0.9168067226890756,0.9168067226890756,0.9168067226890756,linear,mu_schedule,3,0.0,0.0,0.0,full_mu_schedule_linear_rep03,94003,951.5642339020826
silu,1,linear,3,954.4535172785659,12,32.06607508659363,100,0.9084873949579831,0.9084873949579831,0.9084873949579831,linear,mu_schedule,3,0.0,0.0,0.0,full_mu_schedule_linear_rep03,94003,954.4535172785659
silu,1,linear,3,957.3429101856133,13,30.439214944839478,100,0.9001680672268908,0.9001680672268908,0.9001680672268908,linear,mu_schedule,3,0.0,0.0,0.0,full_mu_schedule_linear_rep03,94003,957.3429101856133
silu,1,linear,3,960.2318444073641,14,31.38875699043274,100,0.8918487394957983,0.8918487394957983,0.8918487394957983,linear,mu_schedule,3,0.0,0.0,0.0,full_mu_schedule_linear_rep03,94003,960.2318444073641
silu,1,linear,3,963.1074606011166,15,31.553882837295532,100,0.8835294117647059,0.8835294117647059,0.8835294117647059,linear,mu_schedule,3,0.0,0.0,0.0,full_mu_schedule_linear_rep03,94003,963.1074606011166
silu,1,linear,3,965.9761643828805,16,31.06697702407837,100,0.8752100840336134,0.8752100840336134,0.8752100840336134,linear,mu_schedule,3,0.0,0.0,0.0,full_mu_schedule_linear_rep03,94003,965.9761643828805
silu,1,linear,3,968.8215544047457,17,31.799965858459473,100,0.866890756302521,0.866890756302521,0.866890756302521,linear,mu_schedule,3,0.0,0.0,0.0,full_mu_schedule_linear_rep03,94003,968.8215544047457
silu,1,linear,3,971.6626001501108,18,32.411279916763306,100,0.8585714285714285,0.8585714285714285,0.8585714285714285,linear,mu_schedule,3,0.0,0.0,0.0,full_mu_schedule_linear_rep03,94003,971.6626001501108
silu,1,linear,3,974.4740388123246,19,31.335400104522705,100,0.8502521008403361,0.8502521008403361,0.8502521008403361,linear,mu_schedule,3,0.0,0.0,0.0,full_mu_schedule_linear_rep03,94003,974.4740388123246
silu,1,linear,3,977.2406362495906,20,33.26715087890625,100,0.8419327731092437,0.8419327731092437,0.8419327731092437,linear,mu_schedule,3,0.0,0.0,0.0,full_mu_schedule_linear_rep03,94003,977.2406362495906
silu,1,linear,3,979.9784481896663,21,30.214096069335938,100,0.8336134453781513,0.8336134453781513,0.8336134453781513,linear,mu_schedule,3,0.0,0.0,0.0,full_mu_schedule_linear_rep03,94003,979.9784481896663
silu,1,linear,3,982.6884361690026,22,31.980773210525513,100,0.8252941176470588,0.8252941176470588,0.8252941176470588,linear,mu_schedule,3,0.0,0.0,0.0,full_mu_schedule_linear_rep03,94003,982.6884361690026
silu,1,linear,3,985.3587876381415,23,32.00999689102173,100,0.8169747899159664,0.8169747899159664,0.8169747899159664,linear,mu_schedule,3,0.0,0.0,0.0,full_mu_schedule_linear_rep03,94003,985.3587876381415
silu,1,linear,3,988.0038526840731,24,30.863250970840454,100,0.8086554621848739,0.8086554621848739,0.8086554621848739,linear,mu_schedule,3,0.0,0.0,0.0,full_mu_schedule_linear_rep03,94003,988.0038526840731
silu,1,linear,3,990.6248835053995,25,31.967462062835693,100,0.8003361344537815,0.8003361344537815,0.8003361344537815,linear,mu_schedule,3,0.0,0.0,0.0,full_mu_schedule_linear_rep03,94003,990.6248835053995
silu,1,linear,3,993.2178184198642,26,30.775854110717773,100,0.792016806722689,0.792016806722689,0.792016806722689,linear,mu_schedule,3,0.0,0.0,0.0,full_mu_schedule_linear_rep03,94003,993.2178184198642
silu,1,linear,3,995.7820926982494,27,31.539225101470947,100,0.7836974789915966,0.7836974789915966,0.7836974789915966,linear,mu_schedule,3,0.0,0.0,0.0,full_mu_schedule_linear_rep03,94003,995.7820926982494
silu,1,linear,3,998.3074484385257,28,30.96608805656433,100,0.7753781512605042,0.7753781512605042,0.7753781512605042,linear,mu_schedule,3,0.0,0.0,0.0,full_mu_schedule_linear_rep03,94003,998.3074484385257
silu,1,linear,3,1000.7858698845164,29,32.66632390022278,100,0.7670588235294118,0.7670588235294118,0.7670588235294118,linear,mu_schedule,3,0.0,0.0,0.0,full_mu_schedule_linear_rep03,94003,1000.7858698845164
silu,1,linear,3,1003.0898151554525,30,32.09676694869995,100,0.7587394957983193,0.7587394957983193,0.7587394957983193,linear,mu_schedule,3,0.0,0.0,0.0,full_mu_schedule_linear_rep03,94003,1003.0898151554525
silu,1,linear,3,1005.4311744535371,31,31.811541080474854,100,0.7504201680672269,0.7504201680672269,0.7504201680672269,linear,mu_schedule,3,0.0,0.0,0.0,full_mu_schedule_linear_rep03,94003,1005.4311744535371
silu,1,linear,3,1007.6843013711418,32,29.460268020629883,100,0.7421008403361344,0.7421008403361344,0.7421008403361344,linear,mu_schedule,3,0.0,0.0,0.0,full_mu_schedule_linear_rep03,94003,1007.6843013711418
silu,1,linear,3,1009.7361182000957,33,31.629956007003784,100,0.733781512605042,0.733781512605042,0.733781512605042,linear,mu_schedule,3,0.0,0.0,0.0,full_mu_schedule_linear_rep03,94003,1009.7361182000957
silu,1,linear,3,1011.7202036374907,34,30.93689203262329,100,0.7254621848739495,0.7254621848739495,0.7254621848739495,linear,mu_schedule,3,0.0,0.0,0.0,full_mu_schedule_linear_rep03,94003,1011.7202036374907
silu,1,linear,3,1013.7625601877812,35,31.539058208465576,100,0.7171428571428572,0.7171428571428572,0.7171428571428572,linear,mu_schedule,3,0.0,0.0,0.0,full_mu_schedule_linear_rep03,94003,1013.7625601877812
silu,1,linear,3,1015.899068154458,36,30.988583087921143,100,0.7088235294117647,0.7088235294117647,0.7088235294117647,linear,mu_schedule,3,0.0,0.0,0.0,full_mu_schedule_linear_rep03,94003,1015.899068154458
silu,1,linear,3,1017.9875657916352,37,31.59950590133667,100,0.7005042016806723,0.7005042016806723,0.7005042016806723,linear,mu_schedule,3,0.0,0.0,0.0,full_mu_schedule_linear_rep03,94003,1017.9875657916352
silu,1,linear,3,1020.069315429626,38,31.16919708251953,100,0.6921848739495798,0.6921848739495798,0.6921848739495798,linear,mu_schedule,3,0.0,0.0,0.0,full_mu_schedule_linear_rep03,94003,1020.069315429626
silu,1,linear,3,1022.1205616037732,39,31.646723985671997,100,0.6838655462184874,0.6838655462184874,0.6838655462184874,linear,mu_schedule,3,0.0,0.0,0.0,full_mu_schedule_linear_rep03,94003,1022.1205616037732
silu,1,linear,3,1024.1464622079175,40,32.07134294509888,100,0.6755462184873949,0.6755462184873949,0.6755462184873949,linear,mu_schedule,3,0.0,0.0,0.0,full_mu_schedule_linear_rep03,94003,1024.1464622079175
silu,1,linear,3,1026.1325672175533,41,32.150094985961914,100,0.6672268907563025,0.6672268907563025,0.6672268907563025,linear,mu_schedule,3,0.0,0.0,0.0,full_mu_schedule_linear_rep03,94003,1026.1325672175533
silu,1,linear,3,1028.0865434212567,42,33.38758611679077,100,0.65890756302521,0.65890756302521,0.65890756302521,linear,mu_schedule,3,0.0,0.0,0.0,full_mu_schedule_linear_rep03,94003,1028.0865434212567
silu,1,linear,3,1029.9963833937018,43,30.124114990234375,100,0.6505882352941177,0.6505882352941177,0.6505882352941177,linear,mu_schedule,3,0.0,0.0,0.0,full_mu_schedule_linear_rep03,94003,1029.9963833937018
silu,1,linear,3,1031.8620198177016,44,31.296008110046387,100,0.6422689075630252,0.6422689075630252,0.6422689075630252,linear,mu_schedule,3,0.0,0.0,0.0,full_mu_schedule_linear_rep03,94003,1031.8620198177016
silu,1,linear,3,1033.6838129019975,45,30.539481163024902,100,0.6339495798319328,0.6339495798319328,0.6339495798319328,linear,mu_schedule,3,0.0,0.0,0.0,full_mu_schedule_linear_rep03,94003,1033.6838129019975
silu,1,linear,3,1035.4617081469767,46,31.594805002212524,100,0.6256302521008403,0.6256302521008403,0.6256302521008403,linear,mu_schedule,3,0.0,0.0,0.0,full_mu_schedule_linear_rep03,94003,1035.4617081469767
silu,1,linear,3,1037.1957795962273,47,32.05379605293274,100,0.6173109243697479,0.6173109243697479,0.6173109243697479,linear,mu_schedule,3,0.0,0.0,0.0,full_mu_schedule_linear_rep03,94003,1037.1957795962273
silu,1,linear,3,1038.8832323186066,48,31.17900514602661,100,0.6089915966386554,0.6089915966386554,0.6089915966386554,linear,mu_schedule,3,0.0,0.0,0.0,full_mu_schedule_linear_rep03,94003,1038.8832323186066
silu,1,linear,3,1040.5247978676127,49,30.80279803276062,100,0.600672268907563,0.600672268907563,0.600672268907563,linear,mu_schedule,3,0.0,0.0,0.0,full_mu_schedule_linear_rep03,94003,1040.5247978676127
silu,1,linear,3,1042.1183762327648,50,31.443310976028442,100,0.5923529411764706,0.5923529411764706,0.5923529411764706,linear,mu_schedule,3,0.0,0.0,0.0,full_mu_schedule_linear_rep03,94003,1042.1183762327648
silu,1,linear,3,1043.664242112996,51,30.122591018676758,100,0.5840336134453782,0.5840336134453782,0.5840336134453782,linear,mu_schedule,3,0.0,0.0,0.0,full_mu_schedule_linear_rep03,94003,1043.664242112996
silu,1,linear,3,1045.1621908861737,52,31.759063959121704,100,0.5757142857142857,0.5757142857142857,0.5757142857142857,linear,mu_schedule,3,0.0,0.0,0.0,full_mu_schedule_linear_rep03,94003,1045.1621908861737
silu,1,linear,3,1046.61122272794,53,31.08869194984436,100,0.5673949579831933,0.5673949579831933,0.5673949579831933,linear,mu_schedule,3,0.0,0.0,0.0,full_mu_schedule_linear_rep03,94003,1046.61122272794
silu,1,linear,3,1048.0097713220755,54,29.657569885253906,100,0.5590756302521008,0.5590756302521008,0.5590756302521008,linear,mu_schedule,3,0.0,0.0,0.0,full_mu_schedule_linear_rep03,94003,1048.0097713220755
silu,1,linear,3,1049.3630599279836,55,31.373270988464355,100,0.5507563025210084,0.5507563025210084,0.5507563025210084,linear,mu_schedule,3,0.0,0.0,0.0,full_mu_schedule_linear_rep03,94003,1049.3630599279836
silu,1,linear,3,1050.6638130075808,56,29.98126482963562,100,0.5424369747899159,0.5424369747899159,0.5424369747899159,linear,mu_schedule,3,0.0,0.0,0.0,full_mu_schedule_linear_rep03,94003,1050.6638130075808
silu,1,linear,3,1051.9158301627308,57,31.3232159614563,100,0.5341176470588235,0.5341176470588235,0.5341176470588235,linear,mu_schedule,3,0.0,0.0,0.0,full_mu_schedule_linear_rep03,94003,1051.9158301627308
silu,1,linear,3,1053.113104624805,58,31.44948101043701,100,0.5257983193277311,0.5257983193277311,0.5257983193277311,linear,mu_schedule,3,0.0,0.0,0.0,full_mu_schedule_linear_rep03,94003,1053.113104624805
silu,1,linear,3,1054.253473318778,59,29.965761184692383,100,0.5174789915966387,0.5174789915966387,0.5174789915966387,linear,mu_schedule,3,0.0,0.0,0.0,full_mu_schedule_linear_rep03,94003,1054.253473318778
silu,1,linear,3,1055.335137024154,60,31.547554969787598,100,0.5091596638655462,0.5091596638655462,0.5091596638655462,linear,mu_schedule,3,0.0,0.0,0.0,full_mu_schedule_linear_rep03,94003,1055.335137024154
silu,1,linear,3,1056.3562123241547,61,31.748008012771606,100,0.5008403361344538,0.5008403361344538,0.5008403361344538,linear,mu_schedule,3,0.0,0.0,0.0,full_mu_schedule_linear_rep03,94003,1056.3562123241547
silu,1,linear,3,1057.3154265928915,62,29.63563084602356,100,0.4925210084033613,0.4925210084033613,0.4925210084033613,linear,mu_schedule,3,0.0,0.0,0.0,full_mu_schedule_linear_rep03,94003,1057.3154265928915
silu,1,linear,3,1058.2130333302825,63,32.85848689079285,100,0.48420168067226893,0.48420168067226893,0.48420168067226893,linear,mu_schedule,3,0.0,0.0,0.0,full_mu_schedule_linear_rep03,94003,1058.2130333302825
silu,1,linear,3,1059.041402672062,64,34.028522968292236,100,0.4758823529411765,0.4758823529411765,0.4758823529411765,linear,mu_schedule,3,0.0,0.0,0.0,full_mu_schedule_linear_rep03,94003,1059.041402672062
silu,1,linear,3,1059.802385644333,65,35.86897897720337,100,0.467563025210084,0.467563025210084,0.467563025210084,linear,mu_schedule,3,0.0,0.0,0.0,full_mu_schedule_linear_rep03,94003,1059.802385644333
silu,1,linear,3,1060.4939397297703,66,35.1827118396759,100,0.4592436974789916,0.4592436974789916,0.4592436974789916,linear,mu_schedule,3,0.0,0.0,0.0,full_mu_schedule_linear_rep03,94003,1060.4939397297703
silu,1,linear,3,1061.113374777011,67,33.942291021347046,100,0.4509243697478992,0.4509243697478992,0.4509243697478992,linear,mu_schedule,3,0.0,0.0,0.0,full_mu_schedule_linear_rep03,94003,1061.113374777011
silu,1,linear,3,1061.6602531664864,68,35.84308195114136,100,0.4426050420168067,0.4426050420168067,0.4426050420168067,linear,mu_schedule,3,0.0,0.0,0.0,full_mu_schedule_linear_rep03,94003,1061.6602531664864
silu,1,linear,3,1062.131354535804,69,33.41212201118469,100,0.4342857142857143,0.4342857142857143,0.4342857142857143,linear,mu_schedule,3,0.0,0.0,0.0,full_mu_schedule_linear_rep03,94003,1062.131354535804
silu,1,linear,3,1062.5243324943915,70,32.27050495147705,100,0.4259663865546218,0.4259663865546218,0.4259663865546218,linear,mu_schedule,3,0.0,0.0,0.0,full_mu_schedule_linear_rep03,94003,1062.5243324943915
silu,1,linear,3,1062.8378661677327,71,34.5789430141449,100,0.4176470588235294,0.4176470588235294,0.4176470588235294,linear,mu_schedule,3,0.0,0.0,0.0,full_mu_schedule_linear_rep03,94003,1062.8378661677327
silu,1,linear,3,1063.069870734827,72,32.26859188079834,100,0.409327731092437,0.409327731092437,0.409327731092437,linear,mu_schedule,3,0.0,0.0,0.0,full_mu_schedule_linear_rep03,94003,1063.069870734827
silu,1,linear,3,1063.2190971292125,73,33.518409967422485,100,0.4010084033613445,0.4010084033613445,0.4010084033613445,linear,mu_schedule,3,0.0,0.0,0.0,full_mu_schedule_linear_rep03,94003,1063.2190971292125
silu,1,linear,3,1063.2757216909451,74,34.781229972839355,100,0.3926890756302521,0.3926890756302521,0.3926890756302521,linear,mu_schedule,3,0.0,0.0,0.0,full_mu_schedule_linear_rep03,94003,1063.2757216909451
silu,1,linear,3,1063.253935866695,75,32.24186587333679,100,0.3843697478991597,0.3843697478991597,0.3843697478991597,linear,mu_schedule,3,0.0,0.0,0.0,full_mu_schedule_linear_rep03,94003,1063.253935866695
silu,1,linear,3,1063.1376388615176,76,35.885215044021606,100,0.3760504201680672,0.3760504201680672,0.3760504201680672,linear,mu_schedule,3,0.0,0.0,0.0,full_mu_schedule_linear_rep03,94003,1063.1376388615176
silu,1,linear,3,1062.9253802365608,77,35.2860472202301,100,0.36773109243697477,0.36773109243697477,0.36773109243697477,linear,mu_schedule,3,0.0,0.0,0.0,full_mu_schedule_linear_rep03,94003,1062.9253802365608
silu,1,linear,3,1062.6175731588205,78,34.220783948898315,100,0.3594117647058824,0.3594117647058824,0.3594117647058824,linear,mu_schedule,3,0.0,0.0,0.0,full_mu_schedule_linear_rep03,94003,1062.6175731588205
silu,1,linear,3,1062.2024905370856,79,32.72024607658386,100,0.3510924369747899,0.3510924369747899,0.3510924369747899,linear,mu_schedule,3,0.0,0.0,0.0,full_mu_schedule_linear_rep03,94003,1062.2024905370856
silu,1,linear,3,1061.701334630468,80,33.304970026016235,100,0.34277310924369747,0.34277310924369747,0.34277310924369747,linear,mu_schedule,3,0.0,0.0,0.0,full_mu_schedule_linear_rep03,94003,1061.701334630468
silu,1,linear,3,1061.087920871756,81,35.59045600891113,100,0.334453781512605,0.334453781512605,0.334453781512605,linear,mu_schedule,3,0.0,0.0,0.0,full_mu_schedule_linear_rep03,94003,1061.087920871756
silu,1,linear,3,1060.3625706146902,82,33.33963084220886,100,0.3261344537815126,0.3261344537815126,0.3261344537815126,linear,mu_schedule,3,0.0,0.0,0.0,full_mu_schedule_linear_rep03,94003,1060.3625706146902
silu,1,linear,3,1059.518985327268,83,35.423099994659424,100,0.31781512605042017,0.31781512605042017,0.31781512605042017,linear,mu_schedule,3,0.0,0.0,0.0,full_mu_schedule_linear_rep03,94003,1059.518985327268
silu,1,linear,3,1058.5799513437485,84,35.260831117630005,100,0.3094957983193277,0.3094957983193277,0.3094957983193277,linear,mu_schedule,3,0.0,0.0,0.0,full_mu_schedule_linear_rep03,94003,1058.5799513437485
silu,1,linear,3,1057.5061440366187,85,33.11652588844299,100,0.30117647058823527,0.30117647058823527,0.30117647058823527,linear,mu_schedule,3,0.0,0.0,0.0,full_mu_schedule_linear_rep03,94003,1057.5061440366187
silu,1,linear,3,1056.31432654721,86,34.997503995895386,100,0.29285714285714287,0.29285714285714287,0.29285714285714287,linear,mu_schedule,3,0.0,0.0,0.0,full_mu_schedule_linear_rep03,94003,1056.31432654721
silu,1,linear,3,1055.0143748772102,87,35.57052278518677,100,0.2845378151260504,0.2845378151260504,0.2845378151260504,linear,mu_schedule,3,0.0,0.0,0.0,full_mu_schedule_linear_rep03,94003,1055.0143748772102
silu,1,linear,3,1053.5590259865246,88,34.50655913352966,100,0.27621848739495797,0.27621848739495797,0.27621848739495797,linear,mu_schedule,3,0.0,0.0,0.0,full_mu_schedule_linear_rep03,94003,1053.5590259865246
silu,1,linear,3,1051.964466338711,89,35.989174127578735,100,0.26789915966386557,0.26789915966386557,0.26789915966386557,linear,mu_schedule,3,0.0,0.0,0.0,full_mu_schedule_linear_rep03,94003,1051.964466338711
silu,1,linear,3,1050.2664324172392,90,32.79457998275757,100,0.2595798319327731,0.2595798319327731,0.2595798319327731,linear,mu_schedule,3,0.0,0.0,0.0,full_mu_schedule_linear_rep03,94003,1050.2664324172392
silu,1,linear,3,1048.4053913889554,91,32.533658027648926,100,0.25126050420168067,0.25126050420168067,0.25126050420168067,linear,mu_schedule,3,0.0,0.0,0.0,full_mu_schedule_linear_rep03,94003,1048.4053913889554
silu,1,linear,3,1046.3568899370578,92,33.65991997718811,100,0.24294117647058824,0.24294117647058824,0.24294117647058824,linear,mu_schedule,3,0.0,0.0,0.0,full_mu_schedule_linear_rep03,94003,1046.3568899370578
silu,1,linear,3,1044.2353178535882,93,33.23884201049805,100,0.2346218487394958,0.2346218487394958,0.2346218487394958,linear,mu_schedule,3,0.0,0.0,0.0,full_mu_schedule_linear_rep03,94003,1044.2353178535882
silu,1,linear,3,1041.9513429981835,94,35.874489068984985,100,0.22630252100840337,0.22630252100840337,0.22630252100840337,linear,mu_schedule,3,0.0,0.0,0.0,full_mu_schedule_linear_rep03,94003,1041.9513429981835
silu,1,linear,3,1039.5029002719928,95,34.47242498397827,100,0.21798319327731092,0.21798319327731092,0.21798319327731092,linear,mu_schedule,3,0.0,0.0,0.0,full_mu_schedule_linear_rep03,94003,1039.5029002719928
silu,1,linear,3,1038.393300781268,96,33.9031720161438,100,0.2096638655462185,0.2096638655462185,0.2096638655462185,linear,mu_schedule,3,0.0,0.0,0.0,full_mu_schedule_linear_rep03,94003,1038.393300781268
silu,1,linear,3,1036.9995542321747,97,34.57397699356079,100,0.20134453781512604,0.20134453781512604,0.20134453781512604,linear,mu_schedule,3,0.0,0.0,0.0,full_mu_schedule_linear_rep03,94003,1036.9995542321747
silu,1,linear,3,1030.6721838791423,98,34.74746298789978,100,0.19302521008403362,0.19302521008403362,0.19302521008403362,linear,mu_schedule,3,0.0,0.0,0.0,full_mu_schedule_linear_rep03,94003,1030.6721838791423
silu,1,linear,3,1030.7074156228011,99,35.001099824905396,100,0.18470588235294116,0.18470588235294116,0.18470588235294116,linear,mu_schedule,3,0.0,0.0,0.0,full_mu_schedule_linear_rep03,94003,1030.7074156228011
silu,1,linear,3,1027.1729062614954,100,33.68740797042847,100,0.17638655462184874,0.17638655462184874,0.17638655462184874,linear,mu_schedule,3,0.0,0.0,0.0,full_mu_schedule_linear_rep03,94003,1027.1729062614954
silu,1,linear,3,1020.2155591942451,101,36.222909927368164,100,0.16806722689075632,0.16806722689075632,0.16806722689075632,linear,mu_schedule,3,0.0,0.0,0.0,full_mu_schedule_linear_rep03,94003,1020.2155591942451
silu,1,linear,3,1022.0146619223016,102,33.209831953048706,100,0.15974789915966386,0.15974789915966386,0.15974789915966386,linear,mu_schedule,3,0.0,0.0,0.0,full_mu_schedule_linear_rep03,94003,1022.0146619223016
silu,1,linear,3,1011.2483017619853,103,34.68419790267944,100,0.15142857142857144,0.15142857142857144,0.15142857142857144,linear,mu_schedule,3,0.0,0.0,0.0,full_mu_schedule_linear_rep03,94003,1011.2483017619853
silu,1,linear,3,1010.2611917038073,104,32.59960103034973,100,0.143109243697479,0.143109243697479,0.143109243697479,linear,mu_schedule,3,0.0,0.0,0.0,full_mu_schedule_linear_rep03,94003,1010.2611917038073
silu,1,linear,3,1008.0851641895556,105,32.62608194351196,100,0.13478991596638656,0.13478991596638656,0.13478991596638656,linear,mu_schedule,3,0.0,0.0,0.0,full_mu_schedule_linear_rep03,94003,1008.0851641895556
silu,1,linear,3,997.4511077347092,106,34.71782684326172,100,0.1264705882352941,0.1264705882352941,0.1264705882352941,linear,mu_schedule,3,0.0,0.0,0.0,full_mu_schedule_linear_rep03,94003,997.4511077347092
silu,1,linear,3,996.7533179990106,107,34.99507808685303,100,0.11815126050420167,0.11815126050420167,0.11815126050420167,linear,mu_schedule,3,0.0,0.0,0.0,full_mu_schedule_linear_rep03,94003,996.7533179990106
silu,1,linear,3,990.2383527157244,108,35.772998094558716,100,0.10983193277310925,0.10983193277310925,0.10983193277310925,linear,mu_schedule,3,0.0,0.0,0.0,full_mu_schedule_linear_rep03,94003,990.2383527157244
silu,1,linear,3,984.0757025844542,109,34.975574016571045,100,0.10151260504201681,0.10151260504201681,0.10151260504201681,linear,mu_schedule,3,0.0,0.0,0.0,full_mu_schedule_linear_rep03,94003,984.0757025844542
silu,1,linear,3,977.6487985726689,110,35.153372049331665,100,0.09319327731092437,0.09319327731092437,0.09319327731092437,linear,mu_schedule,3,0.0,0.0,0.0,full_mu_schedule_linear_rep03,94003,977.6487985726689
silu,1,linear,3,968.0814448024205,111,35.37040114402771,100,0.08487394957983194,0.08487394957983194,0.08487394957983194,linear,mu_schedule,3,0.0,0.0,0.0,full_mu_schedule_linear_rep03,94003,968.0814448024205
silu,1,linear,3,962.8635330139336,112,36.11448693275452,100,0.0765546218487395,0.0765546218487395,0.0765546218487395,linear,mu_schedule,3,0.0,0.0,0.0,full_mu_schedule_linear_rep03,94003,962.8635330139336
silu,1,linear,3,951.633504656258,113,34.28295397758484,100,0.06823529411764706,0.06823529411764706,0.06823529411764706,linear,mu_schedule,3,0.0,0.0,0.0,full_mu_schedule_linear_rep03,94003,951.633504656258
silu,1,linear,3,952.7849115162161,114,35.083362102508545,100,0.05991596638655462,0.05991596638655462,0.05991596638655462,linear,mu_schedule,3,0.0,0.0,0.0,full_mu_schedule_linear_rep03,94003,952.7849115162161
silu,1,linear,3,932.2815693196436,115,35.850172996520996,100,0.051596638655462185,0.051596638655462185,0.051596638655462185,linear,mu_schedule,3,0.0,0.0,0.0,full_mu_schedule_linear_rep03,94003,932.2815693196436
silu,1,linear,3,931.0854256632979,116,34.25964903831482,100,0.04327731092436975,0.04327731092436975,0.04327731092436975,linear,mu_schedule,3,0.0,0.0,0.0,full_mu_schedule_linear_rep03,94003,931.0854256632979
silu,1,linear,3,915.4647382461997,117,34.08459186553955,100,0.03495798319327731,0.03495798319327731,0.03495798319327731,linear,mu_schedule,3,0.0,0.0,0.0,full_mu_schedule_linear_rep03,94003,915.4647382461997
silu,1,linear,3,909.1160756347083,118,38.190727949142456,100,0.026638655462184874,0.026638655462184874,0.026638655462184874,linear,mu_schedule,3,0.0,0.0,0.0,full_mu_schedule_linear_rep03,94003,909.1160756347083
silu,1,linear,3,896.3591277704635,119,37.128644943237305,100,0.018319327731092436,0.018319327731092436,0.018319327731092436,linear,mu_schedule,3,0.0,0.0,0.0,full_mu_schedule_linear_rep03,94003,896.3591277704635
silu,1,linear,3,880.8201695726399,120,36.80250597000122,100,0.01,0.01,0.01,linear,mu_schedule,3,0.0,0.0,0.0,full_mu_schedule_linear_rep03,94003,880.8201695726399
silu,1,linear,3,859.3556527610932,121,38.27498698234558,100,0.01,0.01,0.0,linear,mu_schedule,3,0.0,0.0,0.0,full_mu_schedule_linear_rep03,94003,859.3556527610932
silu,1,linear,3,851.6632403879362,122,31.254945039749146,100,0.01,0.01,0.0,linear,mu_schedule,3,0.0,0.0,0.0,full_mu_schedule_linear_rep03,94003,851.6632403879362
silu,1,linear,3,857.2713982349144,123,30.855355978012085,100,0.01,0.01,0.0,linear,mu_schedule,3,0.0,0.0,0.0,full_mu_schedule_linear_rep03,94003,857.2713982349144
silu,1,linear,3,856.8306636609738,124,32.344988107681274,100,0.01,0.01,0.0,linear,mu_schedule,3,0.0,0.0,0.0,full_mu_schedule_linear_rep03,94003,856.8306636609738
silu,1,linear,3,854.9450938243519,125,29.799460887908936,100,0.01,0.01,0.0,linear,mu_schedule,3,0.0,0.0,0.0,full_mu_schedule_linear_rep03,94003,854.9450938243519
silu,1,linear,3,853.6784199598505,126,28.416643857955933,100,0.01,0.01,0.0,linear,mu_schedule,3,0.0,0.0,0.0,full_mu_schedule_linear_rep03,94003,853.6784199598505
silu,1,linear,3,858.5084406313878,127,31.004563093185425,100,0.01,0.01,0.0,linear,mu_schedule,3,0.0,0.0,0.0,full_mu_schedule_linear_rep03,94003,858.5084406313878
silu,1,linear,3,859.3005542242973,128,29.59072184562683,100,0.01,0.01,0.0,linear,mu_schedule,3,0.0,0.0,0.0,full_mu_schedule_linear_rep03,94003,859.3005542242973
silu,1,linear,3,855.5402294100834,129,31.172412872314453,100,0.01,0.01,0.0,linear,mu_schedule,3,0.0,0.0,0.0,full_mu_schedule_linear_rep03,94003,855.5402294100834
silu,1,linear,3,855.4379392040838,130,30.36796283721924,100,0.01,0.01,0.0,linear,mu_schedule,3,0.0,0.0,0.0,full_mu_schedule_linear_rep03,94003,855.4379392040838
silu,1,linear,3,1853.3424064659882,1,95.32609701156616,100,1.0,1.0,1.0,linear,mu_schedule,4,0.0,0.0,0.0,full_mu_schedule_linear_rep04,94004,1853.3424064659882
silu,1,linear,3,951.6090898362922,2,30.463432788848877,100,0.9916806722689075,0.9916806722689075,0.9916806722689075,linear,mu_schedule,4,0.0,0.0,0.0,full_mu_schedule_linear_rep04,94004,951.6090898362922
silu,1,linear,3,941.3781523634021,3,31.398792028427124,100,0.9833613445378151,0.9833613445378151,0.9833613445378151,linear,mu_schedule,4,0.0,0.0,0.0,full_mu_schedule_linear_rep04,94004,941.3781523634021
silu,1,linear,3,940.9735734843714,4,32.147367000579834,100,0.9750420168067226,0.9750420168067226,0.9750420168067226,linear,mu_schedule,4,0.0,0.0,0.0,full_mu_schedule_linear_rep04,94004,940.9735734843714
silu,1,linear,3,943.3838573655386,5,31.834152936935425,100,0.9667226890756303,0.9667226890756303,0.9667226890756303,linear,mu_schedule,4,0.0,0.0,0.0,full_mu_schedule_linear_rep04,94004,943.3838573655386
silu,1,linear,3,946.3641065937143,6,31.231647968292236,100,0.9584033613445379,0.9584033613445379,0.9584033613445379,linear,mu_schedule,4,0.0,0.0,0.0,full_mu_schedule_linear_rep04,94004,946.3641065937143
silu,1,linear,3,949.4679627594357,7,31.05547595024109,100,0.9500840336134454,0.9500840336134454,0.9500840336134454,linear,mu_schedule,4,0.0,0.0,0.0,full_mu_schedule_linear_rep04,94004,949.4679627594357
silu,1,linear,3,952.6020146571101,8,30.40725302696228,100,0.941764705882353,0.941764705882353,0.941764705882353,linear,mu_schedule,4,0.0,0.0,0.0,full_mu_schedule_linear_rep04,94004,952.6020146571101
silu,1,linear,3,955.7398786397681,9,32.073729038238525,100,0.9334453781512605,0.9334453781512605,0.9334453781512605,linear,mu_schedule,4,0.0,0.0,0.0,full_mu_schedule_linear_rep04,94004,955.7398786397681
silu,1,linear,3,958.8709554843975,10,30.614784002304077,100,0.925126050420168,0.925126050420168,0.925126050420168,linear,mu_schedule,4,0.0,0.0,0.0,full_mu_schedule_linear_rep04,94004,958.8709554843975
silu,1,linear,3,961.988142462787,11,31.717789888381958,100,0.9168067226890756,0.9168067226890756,0.9168067226890756,linear,mu_schedule,4,0.0,0.0,0.0,full_mu_schedule_linear_rep04,94004,961.988142462787
silu,1,linear,3,965.0860080997741,12,31.425837993621826,100,0.9084873949579831,0.9084873949579831,0.9084873949579831,linear,mu_schedule,4,0.0,0.0,0.0,full_mu_schedule_linear_rep04,94004,965.0860080997741
silu,1,linear,3,968.1591669513925,13,30.13013505935669,100,0.9001680672268908,0.9001680672268908,0.9001680672268908,linear,mu_schedule,4,0.0,0.0,0.0,full_mu_schedule_linear_rep04,94004,968.1591669513925
silu,1,linear,3,971.2009041464079,14,32.21694588661194,100,0.8918487394957983,0.8918487394957983,0.8918487394957983,linear,mu_schedule,4,0.0,0.0,0.0,full_mu_schedule_linear_rep04,94004,971.2009041464079
silu,1,linear,3,974.2053648328091,15,31.553267002105713,100,0.8835294117647059,0.8835294117647059,0.8835294117647059,linear,mu_schedule,4,0.0,0.0,0.0,full_mu_schedule_linear_rep04,94004,974.2053648328091
silu,1,linear,3,977.1689855571681,16,31.492850065231323,100,0.8752100840336134,0.8752100840336134,0.8752100840336134,linear,mu_schedule,4,0.0,0.0,0.0,full_mu_schedule_linear_rep04,94004,977.1689855571681
silu,1,linear,3,980.086130062879,17,32.56435012817383,100,0.866890756302521,0.866890756302521,0.866890756302521,linear,mu_schedule,4,0.0,0.0,0.0,full_mu_schedule_linear_rep04,94004,980.086130062879
silu,1,linear,3,982.9478475018753,18,31.334869146347046,100,0.8585714285714285,0.8585714285714285,0.8585714285714285,linear,mu_schedule,4,0.0,0.0,0.0,full_mu_schedule_linear_rep04,94004,982.9478475018753
silu,1,linear,3,985.7452090522399,19,31.610059022903442,100,0.8502521008403361,0.8502521008403361,0.8502521008403361,linear,mu_schedule,4,0.0,0.0,0.0,full_mu_schedule_linear_rep04,94004,985.7452090522399
silu,1,linear,3,988.4631365422189,20,31.645570039749146,100,0.8419327731092437,0.8419327731092437,0.8419327731092437,linear,mu_schedule,4,0.0,0.0,0.0,full_mu_schedule_linear_rep04,94004,988.4631365422189
silu,1,linear,3,991.0791434924738,21,30.349947929382324,100,0.8336134453781513,0.8336134453781513,0.8336134453781513,linear,mu_schedule,4,0.0,0.0,0.0,full_mu_schedule_linear_rep04,94004,991.0791434924738
silu,1,linear,3,993.5646008489093,22,32.21100306510925,100,0.8252941176470588,0.8252941176470588,0.8252941176470588,linear,mu_schedule,4,0.0,0.0,0.0,full_mu_schedule_linear_rep04,94004,993.5646008489093
silu,1,linear,3,995.9143638450955,23,30.116249084472656,100,0.8169747899159664,0.8169747899159664,0.8169747899159664,linear,mu_schedule,4,0.0,0.0,0.0,full_mu_schedule_linear_rep04,94004,995.9143638450955
silu,1,linear,3,998.2987342182339,24,30.362730026245117,100,0.8086554621848739,0.8086554621848739,0.8086554621848739,linear,mu_schedule,4,0.0,0.0,0.0,full_mu_schedule_linear_rep04,94004,998.2987342182339
silu,1,linear,3,1000.7939921315774,25,32.251686096191406,100,0.8003361344537815,0.8003361344537815,0.8003361344537815,linear,mu_schedule,4,0.0,0.0,0.0,full_mu_schedule_linear_rep04,94004,1000.7939921315774
silu,1,linear,3,1003.2448806783864,26,30.006843090057373,100,0.792016806722689,0.792016806722689,0.792016806722689,linear,mu_schedule,4,0.0,0.0,0.0,full_mu_schedule_linear_rep04,94004,1003.2448806783864
silu,1,linear,3,1005.7072585596612,27,31.455817937850952,100,0.7836974789915966,0.7836974789915966,0.7836974789915966,linear,mu_schedule,4,0.0,0.0,0.0,full_mu_schedule_linear_rep04,94004,1005.7072585596612
silu,1,linear,3,1008.4965324758663,28,31.02612590789795,100,0.7753781512605042,0.7753781512605042,0.7753781512605042,linear,mu_schedule,4,0.0,0.0,0.0,full_mu_schedule_linear_rep04,94004,1008.4965324758663
silu,1,linear,3,1010.5465222983663,29,31.962675094604492,100,0.7670588235294118,0.7670588235294118,0.7670588235294118,linear,mu_schedule,4,0.0,0.0,0.0,full_mu_schedule_linear_rep04,94004,1010.5465222983663
silu,1,linear,3,1012.916752795843,30,31.82944893836975,100,0.7587394957983193,0.7587394957983193,0.7587394957983193,linear,mu_schedule,4,0.0,0.0,0.0,full_mu_schedule_linear_rep04,94004,1012.916752795843
silu,1,linear,3,1015.3324653311729,31,29.781090021133423,100,0.7504201680672269,0.7504201680672269,0.7504201680672269,linear,mu_schedule,4,0.0,0.0,0.0,full_mu_schedule_linear_rep04,94004,1015.3324653311729
silu,1,linear,3,1017.7530815855048,32,30.776834964752197,100,0.7421008403361344,0.7421008403361344,0.7421008403361344,linear,mu_schedule,4,0.0,0.0,0.0,full_mu_schedule_linear_rep04,94004,1017.7530815855048
silu,1,linear,3,1020.1837674396921,33,31.76243305206299,100,0.733781512605042,0.733781512605042,0.733781512605042,linear,mu_schedule,4,0.0,0.0,0.0,full_mu_schedule_linear_rep04,94004,1020.1837674396921
silu,1,linear,3,1022.6115970148877,34,30.879194974899292,100,0.7254621848739495,0.7254621848739495,0.7254621848739495,linear,mu_schedule,4,0.0,0.0,0.0,full_mu_schedule_linear_rep04,94004,1022.6115970148877
silu,1,linear,3,1025.0136401297057,35,31.399729013442993,100,0.7171428571428572,0.7171428571428572,0.7171428571428572,linear,mu_schedule,4,0.0,0.0,0.0,full_mu_schedule_linear_rep04,94004,1025.0136401297057
silu,1,linear,3,1027.3795603097706,36,29.408167123794556,100,0.7088235294117647,0.7088235294117647,0.7088235294117647,linear,mu_schedule,4,0.0,0.0,0.0,full_mu_schedule_linear_rep04,94004,1027.3795603097706
silu,1,linear,3,1029.7097075399167,37,31.13148021697998,100,0.7005042016806723,0.7005042016806723,0.7005042016806723,linear,mu_schedule,4,0.0,0.0,0.0,full_mu_schedule_linear_rep04,94004,1029.7097075399167
silu,1,linear,3,1031.9969220545345,38,31.015275955200195,100,0.6921848739495798,0.6921848739495798,0.6921848739495798,linear,mu_schedule,4,0.0,0.0,0.0,full_mu_schedule_linear_rep04,94004,1031.9969220545345
silu,1,linear,3,1034.2397153291465,39,29.564347982406616,100,0.6838655462184874,0.6838655462184874,0.6838655462184874,linear,mu_schedule,4,0.0,0.0,0.0,full_mu_schedule_linear_rep04,94004,1034.2397153291465
silu,1,linear,3,1036.4358925383303,40,32.09012484550476,100,0.6755462184873949,0.6755462184873949,0.6755462184873949,linear,mu_schedule,4,0.0,0.0,0.0,full_mu_schedule_linear_rep04,94004,1036.4358925383303
silu,1,linear,3,1038.586893906343,41,31.604210138320923,100,0.6672268907563025,0.6672268907563025,0.6672268907563025,linear,mu_schedule,4,0.0,0.0,0.0,full_mu_schedule_linear_rep04,94004,1038.586893906343
silu,1,linear,3,1040.6894014754994,42,32.569124937057495,100,0.65890756302521,0.65890756302521,0.65890756302521,linear,mu_schedule,4,0.0,0.0,0.0,full_mu_schedule_linear_rep04,94004,1040.6894014754994
silu,1,linear,3,1042.7468238773781,43,30.83895993232727,100,0.6505882352941177,0.6505882352941177,0.6505882352941177,linear,mu_schedule,4,0.0,0.0,0.0,full_mu_schedule_linear_rep04,94004,1042.7468238773781
silu,1,linear,3,1044.7603555792548,44,30.851675033569336,100,0.6422689075630252,0.6422689075630252,0.6422689075630252,linear,mu_schedule,4,0.0,0.0,0.0,full_mu_schedule_linear_rep04,94004,1044.7603555792548
silu,1,linear,3,1046.7254300124325,45,31.56421399116516,100,0.6339495798319328,0.6339495798319328,0.6339495798319328,linear,mu_schedule,4,0.0,0.0,0.0,full_mu_schedule_linear_rep04,94004,1046.7254300124325
silu,1,linear,3,1048.646669240532,46,29.31162405014038,100,0.6256302521008403,0.6256302521008403,0.6256302521008403,linear,mu_schedule,4,0.0,0.0,0.0,full_mu_schedule_linear_rep04,94004,1048.646669240532
silu,1,linear,3,1050.5161007444922,47,30.423666954040527,100,0.6173109243697479,0.6173109243697479,0.6173109243697479,linear,mu_schedule,4,0.0,0.0,0.0,full_mu_schedule_linear_rep04,94004,1050.5161007444922
silu,1,linear,3,1052.3349775107154,48,32.45154094696045,100,0.6089915966386554,0.6089915966386554,0.6089915966386554,linear,mu_schedule,4,0.0,0.0,0.0,full_mu_schedule_linear_rep04,94004,1052.3349775107154
silu,1,linear,3,1054.1068374643382,49,29.370200157165527,100,0.600672268907563,0.600672268907563,0.600672268907563,linear,mu_schedule,4,0.0,0.0,0.0,full_mu_schedule_linear_rep04,94004,1054.1068374643382
silu,1,linear,3,1055.8299009188372,50,30.158565998077393,100,0.5923529411764706,0.5923529411764706,0.5923529411764706,linear,mu_schedule,4,0.0,0.0,0.0,full_mu_schedule_linear_rep04,94004,1055.8299009188372
silu,1,linear,3,1057.500562339644,51,29.448915004730225,100,0.5840336134453782,0.5840336134453782,0.5840336134453782,linear,mu_schedule,4,0.0,0.0,0.0,full_mu_schedule_linear_rep04,94004,1057.500562339644
silu,1,linear,3,1059.1172079809503,52,30.02799892425537,100,0.5757142857142857,0.5757142857142857,0.5757142857142857,linear,mu_schedule,4,0.0,0.0,0.0,full_mu_schedule_linear_rep04,94004,1059.1172079809503
silu,1,linear,3,1060.673689235344,53,30.39665985107422,100,0.5673949579831933,0.5673949579831933,0.5673949579831933,linear,mu_schedule,4,0.0,0.0,0.0,full_mu_schedule_linear_rep04,94004,1060.673689235344
silu,1,linear,3,1062.1792851508087,54,29.77965807914734,100,0.5590756302521008,0.5590756302521008,0.5590756302521008,linear,mu_schedule,4,0.0,0.0,0.0,full_mu_schedule_linear_rep04,94004,1062.1792851508087
silu,1,linear,3,1063.6283321240596,55,30.544736862182617,100,0.5507563025210084,0.5507563025210084,0.5507563025210084,linear,mu_schedule,4,0.0,0.0,0.0,full_mu_schedule_linear_rep04,94004,1063.6283321240596
silu,1,linear,3,1065.0142925646865,56,29.586243867874146,100,0.5424369747899159,0.5424369747899159,0.5424369747899159,linear,mu_schedule,4,0.0,0.0,0.0,full_mu_schedule_linear_rep04,94004,1065.0142925646865
silu,1,linear,3,1066.330494074704,57,29.065733194351196,100,0.5341176470588235,0.5341176470588235,0.5341176470588235,linear,mu_schedule,4,0.0,0.0,0.0,full_mu_schedule_linear_rep04,94004,1066.330494074704
silu,1,linear,3,1067.5779094742848,58,30.714273929595947,100,0.5257983193277311,0.5257983193277311,0.5257983193277311,linear,mu_schedule,4,0.0,0.0,0.0,full_mu_schedule_linear_rep04,94004,1067.5779094742848
silu,1,linear,3,1068.7543177904358,59,29.346956968307495,100,0.5174789915966387,0.5174789915966387,0.5174789915966387,linear,mu_schedule,4,0.0,0.0,0.0,full_mu_schedule_linear_rep04,94004,1068.7543177904358
silu,1,linear,3,1069.860123056992,60,30.873820781707764,100,0.5091596638655462,0.5091596638655462,0.5091596638655462,linear,mu_schedule,4,0.0,0.0,0.0,full_mu_schedule_linear_rep04,94004,1069.860123056992
silu,1,linear,3,1070.9001310109438,61,31.820154190063477,100,0.5008403361344538,0.5008403361344538,0.5008403361344538,linear,mu_schedule,4,0.0,0.0,0.0,full_mu_schedule_linear_rep04,94004,1070.9001310109438
silu,1,linear,3,1071.873325399058,62,30.742611169815063,100,0.4925210084033613,0.4925210084033613,0.4925210084033613,linear,mu_schedule,4,0.0,0.0,0.0,full_mu_schedule_linear_rep04,94004,1071.873325399058
silu,1,linear,3,1072.7754556107654,63,29.692848920822144,100,0.48420168067226893,0.48420168067226893,0.48420168067226893,linear,mu_schedule,4,0.0,0.0,0.0,full_mu_schedule_linear_rep04,94004,1072.7754556107654
silu,1,linear,3,1073.5931118002597,64,32.581120014190674,100,0.4758823529411765,0.4758823529411765,0.4758823529411765,linear,mu_schedule,4,0.0,0.0,0.0,full_mu_schedule_linear_rep04,94004,1073.5931118002597
silu,1,linear,3,1074.3244365870207,65,33.596795082092285,100,0.467563025210084,0.467563025210084,0.467563025210084,linear,mu_schedule,4,0.0,0.0,0.0,full_mu_schedule_linear_rep04,94004,1074.3244365870207
silu,1,linear,3,1074.976369842207,66,35.10130786895752,100,0.4592436974789916,0.4592436974789916,0.4592436974789916,linear,mu_schedule,4,0.0,0.0,0.0,full_mu_schedule_linear_rep04,94004,1074.976369842207
silu,1,linear,3,1075.5487489107948,67,33.3362820148468,100,0.4509243697478992,0.4509243697478992,0.4509243697478992,linear,mu_schedule,4,0.0,0.0,0.0,full_mu_schedule_linear_rep04,94004,1075.5487489107948
silu,1,linear,3,1076.0430313691033,68,33.673022985458374,100,0.4426050420168067,0.4426050420168067,0.4426050420168067,linear,mu_schedule,4,0.0,0.0,0.0,full_mu_schedule_linear_rep04,94004,1076.0430313691033
silu,1,linear,3,1076.4538778448284,69,32.21538591384888,100,0.4342857142857143,0.4342857142857143,0.4342857142857143,linear,mu_schedule,4,0.0,0.0,0.0,full_mu_schedule_linear_rep04,94004,1076.4538778448284
silu,1,linear,3,1076.7836895224666,70,33.115533113479614,100,0.4259663865546218,0.4259663865546218,0.4259663865546218,linear,mu_schedule,4,0.0,0.0,0.0,full_mu_schedule_linear_rep04,94004,1076.7836895224666
silu,1,linear,3,1077.048079648835,71,34.037790060043335,100,0.4176470588235294,0.4176470588235294,0.4176470588235294,linear,mu_schedule,4,0.0,0.0,0.0,full_mu_schedule_linear_rep04,94004,1077.048079648835
silu,1,linear,3,1077.2336828168209,72,35.63893389701843,100,0.409327731092437,0.409327731092437,0.409327731092437,linear,mu_schedule,4,0.0,0.0,0.0,full_mu_schedule_linear_rep04,94004,1077.2336828168209
silu,1,linear,3,1077.3407211624879,73,33.29731202125549,100,0.4010084033613445,0.4010084033613445,0.4010084033613445,linear,mu_schedule,4,0.0,0.0,0.0,full_mu_schedule_linear_rep04,94004,1077.3407211624879
silu,1,linear,3,1077.36468494782,74,34.25415515899658,100,0.3926890756302521,0.3926890756302521,0.3926890756302521,linear,mu_schedule,4,0.0,0.0,0.0,full_mu_schedule_linear_rep04,94004,1077.36468494782
silu,1,linear,3,1077.269189173451,75,32.838878870010376,100,0.3843697478991597,0.3843697478991597,0.3843697478991597,linear,mu_schedule,4,0.0,0.0,0.0,full_mu_schedule_linear_rep04,94004,1077.269189173451
silu,1,linear,3,1077.0433658693328,76,32.670411109924316,100,0.3760504201680672,0.3760504201680672,0.3760504201680672,linear,mu_schedule,4,0.0,0.0,0.0,full_mu_schedule_linear_rep04,94004,1077.0433658693328
silu,1,linear,3,1076.6524811312547,77,34.996052980422974,100,0.36773109243697477,0.36773109243697477,0.36773109243697477,linear,mu_schedule,4,0.0,0.0,0.0,full_mu_schedule_linear_rep04,94004,1076.6524811312547
silu,1,linear,3,1076.0912015046429,78,33.46210289001465,100,0.3594117647058824,0.3594117647058824,0.3594117647058824,linear,mu_schedule,4,0.0,0.0,0.0,full_mu_schedule_linear_rep04,94004,1076.0912015046429
silu,1,linear,3,1076.875272073196,79,32.87329602241516,100,0.3510924369747899,0.3510924369747899,0.3510924369747899,linear,mu_schedule,4,0.0,0.0,0.0,full_mu_schedule_linear_rep04,94004,1076.875272073196
silu,1,linear,3,1077.0332921315226,80,35.01238512992859,100,0.34277310924369747,0.34277310924369747,0.34277310924369747,linear,mu_schedule,4,0.0,0.0,0.0,full_mu_schedule_linear_rep04,94004,1077.0332921315226
silu,1,linear,3,1074.3525448976663,81,32.571664810180664,100,0.334453781512605,0.334453781512605,0.334453781512605,linear,mu_schedule,4,0.0,0.0,0.0,full_mu_schedule_linear_rep04,94004,1074.3525448976663
silu,1,linear,3,1075.2982807088824,82,32.42356300354004,100,0.3261344537815126,0.3261344537815126,0.3261344537815126,linear,mu_schedule,4,0.0,0.0,0.0,full_mu_schedule_linear_rep04,94004,1075.2982807088824
silu,1,linear,3,1072.6206672071557,83,34.48742198944092,100,0.31781512605042017,0.31781512605042017,0.31781512605042017,linear,mu_schedule,4,0.0,0.0,0.0,full_mu_schedule_linear_rep04,94004,1072.6206672071557
silu,1,linear,3,1075.247830125052,84,33.120059967041016,100,0.3094957983193277,0.3094957983193277,0.3094957983193277,linear,mu_schedule,4,0.0,0.0,0.0,full_mu_schedule_linear_rep04,94004,1075.247830125052
silu,1,linear,3,1072.6369493338475,85,33.45427393913269,100,0.30117647058823527,0.30117647058823527,0.30117647058823527,linear,mu_schedule,4,0.0,0.0,0.0,full_mu_schedule_linear_rep04,94004,1072.6369493338475
silu,1,linear,3,1072.5194217968578,86,33.11774682998657,100,0.29285714285714287,0.29285714285714287,0.29285714285714287,linear,mu_schedule,4,0.0,0.0,0.0,full_mu_schedule_linear_rep04,94004,1072.5194217968578
silu,1,linear,3,1070.1230632164986,87,33.20997214317322,100,0.2845378151260504,0.2845378151260504,0.2845378151260504,linear,mu_schedule,4,0.0,0.0,0.0,full_mu_schedule_linear_rep04,94004,1070.1230632164986
silu,1,linear,3,1069.1795984214752,88,32.62680387496948,100,0.27621848739495797,0.27621848739495797,0.27621848739495797,linear,mu_schedule,4,0.0,0.0,0.0,full_mu_schedule_linear_rep04,94004,1069.1795984214752
silu,1,linear,3,1067.355698496019,89,33.786909103393555,100,0.26789915966386557,0.26789915966386557,0.26789915966386557,linear,mu_schedule,4,0.0,0.0,0.0,full_mu_schedule_linear_rep04,94004,1067.355698496019
silu,1,linear,3,1067.2305845636126,90,34.36583709716797,100,0.2595798319327731,0.2595798319327731,0.2595798319327731,linear,mu_schedule,4,0.0,0.0,0.0,full_mu_schedule_linear_rep04,94004,1067.2305845636126
silu,1,linear,3,1062.9885433690545,91,34.5032639503479,100,0.25126050420168067,0.25126050420168067,0.25126050420168067,linear,mu_schedule,4,0.0,0.0,0.0,full_mu_schedule_linear_rep04,94004,1062.9885433690545
silu,1,linear,3,1061.1867731795346,92,33.3414249420166,100,0.24294117647058824,0.24294117647058824,0.24294117647058824,linear,mu_schedule,4,0.0,0.0,0.0,full_mu_schedule_linear_rep04,94004,1061.1867731795346
silu,1,linear,3,1058.4757370064067,93,34.98848795890808,100,0.2346218487394958,0.2346218487394958,0.2346218487394958,linear,mu_schedule,4,0.0,0.0,0.0,full_mu_schedule_linear_rep04,94004,1058.4757370064067
silu,1,linear,3,1057.0418828066256,94,34.15104603767395,100,0.22630252100840337,0.22630252100840337,0.22630252100840337,linear,mu_schedule,4,0.0,0.0,0.0,full_mu_schedule_linear_rep04,94004,1057.0418828066256
silu,1,linear,3,1055.2088210919396,95,32.117111921310425,100,0.21798319327731092,0.21798319327731092,0.21798319327731092,linear,mu_schedule,4,0.0,0.0,0.0,full_mu_schedule_linear_rep04,94004,1055.2088210919396
silu,1,linear,3,1049.4518163885148,96,33.052727937698364,100,0.2096638655462185,0.2096638655462185,0.2096638655462185,linear,mu_schedule,4,0.0,0.0,0.0,full_mu_schedule_linear_rep04,94004,1049.4518163885148
silu,1,linear,3,1048.2700068305148,97,32.889319896698,100,0.20134453781512604,0.20134453781512604,0.20134453781512604,linear,mu_schedule,4,0.0,0.0,0.0,full_mu_schedule_linear_rep04,94004,1048.2700068305148
silu,1,linear,3,1045.7909653404529,98,32.319926023483276,100,0.19302521008403362,0.19302521008403362,0.19302521008403362,linear,mu_schedule,4,0.0,0.0,0.0,full_mu_schedule_linear_rep04,94004,1045.7909653404529
silu,1,linear,3,1043.211693754335,99,32.50570201873779,100,0.18470588235294116,0.18470588235294116,0.18470588235294116,linear,mu_schedule,4,0.0,0.0,0.0,full_mu_schedule_linear_rep04,94004,1043.211693754335
silu,1,linear,3,1038.2153360335224,100,35.057223081588745,100,0.17638655462184874,0.17638655462184874,0.17638655462184874,linear,mu_schedule,4,0.0,0.0,0.0,full_mu_schedule_linear_rep04,94004,1038.2153360335224
silu,1,linear,3,1034.5532834158098,101,32.54838800430298,100,0.16806722689075632,0.16806722689075632,0.16806722689075632,linear,mu_schedule,4,0.0,0.0,0.0,full_mu_schedule_linear_rep04,94004,1034.5532834158098
silu,1,linear,3,1029.9718371605077,102,34.28322100639343,100,0.15974789915966386,0.15974789915966386,0.15974789915966386,linear,mu_schedule,4,0.0,0.0,0.0,full_mu_schedule_linear_rep04,94004,1029.9718371605077
silu,1,linear,3,1027.5541006740877,103,34.53079795837402,100,0.15142857142857144,0.15142857142857144,0.15142857142857144,linear,mu_schedule,4,0.0,0.0,0.0,full_mu_schedule_linear_rep04,94004,1027.5541006740877
silu,1,linear,3,1025.7320676512215,104,32.31478691101074,100,0.143109243697479,0.143109243697479,0.143109243697479,linear,mu_schedule,4,0.0,0.0,0.0,full_mu_schedule_linear_rep04,94004,1025.7320676512215
silu,1,linear,3,1018.5517030553735,105,33.51040196418762,100,0.13478991596638656,0.13478991596638656,0.13478991596638656,linear,mu_schedule,4,0.0,0.0,0.0,full_mu_schedule_linear_rep04,94004,1018.5517030553735
silu,1,linear,3,1012.4433166962162,106,32.82801795005798,100,0.1264705882352941,0.1264705882352941,0.1264705882352941,linear,mu_schedule,4,0.0,0.0,0.0,full_mu_schedule_linear_rep04,94004,1012.4433166962162
silu,1,linear,3,1007.4582938353233,107,34.95603013038635,100,0.11815126050420167,0.11815126050420167,0.11815126050420167,linear,mu_schedule,4,0.0,0.0,0.0,full_mu_schedule_linear_rep04,94004,1007.4582938353233
silu,1,linear,3,1003.6075871152789,108,33.847233057022095,100,0.10983193277310925,0.10983193277310925,0.10983193277310925,linear,mu_schedule,4,0.0,0.0,0.0,full_mu_schedule_linear_rep04,94004,1003.6075871152789
silu,1,linear,3,997.9363092919026,109,33.74732685089111,100,0.10151260504201681,0.10151260504201681,0.10151260504201681,linear,mu_schedule,4,0.0,0.0,0.0,full_mu_schedule_linear_rep04,94004,997.9363092919026
silu,1,linear,3,988.9883593925334,110,33.963929891586304,100,0.09319327731092437,0.09319327731092437,0.09319327731092437,linear,mu_schedule,4,0.0,0.0,0.0,full_mu_schedule_linear_rep04,94004,988.9883593925334
silu,1,linear,3,985.6434714697193,111,35.00006580352783,100,0.08487394957983194,0.08487394957983194,0.08487394957983194,linear,mu_schedule,4,0.0,0.0,0.0,full_mu_schedule_linear_rep04,94004,985.6434714697193
silu,1,linear,3,977.4227732598887,112,35.74237394332886,100,0.0765546218487395,0.0765546218487395,0.0765546218487395,linear,mu_schedule,4,0.0,0.0,0.0,full_mu_schedule_linear_rep04,94004,977.4227732598887
silu,1,linear,3,969.5787768016697,113,36.19245004653931,100,0.06823529411764706,0.06823529411764706,0.06823529411764706,linear,mu_schedule,4,0.0,0.0,0.0,full_mu_schedule_linear_rep04,94004,969.5787768016697
silu,1,linear,3,959.0357809912424,114,34.920729875564575,100,0.05991596638655462,0.05991596638655462,0.05991596638655462,linear,mu_schedule,4,0.0,0.0,0.0,full_mu_schedule_linear_rep04,94004,959.0357809912424
silu,1,linear,3,950.416014418221,115,34.436213970184326,100,0.051596638655462185,0.051596638655462185,0.051596638655462185,linear,mu_schedule,4,0.0,0.0,0.0,full_mu_schedule_linear_rep04,94004,950.416014418221
silu,1,linear,3,942.6361268195828,116,36.28899908065796,100,0.04327731092436975,0.04327731092436975,0.04327731092436975,linear,mu_schedule,4,0.0,0.0,0.0,full_mu_schedule_linear_rep04,94004,942.6361268195828
silu,1,linear,3,940.4019410022842,117,36.126518964767456,100,0.03495798319327731,0.03495798319327731,0.03495798319327731,linear,mu_schedule,4,0.0,0.0,0.0,full_mu_schedule_linear_rep04,94004,940.4019410022842
silu,1,linear,3,928.3220000932587,118,36.13463306427002,100,0.026638655462184874,0.026638655462184874,0.026638655462184874,linear,mu_schedule,4,0.0,0.0,0.0,full_mu_schedule_linear_rep04,94004,928.3220000932587
silu,1,linear,3,907.3307340240474,119,36.09595203399658,100,0.018319327731092436,0.018319327731092436,0.018319327731092436,linear,mu_schedule,4,0.0,0.0,0.0,full_mu_schedule_linear_rep04,94004,907.3307340240474
silu,1,linear,3,889.1869570533887,120,40.71539306640625,100,0.01,0.01,0.01,linear,mu_schedule,4,0.0,0.0,0.0,full_mu_schedule_linear_rep04,94004,889.1869570533887
silu,1,linear,3,872.222610072155,121,37.016197204589844,100,0.01,0.01,0.0,linear,mu_schedule,4,0.0,0.0,0.0,full_mu_schedule_linear_rep04,94004,872.222610072155
silu,1,linear,3,871.9019984275906,122,31.765358924865723,100,0.01,0.01,0.0,linear,mu_schedule,4,0.0,0.0,0.0,full_mu_schedule_linear_rep04,94004,871.9019984275906
silu,1,linear,3,869.8004132648297,123,29.76871609687805,100,0.01,0.01,0.0,linear,mu_schedule,4,0.0,0.0,0.0,full_mu_schedule_linear_rep04,94004,869.8004132648297
silu,1,linear,3,873.9933396776584,124,29.42878293991089,100,0.01,0.01,0.0,linear,mu_schedule,4,0.0,0.0,0.0,full_mu_schedule_linear_rep04,94004,873.9933396776584
silu,1,linear,3,868.7549874699284,125,30.41480302810669,100,0.01,0.01,0.0,linear,mu_schedule,4,0.0,0.0,0.0,full_mu_schedule_linear_rep04,94004,868.7549874699284
silu,1,linear,3,870.4383257947883,126,30.448360919952393,100,0.01,0.01,0.0,linear,mu_schedule,4,0.0,0.0,0.0,full_mu_schedule_linear_rep04,94004,870.4383257947883
silu,1,linear,3,866.3713015971775,127,30.02506709098816,100,0.01,0.01,0.0,linear,mu_schedule,4,0.0,0.0,0.0,full_mu_schedule_linear_rep04,94004,866.3713015971775
silu,1,linear,3,867.2104634856229,128,31.400670051574707,100,0.01,0.01,0.0,linear,mu_schedule,4,0.0,0.0,0.0,full_mu_schedule_linear_rep04,94004,867.2104634856229
silu,1,linear,3,869.5180855418869,129,29.17277193069458,100,0.01,0.01,0.0,linear,mu_schedule,4,0.0,0.0,0.0,full_mu_schedule_linear_rep04,94004,869.5180855418869
silu,1,linear,3,868.2873984970246,130,30.76865792274475,100,0.01,0.01,0.0,linear,mu_schedule,4,0.0,0.0,0.0,full_mu_schedule_linear_rep04,94004,868.2873984970246
silu,1,linear,3,1928.6840341285506,1,93.30076003074646,100,1.0,1.0,1.0,linear,mu_schedule,5,0.0,0.0,0.0,full_mu_schedule_linear_rep05,94005,1928.6840341285506
silu,1,linear,3,999.9981907487811,2,31.17576503753662,100,0.9916806722689075,0.9916806722689075,0.9916806722689075,linear,mu_schedule,5,0.0,0.0,0.0,full_mu_schedule_linear_rep05,94005,999.9981907487811
silu,1,linear,3,973.5533339611346,3,31.604182958602905,100,0.9833613445378151,0.9833613445378151,0.9833613445378151,linear,mu_schedule,5,0.0,0.0,0.0,full_mu_schedule_linear_rep05,94005,973.5533339611346
silu,1,linear,3,971.6243501363257,4,31.02180290222168,100,0.9750420168067226,0.9750420168067226,0.9750420168067226,linear,mu_schedule,5,0.0,0.0,0.0,full_mu_schedule_linear_rep05,94005,971.6243501363257
silu,1,linear,3,972.0576663568381,5,32.063640117645264,100,0.9667226890756303,0.9667226890756303,0.9667226890756303,linear,mu_schedule,5,0.0,0.0,0.0,full_mu_schedule_linear_rep05,94005,972.0576663568381
silu,1,linear,3,973.0905142625752,6,31.917433977127075,100,0.9584033613445379,0.9584033613445379,0.9584033613445379,linear,mu_schedule,5,0.0,0.0,0.0,full_mu_schedule_linear_rep05,94005,973.0905142625752
silu,1,linear,3,974.153260454169,7,31.027501106262207,100,0.9500840336134454,0.9500840336134454,0.9500840336134454,linear,mu_schedule,5,0.0,0.0,0.0,full_mu_schedule_linear_rep05,94005,974.153260454169
silu,1,linear,3,975.437095055417,8,31.551942110061646,100,0.941764705882353,0.941764705882353,0.941764705882353,linear,mu_schedule,5,0.0,0.0,0.0,full_mu_schedule_linear_rep05,94005,975.437095055417
silu,1,linear,3,977.0016473462761,9,32.26618194580078,100,0.9334453781512605,0.9334453781512605,0.9334453781512605,linear,mu_schedule,5,0.0,0.0,0.0,full_mu_schedule_linear_rep05,94005,977.0016473462761
silu,1,linear,3,978.7874517513625,10,31.00145411491394,100,0.925126050420168,0.925126050420168,0.925126050420168,linear,mu_schedule,5,0.0,0.0,0.0,full_mu_schedule_linear_rep05,94005,978.7874517513625
silu,1,linear,3,980.7936381056383,11,31.857115030288696,100,0.9168067226890756,0.9168067226890756,0.9168067226890756,linear,mu_schedule,5,0.0,0.0,0.0,full_mu_schedule_linear_rep05,94005,980.7936381056383
silu,1,linear,3,982.9166598247589,12,31.41346788406372,100,0.9084873949579831,0.9084873949579831,0.9084873949579831,linear,mu_schedule,5,0.0,0.0,0.0,full_mu_schedule_linear_rep05,94005,982.9166598247589
silu,1,linear,3,985.3298712840982,13,30.713331937789917,100,0.9001680672268908,0.9001680672268908,0.9001680672268908,linear,mu_schedule,5,0.0,0.0,0.0,full_mu_schedule_linear_rep05,94005,985.3298712840982
silu,1,linear,3,987.9865116686764,14,32.57263898849487,100,0.8918487394957983,0.8918487394957983,0.8918487394957983,linear,mu_schedule,5,0.0,0.0,0.0,full_mu_schedule_linear_rep05,94005,987.9865116686764
silu,1,linear,3,990.6949810735068,15,30.330114126205444,100,0.8835294117647059,0.8835294117647059,0.8835294117647059,linear,mu_schedule,5,0.0,0.0,0.0,full_mu_schedule_linear_rep05,94005,990.6949810735068
silu,1,linear,3,993.3049956059546,16,32.03277802467346,100,0.8752100840336134,0.8752100840336134,0.8752100840336134,linear,mu_schedule,5,0.0,0.0,0.0,full_mu_schedule_linear_rep05,94005,993.3049956059546
silu,1,linear,3,995.7404623015251,17,33.068113803863525,100,0.866890756302521,0.866890756302521,0.866890756302521,linear,mu_schedule,5,0.0,0.0,0.0,full_mu_schedule_linear_rep05,94005,995.7404623015251
silu,1,linear,3,998.6748629902188,18,32.116374015808105,100,0.8585714285714285,0.8585714285714285,0.8585714285714285,linear,mu_schedule,5,0.0,0.0,0.0,full_mu_schedule_linear_rep05,94005,998.6748629902188
silu,1,linear,3,1001.2389185277738,19,32.43406701087952,100,0.8502521008403361,0.8502521008403361,0.8502521008403361,linear,mu_schedule,5,0.0,0.0,0.0,full_mu_schedule_linear_rep05,94005,1001.2389185277738
silu,1,linear,3,1003.7023206589749,20,31.65405797958374,100,0.8419327731092437,0.8419327731092437,0.8419327731092437,linear,mu_schedule,5,0.0,0.0,0.0,full_mu_schedule_linear_rep05,94005,1003.7023206589749
silu,1,linear,3,1006.2815839433176,21,30.993956089019775,100,0.8336134453781513,0.8336134453781513,0.8336134453781513,linear,mu_schedule,5,0.0,0.0,0.0,full_mu_schedule_linear_rep05,94005,1006.2815839433176
silu,1,linear,3,1008.4892872678117,22,32.10036587715149,100,0.8252941176470588,0.8252941176470588,0.8252941176470588,linear,mu_schedule,5,0.0,0.0,0.0,full_mu_schedule_linear_rep05,94005,1008.4892872678117
silu,1,linear,3,1010.6484943124403,23,32.30420112609863,100,0.8169747899159664,0.8169747899159664,0.8169747899159664,linear,mu_schedule,5,0.0,0.0,0.0,full_mu_schedule_linear_rep05,94005,1010.6484943124403
silu,1,linear,3,1012.8826496163958,24,30.719749927520752,100,0.8086554621848739,0.8086554621848739,0.8086554621848739,linear,mu_schedule,5,0.0,0.0,0.0,full_mu_schedule_linear_rep05,94005,1012.8826496163958
silu,1,linear,3,1015.2759374534699,25,31.39698600769043,100,0.8003361344537815,0.8003361344537815,0.8003361344537815,linear,mu_schedule,5,0.0,0.0,0.0,full_mu_schedule_linear_rep05,94005,1015.2759374534699
silu,1,linear,3,1017.7895988136548,26,30.186972856521606,100,0.792016806722689,0.792016806722689,0.792016806722689,linear,mu_schedule,5,0.0,0.0,0.0,full_mu_schedule_linear_rep05,94005,1017.7895988136548
silu,1,linear,3,1020.2938440279546,27,31.570791959762573,100,0.7836974789915966,0.7836974789915966,0.7836974789915966,linear,mu_schedule,5,0.0,0.0,0.0,full_mu_schedule_linear_rep05,94005,1020.2938440279546
silu,1,linear,3,1022.6502469215732,28,33.530848026275635,100,0.7753781512605042,0.7753781512605042,0.7753781512605042,linear,mu_schedule,5,0.0,0.0,0.0,full_mu_schedule_linear_rep05,94005,1022.6502469215732
silu,1,linear,3,1024.6928953077163,29,29.60677194595337,100,0.7670588235294118,0.7670588235294118,0.7670588235294118,linear,mu_schedule,5,0.0,0.0,0.0,full_mu_schedule_linear_rep05,94005,1024.6928953077163
silu,1,linear,3,1026.6889813485361,30,31.544304132461548,100,0.7587394957983193,0.7587394957983193,0.7587394957983193,linear,mu_schedule,5,0.0,0.0,0.0,full_mu_schedule_linear_rep05,94005,1026.6889813485361
silu,1,linear,3,1028.234202558323,31,31.029056072235107,100,0.7504201680672269,0.7504201680672269,0.7504201680672269,linear,mu_schedule,5,0.0,0.0,0.0,full_mu_schedule_linear_rep05,94005,1028.234202558323
silu,1,linear,3,1029.7637090166506,32,30.749433040618896,100,0.7421008403361344,0.7421008403361344,0.7421008403361344,linear,mu_schedule,5,0.0,0.0,0.0,full_mu_schedule_linear_rep05,94005,1029.7637090166506
silu,1,linear,3,1032.0089955535313,33,32.12824201583862,100,0.733781512605042,0.733781512605042,0.733781512605042,linear,mu_schedule,5,0.0,0.0,0.0,full_mu_schedule_linear_rep05,94005,1032.0089955535313
silu,1,linear,3,1033.94880801509,34,29.987252950668335,100,0.7254621848739495,0.7254621848739495,0.7254621848739495,linear,mu_schedule,5,0.0,0.0,0.0,full_mu_schedule_linear_rep05,94005,1033.94880801509
silu,1,linear,3,1036.1622604737504,35,31.778878927230835,100,0.7171428571428572,0.7171428571428572,0.7171428571428572,linear,mu_schedule,5,0.0,0.0,0.0,full_mu_schedule_linear_rep05,94005,1036.1622604737504
silu,1,linear,3,1037.7610938968442,36,31.897318124771118,100,0.7088235294117647,0.7088235294117647,0.7088235294117647,linear,mu_schedule,5,0.0,0.0,0.0,full_mu_schedule_linear_rep05,94005,1037.7610938968442
silu,1,linear,3,1039.859160992154,37,30.550525903701782,100,0.7005042016806723,0.7005042016806723,0.7005042016806723,linear,mu_schedule,5,0.0,0.0,0.0,full_mu_schedule_linear_rep05,94005,1039.859160992154
silu,1,linear,3,1040.702083801136,38,31.060649156570435,100,0.6921848739495798,0.6921848739495798,0.6921848739495798,linear,mu_schedule,5,0.0,0.0,0.0,full_mu_schedule_linear_rep05,94005,1040.702083801136
silu,1,linear,3,1041.4611174985378,39,31.642534971237183,100,0.6838655462184874,0.6838655462184874,0.6838655462184874,linear,mu_schedule,5,0.0,0.0,0.0,full_mu_schedule_linear_rep05,94005,1041.4611174985378
silu,1,linear,3,1041.777763046494,40,31.04885983467102,100,0.6755462184873949,0.6755462184873949,0.6755462184873949,linear,mu_schedule,5,0.0,0.0,0.0,full_mu_schedule_linear_rep05,94005,1041.777763046494
silu,1,linear,3,1042.8993484852251,41,32.56560492515564,100,0.6672268907563025,0.6672268907563025,0.6672268907563025,linear,mu_schedule,5,0.0,0.0,0.0,full_mu_schedule_linear_rep05,94005,1042.8993484852251
silu,1,linear,3,1044.7726812835476,42,32.477503061294556,100,0.65890756302521,0.65890756302521,0.65890756302521,linear,mu_schedule,5,0.0,0.0,0.0,full_mu_schedule_linear_rep05,94005,1044.7726812835476
silu,1,linear,3,1046.656704913089,43,31.624680995941162,100,0.6505882352941177,0.6505882352941177,0.6505882352941177,linear,mu_schedule,5,0.0,0.0,0.0,full_mu_schedule_linear_rep05,94005,1046.656704913089
silu,1,linear,3,1049.470137273505,44,31.880892992019653,100,0.6422689075630252,0.6422689075630252,0.6422689075630252,linear,mu_schedule,5,0.0,0.0,0.0,full_mu_schedule_linear_rep05,94005,1049.470137273505
silu,1,linear,3,1051.4597761681541,45,30.68128800392151,100,0.6339495798319328,0.6339495798319328,0.6339495798319328,linear,mu_schedule,5,0.0,0.0,0.0,full_mu_schedule_linear_rep05,94005,1051.4597761681541
silu,1,linear,3,1052.2050416464726,46,31.822546005249023,100,0.6256302521008403,0.6256302521008403,0.6256302521008403,linear,mu_schedule,5,0.0,0.0,0.0,full_mu_schedule_linear_rep05,94005,1052.2050416464726
silu,1,linear,3,1053.915217688137,47,32.884613037109375,100,0.6173109243697479,0.6173109243697479,0.6173109243697479,linear,mu_schedule,5,0.0,0.0,0.0,full_mu_schedule_linear_rep05,94005,1053.915217688137
silu,1,linear,3,1055.5902546471232,48,30.53414487838745,100,0.6089915966386554,0.6089915966386554,0.6089915966386554,linear,mu_schedule,5,0.0,0.0,0.0,full_mu_schedule_linear_rep05,94005,1055.5902546471232
silu,1,linear,3,1057.1112087600234,49,31.616364002227783,100,0.600672268907563,0.600672268907563,0.600672268907563,linear,mu_schedule,5,0.0,0.0,0.0,full_mu_schedule_linear_rep05,94005,1057.1112087600234
silu,1,linear,3,1058.7090280613666,50,31.155194997787476,100,0.5923529411764706,0.5923529411764706,0.5923529411764706,linear,mu_schedule,5,0.0,0.0,0.0,full_mu_schedule_linear_rep05,94005,1058.7090280613666
silu,1,linear,3,1060.4608304791318,51,32.10358285903931,100,0.5840336134453782,0.5840336134453782,0.5840336134453782,linear,mu_schedule,5,0.0,0.0,0.0,full_mu_schedule_linear_rep05,94005,1060.4608304791318
silu,1,linear,3,1062.001792769278,52,33.13202905654907,100,0.5757142857142857,0.5757142857142857,0.5757142857142857,linear,mu_schedule,5,0.0,0.0,0.0,full_mu_schedule_linear_rep05,94005,1062.001792769278
silu,1,linear,3,1063.4664212885223,53,30.281192779541016,100,0.5673949579831933,0.5673949579831933,0.5673949579831933,linear,mu_schedule,5,0.0,0.0,0.0,full_mu_schedule_linear_rep05,94005,1063.4664212885223
silu,1,linear,3,1065.0310040907345,54,31.172028064727783,100,0.5590756302521008,0.5590756302521008,0.5590756302521008,linear,mu_schedule,5,0.0,0.0,0.0,full_mu_schedule_linear_rep05,94005,1065.0310040907345
silu,1,linear,3,1066.5021522666455,55,30.516709089279175,100,0.5507563025210084,0.5507563025210084,0.5507563025210084,linear,mu_schedule,5,0.0,0.0,0.0,full_mu_schedule_linear_rep05,94005,1066.5021522666455
silu,1,linear,3,1067.7742215568933,56,31.217080116271973,100,0.5424369747899159,0.5424369747899159,0.5424369747899159,linear,mu_schedule,5,0.0,0.0,0.0,full_mu_schedule_linear_rep05,94005,1067.7742215568933
silu,1,linear,3,1069.1547798295965,57,31.598917961120605,100,0.5341176470588235,0.5341176470588235,0.5341176470588235,linear,mu_schedule,5,0.0,0.0,0.0,full_mu_schedule_linear_rep05,94005,1069.1547798295965
silu,1,linear,3,1070.5694179446848,58,30.683305978775024,100,0.5257983193277311,0.5257983193277311,0.5257983193277311,linear,mu_schedule,5,0.0,0.0,0.0,full_mu_schedule_linear_rep05,94005,1070.5694179446848
silu,1,linear,3,1071.650656643803,59,31.216132164001465,100,0.5174789915966387,0.5174789915966387,0.5174789915966387,linear,mu_schedule,5,0.0,0.0,0.0,full_mu_schedule_linear_rep05,94005,1071.650656643803
silu,1,linear,3,1072.8492335489982,60,32.07686400413513,100,0.5091596638655462,0.5091596638655462,0.5091596638655462,linear,mu_schedule,5,0.0,0.0,0.0,full_mu_schedule_linear_rep05,94005,1072.8492335489982
silu,1,linear,3,1073.940419451196,61,30.716635942459106,100,0.5008403361344538,0.5008403361344538,0.5008403361344538,linear,mu_schedule,5,0.0,0.0,0.0,full_mu_schedule_linear_rep05,94005,1073.940419451196
silu,1,linear,3,1074.9275467504956,62,31.714158058166504,100,0.4925210084033613,0.4925210084033613,0.4925210084033613,linear,mu_schedule,5,0.0,0.0,0.0,full_mu_schedule_linear_rep05,94005,1074.9275467504956
silu,1,linear,3,1075.8970013841563,63,34.58432698249817,100,0.48420168067226893,0.48420168067226893,0.48420168067226893,linear,mu_schedule,5,0.0,0.0,0.0,full_mu_schedule_linear_rep05,94005,1075.8970013841563
silu,1,linear,3,1076.7769241337817,64,37.27434492111206,100,0.4758823529411765,0.4758823529411765,0.4758823529411765,linear,mu_schedule,5,0.0,0.0,0.0,full_mu_schedule_linear_rep05,94005,1076.7769241337817
silu,1,linear,3,1077.5822869221183,65,35.51744794845581,100,0.467563025210084,0.467563025210084,0.467563025210084,linear,mu_schedule,5,0.0,0.0,0.0,full_mu_schedule_linear_rep05,94005,1077.5822869221183
silu,1,linear,3,1078.3580277654407,66,34.9296600818634,100,0.4592436974789916,0.4592436974789916,0.4592436974789916,linear,mu_schedule,5,0.0,0.0,0.0,full_mu_schedule_linear_rep05,94005,1078.3580277654407
silu,1,linear,3,1079.0249755284153,67,37.242847204208374,100,0.4509243697478992,0.4509243697478992,0.4509243697478992,linear,mu_schedule,5,0.0,0.0,0.0,full_mu_schedule_linear_rep05,94005,1079.0249755284153
silu,1,linear,3,1079.7122700027137,68,35.45494818687439,100,0.4426050420168067,0.4426050420168067,0.4426050420168067,linear,mu_schedule,5,0.0,0.0,0.0,full_mu_schedule_linear_rep05,94005,1079.7122700027137
silu,1,linear,3,1080.3565980143885,69,35.378166913986206,100,0.4342857142857143,0.4342857142857143,0.4342857142857143,linear,mu_schedule,5,0.0,0.0,0.0,full_mu_schedule_linear_rep05,94005,1080.3565980143885
silu,1,linear,3,1081.0346660051418,70,32.91995692253113,100,0.4259663865546218,0.4259663865546218,0.4259663865546218,linear,mu_schedule,5,0.0,0.0,0.0,full_mu_schedule_linear_rep05,94005,1081.0346660051418
silu,1,linear,3,1081.68971051269,71,34.286937952041626,100,0.4176470588235294,0.4176470588235294,0.4176470588235294,linear,mu_schedule,5,0.0,0.0,0.0,full_mu_schedule_linear_rep05,94005,1081.68971051269
silu,1,linear,3,1082.281308485691,72,35.466874837875366,100,0.409327731092437,0.409327731092437,0.409327731092437,linear,mu_schedule,5,0.0,0.0,0.0,full_mu_schedule_linear_rep05,94005,1082.281308485691
silu,1,linear,3,1082.448724291757,73,33.74398398399353,100,0.4010084033613445,0.4010084033613445,0.4010084033613445,linear,mu_schedule,5,0.0,0.0,0.0,full_mu_schedule_linear_rep05,94005,1082.448724291757
silu,1,linear,3,1082.2727568229607,74,34.586655139923096,100,0.3926890756302521,0.3926890756302521,0.3926890756302521,linear,mu_schedule,5,0.0,0.0,0.0,full_mu_schedule_linear_rep05,94005,1082.2727568229607
silu,1,linear,3,1082.5501474901146,75,34.08046007156372,100,0.3843697478991597,0.3843697478991597,0.3843697478991597,linear,mu_schedule,5,0.0,0.0,0.0,full_mu_schedule_linear_rep05,94005,1082.5501474901146
silu,1,linear,3,1081.9014110119522,76,35.586013078689575,100,0.3760504201680672,0.3760504201680672,0.3760504201680672,linear,mu_schedule,5,0.0,0.0,0.0,full_mu_schedule_linear_rep05,94005,1081.9014110119522
silu,1,linear,3,1083.0137912055566,77,31.869221925735474,100,0.36773109243697477,0.36773109243697477,0.36773109243697477,linear,mu_schedule,5,0.0,0.0,0.0,full_mu_schedule_linear_rep05,94005,1083.0137912055566
silu,1,linear,3,1082.2088758926136,78,35.455607891082764,100,0.3594117647058824,0.3594117647058824,0.3594117647058824,linear,mu_schedule,5,0.0,0.0,0.0,full_mu_schedule_linear_rep05,94005,1082.2088758926136
silu,1,linear,3,1082.3580358220054,79,33.73327279090881,100,0.3510924369747899,0.3510924369747899,0.3510924369747899,linear,mu_schedule,5,0.0,0.0,0.0,full_mu_schedule_linear_rep05,94005,1082.3580358220054
silu,1,linear,3,1082.2268416572415,80,32.984036922454834,100,0.34277310924369747,0.34277310924369747,0.34277310924369747,linear,mu_schedule,5,0.0,0.0,0.0,full_mu_schedule_linear_rep05,94005,1082.2268416572415
silu,1,linear,3,1082.1274217271662,81,35.17359209060669,100,0.334453781512605,0.334453781512605,0.334453781512605,linear,mu_schedule,5,0.0,0.0,0.0,full_mu_schedule_linear_rep05,94005,1082.1274217271662
silu,1,linear,3,1081.9898812723136,82,32.50839900970459,100,0.3261344537815126,0.3261344537815126,0.3261344537815126,linear,mu_schedule,5,0.0,0.0,0.0,full_mu_schedule_linear_rep05,94005,1081.9898812723136
silu,1,linear,3,1081.7073373947603,83,34.8826060295105,100,0.31781512605042017,0.31781512605042017,0.31781512605042017,linear,mu_schedule,5,0.0,0.0,0.0,full_mu_schedule_linear_rep05,94005,1081.7073373947603
silu,1,linear,3,1081.3390493967506,84,33.07858395576477,100,0.3094957983193277,0.3094957983193277,0.3094957983193277,linear,mu_schedule,5,0.0,0.0,0.0,full_mu_schedule_linear_rep05,94005,1081.3390493967506
silu,1,linear,3,1080.6180571484138,85,33.2986421585083,100,0.30117647058823527,0.30117647058823527,0.30117647058823527,linear,mu_schedule,5,0.0,0.0,0.0,full_mu_schedule_linear_rep05,94005,1080.6180571484138
silu,1,linear,3,1079.494546133602,86,34.66227698326111,100,0.29285714285714287,0.29285714285714287,0.29285714285714287,linear,mu_schedule,5,0.0,0.0,0.0,full_mu_schedule_linear_rep05,94005,1079.494546133602
silu,1,linear,3,1077.9745759562288,87,34.72551488876343,100,0.2845378151260504,0.2845378151260504,0.2845378151260504,linear,mu_schedule,5,0.0,0.0,0.0,full_mu_schedule_linear_rep05,94005,1077.9745759562288
silu,1,linear,3,1076.0223897905746,88,34.25849103927612,100,0.27621848739495797,0.27621848739495797,0.27621848739495797,linear,mu_schedule,5,0.0,0.0,0.0,full_mu_schedule_linear_rep05,94005,1076.0223897905746
silu,1,linear,3,1073.794465415312,89,35.745949029922485,100,0.26789915966386557,0.26789915966386557,0.26789915966386557,linear,mu_schedule,5,0.0,0.0,0.0,full_mu_schedule_linear_rep05,94005,1073.794465415312
silu,1,linear,3,1071.8026523585684,90,33.752638816833496,100,0.2595798319327731,0.2595798319327731,0.2595798319327731,linear,mu_schedule,5,0.0,0.0,0.0,full_mu_schedule_linear_rep05,94005,1071.8026523585684
silu,1,linear,3,1069.9553847413156,91,36.49809384346008,100,0.25126050420168067,0.25126050420168067,0.25126050420168067,linear,mu_schedule,5,0.0,0.0,0.0,full_mu_schedule_linear_rep05,94005,1069.9553847413156
silu,1,linear,3,1067.759503239631,92,35.22655987739563,100,0.24294117647058824,0.24294117647058824,0.24294117647058824,linear,mu_schedule,5,0.0,0.0,0.0,full_mu_schedule_linear_rep05,94005,1067.759503239631
silu,1,linear,3,1065.5751982092097,93,33.83208107948303,100,0.2346218487394958,0.2346218487394958,0.2346218487394958,linear,mu_schedule,5,0.0,0.0,0.0,full_mu_schedule_linear_rep05,94005,1065.5751982092097
silu,1,linear,3,1062.7926089597652,94,33.81365203857422,100,0.22630252100840337,0.22630252100840337,0.22630252100840337,linear,mu_schedule,5,0.0,0.0,0.0,full_mu_schedule_linear_rep05,94005,1062.7926089597652
silu,1,linear,3,1061.1843017328008,95,34.63113808631897,100,0.21798319327731092,0.21798319327731092,0.21798319327731092,linear,mu_schedule,5,0.0,0.0,0.0,full_mu_schedule_linear_rep05,94005,1061.1843017328008
silu,1,linear,3,1056.2575273748212,96,32.68930411338806,100,0.2096638655462185,0.2096638655462185,0.2096638655462185,linear,mu_schedule,5,0.0,0.0,0.0,full_mu_schedule_linear_rep05,94005,1056.2575273748212
silu,1,linear,3,1061.1127599143028,97,34.76315999031067,100,0.20134453781512604,0.20134453781512604,0.20134453781512604,linear,mu_schedule,5,0.0,0.0,0.0,full_mu_schedule_linear_rep05,94005,1061.1127599143028
silu,1,linear,3,1055.2393734838888,98,34.87361192703247,100,0.19302521008403362,0.19302521008403362,0.19302521008403362,linear,mu_schedule,5,0.0,0.0,0.0,full_mu_schedule_linear_rep05,94005,1055.2393734838888
silu,1,linear,3,1047.8605592837064,99,32.372840881347656,100,0.18470588235294116,0.18470588235294116,0.18470588235294116,linear,mu_schedule,5,0.0,0.0,0.0,full_mu_schedule_linear_rep05,94005,1047.8605592837064
silu,1,linear,3,1044.0474884733326,100,33.493974924087524,100,0.17638655462184874,0.17638655462184874,0.17638655462184874,linear,mu_schedule,5,0.0,0.0,0.0,full_mu_schedule_linear_rep05,94005,1044.0474884733326
silu,1,linear,3,1042.5239010501616,101,33.90051817893982,100,0.16806722689075632,0.16806722689075632,0.16806722689075632,linear,mu_schedule,5,0.0,0.0,0.0,full_mu_schedule_linear_rep05,94005,1042.5239010501616
silu,1,linear,3,1035.3283037757378,102,34.03990983963013,100,0.15974789915966386,0.15974789915966386,0.15974789915966386,linear,mu_schedule,5,0.0,0.0,0.0,full_mu_schedule_linear_rep05,94005,1035.3283037757378
silu,1,linear,3,1037.5357505288832,103,33.75673484802246,100,0.15142857142857144,0.15142857142857144,0.15142857142857144,linear,mu_schedule,5,0.0,0.0,0.0,full_mu_schedule_linear_rep05,94005,1037.5357505288832
silu,1,linear,3,1034.398318195759,104,32.73413705825806,100,0.143109243697479,0.143109243697479,0.143109243697479,linear,mu_schedule,5,0.0,0.0,0.0,full_mu_schedule_linear_rep05,94005,1034.398318195759
silu,1,linear,3,1031.3634776348608,105,36.74119710922241,100,0.13478991596638656,0.13478991596638656,0.13478991596638656,linear,mu_schedule,5,0.0,0.0,0.0,full_mu_schedule_linear_rep05,94005,1031.3634776348608
silu,1,linear,3,1025.2147485871783,106,33.886354207992554,100,0.1264705882352941,0.1264705882352941,0.1264705882352941,linear,mu_schedule,5,0.0,0.0,0.0,full_mu_schedule_linear_rep05,94005,1025.2147485871783
silu,1,linear,3,1019.6731523227671,107,33.214739084243774,100,0.11815126050420167,0.11815126050420167,0.11815126050420167,linear,mu_schedule,5,0.0,0.0,0.0,full_mu_schedule_linear_rep05,94005,1019.6731523227671
silu,1,linear,3,1015.4073270448048,108,34.26761817932129,100,0.10983193277310925,0.10983193277310925,0.10983193277310925,linear,mu_schedule,5,0.0,0.0,0.0,full_mu_schedule_linear_rep05,94005,1015.4073270448048
silu,1,linear,3,1010.3001679310316,109,35.551027059555054,100,0.10151260504201681,0.10151260504201681,0.10151260504201681,linear,mu_schedule,5,0.0,0.0,0.0,full_mu_schedule_linear_rep05,94005,1010.3001679310316
silu,1,linear,3,1002.4726437005462,110,35.614059925079346,100,0.09319327731092437,0.09319327731092437,0.09319327731092437,linear,mu_schedule,5,0.0,0.0,0.0,full_mu_schedule_linear_rep05,94005,1002.4726437005462
silu,1,linear,3,996.6226031375024,111,36.05129790306091,100,0.08487394957983194,0.08487394957983194,0.08487394957983194,linear,mu_schedule,5,0.0,0.0,0.0,full_mu_schedule_linear_rep05,94005,996.6226031375024
silu,1,linear,3,988.9327501088053,112,34.56222701072693,100,0.0765546218487395,0.0765546218487395,0.0765546218487395,linear,mu_schedule,5,0.0,0.0,0.0,full_mu_schedule_linear_rep05,94005,988.9327501088053
silu,1,linear,3,978.7774531876244,113,34.14990496635437,100,0.06823529411764706,0.06823529411764706,0.06823529411764706,linear,mu_schedule,5,0.0,0.0,0.0,full_mu_schedule_linear_rep05,94005,978.7774531876244
silu,1,linear,3,970.4773119199443,114,34.27939820289612,100,0.05991596638655462,0.05991596638655462,0.05991596638655462,linear,mu_schedule,5,0.0,0.0,0.0,full_mu_schedule_linear_rep05,94005,970.4773119199443
silu,1,linear,3,961.8860233503044,115,36.77544903755188,100,0.051596638655462185,0.051596638655462185,0.051596638655462185,linear,mu_schedule,5,0.0,0.0,0.0,full_mu_schedule_linear_rep05,94005,961.8860233503044
silu,1,linear,3,956.7763374234253,116,37.338440895080566,100,0.04327731092436975,0.04327731092436975,0.04327731092436975,linear,mu_schedule,5,0.0,0.0,0.0,full_mu_schedule_linear_rep05,94005,956.7763374234253
silu,1,linear,3,943.7300117834957,117,35.68066716194153,100,0.03495798319327731,0.03495798319327731,0.03495798319327731,linear,mu_schedule,5,0.0,0.0,0.0,full_mu_schedule_linear_rep05,94005,943.7300117834957
silu,1,linear,3,943.5929034375546,118,37.40833401679993,100,0.026638655462184874,0.026638655462184874,0.026638655462184874,linear,mu_schedule,5,0.0,0.0,0.0,full_mu_schedule_linear_rep05,94005,943.5929034375546
silu,1,linear,3,916.8339132456819,119,36.43879294395447,100,0.018319327731092436,0.018319327731092436,0.018319327731092436,linear,mu_schedule,5,0.0,0.0,0.0,full_mu_schedule_linear_rep05,94005,916.8339132456819
silu,1,linear,3,900.1991720428138,120,35.647422075271606,100,0.01,0.01,0.01,linear,mu_schedule,5,0.0,0.0,0.0,full_mu_schedule_linear_rep05,94005,900.1991720428138
silu,1,linear,3,873.6280766128137,121,35.01245403289795,100,0.01,0.01,0.0,linear,mu_schedule,5,0.0,0.0,0.0,full_mu_schedule_linear_rep05,94005,873.6280766128137
silu,1,linear,3,879.347558083912,122,29.780153036117554,100,0.01,0.01,0.0,linear,mu_schedule,5,0.0,0.0,0.0,full_mu_schedule_linear_rep05,94005,879.347558083912
silu,1,linear,3,872.0997575313855,123,29.93001699447632,100,0.01,0.01,0.0,linear,mu_schedule,5,0.0,0.0,0.0,full_mu_schedule_linear_rep05,94005,872.0997575313855
silu,1,linear,3,878.2976663020548,124,29.863795042037964,100,0.01,0.01,0.0,linear,mu_schedule,5,0.0,0.0,0.0,full_mu_schedule_linear_rep05,94005,878.2976663020548
silu,1,linear,3,874.0516699391061,125,28.550167083740234,100,0.01,0.01,0.0,linear,mu_schedule,5,0.0,0.0,0.0,full_mu_schedule_linear_rep05,94005,874.0516699391061
silu,1,linear,3,879.4948426926036,126,30.087597131729126,100,0.01,0.01,0.0,linear,mu_schedule,5,0.0,0.0,0.0,full_mu_schedule_linear_rep05,94005,879.4948426926036
silu,1,linear,3,889.1864989086871,127,31.167218923568726,100,0.01,0.01,0.0,linear,mu_schedule,5,0.0,0.0,0.0,full_mu_schedule_linear_rep05,94005,889.1864989086871
silu,1,linear,3,873.5100615155039,128,31.629228115081787,100,0.01,0.01,0.0,linear,mu_schedule,5,0.0,0.0,0.0,full_mu_schedule_linear_rep05,94005,873.5100615155039
silu,1,linear,3,873.6134760191599,129,30.072975873947144,100,0.01,0.01,0.0,linear,mu_schedule,5,0.0,0.0,0.0,full_mu_schedule_linear_rep05,94005,873.6134760191599
silu,1,linear,3,879.4916750209519,130,31.383486032485962,100,0.01,0.01,0.0,linear,mu_schedule,5,0.0,0.0,0.0,full_mu_schedule_linear_rep05,94005,879.4916750209519
silu,1,linear,3,2100.305332521368,1,94.45310306549072,100,1.0,1.0,1.0,linear,mu_schedule,6,0.0,0.0,0.0,full_mu_schedule_linear_rep06,94006,2100.305332521368
silu,1,linear,3,1007.2138456040628,2,30.414452075958252,100,0.9916806722689075,0.9916806722689075,0.9916806722689075,linear,mu_schedule,6,0.0,0.0,0.0,full_mu_schedule_linear_rep06,94006,1007.2138456040628
silu,1,linear,3,1005.4334533162967,3,32.64010286331177,100,0.9833613445378151,0.9833613445378151,0.9833613445378151,linear,mu_schedule,6,0.0,0.0,0.0,full_mu_schedule_linear_rep06,94006,1005.4334533162967
silu,1,linear,3,1000.9963206487427,4,31.20169711112976,100,0.9750420168067226,0.9750420168067226,0.9750420168067226,linear,mu_schedule,6,0.0,0.0,0.0,full_mu_schedule_linear_rep06,94006,1000.9963206487427
silu,1,linear,3,998.9121286090211,5,32.8089759349823,100,0.9667226890756303,0.9667226890756303,0.9667226890756303,linear,mu_schedule,6,0.0,0.0,0.0,full_mu_schedule_linear_rep06,94006,998.9121286090211
silu,1,linear,3,999.0852400074406,6,31.92419409751892,100,0.9584033613445379,0.9584033613445379,0.9584033613445379,linear,mu_schedule,6,0.0,0.0,0.0,full_mu_schedule_linear_rep06,94006,999.0852400074406
silu,1,linear,3,1000.5000948060567,7,30.3596670627594,100,0.9500840336134454,0.9500840336134454,0.9500840336134454,linear,mu_schedule,6,0.0,0.0,0.0,full_mu_schedule_linear_rep06,94006,1000.5000948060567
silu,1,linear,3,1002.4402899378869,8,31.706617832183838,100,0.941764705882353,0.941764705882353,0.941764705882353,linear,mu_schedule,6,0.0,0.0,0.0,full_mu_schedule_linear_rep06,94006,1002.4402899378869
silu,1,linear,3,1004.5662231944632,9,32.30387806892395,100,0.9334453781512605,0.9334453781512605,0.9334453781512605,linear,mu_schedule,6,0.0,0.0,0.0,full_mu_schedule_linear_rep06,94006,1004.5662231944632
silu,1,linear,3,1006.6554975795234,10,30.55459499359131,100,0.925126050420168,0.925126050420168,0.925126050420168,linear,mu_schedule,6,0.0,0.0,0.0,full_mu_schedule_linear_rep06,94006,1006.6554975795234
silu,1,linear,3,1009.1082247696286,11,32.17276692390442,100,0.9168067226890756,0.9168067226890756,0.9168067226890756,linear,mu_schedule,6,0.0,0.0,0.0,full_mu_schedule_linear_rep06,94006,1009.1082247696286
silu,1,linear,3,1011.7650158613329,12,31.161540031433105,100,0.9084873949579831,0.9084873949579831,0.9084873949579831,linear,mu_schedule,6,0.0,0.0,0.0,full_mu_schedule_linear_rep06,94006,1011.7650158613329
silu,1,linear,3,1014.8290835864311,13,31.641534090042114,100,0.9001680672268908,0.9001680672268908,0.9001680672268908,linear,mu_schedule,6,0.0,0.0,0.0,full_mu_schedule_linear_rep06,94006,1014.8290835864311
silu,1,linear,3,1017.9767389842222,14,32.13400983810425,100,0.8918487394957983,0.8918487394957983,0.8918487394957983,linear,mu_schedule,6,0.0,0.0,0.0,full_mu_schedule_linear_rep06,94006,1017.9767389842222
silu,1,linear,3,1021.1447868440515,15,31.391775846481323,100,0.8835294117647059,0.8835294117647059,0.8835294117647059,linear,mu_schedule,6,0.0,0.0,0.0,full_mu_schedule_linear_rep06,94006,1021.1447868440515
silu,1,linear,3,1024.3567513253658,16,32.55147910118103,100,0.8752100840336134,0.8752100840336134,0.8752100840336134,linear,mu_schedule,6,0.0,0.0,0.0,full_mu_schedule_linear_rep06,94006,1024.3567513253658
silu,1,linear,3,1027.4946982588758,17,33.70826196670532,100,0.866890756302521,0.866890756302521,0.866890756302521,linear,mu_schedule,6,0.0,0.0,0.0,full_mu_schedule_linear_rep06,94006,1027.4946982588758
silu,1,linear,3,1030.5210895705347,18,31.77255606651306,100,0.8585714285714285,0.8585714285714285,0.8585714285714285,linear,mu_schedule,6,0.0,0.0,0.0,full_mu_schedule_linear_rep06,94006,1030.5210895705347
silu,1,linear,3,1033.4711225341644,19,32.400657176971436,100,0.8502521008403361,0.8502521008403361,0.8502521008403361,linear,mu_schedule,6,0.0,0.0,0.0,full_mu_schedule_linear_rep06,94006,1033.4711225341644
silu,1,linear,3,1036.3824301102163,20,32.957870960235596,100,0.8419327731092437,0.8419327731092437,0.8419327731092437,linear,mu_schedule,6,0.0,0.0,0.0,full_mu_schedule_linear_rep06,94006,1036.3824301102163
silu,1,linear,3,1039.254561016503,21,31.453911066055298,100,0.8336134453781513,0.8336134453781513,0.8336134453781513,linear,mu_schedule,6,0.0,0.0,0.0,full_mu_schedule_linear_rep06,94006,1039.254561016503
silu,1,linear,3,1042.033026689246,22,31.62999701499939,100,0.8252941176470588,0.8252941176470588,0.8252941176470588,linear,mu_schedule,6,0.0,0.0,0.0,full_mu_schedule_linear_rep06,94006,1042.033026689246
silu,1,linear,3,1044.7613837138138,23,30.517312049865723,100,0.8169747899159664,0.8169747899159664,0.8169747899159664,linear,mu_schedule,6,0.0,0.0,0.0,full_mu_schedule_linear_rep06,94006,1044.7613837138138
silu,1,linear,3,1047.4654061285207,24,31.65100121498108,100,0.8086554621848739,0.8086554621848739,0.8086554621848739,linear,mu_schedule,6,0.0,0.0,0.0,full_mu_schedule_linear_rep06,94006,1047.4654061285207
silu,1,linear,3,1050.1532435620957,25,31.510989904403687,100,0.8003361344537815,0.8003361344537815,0.8003361344537815,linear,mu_schedule,6,0.0,0.0,0.0,full_mu_schedule_linear_rep06,94006,1050.1532435620957
silu,1,linear,3,1052.808259744292,26,30.634752988815308,100,0.792016806722689,0.792016806722689,0.792016806722689,linear,mu_schedule,6,0.0,0.0,0.0,full_mu_schedule_linear_rep06,94006,1052.808259744292
silu,1,linear,3,1055.4679764637701,27,32.307433128356934,100,0.7836974789915966,0.7836974789915966,0.7836974789915966,linear,mu_schedule,6,0.0,0.0,0.0,full_mu_schedule_linear_rep06,94006,1055.4679764637701
silu,1,linear,3,1058.1253011048273,28,32.19153714179993,100,0.7753781512605042,0.7753781512605042,0.7753781512605042,linear,mu_schedule,6,0.0,0.0,0.0,full_mu_schedule_linear_rep06,94006,1058.1253011048273
silu,1,linear,3,1060.8298716997244,29,32.15305495262146,100,0.7670588235294118,0.7670588235294118,0.7670588235294118,linear,mu_schedule,6,0.0,0.0,0.0,full_mu_schedule_linear_rep06,94006,1060.8298716997244
silu,1,linear,3,1063.444833195907,30,33.42247986793518,100,0.7587394957983193,0.7587394957983193,0.7587394957983193,linear,mu_schedule,6,0.0,0.0,0.0,full_mu_schedule_linear_rep06,94006,1063.444833195907
silu,1,linear,3,1066.1973006646806,31,30.890036821365356,100,0.7504201680672269,0.7504201680672269,0.7504201680672269,linear,mu_schedule,6,0.0,0.0,0.0,full_mu_schedule_linear_rep06,94006,1066.1973006646806
silu,1,linear,3,1068.7842035070794,32,32.09894680976868,100,0.7421008403361344,0.7421008403361344,0.7421008403361344,linear,mu_schedule,6,0.0,0.0,0.0,full_mu_schedule_linear_rep06,94006,1068.7842035070794
silu,1,linear,3,1071.5164919556905,33,31.77890396118164,100,0.733781512605042,0.733781512605042,0.733781512605042,linear,mu_schedule,6,0.0,0.0,0.0,full_mu_schedule_linear_rep06,94006,1071.5164919556905
silu,1,linear,3,1074.0766595855787,34,30.991362810134888,100,0.7254621848739495,0.7254621848739495,0.7254621848739495,linear,mu_schedule,6,0.0,0.0,0.0,full_mu_schedule_linear_rep06,94006,1074.0766595855787
silu,1,linear,3,1076.6866708080472,35,31.520097970962524,100,0.7171428571428572,0.7171428571428572,0.7171428571428572,linear,mu_schedule,6,0.0,0.0,0.0,full_mu_schedule_linear_rep06,94006,1076.6866708080472
silu,1,linear,3,1079.250470847762,36,31.22531795501709,100,0.7088235294117647,0.7088235294117647,0.7088235294117647,linear,mu_schedule,6,0.0,0.0,0.0,full_mu_schedule_linear_rep06,94006,1079.250470847762
silu,1,linear,3,1081.7618750704291,37,31.532927989959717,100,0.7005042016806723,0.7005042016806723,0.7005042016806723,linear,mu_schedule,6,0.0,0.0,0.0,full_mu_schedule_linear_rep06,94006,1081.7618750704291
silu,1,linear,3,1084.248227131088,38,32.220871925354004,100,0.6921848739495798,0.6921848739495798,0.6921848739495798,linear,mu_schedule,6,0.0,0.0,0.0,full_mu_schedule_linear_rep06,94006,1084.248227131088
silu,1,linear,3,1086.5810903762076,39,31.754987001419067,100,0.6838655462184874,0.6838655462184874,0.6838655462184874,linear,mu_schedule,6,0.0,0.0,0.0,full_mu_schedule_linear_rep06,94006,1086.5810903762076
silu,1,linear,3,1088.8998518421286,40,32.6567759513855,100,0.6755462184873949,0.6755462184873949,0.6755462184873949,linear,mu_schedule,6,0.0,0.0,0.0,full_mu_schedule_linear_rep06,94006,1088.8998518421286
silu,1,linear,3,1091.0434905526463,41,32.773051023483276,100,0.6672268907563025,0.6672268907563025,0.6672268907563025,linear,mu_schedule,6,0.0,0.0,0.0,full_mu_schedule_linear_rep06,94006,1091.0434905526463
silu,1,linear,3,1092.9212043801933,42,31.464611053466797,100,0.65890756302521,0.65890756302521,0.65890756302521,linear,mu_schedule,6,0.0,0.0,0.0,full_mu_schedule_linear_rep06,94006,1092.9212043801933
silu,1,linear,3,1094.5029985908957,43,32.66263794898987,100,0.6505882352941177,0.6505882352941177,0.6505882352941177,linear,mu_schedule,6,0.0,0.0,0.0,full_mu_schedule_linear_rep06,94006,1094.5029985908957
silu,1,linear,3,1096.1052666845758,44,31.030894994735718,100,0.6422689075630252,0.6422689075630252,0.6422689075630252,linear,mu_schedule,6,0.0,0.0,0.0,full_mu_schedule_linear_rep06,94006,1096.1052666845758
silu,1,linear,3,1098.4828239125648,45,32.60717511177063,100,0.6339495798319328,0.6339495798319328,0.6339495798319328,linear,mu_schedule,6,0.0,0.0,0.0,full_mu_schedule_linear_rep06,94006,1098.4828239125648
silu,1,linear,3,1100.1390233818406,46,31.503305912017822,100,0.6256302521008403,0.6256302521008403,0.6256302521008403,linear,mu_schedule,6,0.0,0.0,0.0,full_mu_schedule_linear_rep06,94006,1100.1390233818406
silu,1,linear,3,1103.0444045822928,47,32.9130802154541,100,0.6173109243697479,0.6173109243697479,0.6173109243697479,linear,mu_schedule,6,0.0,0.0,0.0,full_mu_schedule_linear_rep06,94006,1103.0444045822928
silu,1,linear,3,1103.9561942372532,48,32.27330493927002,100,0.6089915966386554,0.6089915966386554,0.6089915966386554,linear,mu_schedule,6,0.0,0.0,0.0,full_mu_schedule_linear_rep06,94006,1103.9561942372532
silu,1,linear,3,1107.2551840103533,49,31.908883094787598,100,0.600672268907563,0.600672268907563,0.600672268907563,linear,mu_schedule,6,0.0,0.0,0.0,full_mu_schedule_linear_rep06,94006,1107.2551840103533
silu,1,linear,3,1108.478231261822,50,31.058806896209717,100,0.5923529411764706,0.5923529411764706,0.5923529411764706,linear,mu_schedule,6,0.0,0.0,0.0,full_mu_schedule_linear_rep06,94006,1108.478231261822
silu,1,linear,3,1110.9181686021707,51,31.739691019058228,100,0.5840336134453782,0.5840336134453782,0.5840336134453782,linear,mu_schedule,6,0.0,0.0,0.0,full_mu_schedule_linear_rep06,94006,1110.9181686021707
silu,1,linear,3,1113.383339670183,52,30.634829998016357,100,0.5757142857142857,0.5757142857142857,0.5757142857142857,linear,mu_schedule,6,0.0,0.0,0.0,full_mu_schedule_linear_rep06,94006,1113.383339670183
silu,1,linear,3,1114.175996130295,53,31.670797109603882,100,0.5673949579831933,0.5673949579831933,0.5673949579831933,linear,mu_schedule,6,0.0,0.0,0.0,full_mu_schedule_linear_rep06,94006,1114.175996130295
silu,1,linear,3,1116.819727021094,54,31.80730700492859,100,0.5590756302521008,0.5590756302521008,0.5590756302521008,linear,mu_schedule,6,0.0,0.0,0.0,full_mu_schedule_linear_rep06,94006,1116.819727021094
silu,1,linear,3,1117.406629759899,55,31.024213075637817,100,0.5507563025210084,0.5507563025210084,0.5507563025210084,linear,mu_schedule,6,0.0,0.0,0.0,full_mu_schedule_linear_rep06,94006,1117.406629759899
silu,1,linear,3,1120.1272908846058,56,31.807703971862793,100,0.5424369747899159,0.5424369747899159,0.5424369747899159,linear,mu_schedule,6,0.0,0.0,0.0,full_mu_schedule_linear_rep06,94006,1120.1272908846058
silu,1,linear,3,1120.4447875630553,57,31.24587607383728,100,0.5341176470588235,0.5341176470588235,0.5341176470588235,linear,mu_schedule,6,0.0,0.0,0.0,full_mu_schedule_linear_rep06,94006,1120.4447875630553
silu,1,linear,3,1123.1932508296104,58,30.490610122680664,100,0.5257983193277311,0.5257983193277311,0.5257983193277311,linear,mu_schedule,6,0.0,0.0,0.0,full_mu_schedule_linear_rep06,94006,1123.1932508296104
silu,1,linear,3,1123.2861897219252,59,31.89294409751892,100,0.5174789915966387,0.5174789915966387,0.5174789915966387,linear,mu_schedule,6,0.0,0.0,0.0,full_mu_schedule_linear_rep06,94006,1123.2861897219252
silu,1,linear,3,1125.818772128536,60,31.01453399658203,100,0.5091596638655462,0.5091596638655462,0.5091596638655462,linear,mu_schedule,6,0.0,0.0,0.0,full_mu_schedule_linear_rep06,94006,1125.818772128536
silu,1,linear,3,1125.9407396846743,61,31.876200914382935,100,0.5008403361344538,0.5008403361344538,0.5008403361344538,linear,mu_schedule,6,0.0,0.0,0.0,full_mu_schedule_linear_rep06,94006,1125.9407396846743
silu,1,linear,3,1128.2298023342598,62,34.09191393852234,100,0.4925210084033613,0.4925210084033613,0.4925210084033613,linear,mu_schedule,6,0.0,0.0,0.0,full_mu_schedule_linear_rep06,94006,1128.2298023342598
silu,1,linear,3,1128.3682433735844,63,32.860411167144775,100,0.48420168067226893,0.48420168067226893,0.48420168067226893,linear,mu_schedule,6,0.0,0.0,0.0,full_mu_schedule_linear_rep06,94006,1128.3682433735844
silu,1,linear,3,1130.268319312358,64,35.11297297477722,100,0.4758823529411765,0.4758823529411765,0.4758823529411765,linear,mu_schedule,6,0.0,0.0,0.0,full_mu_schedule_linear_rep06,94006,1130.268319312358
silu,1,linear,3,1130.6937746999113,65,36.36609411239624,100,0.467563025210084,0.467563025210084,0.467563025210084,linear,mu_schedule,6,0.0,0.0,0.0,full_mu_schedule_linear_rep06,94006,1130.6937746999113
silu,1,linear,3,1132.1405508015991,66,34.20422887802124,100,0.4592436974789916,0.4592436974789916,0.4592436974789916,linear,mu_schedule,6,0.0,0.0,0.0,full_mu_schedule_linear_rep06,94006,1132.1405508015991
silu,1,linear,3,1132.6473800544964,67,33.989607095718384,100,0.4509243697478992,0.4509243697478992,0.4509243697478992,linear,mu_schedule,6,0.0,0.0,0.0,full_mu_schedule_linear_rep06,94006,1132.6473800544964
silu,1,linear,3,1133.733688034475,68,32.98941493034363,100,0.4426050420168067,0.4426050420168067,0.4426050420168067,linear,mu_schedule,6,0.0,0.0,0.0,full_mu_schedule_linear_rep06,94006,1133.733688034475
silu,1,linear,3,1134.331579349465,69,33.502586126327515,100,0.4342857142857143,0.4342857142857143,0.4342857142857143,linear,mu_schedule,6,0.0,0.0,0.0,full_mu_schedule_linear_rep06,94006,1134.331579349465
silu,1,linear,3,1135.1585436592509,70,34.775336027145386,100,0.4259663865546218,0.4259663865546218,0.4259663865546218,linear,mu_schedule,6,0.0,0.0,0.0,full_mu_schedule_linear_rep06,94006,1135.1585436592509
silu,1,linear,3,1135.5928820480317,71,32.66559386253357,100,0.4176470588235294,0.4176470588235294,0.4176470588235294,linear,mu_schedule,6,0.0,0.0,0.0,full_mu_schedule_linear_rep06,94006,1135.5928820480317
silu,1,linear,3,1136.2663891039037,72,33.82154297828674,100,0.409327731092437,0.409327731092437,0.409327731092437,linear,mu_schedule,6,0.0,0.0,0.0,full_mu_schedule_linear_rep06,94006,1136.2663891039037
silu,1,linear,3,1136.3750453020612,73,32.58646488189697,100,0.4010084033613445,0.4010084033613445,0.4010084033613445,linear,mu_schedule,6,0.0,0.0,0.0,full_mu_schedule_linear_rep06,94006,1136.3750453020612
silu,1,linear,3,1131.1034960250197,74,34.08000087738037,100,0.3926890756302521,0.3926890756302521,0.3926890756302521,linear,mu_schedule,6,0.0,0.0,0.0,full_mu_schedule_linear_rep06,94006,1131.1034960250197
silu,1,linear,3,1133.418381172182,75,36.566262006759644,100,0.3843697478991597,0.3843697478991597,0.3843697478991597,linear,mu_schedule,6,0.0,0.0,0.0,full_mu_schedule_linear_rep06,94006,1133.418381172182
silu,1,linear,3,1130.5871594727132,76,31.75052809715271,100,0.3760504201680672,0.3760504201680672,0.3760504201680672,linear,mu_schedule,6,0.0,0.0,0.0,full_mu_schedule_linear_rep06,94006,1130.5871594727132
silu,1,linear,3,1133.603816139946,77,34.36071300506592,100,0.36773109243697477,0.36773109243697477,0.36773109243697477,linear,mu_schedule,6,0.0,0.0,0.0,full_mu_schedule_linear_rep06,94006,1133.603816139946
silu,1,linear,3,1134.2804508089785,78,33.842862129211426,100,0.3594117647058824,0.3594117647058824,0.3594117647058824,linear,mu_schedule,6,0.0,0.0,0.0,full_mu_schedule_linear_rep06,94006,1134.2804508089785
silu,1,linear,3,1133.9083992718852,79,33.878340005874634,100,0.3510924369747899,0.3510924369747899,0.3510924369747899,linear,mu_schedule,6,0.0,0.0,0.0,full_mu_schedule_linear_rep06,94006,1133.9083992718852
silu,1,linear,3,1133.5504509839423,80,34.41039991378784,100,0.34277310924369747,0.34277310924369747,0.34277310924369747,linear,mu_schedule,6,0.0,0.0,0.0,full_mu_schedule_linear_rep06,94006,1133.5504509839423
silu,1,linear,3,1133.2411511956823,81,32.10154390335083,100,0.334453781512605,0.334453781512605,0.334453781512605,linear,mu_schedule,6,0.0,0.0,0.0,full_mu_schedule_linear_rep06,94006,1133.2411511956823
silu,1,linear,3,1131.4296854747317,82,36.19590497016907,100,0.3261344537815126,0.3261344537815126,0.3261344537815126,linear,mu_schedule,6,0.0,0.0,0.0,full_mu_schedule_linear_rep06,94006,1131.4296854747317
silu,1,linear,3,1132.1135122439598,83,37.62285304069519,100,0.31781512605042017,0.31781512605042017,0.31781512605042017,linear,mu_schedule,6,0.0,0.0,0.0,full_mu_schedule_linear_rep06,94006,1132.1135122439598
silu,1,linear,3,1127.8308647395843,84,34.514833211898804,100,0.3094957983193277,0.3094957983193277,0.3094957983193277,linear,mu_schedule,6,0.0,0.0,0.0,full_mu_schedule_linear_rep06,94006,1127.8308647395843
silu,1,linear,3,1129.0608285948454,85,34.65363788604736,100,0.30117647058823527,0.30117647058823527,0.30117647058823527,linear,mu_schedule,6,0.0,0.0,0.0,full_mu_schedule_linear_rep06,94006,1129.0608285948454
silu,1,linear,3,1129.2848819737194,86,34.10550403594971,100,0.29285714285714287,0.29285714285714287,0.29285714285714287,linear,mu_schedule,6,0.0,0.0,0.0,full_mu_schedule_linear_rep06,94006,1129.2848819737194
silu,1,linear,3,1128.8138868560197,87,35.39091897010803,100,0.2845378151260504,0.2845378151260504,0.2845378151260504,linear,mu_schedule,6,0.0,0.0,0.0,full_mu_schedule_linear_rep06,94006,1128.8138868560197
silu,1,linear,3,1127.788930544172,88,35.346704959869385,100,0.27621848739495797,0.27621848739495797,0.27621848739495797,linear,mu_schedule,6,0.0,0.0,0.0,full_mu_schedule_linear_rep06,94006,1127.788930544172
silu,1,linear,3,1127.7031258572986,89,34.45480394363403,100,0.26789915966386557,0.26789915966386557,0.26789915966386557,linear,mu_schedule,6,0.0,0.0,0.0,full_mu_schedule_linear_rep06,94006,1127.7031258572986
silu,1,linear,3,1121.9737910162157,90,34.89112210273743,100,0.2595798319327731,0.2595798319327731,0.2595798319327731,linear,mu_schedule,6,0.0,0.0,0.0,full_mu_schedule_linear_rep06,94006,1121.9737910162157
silu,1,linear,3,1125.8855662649619,91,36.05492186546326,100,0.25126050420168067,0.25126050420168067,0.25126050420168067,linear,mu_schedule,6,0.0,0.0,0.0,full_mu_schedule_linear_rep06,94006,1125.8855662649619
silu,1,linear,3,1122.5885404166606,92,32.97293186187744,100,0.24294117647058824,0.24294117647058824,0.24294117647058824,linear,mu_schedule,6,0.0,0.0,0.0,full_mu_schedule_linear_rep06,94006,1122.5885404166606
silu,1,linear,3,1117.3822013289114,93,33.91660189628601,100,0.2346218487394958,0.2346218487394958,0.2346218487394958,linear,mu_schedule,6,0.0,0.0,0.0,full_mu_schedule_linear_rep06,94006,1117.3822013289114
silu,1,linear,3,1113.9174181041815,94,32.90846800804138,100,0.22630252100840337,0.22630252100840337,0.22630252100840337,linear,mu_schedule,6,0.0,0.0,0.0,full_mu_schedule_linear_rep06,94006,1113.9174181041815
silu,1,linear,3,1117.7611782919212,95,34.47221302986145,100,0.21798319327731092,0.21798319327731092,0.21798319327731092,linear,mu_schedule,6,0.0,0.0,0.0,full_mu_schedule_linear_rep06,94006,1117.7611782919212
silu,1,linear,3,1115.8356586357431,96,36.41524600982666,100,0.2096638655462185,0.2096638655462185,0.2096638655462185,linear,mu_schedule,6,0.0,0.0,0.0,full_mu_schedule_linear_rep06,94006,1115.8356586357431
silu,1,linear,3,1107.7586509711928,97,33.016695976257324,100,0.20134453781512604,0.20134453781512604,0.20134453781512604,linear,mu_schedule,6,0.0,0.0,0.0,full_mu_schedule_linear_rep06,94006,1107.7586509711928
silu,1,linear,3,1108.5846703947618,98,34.72049117088318,100,0.19302521008403362,0.19302521008403362,0.19302521008403362,linear,mu_schedule,6,0.0,0.0,0.0,full_mu_schedule_linear_rep06,94006,1108.5846703947618
silu,1,linear,3,1109.5643911878221,99,35.122997999191284,100,0.18470588235294116,0.18470588235294116,0.18470588235294116,linear,mu_schedule,6,0.0,0.0,0.0,full_mu_schedule_linear_rep06,94006,1109.5643911878221
silu,1,linear,3,1108.1375954442422,100,34.13178110122681,100,0.17638655462184874,0.17638655462184874,0.17638655462184874,linear,mu_schedule,6,0.0,0.0,0.0,full_mu_schedule_linear_rep06,94006,1108.1375954442422
silu,1,linear,3,1098.6695770364195,101,37.81513786315918,100,0.16806722689075632,0.16806722689075632,0.16806722689075632,linear,mu_schedule,6,0.0,0.0,0.0,full_mu_schedule_linear_rep06,94006,1098.6695770364195
silu,1,linear,3,1096.6213958969054,102,33.402442932128906,100,0.15974789915966386,0.15974789915966386,0.15974789915966386,linear,mu_schedule,6,0.0,0.0,0.0,full_mu_schedule_linear_rep06,94006,1096.6213958969054
silu,1,linear,3,1096.327332476243,103,36.54090690612793,100,0.15142857142857144,0.15142857142857144,0.15142857142857144,linear,mu_schedule,6,0.0,0.0,0.0,full_mu_schedule_linear_rep06,94006,1096.327332476243
silu,1,linear,3,1088.9232364693844,104,35.37112379074097,100,0.143109243697479,0.143109243697479,0.143109243697479,linear,mu_schedule,6,0.0,0.0,0.0,full_mu_schedule_linear_rep06,94006,1088.9232364693844
silu,1,linear,3,1084.7292566180558,105,34.167245864868164,100,0.13478991596638656,0.13478991596638656,0.13478991596638656,linear,mu_schedule,6,0.0,0.0,0.0,full_mu_schedule_linear_rep06,94006,1084.7292566180558
silu,1,linear,3,1090.5657813527134,106,35.87091398239136,100,0.1264705882352941,0.1264705882352941,0.1264705882352941,linear,mu_schedule,6,0.0,0.0,0.0,full_mu_schedule_linear_rep06,94006,1090.5657813527134
silu,1,linear,3,1091.8440512125787,107,35.32497000694275,100,0.11815126050420167,0.11815126050420167,0.11815126050420167,linear,mu_schedule,6,0.0,0.0,0.0,full_mu_schedule_linear_rep06,94006,1091.8440512125787
silu,1,linear,3,1075.5545441931388,108,34.84872007369995,100,0.10983193277310925,0.10983193277310925,0.10983193277310925,linear,mu_schedule,6,0.0,0.0,0.0,full_mu_schedule_linear_rep06,94006,1075.5545441931388
silu,1,linear,3,1082.7982459761167,109,35.85196399688721,100,0.10151260504201681,0.10151260504201681,0.10151260504201681,linear,mu_schedule,6,0.0,0.0,0.0,full_mu_schedule_linear_rep06,94006,1082.7982459761167
silu,1,linear,3,1069.0506332570194,110,35.45243215560913,100,0.09319327731092437,0.09319327731092437,0.09319327731092437,linear,mu_schedule,6,0.0,0.0,0.0,full_mu_schedule_linear_rep06,94006,1069.0506332570194
silu,1,linear,3,1074.5495947899233,111,36.44684982299805,100,0.08487394957983194,0.08487394957983194,0.08487394957983194,linear,mu_schedule,6,0.0,0.0,0.0,full_mu_schedule_linear_rep06,94006,1074.5495947899233
silu,1,linear,3,1078.328177602911,112,36.20619511604309,100,0.0765546218487395,0.0765546218487395,0.0765546218487395,linear,mu_schedule,6,0.0,0.0,0.0,full_mu_schedule_linear_rep06,94006,1078.328177602911
silu,1,linear,3,1080.3710146109313,113,36.03358292579651,100,0.06823529411764706,0.06823529411764706,0.06823529411764706,linear,mu_schedule,6,0.0,0.0,0.0,full_mu_schedule_linear_rep06,94006,1080.3710146109313
silu,1,linear,3,1082.9917201964856,114,34.94690203666687,100,0.05991596638655462,0.05991596638655462,0.05991596638655462,linear,mu_schedule,6,0.0,0.0,0.0,full_mu_schedule_linear_rep06,94006,1082.9917201964856
silu,1,linear,3,1090.7772135640705,115,36.61268591880798,100,0.051596638655462185,0.051596638655462185,0.051596638655462185,linear,mu_schedule,6,0.0,0.0,0.0,full_mu_schedule_linear_rep06,94006,1090.7772135640705
silu,1,linear,3,1107.8596897081798,116,34.493473052978516,100,0.04327731092436975,0.04327731092436975,0.04327731092436975,linear,mu_schedule,6,0.0,0.0,0.0,full_mu_schedule_linear_rep06,94006,1107.8596897081798
silu,1,linear,3,1119.1444297444468,117,36.84744715690613,100,0.03495798319327731,0.03495798319327731,0.03495798319327731,linear,mu_schedule,6,0.0,0.0,0.0,full_mu_schedule_linear_rep06,94006,1119.1444297444468
silu,1,linear,3,1127.682913069952,118,35.96660804748535,100,0.026638655462184874,0.026638655462184874,0.026638655462184874,linear,mu_schedule,6,0.0,0.0,0.0,full_mu_schedule_linear_rep06,94006,1127.682913069952
silu,1,linear,3,1156.911852242284,119,36.91378998756409,100,0.018319327731092436,0.018319327731092436,0.018319327731092436,linear,mu_schedule,6,0.0,0.0,0.0,full_mu_schedule_linear_rep06,94006,1156.911852242284
silu,1,linear,3,1148.9679112848212,120,36.640547037124634,100,0.01,0.01,0.01,linear,mu_schedule,6,0.0,0.0,0.0,full_mu_schedule_linear_rep06,94006,1148.9679112848212
silu,1,linear,3,1120.0290166282487,121,32.75728487968445,100,0.01,0.01,0.0,linear,mu_schedule,6,0.0,0.0,0.0,full_mu_schedule_linear_rep06,94006,1120.0290166282487
silu,1,linear,3,1118.6462864305486,122,30.401365995407104,100,0.01,0.01,0.0,linear,mu_schedule,6,0.0,0.0,0.0,full_mu_schedule_linear_rep06,94006,1118.6462864305486
silu,1,linear,3,1120.8936539690144,123,31.19457697868347,100,0.01,0.01,0.0,linear,mu_schedule,6,0.0,0.0,0.0,full_mu_schedule_linear_rep06,94006,1120.8936539690144
silu,1,linear,3,1116.637002342175,124,30.72906804084778,100,0.01,0.01,0.0,linear,mu_schedule,6,0.0,0.0,0.0,full_mu_schedule_linear_rep06,94006,1116.637002342175
silu,1,linear,3,1116.3858605947912,125,31.274937868118286,100,0.01,0.01,0.0,linear,mu_schedule,6,0.0,0.0,0.0,full_mu_schedule_linear_rep06,94006,1116.3858605947912
silu,1,linear,3,1125.0396768179082,126,30.414554119110107,100,0.01,0.01,0.0,linear,mu_schedule,6,0.0,0.0,0.0,full_mu_schedule_linear_rep06,94006,1125.0396768179082
silu,1,linear,3,1115.7874392802205,127,28.76824402809143,100,0.01,0.01,0.0,linear,mu_schedule,6,0.0,0.0,0.0,full_mu_schedule_linear_rep06,94006,1115.7874392802205
silu,1,linear,3,1129.7089470116487,128,30.562469005584717,100,0.01,0.01,0.0,linear,mu_schedule,6,0.0,0.0,0.0,full_mu_schedule_linear_rep06,94006,1129.7089470116487
silu,1,linear,3,1134.2473255084185,129,30.821360111236572,100,0.01,0.01,0.0,linear,mu_schedule,6,0.0,0.0,0.0,full_mu_schedule_linear_rep06,94006,1134.2473255084185
silu,1,linear,3,1120.700085538356,130,31.423367977142334,100,0.01,0.01,0.0,linear,mu_schedule,6,0.0,0.0,0.0,full_mu_schedule_linear_rep06,94006,1120.700085538356
silu,1,geometric,3,1907.212682084941,1,93.27920508384705,100,1.0,1.0,1.0,geometric,mu_schedule,1,0.0,0.0,0.0,full_mu_schedule_geometric_rep01,94001,1907.212682084941
silu,1,geometric,3,994.5149411913869,2,30.517700910568237,100,0.9620403271064759,0.9620403271064759,0.9620403271064759,geometric,mu_schedule,1,0.0,0.0,0.0,full_mu_schedule_geometric_rep01,94001,994.5149411913869
silu,1,geometric,3,991.7982366371277,3,30.417548894882202,100,0.9255215909791351,0.9255215909791351,0.9255215909791351,geometric,mu_schedule,1,0.0,0.0,0.0,full_mu_schedule_geometric_rep01,94001,991.7982366371277
silu,1,geometric,3,994.3950476126414,4,30.101716995239258,100,0.8903890941296732,0.8903890941296732,0.8903890941296732,geometric,mu_schedule,1,0.0,0.0,0.0,full_mu_schedule_geometric_rep01,94001,994.3950476126414
silu,1,geometric,3,1003.3107586604327,5,30.960668087005615,100,0.8565902153685495,0.8565902153685495,0.8565902153685495,geometric,mu_schedule,1,0.0,0.0,0.0,full_mu_schedule_geometric_rep01,94001,1003.3107586604327
silu,1,geometric,3,1012.3628635904447,6,32.016278982162476,100,0.824074330989366,0.824074330989366,0.824074330989366,geometric,mu_schedule,1,0.0,0.0,0.0,full_mu_schedule_geometric_rep01,94001,1012.3628635904447
silu,1,geometric,3,1020.9633954240672,7,29.75199794769287,100,0.79279273894506,0.79279273894506,0.79279273894506,geometric,mu_schedule,1,0.0,0.0,0.0,full_mu_schedule_geometric_rep01,94001,1020.9633954240672
silu,1,geometric,3,1029.0945162749695,8,30.907543897628784,100,0.7626985859023444,0.7626985859023444,0.7626985859023444,geometric,mu_schedule,1,0.0,0.0,0.0,full_mu_schedule_geometric_rep01,94001,1029.0945162749695
silu,1,geometric,3,1036.5938819653995,9,31.10323190689087,100,0.733746797065138,0.733746797065138,0.733746797065138,geometric,mu_schedule,1,0.0,0.0,0.0,full_mu_schedule_geometric_rep01,94001,1036.5938819653995
silu,1,geometric,3,1043.4945390187368,10,31.647501945495605,100,0.7058940086618744,0.7058940086618744,0.7058940086618744,geometric,mu_schedule,1,0.0,0.0,0.0,full_mu_schedule_geometric_rep01,94001,1043.4945390187368
silu,1,geometric,3,1049.8737649611387,11,31.515348196029663,100,0.6790985029955712,0.6790985029955712,0.6790985029955712,geometric,mu_schedule,1,0.0,0.0,0.0,full_mu_schedule_geometric_rep01,94001,1049.8737649611387
silu,1,geometric,3,1055.813117591999,12,30.956414937973022,100,0.6533201459593774,0.6533201459593774,0.6533201459593774,geometric,mu_schedule,1,0.0,0.0,0.0,full_mu_schedule_geometric_rep01,94001,1055.813117591999
silu,1,geometric,3,1061.3033541124628,13,30.548710107803345,100,0.62852032692401,0.62852032692401,0.62852032692401,geometric,mu_schedule,1,0.0,0.0,0.0,full_mu_schedule_geometric_rep01,94001,1061.3033541124628
silu,1,geometric,3,1066.3105129784549,14,32.15590786933899,100,0.6046619009070437,0.6046619009070437,0.6046619009070437,geometric,mu_schedule,1,0.0,0.0,0.0,full_mu_schedule_geometric_rep01,94001,1066.3105129784549
silu,1,geometric,3,1070.8602688215938,15,30.463469982147217,100,0.5817091329374359,0.5817091329374359,0.5817091329374359,geometric,mu_schedule,1,0.0,0.0,0.0,full_mu_schedule_geometric_rep01,94001,1070.8602688215938
silu,1,geometric,3,1075.0117799654693,16,31.723673820495605,100,0.5596276445319552,0.5596276445319552,0.5596276445319552,geometric,mu_schedule,1,0.0,0.0,0.0,full_mu_schedule_geometric_rep01,94001,1075.0117799654693
silu,1,geometric,3,1078.7812202677574,17,33.00250196456909,100,0.5383843622033488,0.5383843622033488,0.5383843622033488,geometric,mu_schedule,1,0.0,0.0,0.0,full_mu_schedule_geometric_rep01,94001,1078.7812202677574
silu,1,geometric,3,1082.1323598525003,18,33.689390897750854,100,0.5179474679231212,0.5179474679231212,0.5179474679231212,geometric,mu_schedule,1,0.0,0.0,0.0,full_mu_schedule_geometric_rep01,94001,1082.1323598525003
silu,1,geometric,3,1085.0380419540243,19,31.950236797332764,100,0.4982863514647304,0.4982863514647304,0.4982863514647304,geometric,mu_schedule,1,0.0,0.0,0.0,full_mu_schedule_geometric_rep01,94001,1085.0380419540243
silu,1,geometric,3,1087.4955717799955,20,30.33584189414978,100,0.47937156455582164,0.47937156455582164,0.47937156455582164,geometric,mu_schedule,1,0.0,0.0,0.0,full_mu_schedule_geometric_rep01,94001,1087.4955717799955
silu,1,geometric,3,1089.5418167002138,21,31.18150806427002,100,0.4611747767708258,0.4611747767708258,0.4611747767708258,geometric,mu_schedule,1,0.0,0.0,0.0,full_mu_schedule_geometric_rep01,94001,1089.5418167002138
silu,1,geometric,3,1091.220903098761,22,30.22316884994507,100,0.4436687330978612,0.4436687330978612,0.4436687330978612,geometric,mu_schedule,1,0.0,0.0,0.0,full_mu_schedule_geometric_rep01,94001,1091.220903098761
silu,1,geometric,3,1092.5631791955402,23,30.114031076431274,100,0.42682721311638216,0.42682721311638216,0.42682721311638216,geometric,mu_schedule,1,0.0,0.0,0.0,full_mu_schedule_geometric_rep01,94001,1092.5631791955402
silu,1,geometric,3,1093.6055261339554,24,30.646620988845825,100,0.4106249917244298,0.4106249917244298,0.4106249917244298,geometric,mu_schedule,1,0.0,0.0,0.0,full_mu_schedule_geometric_rep01,94001,1093.6055261339554
silu,1,geometric,3,1094.4344945030273,25,31.797083139419556,100,0.39503780135666444,0.39503780135666444,0.39503780135666444,geometric,mu_schedule,1,0.0,0.0,0.0,full_mu_schedule_geometric_rep01,94001,1094.4344945030273
silu,1,geometric,3,1095.1753575911775,26,29.557930946350098,100,0.3800422956365885,0.3800422956365885,0.3800422956365885,geometric,mu_schedule,1,0.0,0.0,0.0,full_mu_schedule_geometric_rep01,94001,1095.1753575911775
silu,1,geometric,3,1095.9378072097934,27,32.167969942092896,100,0.3656160144085196,0.3656160144085196,0.3656160144085196,geometric,mu_schedule,1,0.0,0.0,0.0,full_mu_schedule_geometric_rep01,94001,1095.9378072097934
silu,1,geometric,3,1096.600256697758,28,30.34031391143799,100,0.3517373500969382,0.3517373500969382,0.3517373500969382,geometric,mu_schedule,1,0.0,0.0,0.0,full_mu_schedule_geometric_rep01,94001,1096.600256697758
silu,1,geometric,3,1096.4912692009564,29,32.475464820861816,100,0.33838551534282346,0.33838551534282346,0.33838551534282346,geometric,mu_schedule,1,0.0,0.0,0.0,full_mu_schedule_geometric_rep01,94001,1096.4912692009564
silu,1,geometric,3,1095.648078024439,30,30.856569051742554,100,0.3255405118685033,0.3255405118685033,0.3255405118685033,geometric,mu_schedule,1,0.0,0.0,0.0,full_mu_schedule_geometric_rep01,94001,1095.648078024439
silu,1,geometric,3,1094.2911053937348,31,31.685706853866577,100,0.3131831005243845,0.3131831005243845,0.3131831005243845,geometric,mu_schedule,1,0.0,0.0,0.0,full_mu_schedule_geometric_rep01,94001,1094.2911053937348
silu,1,geometric,3,1092.7838859417275,32,31.08590793609619,100,0.3012947724726992,0.3012947724726992,0.3012947724726992,geometric,mu_schedule,1,0.0,0.0,0.0,full_mu_schedule_geometric_rep01,94001,1092.7838859417275
silu,1,geometric,3,1091.5407750410022,33,30.74097204208374,100,0.28985772146510674,0.28985772146510674,0.28985772146510674,geometric,mu_schedule,1,0.0,0.0,0.0,full_mu_schedule_geometric_rep01,94001,1091.5407750410022
silu,1,geometric,3,1090.6976251442536,34,31.45592498779297,100,0.27885481717262905,0.27885481717262905,0.27885481717262905,geometric,mu_schedule,1,0.0,0.0,0.0,full_mu_schedule_geometric_rep01,94001,1090.6976251442536
silu,1,geometric,3,1089.4259710918566,35,33.021838903427124,100,0.26826957952797265,0.26826957952797265,0.26826957952797265,geometric,mu_schedule,1,0.0,0.0,0.0,full_mu_schedule_geometric_rep01,94001,1089.4259710918566
silu,1,geometric,3,1087.8059950517197,36,29.387222051620483,100,0.2580861540418075,0.2580861540418075,0.2580861540418075,geometric,mu_schedule,1,0.0,0.0,0.0,full_mu_schedule_geometric_rep01,94001,1087.8059950517197
silu,1,geometric,3,1086.0338462741504,37,32.15948796272278,100,0.24828928805603281,0.24828928805603281,0.24828928805603281,geometric,mu_schedule,1,0.0,0.0,0.0,full_mu_schedule_geometric_rep01,94001,1086.0338462741504
silu,1,geometric,3,1084.1237981182494,38,30.357425928115845,100,0.23886430789845986,0.23886430789845986,0.23886430789845986,geometric,mu_schedule,1,0.0,0.0,0.0,full_mu_schedule_geometric_rep01,94001,1084.1237981182494
silu,1,geometric,3,1081.7820898998834,39,31.32184600830078,100,0.22979709690469627,0.22979709690469627,0.22979709690469627,geometric,mu_schedule,1,0.0,0.0,0.0,full_mu_schedule_geometric_rep01,94001,1081.7820898998834
silu,1,geometric,3,1078.1047188752543,40,32.35155892372131,100,0.22107407427431253,0.22107407427431253,0.22107407427431253,geometric,mu_schedule,1,0.0,0.0,0.0,full_mu_schedule_geometric_rep01,94001,1078.1047188752543
silu,1,geometric,3,1072.2062468662377,41,32.19047212600708,100,0.212682174729621,0.212682174729621,0.212682174729621,geometric,mu_schedule,1,0.0,0.0,0.0,full_mu_schedule_geometric_rep01,94001,1072.2062468662377
silu,1,geometric,3,1072.3972391362881,42,33.747668981552124,100,0.20460882894660123,0.20460882894660123,0.20460882894660123,geometric,mu_schedule,1,0.0,0.0,0.0,full_mu_schedule_geometric_rep01,94001,1072.3972391362881
silu,1,geometric,3,1071.116480299827,43,30.579139947891235,100,0.1968419447286612,0.1968419447286612,0.1968419447286612,geometric,mu_schedule,1,0.0,0.0,0.0,full_mu_schedule_geometric_rep01,94001,1071.116480299827
silu,1,geometric,3,1069.4313425220419,44,30.637306928634644,100,0.18936988889503611,0.18936988889503611,0.18936988889503611,geometric,mu_schedule,1,0.0,0.0,0.0,full_mu_schedule_geometric_rep01,94001,1069.4313425220419
silu,1,geometric,3,1060.1516425223328,45,32.223483085632324,100,0.18218146985669753,0.18218146985669753,0.18218146985669753,geometric,mu_schedule,1,0.0,0.0,0.0,full_mu_schedule_geometric_rep01,94001,1060.1516425223328
silu,1,geometric,3,1055.9304013947576,46,30.890351057052612,100,0.17526592085367587,0.17526592085367587,0.17526592085367587,geometric,mu_schedule,1,0.0,0.0,0.0,full_mu_schedule_geometric_rep01,94001,1055.9304013947576
silu,1,geometric,3,1052.6505334016597,47,31.904431104660034,100,0.16861288382868805,0.16861288382868805,0.16861288382868805,geometric,mu_schedule,1,0.0,0.0,0.0,full_mu_schedule_geometric_rep01,94001,1052.6505334016597
silu,1,geometric,3,1049.233075799303,48,30.95209002494812,100,0.16221239391291725,0.16221239391291725,0.16221239391291725,geometric,mu_schedule,1,0.0,0.0,0.0,full_mu_schedule_geometric_rep01,94001,1049.233075799303
silu,1,geometric,3,1046.0126002181962,49,30.266608953475952,100,0.15605486450070746,0.15605486450070746,0.15605486450070746,geometric,mu_schedule,1,0.0,0.0,0.0,full_mu_schedule_geometric_rep01,94001,1046.0126002181962
silu,1,geometric,3,1042.7596319110705,50,31.632880926132202,100,0.15013107289081737,0.15013107289081737,0.15013107289081737,geometric,mu_schedule,1,0.0,0.0,0.0,full_mu_schedule_geometric_rep01,94001,1042.7596319110705
silu,1,geometric,3,1039.4133323228739,51,30.135798931121826,100,0.14443214647272812,0.14443214647272812,0.14443214647272812,geometric,mu_schedule,1,0.0,0.0,0.0,full_mu_schedule_geometric_rep01,94001,1039.4133323228739
silu,1,geometric,3,1042.4337054867983,52,31.705430030822754,100,0.1389495494373138,0.1389495494373138,0.1389495494373138,geometric,mu_schedule,1,0.0,0.0,0.0,full_mu_schedule_geometric_rep01,94001,1042.4337054867983
silu,1,geometric,3,1042.4586641076528,53,31.70471501350403,100,0.13367506999197082,0.13367506999197082,0.13367506999197082,geometric,mu_schedule,1,0.0,0.0,0.0,full_mu_schedule_geometric_rep01,94001,1042.4586641076528
silu,1,geometric,3,1031.9546220333043,54,30.650192975997925,100,0.12860080806105667,0.12860080806105667,0.12860080806105667,geometric,mu_schedule,1,0.0,0.0,0.0,full_mu_schedule_geometric_rep01,94001,1031.9546220333043
silu,1,geometric,3,1027.9285200145623,55,32.01581692695618,100,0.12371916345321604,0.12371916345321604,0.12371916345321604,geometric,mu_schedule,1,0.0,0.0,0.0,full_mu_schedule_geometric_rep01,94001,1027.9285200145623
silu,1,geometric,3,1030.3951780637226,56,31.266366958618164,100,0.11902282447787153,0.11902282447787153,0.11902282447787153,geometric,mu_schedule,1,0.0,0.0,0.0,full_mu_schedule_geometric_rep01,94001,1030.3951780637226
silu,1,geometric,3,1024.696139401207,57,30.707430839538574,100,0.11450475699382821,0.11450475699382821,0.11450475699382821,geometric,mu_schedule,1,0.0,0.0,0.0,full_mu_schedule_geometric_rep01,94001,1024.696139401207
silu,1,geometric,3,1015.6026078076841,58,31.39686608314514,100,0.11015819387359,0.11015819387359,0.11015819387359,geometric,mu_schedule,1,0.0,0.0,0.0,full_mu_schedule_geometric_rep01,94001,1015.6026078076841
silu,1,geometric,3,1018.1951768276091,59,30.11618399620056,100,0.10597662486760713,0.10597662486760713,0.10597662486760713,geometric,mu_schedule,1,0.0,0.0,0.0,full_mu_schedule_geometric_rep01,94001,1018.1951768276091
silu,1,geometric,3,1013.7157268736969,60,31.496558904647827,100,0.10195378685327307,0.10195378685327307,0.10195378685327307,geometric,mu_schedule,1,0.0,0.0,0.0,full_mu_schedule_geometric_rep01,94001,1013.7157268736969
silu,1,geometric,3,1010.6305072005345,61,31.713200092315674,100,0.09808365445406671,0.09808365445406671,0.09808365445406671,geometric,mu_schedule,1,0.0,0.0,0.0,full_mu_schedule_geometric_rep01,94001,1010.6305072005345
silu,1,geometric,3,1008.0470475909476,62,30.61726403236389,100,0.0943604310147889,0.0943604310147889,0.0943604310147889,geometric,mu_schedule,1,0.0,0.0,0.0,full_mu_schedule_geometric_rep01,94001,1008.0470475909476
silu,1,geometric,3,1005.1467245108437,63,36.37320685386658,100,0.09077853991937558,0.09077853991937558,0.09077853991937558,geometric,mu_schedule,1,0.0,0.0,0.0,full_mu_schedule_geometric_rep01,94001,1005.1467245108437
silu,1,geometric,3,1002.0680791709606,64,36.33807682991028,100,0.08733261623828434,0.08733261623828434,0.08733261623828434,geometric,mu_schedule,1,0.0,0.0,0.0,full_mu_schedule_geometric_rep01,94001,1002.0680791709606
silu,1,geometric,3,999.6542244813447,65,36.06259083747864,100,0.08401749869294341,0.08401749869294341,0.08401749869294341,geometric,mu_schedule,1,0.0,0.0,0.0,full_mu_schedule_geometric_rep01,94001,999.6542244813447
silu,1,geometric,3,992.9164183408958,66,34.50350093841553,100,0.08082822192522719,0.08082822192522719,0.08082822192522719,geometric,mu_schedule,1,0.0,0.0,0.0,full_mu_schedule_geometric_rep01,94001,992.9164183408958
silu,1,geometric,3,994.7685331776333,67,37.000425815582275,100,0.07776000906038037,0.07776000906038037,0.07776000906038037,geometric,mu_schedule,1,0.0,0.0,0.0,full_mu_schedule_geometric_rep01,94001,994.7685331776333
silu,1,geometric,3,984.8454110625572,68,35.21998596191406,100,0.07480826455225088,0.07480826455225088,0.07480826455225088,geometric,mu_schedule,1,0.0,0.0,0.0,full_mu_schedule_geometric_rep01,94001,984.8454110625572
silu,1,geometric,3,985.7107677438523,69,35.02263402938843,100,0.07196856730011524,0.07196856730011524,0.07196856730011524,geometric,mu_schedule,1,0.0,0.0,0.0,full_mu_schedule_geometric_rep01,94001,985.7107677438523
silu,1,geometric,3,992.1629416238641,70,37.66337704658508,100,0.06923666402678726,0.06923666402678726,0.06923666402678726,geometric,mu_schedule,1,0.0,0.0,0.0,full_mu_schedule_geometric_rep01,94001,992.1629416238641
silu,1,geometric,3,981.2855161020799,71,33.443114042282104,100,0.0666084629080916,0.0666084629080916,0.0666084629080916,geometric,mu_schedule,1,0.0,0.0,0.0,full_mu_schedule_geometric_rep01,94001,981.2855161020799
silu,1,geometric,3,974.7463710978268,72,33.89188504219055,100,0.06408002744416001,0.06408002744416001,0.06408002744416001,geometric,mu_schedule,1,0.0,0.0,0.0,full_mu_schedule_geometric_rep01,94001,974.7463710978268
silu,1,geometric,3,974.1518554872094,73,34.36259317398071,100,0.06164757056337163,0.06164757056337163,0.06164757056337163,geometric,mu_schedule,1,0.0,0.0,0.0,full_mu_schedule_geometric_rep01,94001,974.1518554872094
silu,1,geometric,3,971.7711131617943,74,36.38512301445007,100,0.05930744895010561,0.05930744895010561,0.05930744895010561,geometric,mu_schedule,1,0.0,0.0,0.0,full_mu_schedule_geometric_rep01,94001,971.7711131617943
silu,1,geometric,3,969.5155587624507,75,33.93823599815369,100,0.057056157587810234,0.057056157587810234,0.057056157587810234,geometric,mu_schedule,1,0.0,0.0,0.0,full_mu_schedule_geometric_rep01,94001,969.5155587624507
silu,1,geometric,3,979.651584687264,76,35.457261085510254,100,0.05489032450921558,0.05489032450921558,0.05489032450921558,geometric,mu_schedule,1,0.0,0.0,0.0,full_mu_schedule_geometric_rep01,94001,979.651584687264
silu,1,geometric,3,961.5425981291922,77,36.39660906791687,100,0.05280670574582637,0.05280670574582637,0.05280670574582637,geometric,mu_schedule,1,0.0,0.0,0.0,full_mu_schedule_geometric_rep01,94001,961.5425981291922
silu,1,geometric,3,962.7991514333013,78,34.879130840301514,100,0.05080218046913023,0.05080218046913023,0.05080218046913023,geometric,mu_schedule,1,0.0,0.0,0.0,full_mu_schedule_geometric_rep01,94001,962.7991514333013
silu,1,geometric,3,958.0808301248771,79,35.408952951431274,100,0.04887374631624425,0.04887374631624425,0.04887374631624425,geometric,mu_schedule,1,0.0,0.0,0.0,full_mu_schedule_geometric_rep01,94001,958.0808301248771
silu,1,geometric,3,956.6648079065277,80,34.6172890663147,100,0.04701851489299855,0.04701851489299855,0.04701851489299855,geometric,mu_schedule,1,0.0,0.0,0.0,full_mu_schedule_geometric_rep01,94001,956.6648079065277
silu,1,geometric,3,962.9337134077855,81,35.01760196685791,100,0.04523370744772104,0.04523370744772104,0.04523370744772104,geometric,mu_schedule,1,0.0,0.0,0.0,full_mu_schedule_geometric_rep01,94001,962.9337134077855
silu,1,geometric,3,952.2655069339418,82,35.27979779243469,100,0.04351665070924417,0.04351665070924417,0.04351665070924417,geometric,mu_schedule,1,0.0,0.0,0.0,full_mu_schedule_geometric_rep01,94001,952.2655069339418
silu,1,geometric,3,947.2369970656141,83,36.856374979019165,100,0.041864772882899526,0.041864772882899526,0.041864772882899526,geometric,mu_schedule,1,0.0,0.0,0.0,full_mu_schedule_geometric_rep01,94001,947.2369970656141
silu,1,geometric,3,944.7148287619256,84,37.822299003601074,100,0.04027559979850299,0.04027559979850299,0.04027559979850299,geometric,mu_schedule,1,0.0,0.0,0.0,full_mu_schedule_geometric_rep01,94001,944.7148287619256
silu,1,geometric,3,949.3357428702075,85,36.90509605407715,100,0.038746751204561315,0.038746751204561315,0.038746751204561315,geometric,mu_schedule,1,0.0,0.0,0.0,full_mu_schedule_geometric_rep01,94001,949.3357428702075
silu,1,geometric,3,942.8022726967812,86,37.75200414657593,100,0.03727593720314941,0.03727593720314941,0.03727593720314941,geometric,mu_schedule,1,0.0,0.0,0.0,full_mu_schedule_geometric_rep01,94001,942.8022726967812
silu,1,geometric,3,946.8577587750057,87,35.1937141418457,100,0.03586095482011832,0.03586095482011832,0.03586095482011832,geometric,mu_schedule,1,0.0,0.0,0.0,full_mu_schedule_geometric_rep01,94001,946.8577587750057
silu,1,geometric,3,944.054368881823,88,35.91569113731384,100,0.03449968470549717,0.03449968470549717,0.03449968470549717,geometric,mu_schedule,1,0.0,0.0,0.0,full_mu_schedule_geometric_rep01,94001,944.054368881823
silu,1,geometric,3,942.2626733343865,89,35.29689908027649,100,0.03319008795914679,0.03319008795914679,0.03319008795914679,geometric,mu_schedule,1,0.0,0.0,0.0,full_mu_schedule_geometric_rep01,94001,942.2626733343865
silu,1,geometric,3,932.8480364640805,90,34.22865104675293,100,0.03193020307691029,0.03193020307691029,0.03193020307691029,geometric,mu_schedule,1,0.0,0.0,0.0,full_mu_schedule_geometric_rep01,94001,932.8480364640805
silu,1,geometric,3,934.9224445523361,91,35.37120604515076,100,0.03071814301268698,0.03071814301268698,0.03071814301268698,geometric,mu_schedule,1,0.0,0.0,0.0,full_mu_schedule_geometric_rep01,94001,934.9224445523361
silu,1,geometric,3,936.8933152394732,92,35.075469970703125,100,0.02955209235202888,0.02955209235202888,0.02955209235202888,geometric,mu_schedule,1,0.0,0.0,0.0,full_mu_schedule_geometric_rep01,94001,936.8933152394732
silu,1,geometric,3,934.4727266317283,93,36.12880086898804,100,0.028430304593026652,0.028430304593026652,0.028430304593026652,geometric,mu_schedule,1,0.0,0.0,0.0,full_mu_schedule_geometric_rep01,94001,934.4727266317283
silu,1,geometric,3,929.1746790137553,94,37.92389488220215,100,0.027351099530412107,0.027351099530412107,0.027351099530412107,geometric,mu_schedule,1,0.0,0.0,0.0,full_mu_schedule_geometric_rep01,94001,929.1746790137553
silu,1,geometric,3,936.4282002326421,95,35.41735506057739,100,0.026312860738959436,0.026312860738959436,0.026312860738959436,geometric,mu_schedule,1,0.0,0.0,0.0,full_mu_schedule_geometric_rep01,94001,936.4282002326421
silu,1,geometric,3,927.8102669504792,96,36.16941213607788,100,0.025314033152415687,0.025314033152415687,0.025314033152415687,geometric,mu_schedule,1,0.0,0.0,0.0,full_mu_schedule_geometric_rep01,94001,927.8102669504792
silu,1,geometric,3,924.9870259904976,97,37.27434301376343,100,0.024353120734334165,0.024353120734334165,0.024353120734334165,geometric,mu_schedule,1,0.0,0.0,0.0,full_mu_schedule_geometric_rep01,94001,924.9870259904976
silu,1,geometric,3,934.5496783613277,98,34.7511100769043,100,0.023428684237322334,0.023428684237322334,0.023428684237322334,geometric,mu_schedule,1,0.0,0.0,0.0,full_mu_schedule_geometric_rep01,94001,934.5496783613277
silu,1,geometric,3,917.6643716521924,99,36.514708042144775,100,0.022539339047347916,0.022539339047347916,0.022539339047347916,geometric,mu_schedule,1,0.0,0.0,0.0,full_mu_schedule_geometric_rep01,94001,917.6643716521924
silu,1,geometric,3,922.3519091878053,100,36.91481304168701,100,0.02168375310987436,0.02168375310987436,0.02168375310987436,geometric,mu_schedule,1,0.0,0.0,0.0,full_mu_schedule_geometric_rep01,94001,922.3519091878053
silu,1,geometric,3,923.4062188120847,101,36.39974904060364,100,0.020860644934719584,0.020860644934719584,0.020860644934719584,geometric,mu_schedule,1,0.0,0.0,0.0,full_mu_schedule_geometric_rep01,94001,923.4062188120847
silu,1,geometric,3,922.5646923275962,102,36.86474800109863,100,0.02006878167664968,0.02006878167664968,0.02006878167664968,geometric,mu_schedule,1,0.0,0.0,0.0,full_mu_schedule_geometric_rep01,94001,922.5646923275962
silu,1,geometric,3,926.984831473944,103,37.38317608833313,100,0.019306977288832513,0.019306977288832513,0.019306977288832513,geometric,mu_schedule,1,0.0,0.0,0.0,full_mu_schedule_geometric_rep01,94001,926.984831473944
silu,1,geometric,3,915.5960281950152,104,38.45745491981506,100,0.018574090746385725,0.018574090746385725,0.018574090746385725,geometric,mu_schedule,1,0.0,0.0,0.0,full_mu_schedule_geometric_rep01,94001,915.5960281950152
silu,1,geometric,3,921.486424435691,105,36.941869020462036,100,0.017869024337358295,0.017869024337358295,0.017869024337358295,geometric,mu_schedule,1,0.0,0.0,0.0,full_mu_schedule_geometric_rep01,94001,921.486424435691
silu,1,geometric,3,912.9067175867617,106,37.58127307891846,100,0.017190722018585746,0.017190722018585746,0.017190722018585746,geometric,mu_schedule,1,0.0,0.0,0.0,full_mu_schedule_geometric_rep01,94001,912.9067175867617
silu,1,geometric,3,909.6855628992297,107,37.27737593650818,100,0.01653816783395674,0.01653816783395674,0.01653816783395674,geometric,mu_schedule,1,0.0,0.0,0.0,full_mu_schedule_geometric_rep01,94001,909.6855628992297
silu,1,geometric,3,909.4821212300351,108,37.90998697280884,100,0.015910384392721535,0.015910384392721535,0.015910384392721535,geometric,mu_schedule,1,0.0,0.0,0.0,full_mu_schedule_geometric_rep01,94001,909.4821212300351
silu,1,geometric,3,921.0007596546669,109,39.833832025527954,100,0.015306431405563588,0.015306431405563588,0.015306431405563588,geometric,mu_schedule,1,0.0,0.0,0.0,full_mu_schedule_geometric_rep01,94001,921.0007596546669
silu,1,geometric,3,906.0750390767778,110,37.644794940948486,100,0.01472540427624124,0.01472540427624124,0.01472540427624124,geometric,mu_schedule,1,0.0,0.0,0.0,full_mu_schedule_geometric_rep01,94001,906.0750390767778
silu,1,geometric,3,903.6432026392921,111,37.380250215530396,100,0.014166432746690216,0.014166432746690216,0.014166432746690216,geometric,mu_schedule,1,0.0,0.0,0.0,full_mu_schedule_geometric_rep01,94001,903.6432026392921
silu,1,geometric,3,910.4835550893497,112,39.89032793045044,100,0.013628679593557744,0.013628679593557744,0.013628679593557744,geometric,mu_schedule,1,0.0,0.0,0.0,full_mu_schedule_geometric_rep01,94001,910.4835550893497
silu,1,geometric,3,917.9286583332898,113,36.59801888465881,100,0.013111339374215653,0.013111339374215653,0.013111339374215653,geometric,mu_schedule,1,0.0,0.0,0.0,full_mu_schedule_geometric_rep01,94001,917.9286583332898
silu,1,geometric,3,909.0970772304513,114,37.227407932281494,100,0.01261363722037444,0.01261363722037444,0.01261363722037444,geometric,mu_schedule,1,0.0,0.0,0.0,full_mu_schedule_geometric_rep01,94001,909.0970772304513
silu,1,geometric,3,902.1461140604905,115,37.1172149181366,100,0.012134827677491442,0.012134827677491442,0.012134827677491442,geometric,mu_schedule,1,0.0,0.0,0.0,full_mu_schedule_geometric_rep01,94001,902.1461140604905
silu,1,geometric,3,905.4491686183324,116,37.81258201599121,100,0.01167419358823459,0.01167419358823459,0.01167419358823459,geometric,mu_schedule,1,0.0,0.0,0.0,full_mu_schedule_geometric_rep01,94001,905.4491686183324
silu,1,geometric,3,910.3592280034364,117,37.456839084625244,100,0.011231045018329526,0.011231045018329526,0.011231045018329526,geometric,mu_schedule,1,0.0,0.0,0.0,full_mu_schedule_geometric_rep01,94001,910.3592280034364
silu,1,geometric,3,903.1018854922327,118,37.646628856658936,100,0.01080471822318129,0.01080471822318129,0.01080471822318129,geometric,mu_schedule,1,0.0,0.0,0.0,full_mu_schedule_geometric_rep01,94001,903.1018854922327
silu,1,geometric,3,901.0753112008413,119,36.26759696006775,100,0.010394574653722635,0.010394574653722635,0.010394574653722635,geometric,mu_schedule,1,0.0,0.0,0.0,full_mu_schedule_geometric_rep01,94001,901.0753112008413
silu,1,geometric,3,894.7413954504585,120,37.67404890060425,100,0.010000000000000004,0.010000000000000004,0.010000000000000004,geometric,mu_schedule,1,0.0,0.0,0.0,full_mu_schedule_geometric_rep01,94001,894.7413954504585
silu,1,geometric,3,875.3029947884502,121,36.064289808273315,100,0.010000000000000004,0.010000000000000004,0.0,geometric,mu_schedule,1,0.0,0.0,0.0,full_mu_schedule_geometric_rep01,94001,875.3029947884502
silu,1,geometric,3,871.611182249778,122,30.7574520111084,100,0.010000000000000004,0.010000000000000004,0.0,geometric,mu_schedule,1,0.0,0.0,0.0,full_mu_schedule_geometric_rep01,94001,871.611182249778
silu,1,geometric,3,882.822388709083,123,30.05974507331848,100,0.010000000000000004,0.010000000000000004,0.0,geometric,mu_schedule,1,0.0,0.0,0.0,full_mu_schedule_geometric_rep01,94001,882.822388709083
silu,1,geometric,3,885.7302478894142,124,30.87436318397522,100,0.010000000000000004,0.010000000000000004,0.0,geometric,mu_schedule,1,0.0,0.0,0.0,full_mu_schedule_geometric_rep01,94001,885.7302478894142
silu,1,geometric,3,876.3056599458865,125,30.44344401359558,100,0.010000000000000004,0.010000000000000004,0.0,geometric,mu_schedule,1,0.0,0.0,0.0,full_mu_schedule_geometric_rep01,94001,876.3056599458865
silu,1,geometric,3,871.0104531002369,126,31.565786123275757,100,0.010000000000000004,0.010000000000000004,0.0,geometric,mu_schedule,1,0.0,0.0,0.0,full_mu_schedule_geometric_rep01,94001,871.0104531002369
silu,1,geometric,3,874.2185959773577,127,29.15482807159424,100,0.010000000000000004,0.010000000000000004,0.0,geometric,mu_schedule,1,0.0,0.0,0.0,full_mu_schedule_geometric_rep01,94001,874.2185959773577
silu,1,geometric,3,876.0613113158109,128,31.617509126663208,100,0.010000000000000004,0.010000000000000004,0.0,geometric,mu_schedule,1,0.0,0.0,0.0,full_mu_schedule_geometric_rep01,94001,876.0613113158109
silu,1,geometric,3,870.711768649812,129,32.88416600227356,100,0.010000000000000004,0.010000000000000004,0.0,geometric,mu_schedule,1,0.0,0.0,0.0,full_mu_schedule_geometric_rep01,94001,870.711768649812
silu,1,geometric,3,870.7468024280118,130,31.914572954177856,100,0.010000000000000004,0.010000000000000004,0.0,geometric,mu_schedule,1,0.0,0.0,0.0,full_mu_schedule_geometric_rep01,94001,870.7468024280118
silu,1,geometric,3,2023.5245801705057,1,95.50224900245667,100,1.0,1.0,1.0,geometric,mu_schedule,2,0.0,0.0,0.0,full_mu_schedule_geometric_rep02,94002,2023.5245801705057
silu,1,geometric,3,1033.64609521345,2,30.331697940826416,100,0.9620403271064759,0.9620403271064759,0.9620403271064759,geometric,mu_schedule,2,0.0,0.0,0.0,full_mu_schedule_geometric_rep02,94002,1033.64609521345
silu,1,geometric,3,1029.4147869295607,3,31.214972972869873,100,0.9255215909791351,0.9255215909791351,0.9255215909791351,geometric,mu_schedule,2,0.0,0.0,0.0,full_mu_schedule_geometric_rep02,94002,1029.4147869295607
silu,1,geometric,3,1032.0445326737986,4,30.122001886367798,100,0.8903890941296732,0.8903890941296732,0.8903890941296732,geometric,mu_schedule,2,0.0,0.0,0.0,full_mu_schedule_geometric_rep02,94002,1032.0445326737986
silu,1,geometric,3,1041.9835465458905,5,33.09726405143738,100,0.8565902153685495,0.8565902153685495,0.8565902153685495,geometric,mu_schedule,2,0.0,0.0,0.0,full_mu_schedule_geometric_rep02,94002,1041.9835465458905
silu,1,geometric,3,1051.8904028098282,6,32.41300988197327,100,0.824074330989366,0.824074330989366,0.824074330989366,geometric,mu_schedule,2,0.0,0.0,0.0,full_mu_schedule_geometric_rep02,94002,1051.8904028098282
silu,1,geometric,3,1061.6484817498465,7,30.680087089538574,100,0.79279273894506,0.79279273894506,0.79279273894506,geometric,mu_schedule,2,0.0,0.0,0.0,full_mu_schedule_geometric_rep02,94002,1061.6484817498465
silu,1,geometric,3,1070.4830039410003,8,31.918772220611572,100,0.7626985859023444,0.7626985859023444,0.7626985859023444,geometric,mu_schedule,2,0.0,0.0,0.0,full_mu_schedule_geometric_rep02,94002,1070.4830039410003
silu,1,geometric,3,1078.9535195739597,9,33.63226008415222,100,0.733746797065138,0.733746797065138,0.733746797065138,geometric,mu_schedule,2,0.0,0.0,0.0,full_mu_schedule_geometric_rep02,94002,1078.9535195739597
silu,1,geometric,3,1086.8726416183254,10,30.62786293029785,100,0.7058940086618744,0.7058940086618744,0.7058940086618744,geometric,mu_schedule,2,0.0,0.0,0.0,full_mu_schedule_geometric_rep02,94002,1086.8726416183254
silu,1,geometric,3,1094.1980596267745,11,33.18829298019409,100,0.6790985029955712,0.6790985029955712,0.6790985029955712,geometric,mu_schedule,2,0.0,0.0,0.0,full_mu_schedule_geometric_rep02,94002,1094.1980596267745
silu,1,geometric,3,1100.9440487760087,12,31.517511129379272,100,0.6533201459593774,0.6533201459593774,0.6533201459593774,geometric,mu_schedule,2,0.0,0.0,0.0,full_mu_schedule_geometric_rep02,94002,1100.9440487760087
silu,1,geometric,3,1107.1261943944157,13,31.437768936157227,100,0.62852032692401,0.62852032692401,0.62852032692401,geometric,mu_schedule,2,0.0,0.0,0.0,full_mu_schedule_geometric_rep02,94002,1107.1261943944157
silu,1,geometric,3,1112.9109115053116,14,31.657706022262573,100,0.6046619009070437,0.6046619009070437,0.6046619009070437,geometric,mu_schedule,2,0.0,0.0,0.0,full_mu_schedule_geometric_rep02,94002,1112.9109115053116
silu,1,geometric,3,1118.2917989042353,15,31.659492015838623,100,0.5817091329374359,0.5817091329374359,0.5817091329374359,geometric,mu_schedule,2,0.0,0.0,0.0,full_mu_schedule_geometric_rep02,94002,1118.2917989042353
silu,1,geometric,3,1123.3027632203898,16,31.994029998779297,100,0.5596276445319552,0.5596276445319552,0.5596276445319552,geometric,mu_schedule,2,0.0,0.0,0.0,full_mu_schedule_geometric_rep02,94002,1123.3027632203898
silu,1,geometric,3,1127.9016006541883,17,33.98798584938049,100,0.5383843622033488,0.5383843622033488,0.5383843622033488,geometric,mu_schedule,2,0.0,0.0,0.0,full_mu_schedule_geometric_rep02,94002,1127.9016006541883
silu,1,geometric,3,1132.0820190321967,18,33.1942720413208,100,0.5179474679231212,0.5179474679231212,0.5179474679231212,geometric,mu_schedule,2,0.0,0.0,0.0,full_mu_schedule_geometric_rep02,94002,1132.0820190321967
silu,1,geometric,3,1135.8241761653655,19,30.543052911758423,100,0.4982863514647304,0.4982863514647304,0.4982863514647304,geometric,mu_schedule,2,0.0,0.0,0.0,full_mu_schedule_geometric_rep02,94002,1135.8241761653655
silu,1,geometric,3,1139.1622846001694,20,32.425459146499634,100,0.47937156455582164,0.47937156455582164,0.47937156455582164,geometric,mu_schedule,2,0.0,0.0,0.0,full_mu_schedule_geometric_rep02,94002,1139.1622846001694
silu,1,geometric,3,1142.0381190522298,21,31.49061608314514,100,0.4611747767708258,0.4611747767708258,0.4611747767708258,geometric,mu_schedule,2,0.0,0.0,0.0,full_mu_schedule_geometric_rep02,94002,1142.0381190522298
silu,1,geometric,3,1144.4972743645935,22,31.80041003227234,100,0.4436687330978612,0.4436687330978612,0.4436687330978612,geometric,mu_schedule,2,0.0,0.0,0.0,full_mu_schedule_geometric_rep02,94002,1144.4972743645935
silu,1,geometric,3,1146.5248763407917,23,30.732203006744385,100,0.42682721311638216,0.42682721311638216,0.42682721311638216,geometric,mu_schedule,2,0.0,0.0,0.0,full_mu_schedule_geometric_rep02,94002,1146.5248763407917
silu,1,geometric,3,1148.124597980503,24,30.596986055374146,100,0.4106249917244298,0.4106249917244298,0.4106249917244298,geometric,mu_schedule,2,0.0,0.0,0.0,full_mu_schedule_geometric_rep02,94002,1148.124597980503
silu,1,geometric,3,1149.3031374636469,25,32.09112906455994,100,0.39503780135666444,0.39503780135666444,0.39503780135666444,geometric,mu_schedule,2,0.0,0.0,0.0,full_mu_schedule_geometric_rep02,94002,1149.3031374636469
silu,1,geometric,3,1150.092359682925,26,31.319922924041748,100,0.3800422956365885,0.3800422956365885,0.3800422956365885,geometric,mu_schedule,2,0.0,0.0,0.0,full_mu_schedule_geometric_rep02,94002,1150.092359682925
silu,1,geometric,3,1150.5263696543598,27,30.18313193321228,100,0.3656160144085196,0.3656160144085196,0.3656160144085196,geometric,mu_schedule,2,0.0,0.0,0.0,full_mu_schedule_geometric_rep02,94002,1150.5263696543598
silu,1,geometric,3,1150.126747137969,28,32.34115695953369,100,0.3517373500969382,0.3517373500969382,0.3517373500969382,geometric,mu_schedule,2,0.0,0.0,0.0,full_mu_schedule_geometric_rep02,94002,1150.126747137969
silu,1,geometric,3,1146.7083928645804,29,31.42541003227234,100,0.33838551534282346,0.33838551534282346,0.33838551534282346,geometric,mu_schedule,2,0.0,0.0,0.0,full_mu_schedule_geometric_rep02,94002,1146.7083928645804
silu,1,geometric,3,1137.536957019063,30,30.98495602607727,100,0.3255405118685033,0.3255405118685033,0.3255405118685033,geometric,mu_schedule,2,0.0,0.0,0.0,full_mu_schedule_geometric_rep02,94002,1137.536957019063
silu,1,geometric,3,1133.1419162771933,31,31.41050100326538,100,0.3131831005243845,0.3131831005243845,0.3131831005243845,geometric,mu_schedule,2,0.0,0.0,0.0,full_mu_schedule_geometric_rep02,94002,1133.1419162771933
silu,1,geometric,3,1135.37965371867,32,30.343353033065796,100,0.3012947724726992,0.3012947724726992,0.3012947724726992,geometric,mu_schedule,2,0.0,0.0,0.0,full_mu_schedule_geometric_rep02,94002,1135.37965371867
silu,1,geometric,3,1129.8553465345196,33,30.947619199752808,100,0.28985772146510674,0.28985772146510674,0.28985772146510674,geometric,mu_schedule,2,0.0,0.0,0.0,full_mu_schedule_geometric_rep02,94002,1129.8553465345196
silu,1,geometric,3,1132.2455581079828,34,32.49706196784973,100,0.27885481717262905,0.27885481717262905,0.27885481717262905,geometric,mu_schedule,2,0.0,0.0,0.0,full_mu_schedule_geometric_rep02,94002,1132.2455581079828
silu,1,geometric,3,1132.2509458637858,35,30.82398509979248,100,0.26826957952797265,0.26826957952797265,0.26826957952797265,geometric,mu_schedule,2,0.0,0.0,0.0,full_mu_schedule_geometric_rep02,94002,1132.2509458637858
silu,1,geometric,3,1124.867892560314,36,31.792392015457153,100,0.2580861540418075,0.2580861540418075,0.2580861540418075,geometric,mu_schedule,2,0.0,0.0,0.0,full_mu_schedule_geometric_rep02,94002,1124.867892560314
silu,1,geometric,3,1126.0233742440828,37,31.272750854492188,100,0.24828928805603281,0.24828928805603281,0.24828928805603281,geometric,mu_schedule,2,0.0,0.0,0.0,full_mu_schedule_geometric_rep02,94002,1126.0233742440828
silu,1,geometric,3,1123.9992564427403,38,30.71405291557312,100,0.23886430789845986,0.23886430789845986,0.23886430789845986,geometric,mu_schedule,2,0.0,0.0,0.0,full_mu_schedule_geometric_rep02,94002,1123.9992564427403
silu,1,geometric,3,1123.2386465239492,39,32.14567708969116,100,0.22979709690469627,0.22979709690469627,0.22979709690469627,geometric,mu_schedule,2,0.0,0.0,0.0,full_mu_schedule_geometric_rep02,94002,1123.2386465239492
silu,1,geometric,3,1113.4105655459707,40,32.98396182060242,100,0.22107407427431253,0.22107407427431253,0.22107407427431253,geometric,mu_schedule,2,0.0,0.0,0.0,full_mu_schedule_geometric_rep02,94002,1113.4105655459707
silu,1,geometric,3,1111.2235304833034,41,32.0912082195282,100,0.212682174729621,0.212682174729621,0.212682174729621,geometric,mu_schedule,2,0.0,0.0,0.0,full_mu_schedule_geometric_rep02,94002,1111.2235304833034
silu,1,geometric,3,1113.6630879959334,42,32.73152494430542,100,0.20460882894660123,0.20460882894660123,0.20460882894660123,geometric,mu_schedule,2,0.0,0.0,0.0,full_mu_schedule_geometric_rep02,94002,1113.6630879959334
silu,1,geometric,3,1110.5253023999674,43,31.575297117233276,100,0.1968419447286612,0.1968419447286612,0.1968419447286612,geometric,mu_schedule,2,0.0,0.0,0.0,full_mu_schedule_geometric_rep02,94002,1110.5253023999674
silu,1,geometric,3,1106.6986778669607,44,31.562232971191406,100,0.18936988889503611,0.18936988889503611,0.18936988889503611,geometric,mu_schedule,2,0.0,0.0,0.0,full_mu_schedule_geometric_rep02,94002,1106.6986778669607
silu,1,geometric,3,1103.0827368729058,45,31.48392415046692,100,0.18218146985669753,0.18218146985669753,0.18218146985669753,geometric,mu_schedule,2,0.0,0.0,0.0,full_mu_schedule_geometric_rep02,94002,1103.0827368729058
silu,1,geometric,3,1099.3334398874451,46,30.121649026870728,100,0.17526592085367587,0.17526592085367587,0.17526592085367587,geometric,mu_schedule,2,0.0,0.0,0.0,full_mu_schedule_geometric_rep02,94002,1099.3334398874451
silu,1,geometric,3,1095.6184702461935,47,32.3064329624176,100,0.16861288382868805,0.16861288382868805,0.16861288382868805,geometric,mu_schedule,2,0.0,0.0,0.0,full_mu_schedule_geometric_rep02,94002,1095.6184702461935
silu,1,geometric,3,1092.1774245170996,48,30.826242923736572,100,0.16221239391291725,0.16221239391291725,0.16221239391291725,geometric,mu_schedule,2,0.0,0.0,0.0,full_mu_schedule_geometric_rep02,94002,1092.1774245170996
silu,1,geometric,3,1087.7795779408552,49,31.08993887901306,100,0.15605486450070746,0.15605486450070746,0.15605486450070746,geometric,mu_schedule,2,0.0,0.0,0.0,full_mu_schedule_geometric_rep02,94002,1087.7795779408552
silu,1,geometric,3,1083.552734512908,50,31.80671715736389,100,0.15013107289081737,0.15013107289081737,0.15013107289081737,geometric,mu_schedule,2,0.0,0.0,0.0,full_mu_schedule_geometric_rep02,94002,1083.552734512908
silu,1,geometric,3,1086.924779945509,51,30.493762016296387,100,0.14443214647272812,0.14443214647272812,0.14443214647272812,geometric,mu_schedule,2,0.0,0.0,0.0,full_mu_schedule_geometric_rep02,94002,1086.924779945509
silu,1,geometric,3,1081.4099155509773,52,30.50350594520569,100,0.1389495494373138,0.1389495494373138,0.1389495494373138,geometric,mu_schedule,2,0.0,0.0,0.0,full_mu_schedule_geometric_rep02,94002,1081.4099155509773
silu,1,geometric,3,1067.640186277459,53,31.996567010879517,100,0.13367506999197082,0.13367506999197082,0.13367506999197082,geometric,mu_schedule,2,0.0,0.0,0.0,full_mu_schedule_geometric_rep02,94002,1067.640186277459
silu,1,geometric,3,1066.630821860483,54,30.606679916381836,100,0.12860080806105667,0.12860080806105667,0.12860080806105667,geometric,mu_schedule,2,0.0,0.0,0.0,full_mu_schedule_geometric_rep02,94002,1066.630821860483
silu,1,geometric,3,1064.0609101123791,55,31.349865198135376,100,0.12371916345321604,0.12371916345321604,0.12371916345321604,geometric,mu_schedule,2,0.0,0.0,0.0,full_mu_schedule_geometric_rep02,94002,1064.0609101123791
silu,1,geometric,3,1055.8924397004714,56,31.185593128204346,100,0.11902282447787153,0.11902282447787153,0.11902282447787153,geometric,mu_schedule,2,0.0,0.0,0.0,full_mu_schedule_geometric_rep02,94002,1055.8924397004714
silu,1,geometric,3,1055.4619344013208,57,31.678416967391968,100,0.11450475699382821,0.11450475699382821,0.11450475699382821,geometric,mu_schedule,2,0.0,0.0,0.0,full_mu_schedule_geometric_rep02,94002,1055.4619344013208
silu,1,geometric,3,1050.9425654262477,58,32.268025159835815,100,0.11015819387359,0.11015819387359,0.11015819387359,geometric,mu_schedule,2,0.0,0.0,0.0,full_mu_schedule_geometric_rep02,94002,1050.9425654262477
silu,1,geometric,3,1046.5357756482574,59,30.359952211380005,100,0.10597662486760713,0.10597662486760713,0.10597662486760713,geometric,mu_schedule,2,0.0,0.0,0.0,full_mu_schedule_geometric_rep02,94002,1046.5357756482574
silu,1,geometric,3,1049.0006240007215,60,31.6910879611969,100,0.10195378685327307,0.10195378685327307,0.10195378685327307,geometric,mu_schedule,2,0.0,0.0,0.0,full_mu_schedule_geometric_rep02,94002,1049.0006240007215
silu,1,geometric,3,1039.3813205913052,61,32.27873706817627,100,0.09808365445406671,0.09808365445406671,0.09808365445406671,geometric,mu_schedule,2,0.0,0.0,0.0,full_mu_schedule_geometric_rep02,94002,1039.3813205913052
silu,1,geometric,3,1033.719857816554,62,33.06409502029419,100,0.0943604310147889,0.0943604310147889,0.0943604310147889,geometric,mu_schedule,2,0.0,0.0,0.0,full_mu_schedule_geometric_rep02,94002,1033.719857816554
silu,1,geometric,3,1028.3840949264936,63,37.08222723007202,100,0.09077853991937558,0.09077853991937558,0.09077853991937558,geometric,mu_schedule,2,0.0,0.0,0.0,full_mu_schedule_geometric_rep02,94002,1028.3840949264936
silu,1,geometric,3,1035.2035649222685,64,34.76141905784607,100,0.08733261623828434,0.08733261623828434,0.08733261623828434,geometric,mu_schedule,2,0.0,0.0,0.0,full_mu_schedule_geometric_rep02,94002,1035.2035649222685
silu,1,geometric,3,1027.427606528077,65,35.74999499320984,100,0.08401749869294341,0.08401749869294341,0.08401749869294341,geometric,mu_schedule,2,0.0,0.0,0.0,full_mu_schedule_geometric_rep02,94002,1027.427606528077
silu,1,geometric,3,1025.7631182849543,66,38.35158586502075,100,0.08082822192522719,0.08082822192522719,0.08082822192522719,geometric,mu_schedule,2,0.0,0.0,0.0,full_mu_schedule_geometric_rep02,94002,1025.7631182849543
silu,1,geometric,3,1022.7643267233419,67,33.94135785102844,100,0.07776000906038037,0.07776000906038037,0.07776000906038037,geometric,mu_schedule,2,0.0,0.0,0.0,full_mu_schedule_geometric_rep02,94002,1022.7643267233419
silu,1,geometric,3,1017.949191735318,68,36.07448601722717,100,0.07480826455225088,0.07480826455225088,0.07480826455225088,geometric,mu_schedule,2,0.0,0.0,0.0,full_mu_schedule_geometric_rep02,94002,1017.949191735318
silu,1,geometric,3,1011.2159048173016,69,34.90840792655945,100,0.07196856730011524,0.07196856730011524,0.07196856730011524,geometric,mu_schedule,2,0.0,0.0,0.0,full_mu_schedule_geometric_rep02,94002,1011.2159048173016
silu,1,geometric,3,1005.1555489582613,70,34.742295026779175,100,0.06923666402678726,0.06923666402678726,0.06923666402678726,geometric,mu_schedule,2,0.0,0.0,0.0,full_mu_schedule_geometric_rep02,94002,1005.1555489582613
silu,1,geometric,3,1002.4837159170701,71,36.08036398887634,100,0.0666084629080916,0.0666084629080916,0.0666084629080916,geometric,mu_schedule,2,0.0,0.0,0.0,full_mu_schedule_geometric_rep02,94002,1002.4837159170701
silu,1,geometric,3,1008.5511815289277,72,35.308281898498535,100,0.06408002744416001,0.06408002744416001,0.06408002744416001,geometric,mu_schedule,2,0.0,0.0,0.0,full_mu_schedule_geometric_rep02,94002,1008.5511815289277
silu,1,geometric,3,1017.4929998299515,73,36.40413999557495,100,0.06164757056337163,0.06164757056337163,0.06164757056337163,geometric,mu_schedule,2,0.0,0.0,0.0,full_mu_schedule_geometric_rep02,94002,1017.4929998299515
silu,1,geometric,3,1004.282511187299,74,36.61180806159973,100,0.05930744895010561,0.05930744895010561,0.05930744895010561,geometric,mu_schedule,2,0.0,0.0,0.0,full_mu_schedule_geometric_rep02,94002,1004.282511187299
silu,1,geometric,3,1004.7614162456379,75,33.994083881378174,100,0.057056157587810234,0.057056157587810234,0.057056157587810234,geometric,mu_schedule,2,0.0,0.0,0.0,full_mu_schedule_geometric_rep02,94002,1004.7614162456379
silu,1,geometric,3,993.0198867143273,76,37.62854504585266,100,0.05489032450921558,0.05489032450921558,0.05489032450921558,geometric,mu_schedule,2,0.0,0.0,0.0,full_mu_schedule_geometric_rep02,94002,993.0198867143273
silu,1,geometric,3,995.2631133845131,77,36.408698081970215,100,0.05280670574582637,0.05280670574582637,0.05280670574582637,geometric,mu_schedule,2,0.0,0.0,0.0,full_mu_schedule_geometric_rep02,94002,995.2631133845131
silu,1,geometric,3,985.9367397821618,78,35.386229038238525,100,0.05080218046913023,0.05080218046913023,0.05080218046913023,geometric,mu_schedule,2,0.0,0.0,0.0,full_mu_schedule_geometric_rep02,94002,985.9367397821618
silu,1,geometric,3,989.9548931613459,79,39.248724937438965,100,0.04887374631624425,0.04887374631624425,0.04887374631624425,geometric,mu_schedule,2,0.0,0.0,0.0,full_mu_schedule_geometric_rep02,94002,989.9548931613459
silu,1,geometric,3,990.2139291282368,80,35.665874004364014,100,0.04701851489299855,0.04701851489299855,0.04701851489299855,geometric,mu_schedule,2,0.0,0.0,0.0,full_mu_schedule_geometric_rep02,94002,990.2139291282368
silu,1,geometric,3,995.0760016246447,81,36.60783290863037,100,0.04523370744772104,0.04523370744772104,0.04523370744772104,geometric,mu_schedule,2,0.0,0.0,0.0,full_mu_schedule_geometric_rep02,94002,995.0760016246447
silu,1,geometric,3,990.3778061718601,82,37.426602840423584,100,0.04351665070924417,0.04351665070924417,0.04351665070924417,geometric,mu_schedule,2,0.0,0.0,0.0,full_mu_schedule_geometric_rep02,94002,990.3778061718601
silu,1,geometric,3,980.2589473664942,83,35.98985195159912,100,0.041864772882899526,0.041864772882899526,0.041864772882899526,geometric,mu_schedule,2,0.0,0.0,0.0,full_mu_schedule_geometric_rep02,94002,980.2589473664942
silu,1,geometric,3,979.7329710302453,84,36.373048067092896,100,0.04027559979850299,0.04027559979850299,0.04027559979850299,geometric,mu_schedule,2,0.0,0.0,0.0,full_mu_schedule_geometric_rep02,94002,979.7329710302453
silu,1,geometric,3,980.5063415867085,85,37.451772928237915,100,0.038746751204561315,0.038746751204561315,0.038746751204561315,geometric,mu_schedule,2,0.0,0.0,0.0,full_mu_schedule_geometric_rep02,94002,980.5063415867085
silu,1,geometric,3,971.9301347503584,86,38.26708793640137,100,0.03727593720314941,0.03727593720314941,0.03727593720314941,geometric,mu_schedule,2,0.0,0.0,0.0,full_mu_schedule_geometric_rep02,94002,971.9301347503584
silu,1,geometric,3,975.6002704581919,87,35.65392184257507,100,0.03586095482011832,0.03586095482011832,0.03586095482011832,geometric,mu_schedule,2,0.0,0.0,0.0,full_mu_schedule_geometric_rep02,94002,975.6002704581919
silu,1,geometric,3,970.0904971180985,88,36.384758949279785,100,0.03449968470549717,0.03449968470549717,0.03449968470549717,geometric,mu_schedule,2,0.0,0.0,0.0,full_mu_schedule_geometric_rep02,94002,970.0904971180985
silu,1,geometric,3,971.7424608134876,89,38.88182497024536,100,0.03319008795914679,0.03319008795914679,0.03319008795914679,geometric,mu_schedule,2,0.0,0.0,0.0,full_mu_schedule_geometric_rep02,94002,971.7424608134876
silu,1,geometric,3,974.5979178924806,90,37.67757797241211,100,0.03193020307691029,0.03193020307691029,0.03193020307691029,geometric,mu_schedule,2,0.0,0.0,0.0,full_mu_schedule_geometric_rep02,94002,974.5979178924806
silu,1,geometric,3,970.5317892928402,91,36.141013860702515,100,0.03071814301268698,0.03071814301268698,0.03071814301268698,geometric,mu_schedule,2,0.0,0.0,0.0,full_mu_schedule_geometric_rep02,94002,970.5317892928402
silu,1,geometric,3,975.2412276279333,92,36.32268404960632,100,0.02955209235202888,0.02955209235202888,0.02955209235202888,geometric,mu_schedule,2,0.0,0.0,0.0,full_mu_schedule_geometric_rep02,94002,975.2412276279333
silu,1,geometric,3,971.9632053721102,93,35.57708382606506,100,0.028430304593026652,0.028430304593026652,0.028430304593026652,geometric,mu_schedule,2,0.0,0.0,0.0,full_mu_schedule_geometric_rep02,94002,971.9632053721102
silu,1,geometric,3,968.714421682568,94,37.710469007492065,100,0.027351099530412107,0.027351099530412107,0.027351099530412107,geometric,mu_schedule,2,0.0,0.0,0.0,full_mu_schedule_geometric_rep02,94002,968.714421682568
silu,1,geometric,3,966.4202026057661,95,37.30332112312317,100,0.026312860738959436,0.026312860738959436,0.026312860738959436,geometric,mu_schedule,2,0.0,0.0,0.0,full_mu_schedule_geometric_rep02,94002,966.4202026057661
silu,1,geometric,3,954.4158444806232,96,34.865200996398926,100,0.025314033152415687,0.025314033152415687,0.025314033152415687,geometric,mu_schedule,2,0.0,0.0,0.0,full_mu_schedule_geometric_rep02,94002,954.4158444806232
silu,1,geometric,3,973.5460137541901,97,37.54708290100098,100,0.024353120734334165,0.024353120734334165,0.024353120734334165,geometric,mu_schedule,2,0.0,0.0,0.0,full_mu_schedule_geometric_rep02,94002,973.5460137541901
silu,1,geometric,3,962.7727428104605,98,38.11554288864136,100,0.023428684237322334,0.023428684237322334,0.023428684237322334,geometric,mu_schedule,2,0.0,0.0,0.0,full_mu_schedule_geometric_rep02,94002,962.7727428104605
silu,1,geometric,3,969.624090158132,99,36.286957025527954,100,0.022539339047347916,0.022539339047347916,0.022539339047347916,geometric,mu_schedule,2,0.0,0.0,0.0,full_mu_schedule_geometric_rep02,94002,969.624090158132
silu,1,geometric,3,954.1881234412639,100,38.03992319107056,100,0.02168375310987436,0.02168375310987436,0.02168375310987436,geometric,mu_schedule,2,0.0,0.0,0.0,full_mu_schedule_geometric_rep02,94002,954.1881234412639
silu,1,geometric,3,952.4638886964844,101,38.72814202308655,100,0.020860644934719584,0.020860644934719584,0.020860644934719584,geometric,mu_schedule,2,0.0,0.0,0.0,full_mu_schedule_geometric_rep02,94002,952.4638886964844
silu,1,geometric,3,962.9516852363208,102,36.54107093811035,100,0.02006878167664968,0.02006878167664968,0.02006878167664968,geometric,mu_schedule,2,0.0,0.0,0.0,full_mu_schedule_geometric_rep02,94002,962.9516852363208
silu,1,geometric,3,952.560149375879,103,38.145987033843994,100,0.019306977288832513,0.019306977288832513,0.019306977288832513,geometric,mu_schedule,2,0.0,0.0,0.0,full_mu_schedule_geometric_rep02,94002,952.560149375879
silu,1,geometric,3,949.5703538987191,104,38.672548055648804,100,0.018574090746385725,0.018574090746385725,0.018574090746385725,geometric,mu_schedule,2,0.0,0.0,0.0,full_mu_schedule_geometric_rep02,94002,949.5703538987191
silu,1,geometric,3,943.7749148102589,105,37.08494806289673,100,0.017869024337358295,0.017869024337358295,0.017869024337358295,geometric,mu_schedule,2,0.0,0.0,0.0,full_mu_schedule_geometric_rep02,94002,943.7749148102589
silu,1,geometric,3,950.0321451375913,106,39.312899112701416,100,0.017190722018585746,0.017190722018585746,0.017190722018585746,geometric,mu_schedule,2,0.0,0.0,0.0,full_mu_schedule_geometric_rep02,94002,950.0321451375913
silu,1,geometric,3,945.3034431725858,107,39.56722617149353,100,0.01653816783395674,0.01653816783395674,0.01653816783395674,geometric,mu_schedule,2,0.0,0.0,0.0,full_mu_schedule_geometric_rep02,94002,945.3034431725858
silu,1,geometric,3,943.8236799498854,108,38.03328800201416,100,0.015910384392721535,0.015910384392721535,0.015910384392721535,geometric,mu_schedule,2,0.0,0.0,0.0,full_mu_schedule_geometric_rep02,94002,943.8236799498854
silu,1,geometric,3,947.0437161305775,109,40.510972023010254,100,0.015306431405563588,0.015306431405563588,0.015306431405563588,geometric,mu_schedule,2,0.0,0.0,0.0,full_mu_schedule_geometric_rep02,94002,947.0437161305775
silu,1,geometric,3,953.2848226091362,110,38.91001105308533,100,0.01472540427624124,0.01472540427624124,0.01472540427624124,geometric,mu_schedule,2,0.0,0.0,0.0,full_mu_schedule_geometric_rep02,94002,953.2848226091362
silu,1,geometric,3,940.4125648248169,111,39.420166015625,100,0.014166432746690216,0.014166432746690216,0.014166432746690216,geometric,mu_schedule,2,0.0,0.0,0.0,full_mu_schedule_geometric_rep02,94002,940.4125648248169
silu,1,geometric,3,947.3379504933988,112,37.895190954208374,100,0.013628679593557744,0.013628679593557744,0.013628679593557744,geometric,mu_schedule,2,0.0,0.0,0.0,full_mu_schedule_geometric_rep02,94002,947.3379504933988
silu,1,geometric,3,939.2712930212094,113,38.305899143218994,100,0.013111339374215653,0.013111339374215653,0.013111339374215653,geometric,mu_schedule,2,0.0,0.0,0.0,full_mu_schedule_geometric_rep02,94002,939.2712930212094
silu,1,geometric,3,945.4304346795375,114,39.493473052978516,100,0.01261363722037444,0.01261363722037444,0.01261363722037444,geometric,mu_schedule,2,0.0,0.0,0.0,full_mu_schedule_geometric_rep02,94002,945.4304346795375
silu,1,geometric,3,937.3794654631148,115,39.24489903450012,100,0.012134827677491442,0.012134827677491442,0.012134827677491442,geometric,mu_schedule,2,0.0,0.0,0.0,full_mu_schedule_geometric_rep02,94002,937.3794654631148
silu,1,geometric,3,948.3706437221123,116,39.87478184700012,100,0.01167419358823459,0.01167419358823459,0.01167419358823459,geometric,mu_schedule,2,0.0,0.0,0.0,full_mu_schedule_geometric_rep02,94002,948.3706437221123
silu,1,geometric,3,940.7741073592183,117,36.88748383522034,100,0.011231045018329526,0.011231045018329526,0.011231045018329526,geometric,mu_schedule,2,0.0,0.0,0.0,full_mu_schedule_geometric_rep02,94002,940.7741073592183
silu,1,geometric,3,934.6319598870662,118,36.09292912483215,100,0.01080471822318129,0.01080471822318129,0.01080471822318129,geometric,mu_schedule,2,0.0,0.0,0.0,full_mu_schedule_geometric_rep02,94002,934.6319598870662
silu,1,geometric,3,941.6790952564957,119,38.75450897216797,100,0.010394574653722635,0.010394574653722635,0.010394574653722635,geometric,mu_schedule,2,0.0,0.0,0.0,full_mu_schedule_geometric_rep02,94002,941.6790952564957
silu,1,geometric,3,947.3611184124793,120,35.168636083602905,100,0.010000000000000004,0.010000000000000004,0.010000000000000004,geometric,mu_schedule,2,0.0,0.0,0.0,full_mu_schedule_geometric_rep02,94002,947.3611184124793
silu,1,geometric,3,912.9471329734555,121,33.207802057266235,100,0.010000000000000004,0.010000000000000004,0.0,geometric,mu_schedule,2,0.0,0.0,0.0,full_mu_schedule_geometric_rep02,94002,912.9471329734555
silu,1,geometric,3,914.8954400551485,122,28.802061080932617,100,0.010000000000000004,0.010000000000000004,0.0,geometric,mu_schedule,2,0.0,0.0,0.0,full_mu_schedule_geometric_rep02,94002,914.8954400551485
silu,1,geometric,3,919.8305617733834,123,33.04587697982788,100,0.010000000000000004,0.010000000000000004,0.0,geometric,mu_schedule,2,0.0,0.0,0.0,full_mu_schedule_geometric_rep02,94002,919.8305617733834
silu,1,geometric,3,927.3394827794575,124,30.76921796798706,100,0.010000000000000004,0.010000000000000004,0.0,geometric,mu_schedule,2,0.0,0.0,0.0,full_mu_schedule_geometric_rep02,94002,927.3394827794575
silu,1,geometric,3,905.8146748823629,125,31.78597092628479,100,0.010000000000000004,0.010000000000000004,0.0,geometric,mu_schedule,2,0.0,0.0,0.0,full_mu_schedule_geometric_rep02,94002,905.8146748823629
silu,1,geometric,3,919.0072588777684,126,31.608747959136963,100,0.010000000000000004,0.010000000000000004,0.0,geometric,mu_schedule,2,0.0,0.0,0.0,full_mu_schedule_geometric_rep02,94002,919.0072588777684
silu,1,geometric,3,917.6607427835426,127,33.94075798988342,100,0.010000000000000004,0.010000000000000004,0.0,geometric,mu_schedule,2,0.0,0.0,0.0,full_mu_schedule_geometric_rep02,94002,917.6607427835426
silu,1,geometric,3,907.1182224009316,128,34.069175004959106,100,0.010000000000000004,0.010000000000000004,0.0,geometric,mu_schedule,2,0.0,0.0,0.0,full_mu_schedule_geometric_rep02,94002,907.1182224009316
silu,1,geometric,3,912.7933883809424,129,32.807838916778564,100,0.010000000000000004,0.010000000000000004,0.0,geometric,mu_schedule,2,0.0,0.0,0.0,full_mu_schedule_geometric_rep02,94002,912.7933883809424
silu,1,geometric,3,925.8070588757521,130,32.10579299926758,100,0.010000000000000004,0.010000000000000004,0.0,geometric,mu_schedule,2,0.0,0.0,0.0,full_mu_schedule_geometric_rep02,94002,925.8070588757521
silu,1,delayed_log_1_5,3,2017.2391933145461,1,100.96568894386292,100,1.0,1.0,1.0,delayed_log_1_5,mu_schedule,5,0.0,0.0,0.0,full_mu_schedule_delayed_log_1_5_rep05,94005,2017.2391933145461
silu,1,delayed_log_1_5,3,1006.3090154696769,2,32.27856492996216,100,0.9964587618428403,0.9964587618428403,0.9964587618428403,delayed_log_1_5,mu_schedule,5,0.0,0.0,0.0,full_mu_schedule_delayed_log_1_5_rep05,94005,1006.3090154696769
silu,1,delayed_log_1_5,3,975.8238191413066,3,32.3093900680542,100,0.9900162609393417,0.9900162609393417,0.9900162609393417,delayed_log_1_5,mu_schedule,5,0.0,0.0,0.0,full_mu_schedule_delayed_log_1_5_rep05,94005,975.8238191413066
silu,1,delayed_log_1_5,3,972.6749095168548,4,32.29307794570923,100,0.9817353861128717,0.9817353861128717,0.9817353861128717,delayed_log_1_5,mu_schedule,5,0.0,0.0,0.0,full_mu_schedule_delayed_log_1_5_rep05,94005,972.6749095168548
silu,1,delayed_log_1_5,3,973.1313146740521,5,33.53345513343811,100,0.97201874914305,0.97201874914305,0.97201874914305,delayed_log_1_5,mu_schedule,5,0.0,0.0,0.0,full_mu_schedule_delayed_log_1_5_rep05,94005,973.1313146740521
silu,1,delayed_log_1_5,3,975.2608666465204,6,32.5011830329895,100,0.9611137459480085,0.9611137459480085,0.9611137459480085,delayed_log_1_5,mu_schedule,5,0.0,0.0,0.0,full_mu_schedule_delayed_log_1_5_rep05,94005,975.2608666465204
silu,1,delayed_log_1_5,3,977.9535125602611,7,32.641745805740356,100,0.9491981248788481,0.9491981248788481,0.9491981248788481,delayed_log_1_5,mu_schedule,5,0.0,0.0,0.0,full_mu_schedule_delayed_log_1_5_rep05,94005,977.9535125602611
silu,1,delayed_log_1_5,3,980.9901030701963,8,31.318027019500732,100,0.9364107635807442,0.9364107635807442,0.9364107635807442,delayed_log_1_5,mu_schedule,5,0.0,0.0,0.0,full_mu_schedule_delayed_log_1_5_rep05,94005,980.9901030701963
silu,1,delayed_log_1_5,3,984.3722345361103,9,32.15162992477417,100,0.9228659514632721,0.9228659514632721,0.9228659514632721,delayed_log_1_5,mu_schedule,5,0.0,0.0,0.0,full_mu_schedule_delayed_log_1_5_rep05,94005,984.3722345361103
silu,1,delayed_log_1_5,3,988.0864372647392,10,32.04992485046387,100,0.908661059707518,0.908661059707518,0.908661059707518,delayed_log_1_5,mu_schedule,5,0.0,0.0,0.0,full_mu_schedule_delayed_log_1_5_rep05,94005,988.0864372647392
silu,1,delayed_log_1_5,3,992.6690066332255,11,30.99495816230774,100,0.893881079712128,0.893881079712128,0.893881079712128,delayed_log_1_5,mu_schedule,5,0.0,0.0,0.0,full_mu_schedule_delayed_log_1_5_rep05,94005,992.6690066332255
silu,1,delayed_log_1_5,3,999.2595748211949,12,31.547089099884033,100,0.8786015030817492,0.8786015030817492,0.8786015030817492,delayed_log_1_5,mu_schedule,5,0.0,0.0,0.0,full_mu_schedule_delayed_log_1_5_rep05,94005,999.2595748211949
silu,1,delayed_log_1_5,3,1003.886801877756,13,30.79736590385437,100,0.8628902492870875,0.8628902492870875,0.8628902492870875,delayed_log_1_5,mu_schedule,5,0.0,0.0,0.0,full_mu_schedule_delayed_log_1_5_rep05,94005,1003.886801877756
silu,1,delayed_log_1_5,3,1008.6179119579131,14,31.70508098602295,100,0.8468090118007369,0.8468090118007369,0.8468090118007369,delayed_log_1_5,mu_schedule,5,0.0,0.0,0.0,full_mu_schedule_delayed_log_1_5_rep05,94005,1008.6179119579131
silu,1,delayed_log_1_5,3,1013.4642546579284,15,32.1160569190979,100,0.8304142315537382,0.8304142315537382,0.8304142315537382,delayed_log_1_5,mu_schedule,5,0.0,0.0,0.0,full_mu_schedule_delayed_log_1_5_rep05,94005,1013.4642546579284
silu,1,delayed_log_1_5,3,1018.3459993389114,16,31.006671905517578,100,0.8137578220669143,0.8137578220669143,0.8137578220669143,delayed_log_1_5,mu_schedule,5,0.0,0.0,0.0,full_mu_schedule_delayed_log_1_5_rep05,94005,1018.3459993389114
silu,1,delayed_log_1_5,3,1023.1865152842801,17,32.06864786148071,100,0.7968877237314315,0.7968877237314315,0.7968877237314315,delayed_log_1_5,mu_schedule,5,0.0,0.0,0.0,full_mu_schedule_delayed_log_1_5_rep05,94005,1023.1865152842801
silu,1,delayed_log_1_5,3,1028.0526748221441,18,32.34768199920654,100,0.779848337353253,0.779848337353253,0.779848337353253,delayed_log_1_5,mu_schedule,5,0.0,0.0,0.0,full_mu_schedule_delayed_log_1_5_rep05,94005,1028.0526748221441
silu,1,delayed_log_1_5,3,1032.894095273786,19,30.64153218269348,100,0.7626808704190655,0.7626808704190655,0.7626808704190655,delayed_log_1_5,mu_schedule,5,0.0,0.0,0.0,full_mu_schedule_delayed_log_1_5_rep05,94005,1032.894095273786
silu,1,delayed_log_1_5,3,1037.748443844272,20,31.998260974884033,100,0.7454236190294841,0.7454236190294841,0.7454236190294841,delayed_log_1_5,mu_schedule,5,0.0,0.0,0.0,full_mu_schedule_delayed_log_1_5_rep05,94005,1037.748443844272
silu,1,delayed_log_1_5,3,1042.567847517588,21,31.438117027282715,100,0.7281122016037245,0.7281122016037245,0.7281122016037245,delayed_log_1_5,mu_schedule,5,0.0,0.0,0.0,full_mu_schedule_delayed_log_1_5_rep05,94005,1042.567847517588
silu,1,delayed_log_1_5,3,1047.3051700854226,22,32.67271709442139,100,0.7107797558859942,0.7107797558859942,0.7107797558859942,delayed_log_1_5,mu_schedule,5,0.0,0.0,0.0,full_mu_schedule_delayed_log_1_5_rep05,94005,1047.3051700854226
silu,1,delayed_log_1_5,3,1051.8739970725949,23,32.330848932266235,100,0.6934571076532519,0.6934571076532519,0.6934571076532519,delayed_log_1_5,mu_schedule,5,0.0,0.0,0.0,full_mu_schedule_delayed_log_1_5_rep05,94005,1051.8739970725949
silu,1,delayed_log_1_5,3,1056.2172496322826,24,32.088361978530884,100,0.6761729173363908,0.6761729173363908,0.6761729173363908,delayed_log_1_5,mu_schedule,5,0.0,0.0,0.0,full_mu_schedule_delayed_log_1_5_rep05,94005,1056.2172496322826
silu,1,delayed_log_1_5,3,1060.2824996175195,25,32.30098295211792,100,0.6589538092098807,0.6589538092098807,0.6589538092098807,delayed_log_1_5,mu_schedule,5,0.0,0.0,0.0,full_mu_schedule_delayed_log_1_5_rep05,94005,1060.2824996175195
silu,1,delayed_log_1_5,3,1064.0792929627946,26,30.669931888580322,100,0.641824486678396,0.641824486678396,0.641824486678396,delayed_log_1_5,mu_schedule,5,0.0,0.0,0.0,full_mu_schedule_delayed_log_1_5_rep05,94005,1064.0792929627946
silu,1,delayed_log_1_5,3,1067.7162399636907,27,31.374239921569824,100,0.6248078363619324,0.6248078363619324,0.6248078363619324,delayed_log_1_5,mu_schedule,5,0.0,0.0,0.0,full_mu_schedule_delayed_log_1_5_rep05,94005,1067.7162399636907
silu,1,delayed_log_1_5,3,1071.1608865457804,28,32.17196202278137,100,0.6079250230657337,0.6079250230657337,0.6079250230657337,delayed_log_1_5,mu_schedule,5,0.0,0.0,0.0,full_mu_schedule_delayed_log_1_5_rep05,94005,1071.1608865457804
silu,1,delayed_log_1_5,3,1074.5839020512522,29,31.099947929382324,100,0.5911955772583853,0.5911955772583853,0.5911955772583853,delayed_log_1_5,mu_schedule,5,0.0,0.0,0.0,full_mu_schedule_delayed_log_1_5_rep05,94005,1074.5839020512522
silu,1,delayed_log_1_5,3,1077.6883972536357,30,32.39838886260986,100,0.5746374763293391,0.5746374763293391,0.5746374763293391,delayed_log_1_5,mu_schedule,5,0.0,0.0,0.0,full_mu_schedule_delayed_log_1_5_rep05,94005,1077.6883972536357
silu,1,delayed_log_1_5,3,1080.4083257490392,31,30.8751699924469,100,0.5582672206268591,0.5582672206268591,0.5582672206268591,delayed_log_1_5,mu_schedule,5,0.0,0.0,0.0,full_mu_schedule_delayed_log_1_5_rep05,94005,1080.4083257490392
silu,1,delayed_log_1_5,3,1082.7518386142754,32,31.832603931427002,100,0.5420999050681883,0.5420999050681883,0.5420999050681883,delayed_log_1_5,mu_schedule,5,0.0,0.0,0.0,full_mu_schedule_delayed_log_1_5_rep05,94005,1082.7518386142754
silu,1,delayed_log_1_5,3,1084.8406606753813,33,31.675550937652588,100,0.5261492869506441,0.5261492869506441,0.5261492869506441,delayed_log_1_5,mu_schedule,5,0.0,0.0,0.0,full_mu_schedule_delayed_log_1_5_rep05,94005,1084.8406606753813
silu,1,delayed_log_1_5,3,1086.644782715572,34,30.515461921691895,100,0.5104278504643833,0.5104278504643833,0.5104278504643833,delayed_log_1_5,mu_schedule,5,0.0,0.0,0.0,full_mu_schedule_delayed_log_1_5_rep05,94005,1086.644782715572
silu,1,delayed_log_1_5,3,1088.1601400540544,35,32.44389009475708,100,0.4949468683066391,0.4949468683066391,0.4949468683066391,delayed_log_1_5,mu_schedule,5,0.0,0.0,0.0,full_mu_schedule_delayed_log_1_5_rep05,94005,1088.1601400540544
silu,1,delayed_log_1_5,3,1089.4261582472552,36,30.400415897369385,100,0.47971646071723734,0.47971646071723734,0.47971646071723734,delayed_log_1_5,mu_schedule,5,0.0,0.0,0.0,full_mu_schedule_delayed_log_1_5_rep05,94005,1089.4261582472552
silu,1,delayed_log_1_5,3,1090.5770448372705,37,31.514750957489014,100,0.46474565219158326,0.46474565219158326,0.46474565219158326,delayed_log_1_5,mu_schedule,5,0.0,0.0,0.0,full_mu_schedule_delayed_log_1_5_rep05,94005,1090.5770448372705
silu,1,delayed_log_1_5,3,1091.8918167760714,38,32.060017824172974,100,0.4500424260765722,0.4500424260765722,0.4500424260765722,delayed_log_1_5,mu_schedule,5,0.0,0.0,0.0,full_mu_schedule_delayed_log_1_5_rep05,94005,1091.8918167760714
silu,1,delayed_log_1_5,3,1092.0259073781665,39,30.82589602470398,100,0.4356137772143422,0.4356137772143422,0.4356137772143422,delayed_log_1_5,mu_schedule,5,0.0,0.0,0.0,full_mu_schedule_delayed_log_1_5_rep05,94005,1092.0259073781665
silu,1,delayed_log_1_5,3,1091.5191408864175,40,31.55271601676941,100,0.4214657627663695,0.4214657627663695,0.4214657627663695,delayed_log_1_5,mu_schedule,5,0.0,0.0,0.0,full_mu_schedule_delayed_log_1_5_rep05,94005,1091.5191408864175
silu,1,delayed_log_1_5,3,1090.6139726411695,41,31.130304098129272,100,0.4076035513244954,0.4076035513244954,0.4076035513244954,delayed_log_1_5,mu_schedule,5,0.0,0.0,0.0,full_mu_schedule_delayed_log_1_5_rep05,94005,1090.6139726411695
silu,1,delayed_log_1_5,3,1088.5607474927863,42,31.909955978393555,100,0.3940314703947749,0.3940314703947749,0.3940314703947749,delayed_log_1_5,mu_schedule,5,0.0,0.0,0.0,full_mu_schedule_delayed_log_1_5_rep05,94005,1088.5607474927863
silu,1,delayed_log_1_5,3,1088.1317150602902,43,31.570618152618408,100,0.3807530523235637,0.3807530523235637,0.3807530523235637,delayed_log_1_5,mu_schedule,5,0.0,0.0,0.0,full_mu_schedule_delayed_log_1_5_rep05,94005,1088.1317150602902
silu,1,delayed_log_1_5,3,1089.583117670263,44,30.857381105422974,100,0.36777107872218967,0.36777107872218967,0.36777107872218967,delayed_log_1_5,mu_schedule,5,0.0,0.0,0.0,full_mu_schedule_delayed_log_1_5_rep05,94005,1089.583117670263
silu,1,delayed_log_1_5,3,1086.3628591289455,45,31.146566152572632,100,0.3550876234362495,0.3550876234362495,0.3550876234362495,delayed_log_1_5,mu_schedule,5,0.0,0.0,0.0,full_mu_schedule_delayed_log_1_5_rep05,94005,1086.3628591289455
silu,1,delayed_log_1_5,3,1087.1798838438967,46,30.230329036712646,100,0.34270409409752023,0.34270409409752023,0.34270409409752023,delayed_log_1_5,mu_schedule,5,0.0,0.0,0.0,full_mu_schedule_delayed_log_1_5_rep05,94005,1087.1798838438967
silu,1,delayed_log_1_5,3,1084.9603520320345,47,32.09386491775513,100,0.3306212722902432,0.3306212722902432,0.3306212722902432,delayed_log_1_5,mu_schedule,5,0.0,0.0,0.0,full_mu_schedule_delayed_log_1_5_rep05,94005,1084.9603520320345
silu,1,delayed_log_1_5,3,1083.9357762956213,48,31.12266993522644,100,0.3188393523587983,0.3188393523587983,0.3188393523587983,delayed_log_1_5,mu_schedule,5,0.0,0.0,0.0,full_mu_schedule_delayed_log_1_5_rep05,94005,1083.9357762956213
silu,1,delayed_log_1_5,3,1083.0644802440436,49,30.729472875595093,100,0.30735797888025024,0.30735797888025024,0.30735797888025024,delayed_log_1_5,mu_schedule,5,0.0,0.0,0.0,full_mu_schedule_delayed_log_1_5_rep05,94005,1083.0644802440436
silu,1,delayed_log_1_5,3,1081.535095511375,50,32.279701948165894,100,0.2961762828226937,0.2961762828226937,0.2961762828226937,delayed_log_1_5,mu_schedule,5,0.0,0.0,0.0,full_mu_schedule_delayed_log_1_5_rep05,94005,1081.535095511375
silu,1,delayed_log_1_5,3,1080.295728945197,51,31.094894886016846,100,0.28529291640855803,0.28529291640855803,0.28529291640855803,delayed_log_1_5,mu_schedule,5,0.0,0.0,0.0,full_mu_schedule_delayed_log_1_5_rep05,94005,1080.295728945197
silu,1,delayed_log_1_5,3,1078.731462443959,52,30.778685808181763,100,0.27470608670090507,0.27470608670090507,0.27470608670090507,delayed_log_1_5,mu_schedule,5,0.0,0.0,0.0,full_mu_schedule_delayed_log_1_5_rep05,94005,1078.731462443959
silu,1,delayed_log_1_5,3,1079.4373806702272,53,32.0377299785614,100,0.26441358793012976,0.26441358793012976,0.26441358793012976,delayed_log_1_5,mu_schedule,5,0.0,0.0,0.0,full_mu_schedule_delayed_log_1_5_rep05,94005,1079.4373806702272
silu,1,delayed_log_1_5,3,1073.1016018806838,54,30.007519006729126,100,0.2544128325782564,0.2544128325782564,0.2544128325782564,delayed_log_1_5,mu_schedule,5,0.0,0.0,0.0,full_mu_schedule_delayed_log_1_5_rep05,94005,1073.1016018806838
silu,1,delayed_log_1_5,3,1073.934795367618,55,32.08046197891235,100,0.2447008812381156,0.2447008812381156,0.2447008812381156,delayed_log_1_5,mu_schedule,5,0.0,0.0,0.0,full_mu_schedule_delayed_log_1_5_rep05,94005,1073.934795367618
silu,1,delayed_log_1_5,3,1071.0784443059993,56,32.785327196121216,100,0.23527447126502152,0.23527447126502152,0.23527447126502152,delayed_log_1_5,mu_schedule,5,0.0,0.0,0.0,full_mu_schedule_delayed_log_1_5_rep05,94005,1071.0784443059993
silu,1,delayed_log_1_5,3,1067.2690576487266,57,30.919872999191284,100,0.22613004423908636,0.22613004423908636,0.22613004423908636,delayed_log_1_5,mu_schedule,5,0.0,0.0,0.0,full_mu_schedule_delayed_log_1_5_rep05,94005,1067.2690576487266
silu,1,delayed_log_1_5,3,1062.3665639218127,58,32.285345792770386,100,0.21726377225694837,0.21726377225694837,0.21726377225694837,delayed_log_1_5,mu_schedule,5,0.0,0.0,0.0,full_mu_schedule_delayed_log_1_5_rep05,94005,1062.3665639218127
silu,1,delayed_log_1_5,3,1064.1576398794523,59,30.868295907974243,100,0.20867158307242661,0.20867158307242661,0.20867158307242661,delayed_log_1_5,mu_schedule,5,0.0,0.0,0.0,full_mu_schedule_delayed_log_1_5_rep05,94005,1064.1576398794523
silu,1,delayed_log_1_5,3,1056.3796719062123,60,31.65907597541809,100,0.20034918410639713,0.20034918410639713,0.20034918410639713,delayed_log_1_5,mu_schedule,5,0.0,0.0,0.0,full_mu_schedule_delayed_log_1_5_rep05,94005,1056.3796719062123
silu,1,delayed_log_1_5,3,1061.119242964397,61,31.218308925628662,100,0.19229208534699987,0.19229208534699987,0.19229208534699987,delayed_log_1_5,mu_schedule,5,0.0,0.0,0.0,full_mu_schedule_delayed_log_1_5_rep05,94005,1061.119242964397
silu,1,delayed_log_1_5,3,1054.5413376207257,62,31.602921962738037,100,0.18449562116209348,0.18449562116209348,0.18449562116209348,delayed_log_1_5,mu_schedule,5,0.0,0.0,0.0,full_mu_schedule_delayed_log_1_5_rep05,94005,1054.5413376207257
silu,1,delayed_log_1_5,3,1050.9778612772861,63,31.652287006378174,100,0.17695497104667735,0.17695497104667735,0.17695497104667735,delayed_log_1_5,mu_schedule,5,0.0,0.0,0.0,full_mu_schedule_delayed_log_1_5_rep05,94005,1050.9778612772861
silu,1,delayed_log_1_5,3,1046.5206644620234,64,31.853534936904907,100,0.16966517932875716,0.16966517932875716,0.16966517932875716,delayed_log_1_5,mu_schedule,5,0.0,0.0,0.0,full_mu_schedule_delayed_log_1_5_rep05,94005,1046.5206644620234
silu,1,delayed_log_1_5,3,1048.0802083557896,65,30.643188953399658,100,0.16262117385785532,0.16262117385785532,0.16262117385785532,delayed_log_1_5,mu_schedule,5,0.0,0.0,0.0,full_mu_schedule_delayed_log_1_5_rep05,94005,1048.0802083557896
silu,1,delayed_log_1_5,3,1040.4472846094225,66,31.640122175216675,100,0.1558177837010316,0.1558177837010316,0.1558177837010316,delayed_log_1_5,mu_schedule,5,0.0,0.0,0.0,full_mu_schedule_delayed_log_1_5_rep05,94005,1040.4472846094225
silu,1,delayed_log_1_5,3,1033.742620276543,67,31.84284806251526,100,0.14924975587188533,0.14924975587188533,0.14924975587188533,delayed_log_1_5,mu_schedule,5,0.0,0.0,0.0,full_mu_schedule_delayed_log_1_5_rep05,94005,1033.742620276543
silu,1,delayed_log_1_5,3,1039.6268776804513,68,31.00650715827942,100,0.14291177111855025,0.14291177111855025,0.14291177111855025,delayed_log_1_5,mu_schedule,5,0.0,0.0,0.0,full_mu_schedule_delayed_log_1_5_rep05,94005,1039.6268776804513
silu,1,delayed_log_1_5,3,1028.5957952507395,69,32.26333498954773,100,0.13679845879716235,0.13679845879716235,0.13679845879716235,delayed_log_1_5,mu_schedule,5,0.0,0.0,0.0,full_mu_schedule_delayed_log_1_5_rep05,94005,1028.5957952507395
silu,1,delayed_log_1_5,3,1032.6975447656698,70,31.068156957626343,100,0.1309044108576826,0.1309044108576826,0.1309044108576826,delayed_log_1_5,mu_schedule,5,0.0,0.0,0.0,full_mu_schedule_delayed_log_1_5_rep05,94005,1032.6975447656698
silu,1,delayed_log_1_5,3,1026.0747624031324,71,31.90960192680359,100,0.12522419496927667,0.12522419496927667,0.12522419496927667,delayed_log_1_5,mu_schedule,5,0.0,0.0,0.0,full_mu_schedule_delayed_log_1_5_rep05,94005,1026.0747624031324
silu,1,delayed_log_1_5,3,1024.2965410584882,72,32.30557608604431,100,0.1197523668127109,0.1197523668127109,0.1197523668127109,delayed_log_1_5,mu_schedule,5,0.0,0.0,0.0,full_mu_schedule_delayed_log_1_5_rep05,94005,1024.2965410584882
silu,1,delayed_log_1_5,3,1018.8894583988993,73,31.269338130950928,100,0.11448348156739976,0.11448348156739976,0.11448348156739976,delayed_log_1_5,mu_schedule,5,0.0,0.0,0.0,full_mu_schedule_delayed_log_1_5_rep05,94005,1018.8894583988993
silu,1,delayed_log_1_5,3,1020.3248377843286,74,32.28518795967102,100,0.10941210462085085,0.10941210462085085,0.10941210462085085,delayed_log_1_5,mu_schedule,5,0.0,0.0,0.0,full_mu_schedule_delayed_log_1_5_rep05,94005,1020.3248377843286
silu,1,delayed_log_1_5,3,1015.4699469203438,75,32.331465005874634,100,0.1045328215282915,0.1045328215282915,0.1045328215282915,delayed_log_1_5,mu_schedule,5,0.0,0.0,0.0,full_mu_schedule_delayed_log_1_5_rep05,94005,1015.4699469203438
silu,1,delayed_log_1_5,3,1009.6943987632287,76,31.34629988670349,100,0.09984024725023324,0.09984024725023324,0.09984024725023324,delayed_log_1_5,mu_schedule,5,0.0,0.0,0.0,full_mu_schedule_delayed_log_1_5_rep05,94005,1009.6943987632287
silu,1,delayed_log_1_5,3,1008.0702063564419,77,33.01229810714722,100,0.09532903469563896,0.09532903469563896,0.09532903469563896,delayed_log_1_5,mu_schedule,5,0.0,0.0,0.0,full_mu_schedule_delayed_log_1_5_rep05,94005,1008.0702063564419
silu,1,delayed_log_1_5,3,1003.6049701714977,78,31.383795976638794,100,0.09099388259820322,0.09099388259820322,0.09099388259820322,delayed_log_1_5,mu_schedule,5,0.0,0.0,0.0,full_mu_schedule_delayed_log_1_5_rep05,94005,1003.6049701714977
silu,1,delayed_log_1_5,3,1000.6100533038277,79,33.29248905181885,100,0.08682954275304726,0.08682954275304726,0.08682954275304726,delayed_log_1_5,mu_schedule,5,0.0,0.0,0.0,full_mu_schedule_delayed_log_1_5_rep05,94005,1000.6100533038277
silu,1,delayed_log_1_5,3,997.794044866806,80,34.46381711959839,100,0.08283082664085921,0.08283082664085921,0.08283082664085921,delayed_log_1_5,mu_schedule,5,0.0,0.0,0.0,full_mu_schedule_delayed_log_1_5_rep05,94005,997.794044866806
silu,1,delayed_log_1_5,3,995.6696297982792,81,32.539458990097046,100,0.07899261146619942,0.07899261146619942,0.07899261146619942,delayed_log_1_5,mu_schedule,5,0.0,0.0,0.0,full_mu_schedule_delayed_log_1_5_rep05,94005,995.6696297982792
silu,1,delayed_log_1_5,3,1001.1018646725673,82,33.77619194984436,100,0.07530984563632075,0.07530984563632075,0.07530984563632075,delayed_log_1_5,mu_schedule,5,0.0,0.0,0.0,full_mu_schedule_delayed_log_1_5_rep05,94005,1001.1018646725673
silu,1,delayed_log_1_5,3,990.8171374100904,83,34.15039277076721,100,0.07177755370644712,0.07177755370644712,0.07177755370644712,delayed_log_1_5,mu_schedule,5,0.0,0.0,0.0,full_mu_schedule_delayed_log_1_5_rep05,94005,990.8171374100904
silu,1,delayed_log_1_5,3,989.7253938027123,84,32.64553713798523,100,0.06839084081700537,0.06839084081700537,0.06839084081700537,delayed_log_1_5,mu_schedule,5,0.0,0.0,0.0,full_mu_schedule_delayed_log_1_5_rep05,94005,989.7253938027123
silu,1,delayed_log_1_5,3,985.4658947813799,85,34.54327988624573,100,0.06514489664781747,0.06514489664781747,0.06514489664781747,delayed_log_1_5,mu_schedule,5,0.0,0.0,0.0,full_mu_schedule_delayed_log_1_5_rep05,94005,985.4658947813799
silu,1,delayed_log_1_5,3,982.9837267971852,86,32.710134983062744,100,0.062034998913743866,0.062034998913743866,0.062034998913743866,delayed_log_1_5,mu_schedule,5,0.0,0.0,0.0,full_mu_schedule_delayed_log_1_5_rep05,94005,982.9837267971852
silu,1,delayed_log_1_5,3,988.1177012913638,87,33.47905516624451,100,0.059056516425716916,0.059056516425716916,0.059056516425716916,delayed_log_1_5,mu_schedule,5,0.0,0.0,0.0,full_mu_schedule_delayed_log_1_5_rep05,94005,988.1177012913638
silu,1,delayed_log_1_5,3,978.734950798878,88,34.035057067871094,100,0.056204911740532194,0.056204911740532194,0.056204911740532194,delayed_log_1_5,mu_schedule,5,0.0,0.0,0.0,full_mu_schedule_delayed_log_1_5_rep05,94005,978.734950798878
silu,1,delayed_log_1_5,3,978.4135748107104,89,32.75035095214844,100,0.05347574342216321,0.05347574342216321,0.05347574342216321,delayed_log_1_5,mu_schedule,5,0.0,0.0,0.0,full_mu_schedule_delayed_log_1_5_rep05,94005,978.4135748107104
silu,1,delayed_log_1_5,3,975.4367552344223,90,33.9098060131073,100,0.050864667936750624,0.050864667936750624,0.050864667936750624,delayed_log_1_5,mu_schedule,5,0.0,0.0,0.0,full_mu_schedule_delayed_log_1_5_rep05,94005,975.4367552344223
silu,1,delayed_log_1_5,3,974.9394610401275,91,34.214728116989136,100,0.048367441202780005,0.048367441202780005,0.048367441202780005,delayed_log_1_5,mu_schedule,5,0.0,0.0,0.0,full_mu_schedule_delayed_log_1_5_rep05,94005,974.9394610401275
silu,1,delayed_log_1_5,3,980.5142015525541,92,32.76733088493347,100,0.04597991981731485,0.04597991981731485,0.04597991981731485,delayed_log_1_5,mu_schedule,5,0.0,0.0,0.0,full_mu_schedule_delayed_log_1_5_rep05,94005,980.5142015525541
silu,1,delayed_log_1_5,3,970.12046838387,93,34.053242921829224,100,0.04369806197849097,0.04369806197849097,0.04369806197849097,delayed_log_1_5,mu_schedule,5,0.0,0.0,0.0,full_mu_schedule_delayed_log_1_5_rep05,94005,970.12046838387
silu,1,delayed_log_1_5,3,975.4075261493933,94,34.10331320762634,100,0.04151792812381084,0.04151792812381084,0.04151792812381084,delayed_log_1_5,mu_schedule,5,0.0,0.0,0.0,full_mu_schedule_delayed_log_1_5_rep05,94005,975.4075261493933
silu,1,delayed_log_1_5,3,972.4679213725149,95,32.77074694633484,100,0.039435681303101607,0.039435681303101607,0.039435681303101607,delayed_log_1_5,mu_schedule,5,0.0,0.0,0.0,full_mu_schedule_delayed_log_1_5_rep05,94005,972.4679213725149
silu,1,delayed_log_1_5,3,970.368096196733,96,34.109755992889404,100,0.03744758730432339,0.03744758730432339,0.03744758730432339,delayed_log_1_5,mu_schedule,5,0.0,0.0,0.0,full_mu_schedule_delayed_log_1_5_rep05,94005,970.368096196733
silu,1,delayed_log_1_5,3,971.4214311615766,97,34.37627601623535,100,0.035550014549735394,0.035550014549735394,0.035550014549735394,delayed_log_1_5,mu_schedule,5,0.0,0.0,0.0,full_mu_schedule_delayed_log_1_5_rep05,94005,971.4214311615766
silu,1,delayed_log_1_5,3,971.567727462003,98,34.444900035858154,100,0.033739433779248054,0.033739433779248054,0.033739433779248054,delayed_log_1_5,mu_schedule,5,0.0,0.0,0.0,full_mu_schedule_delayed_log_1_5_rep05,94005,971.567727462003
silu,1,delayed_log_1_5,3,972.766034852293,99,34.34479379653931,100,0.03201241753711528,0.03201241753711528,0.03201241753711528,delayed_log_1_5,mu_schedule,5,0.0,0.0,0.0,full_mu_schedule_delayed_log_1_5_rep05,94005,972.766034852293
silu,1,delayed_log_1_5,3,967.6963345099139,100,33.828397035598755,100,0.03036563947744833,0.03036563947744833,0.03036563947744833,delayed_log_1_5,mu_schedule,5,0.0,0.0,0.0,full_mu_schedule_delayed_log_1_5_rep05,94005,967.6963345099139
silu,1,delayed_log_1_5,3,957.7353277593222,101,33.54612493515015,100,0.02879587350336838,0.02879587350336838,0.02879587350336838,delayed_log_1_5,mu_schedule,5,0.0,0.0,0.0,full_mu_schedule_delayed_log_1_5_rep05,94005,957.7353277593222
silu,1,delayed_log_1_5,3,971.8392077374779,102,34.383615016937256,100,0.027299992753957076,0.027299992753957076,0.027299992753957076,delayed_log_1_5,mu_schedule,5,0.0,0.0,0.0,full_mu_schedule_delayed_log_1_5_rep05,94005,971.8392077374779
silu,1,delayed_log_1_5,3,959.1028656573792,103,34.20473790168762,100,0.025874968452516123,0.025874968452516123,0.025874968452516123,delayed_log_1_5,mu_schedule,5,0.0,0.0,0.0,full_mu_schedule_delayed_log_1_5_rep05,94005,959.1028656573792
silu,1,delayed_log_1_5,3,971.5470156145805,104,33.48202991485596,100,0.024517868629008715,0.024517868629008715,0.024517868629008715,delayed_log_1_5,mu_schedule,5,0.0,0.0,0.0,full_mu_schedule_delayed_log_1_5_rep05,94005,971.5470156145805
silu,1,delayed_log_1_5,3,960.1645841221623,105,34.33129811286926,100,0.023225856728928747,0.023225856728928747,0.023225856728928747,delayed_log_1_5,mu_schedule,5,0.0,0.0,0.0,full_mu_schedule_delayed_log_1_5_rep05,94005,960.1645841221623
silu,1,delayed_log_1_5,3,972.865663871459,106,34.82970714569092,100,0.021996190120229474,0.021996190120229474,0.021996190120229474,delayed_log_1_5,mu_schedule,5,0.0,0.0,0.0,full_mu_schedule_delayed_log_1_5_rep05,94005,972.865663871459
silu,1,delayed_log_1_5,3,966.8190339396274,107,33.51961088180542,100,0.020826218509342628,0.020826218509342628,0.020826218509342628,delayed_log_1_5,mu_schedule,5,0.0,0.0,0.0,full_mu_schedule_delayed_log_1_5_rep05,94005,966.8190339396274
silu,1,delayed_log_1_5,3,965.3629012306369,108,34.539326190948486,100,0.019713382276732,0.019713382276732,0.019713382276732,delayed_log_1_5,mu_schedule,5,0.0,0.0,0.0,full_mu_schedule_delayed_log_1_5_rep05,94005,965.3629012306369
silu,1,delayed_log_1_5,3,972.5397912659669,109,34.66160202026367,100,0.01865521074185333,0.01865521074185333,0.01865521074185333,delayed_log_1_5,mu_schedule,5,0.0,0.0,0.0,full_mu_schedule_delayed_log_1_5_rep05,94005,972.5397912659669
silu,1,delayed_log_1_5,3,967.8323725439695,110,33.491039991378784,100,0.017649320366836543,0.017649320366836543,0.017649320366836543,delayed_log_1_5,mu_schedule,5,0.0,0.0,0.0,full_mu_schedule_delayed_log_1_5_rep05,94005,967.8323725439695
silu,1,delayed_log_1_5,3,968.0815350566766,111,34.97207498550415,100,0.01669341290766517,0.01669341290766517,0.01669341290766517,delayed_log_1_5,mu_schedule,5,0.0,0.0,0.0,full_mu_schedule_delayed_log_1_5_rep05,94005,968.0815350566766
silu,1,delayed_log_1_5,3,963.1049335405255,112,35.76346206665039,100,0.015785273521104114,0.015785273521104114,0.015785273521104114,delayed_log_1_5,mu_schedule,5,0.0,0.0,0.0,full_mu_schedule_delayed_log_1_5_rep05,94005,963.1049335405255
silu,1,delayed_log_1_5,3,967.7119867579249,113,34.08259201049805,100,0.014922768835118984,0.014922768835118984,0.014922768835118984,delayed_log_1_5,mu_schedule,5,0.0,0.0,0.0,full_mu_schedule_delayed_log_1_5_rep05,94005,967.7119867579249
silu,1,delayed_log_1_5,3,961.5943137900338,114,35.595569133758545,100,0.014103844990040392,0.014103844990040392,0.014103844990040392,delayed_log_1_5,mu_schedule,5,0.0,0.0,0.0,full_mu_schedule_delayed_log_1_5_rep05,94005,961.5943137900338
silu,1,delayed_log_1_5,3,967.7549405308274,115,34.27130103111267,100,0.013326525657252467,0.013326525657252467,0.013326525657252467,delayed_log_1_5,mu_schedule,5,0.0,0.0,0.0,full_mu_schedule_delayed_log_1_5_rep05,94005,967.7549405308274
silu,1,delayed_log_1_5,3,969.7179892717996,116,34.79367804527283,100,0.012588910041729193,0.012588910041729193,0.012588910041729193,delayed_log_1_5,mu_schedule,5,0.0,0.0,0.0,full_mu_schedule_delayed_log_1_5_rep05,94005,969.7179892717996
silu,1,delayed_log_1_5,3,966.1872020827706,117,35.5765278339386,100,0.011889170874303046,0.011889170874303046,0.011889170874303046,delayed_log_1_5,mu_schedule,5,0.0,0.0,0.0,full_mu_schedule_delayed_log_1_5_rep05,94005,966.1872020827706
silu,1,delayed_log_1_5,3,966.2897030248548,118,35.30225205421448,100,0.011225552399128947,0.011225552399128947,0.011225552399128947,delayed_log_1_5,mu_schedule,5,0.0,0.0,0.0,full_mu_schedule_delayed_log_1_5_rep05,94005,966.2897030248548
silu,1,delayed_log_1_5,3,960.1109456063564,119,35.69619607925415,100,0.010596368361401945,0.010596368361401945,0.010596368361401945,delayed_log_1_5,mu_schedule,5,0.0,0.0,0.0,full_mu_schedule_delayed_log_1_5_rep05,94005,960.1109456063564
silu,1,delayed_log_1_5,3,965.6610178626487,120,35.018999099731445,100,0.010000000000000004,0.010000000000000004,0.010000000000000004,delayed_log_1_5,mu_schedule,5,0.0,0.0,0.0,full_mu_schedule_delayed_log_1_5_rep05,94005,965.6610178626487
silu,1,delayed_log_1_5,3,934.7224478737804,121,31.78877282142639,100,0.010000000000000004,0.010000000000000004,0.0,delayed_log_1_5,mu_schedule,5,0.0,0.0,0.0,full_mu_schedule_delayed_log_1_5_rep05,94005,934.7224478737804
silu,1,delayed_log_1_5,3,939.2939340626612,122,30.348878860473633,100,0.010000000000000004,0.010000000000000004,0.0,delayed_log_1_5,mu_schedule,5,0.0,0.0,0.0,full_mu_schedule_delayed_log_1_5_rep05,94005,939.2939340626612
silu,1,delayed_log_1_5,3,939.0367304319826,123,31.652929067611694,100,0.010000000000000004,0.010000000000000004,0.0,delayed_log_1_5,mu_schedule,5,0.0,0.0,0.0,full_mu_schedule_delayed_log_1_5_rep05,94005,939.0367304319826
silu,1,delayed_log_1_5,3,930.3812579899317,124,28.808568000793457,100,0.010000000000000004,0.010000000000000004,0.0,delayed_log_1_5,mu_schedule,5,0.0,0.0,0.0,full_mu_schedule_delayed_log_1_5_rep05,94005,930.3812579899317
silu,1,delayed_log_1_5,3,936.1190048746187,125,27.736344814300537,100,0.010000000000000004,0.010000000000000004,0.0,delayed_log_1_5,mu_schedule,5,0.0,0.0,0.0,full_mu_schedule_delayed_log_1_5_rep05,94005,936.1190048746187
silu,1,delayed_log_1_5,3,939.5038017206153,126,29.129029989242554,100,0.010000000000000004,0.010000000000000004,0.0,delayed_log_1_5,mu_schedule,5,0.0,0.0,0.0,full_mu_schedule_delayed_log_1_5_rep05,94005,939.5038017206153
silu,1,delayed_log_1_5,3,928.7002207998125,127,29.731315851211548,100,0.010000000000000004,0.010000000000000004,0.0,delayed_log_1_5,mu_schedule,5,0.0,0.0,0.0,full_mu_schedule_delayed_log_1_5_rep05,94005,928.7002207998125
silu,1,delayed_log_1_5,3,933.8844707697041,128,29.51642084121704,100,0.010000000000000004,0.010000000000000004,0.0,delayed_log_1_5,mu_schedule,5,0.0,0.0,0.0,full_mu_schedule_delayed_log_1_5_rep05,94005,933.8844707697041
silu,1,delayed_log_1_5,3,931.046733025044,129,28.28685998916626,100,0.010000000000000004,0.010000000000000004,0.0,delayed_log_1_5,mu_schedule,5,0.0,0.0,0.0,full_mu_schedule_delayed_log_1_5_rep05,94005,931.046733025044
silu,1,delayed_log_1_5,3,926.0327930915909,130,27.917257070541382,100,0.010000000000000004,0.010000000000000004,0.0,delayed_log_1_5,mu_schedule,5,0.0,0.0,0.0,full_mu_schedule_delayed_log_1_5_rep05,94005,926.0327930915909
silu,1,delayed_log_1_5,3,2074.179816989948,1,101.64691686630249,100,1.0,1.0,1.0,delayed_log_1_5,mu_schedule,6,0.0,0.0,0.0,full_mu_schedule_delayed_log_1_5_rep06,94006,2074.179816989948
silu,1,delayed_log_1_5,3,1006.7046564994301,2,30.677732944488525,100,0.9964587618428403,0.9964587618428403,0.9964587618428403,delayed_log_1_5,mu_schedule,6,0.0,0.0,0.0,full_mu_schedule_delayed_log_1_5_rep06,94006,1006.7046564994301
silu,1,delayed_log_1_5,3,998.7274805823104,3,32.39976096153259,100,0.9900162609393417,0.9900162609393417,0.9900162609393417,delayed_log_1_5,mu_schedule,6,0.0,0.0,0.0,full_mu_schedule_delayed_log_1_5_rep06,94006,998.7274805823104
silu,1,delayed_log_1_5,3,994.2096679740904,4,33.33553886413574,100,0.9817353861128717,0.9817353861128717,0.9817353861128717,delayed_log_1_5,mu_schedule,6,0.0,0.0,0.0,full_mu_schedule_delayed_log_1_5_rep06,94006,994.2096679740904
silu,1,delayed_log_1_5,3,993.4076812545529,5,31.231035947799683,100,0.97201874914305,0.97201874914305,0.97201874914305,delayed_log_1_5,mu_schedule,6,0.0,0.0,0.0,full_mu_schedule_delayed_log_1_5_rep06,94006,993.4076812545529
silu,1,delayed_log_1_5,3,995.454647945425,6,32.0104660987854,100,0.9611137459480085,0.9611137459480085,0.9611137459480085,delayed_log_1_5,mu_schedule,6,0.0,0.0,0.0,full_mu_schedule_delayed_log_1_5_rep06,94006,995.454647945425
silu,1,delayed_log_1_5,3,998.8064716919802,7,31.1187961101532,100,0.9491981248788481,0.9491981248788481,0.9491981248788481,delayed_log_1_5,mu_schedule,6,0.0,0.0,0.0,full_mu_schedule_delayed_log_1_5_rep06,94006,998.8064716919802
silu,1,delayed_log_1_5,3,1002.742932641223,8,31.589731216430664,100,0.9364107635807442,0.9364107635807442,0.9364107635807442,delayed_log_1_5,mu_schedule,6,0.0,0.0,0.0,full_mu_schedule_delayed_log_1_5_rep06,94006,1002.742932641223
silu,1,delayed_log_1_5,3,1007.0218060053475,9,32.09366798400879,100,0.9228659514632721,0.9228659514632721,0.9228659514632721,delayed_log_1_5,mu_schedule,6,0.0,0.0,0.0,full_mu_schedule_delayed_log_1_5_rep06,94006,1007.0218060053475
silu,1,delayed_log_1_5,3,1011.9240393311649,10,30.44602608680725,100,0.908661059707518,0.908661059707518,0.908661059707518,delayed_log_1_5,mu_schedule,6,0.0,0.0,0.0,full_mu_schedule_delayed_log_1_5_rep06,94006,1011.9240393311649
silu,1,delayed_log_1_5,3,1017.0335761223482,11,31.47412610054016,100,0.893881079712128,0.893881079712128,0.893881079712128,delayed_log_1_5,mu_schedule,6,0.0,0.0,0.0,full_mu_schedule_delayed_log_1_5_rep06,94006,1017.0335761223482
silu,1,delayed_log_1_5,3,1022.5738358149044,12,32.0712571144104,100,0.8786015030817492,0.8786015030817492,0.8786015030817492,delayed_log_1_5,mu_schedule,6,0.0,0.0,0.0,full_mu_schedule_delayed_log_1_5_rep06,94006,1022.5738358149044
silu,1,delayed_log_1_5,3,1028.4706166236808,13,31.84251594543457,100,0.8628902492870875,0.8628902492870875,0.8628902492870875,delayed_log_1_5,mu_schedule,6,0.0,0.0,0.0,full_mu_schedule_delayed_log_1_5_rep06,94006,1028.4706166236808
silu,1,delayed_log_1_5,3,1034.4786113200441,14,32.486894845962524,100,0.8468090118007369,0.8468090118007369,0.8468090118007369,delayed_log_1_5,mu_schedule,6,0.0,0.0,0.0,full_mu_schedule_delayed_log_1_5_rep06,94006,1034.4786113200441
silu,1,delayed_log_1_5,3,1040.525707293864,15,31.49060893058777,100,0.8304142315537382,0.8304142315537382,0.8304142315537382,delayed_log_1_5,mu_schedule,6,0.0,0.0,0.0,full_mu_schedule_delayed_log_1_5_rep06,94006,1040.525707293864
silu,1,delayed_log_1_5,3,1046.3174843532104,16,32.1688928604126,100,0.8137578220669143,0.8137578220669143,0.8137578220669143,delayed_log_1_5,mu_schedule,6,0.0,0.0,0.0,full_mu_schedule_delayed_log_1_5_rep06,94006,1046.3174843532104
silu,1,delayed_log_1_5,3,1052.012130915635,17,32.8430449962616,100,0.7968877237314315,0.7968877237314315,0.7968877237314315,delayed_log_1_5,mu_schedule,6,0.0,0.0,0.0,full_mu_schedule_delayed_log_1_5_rep06,94006,1052.012130915635
silu,1,delayed_log_1_5,3,1057.6270079496344,18,31.155544996261597,100,0.779848337353253,0.779848337353253,0.779848337353253,delayed_log_1_5,mu_schedule,6,0.0,0.0,0.0,full_mu_schedule_delayed_log_1_5_rep06,94006,1057.6270079496344
silu,1,delayed_log_1_5,3,1063.1011069559654,19,32.348748207092285,100,0.7626808704190655,0.7626808704190655,0.7626808704190655,delayed_log_1_5,mu_schedule,6,0.0,0.0,0.0,full_mu_schedule_delayed_log_1_5_rep06,94006,1063.1011069559654
silu,1,delayed_log_1_5,3,1068.3400908363678,20,31.644350051879883,100,0.7454236190294841,0.7454236190294841,0.7454236190294841,delayed_log_1_5,mu_schedule,6,0.0,0.0,0.0,full_mu_schedule_delayed_log_1_5_rep06,94006,1068.3400908363678
silu,1,delayed_log_1_5,3,1073.4177715600244,21,30.610546827316284,100,0.7281122016037245,0.7281122016037245,0.7281122016037245,delayed_log_1_5,mu_schedule,6,0.0,0.0,0.0,full_mu_schedule_delayed_log_1_5_rep06,94006,1073.4177715600244
silu,1,delayed_log_1_5,3,1078.330446941463,22,32.12399911880493,100,0.7107797558859942,0.7107797558859942,0.7107797558859942,delayed_log_1_5,mu_schedule,6,0.0,0.0,0.0,full_mu_schedule_delayed_log_1_5_rep06,94006,1078.330446941463
silu,1,delayed_log_1_5,3,1083.1134155234713,23,32.17792510986328,100,0.6934571076532519,0.6934571076532519,0.6934571076532519,delayed_log_1_5,mu_schedule,6,0.0,0.0,0.0,full_mu_schedule_delayed_log_1_5_rep06,94006,1083.1134155234713
silu,1,delayed_log_1_5,3,1087.8594237422458,24,31.71743416786194,100,0.6761729173363908,0.6761729173363908,0.6761729173363908,delayed_log_1_5,mu_schedule,6,0.0,0.0,0.0,full_mu_schedule_delayed_log_1_5_rep06,94006,1087.8594237422458
silu,1,delayed_log_1_5,3,1092.5199577656178,25,32.148112058639526,100,0.6589538092098807,0.6589538092098807,0.6589538092098807,delayed_log_1_5,mu_schedule,6,0.0,0.0,0.0,full_mu_schedule_delayed_log_1_5_rep06,94006,1092.5199577656178
silu,1,delayed_log_1_5,3,1097.0260128602847,26,30.638598918914795,100,0.641824486678396,0.641824486678396,0.641824486678396,delayed_log_1_5,mu_schedule,6,0.0,0.0,0.0,full_mu_schedule_delayed_log_1_5_rep06,94006,1097.0260128602847
silu,1,delayed_log_1_5,3,1101.3649539367304,27,31.91194796562195,100,0.6248078363619324,0.6248078363619324,0.6248078363619324,delayed_log_1_5,mu_schedule,6,0.0,0.0,0.0,full_mu_schedule_delayed_log_1_5_rep06,94006,1101.3649539367304
silu,1,delayed_log_1_5,3,1105.4735509642578,28,30.57027292251587,100,0.6079250230657337,0.6079250230657337,0.6079250230657337,delayed_log_1_5,mu_schedule,6,0.0,0.0,0.0,full_mu_schedule_delayed_log_1_5_rep06,94006,1105.4735509642578
silu,1,delayed_log_1_5,3,1109.3580936691283,29,31.768049001693726,100,0.5911955772583853,0.5911955772583853,0.5911955772583853,delayed_log_1_5,mu_schedule,6,0.0,0.0,0.0,full_mu_schedule_delayed_log_1_5_rep06,94006,1109.3580936691283
silu,1,delayed_log_1_5,3,1112.9918377675876,30,30.730384826660156,100,0.5746374763293391,0.5746374763293391,0.5746374763293391,delayed_log_1_5,mu_schedule,6,0.0,0.0,0.0,full_mu_schedule_delayed_log_1_5_rep06,94006,1112.9918377675876
silu,1,delayed_log_1_5,3,1116.36309836129,31,32.1732280254364,100,0.5582672206268591,0.5582672206268591,0.5582672206268591,delayed_log_1_5,mu_schedule,6,0.0,0.0,0.0,full_mu_schedule_delayed_log_1_5_rep06,94006,1116.36309836129
silu,1,delayed_log_1_5,3,1119.4674224404207,32,31.881593227386475,100,0.5420999050681883,0.5420999050681883,0.5420999050681883,delayed_log_1_5,mu_schedule,6,0.0,0.0,0.0,full_mu_schedule_delayed_log_1_5_rep06,94006,1119.4674224404207
silu,1,delayed_log_1_5,3,1122.315913510545,33,30.52573013305664,100,0.5261492869506441,0.5261492869506441,0.5261492869506441,delayed_log_1_5,mu_schedule,6,0.0,0.0,0.0,full_mu_schedule_delayed_log_1_5_rep06,94006,1122.315913510545
silu,1,delayed_log_1_5,3,1124.8829084227548,34,31.861353158950806,100,0.5104278504643833,0.5104278504643833,0.5104278504643833,delayed_log_1_5,mu_schedule,6,0.0,0.0,0.0,full_mu_schedule_delayed_log_1_5_rep06,94006,1124.8829084227548
silu,1,delayed_log_1_5,3,1127.1874497056376,35,31.336405038833618,100,0.4949468683066391,0.4949468683066391,0.4949468683066391,delayed_log_1_5,mu_schedule,6,0.0,0.0,0.0,full_mu_schedule_delayed_log_1_5_rep06,94006,1127.1874497056376
silu,1,delayed_log_1_5,3,1129.317371506454,36,32.037888050079346,100,0.47971646071723734,0.47971646071723734,0.47971646071723734,delayed_log_1_5,mu_schedule,6,0.0,0.0,0.0,full_mu_schedule_delayed_log_1_5_rep06,94006,1129.317371506454
silu,1,delayed_log_1_5,3,1131.46065851092,37,32.58192300796509,100,0.46474565219158326,0.46474565219158326,0.46474565219158326,delayed_log_1_5,mu_schedule,6,0.0,0.0,0.0,full_mu_schedule_delayed_log_1_5_rep06,94006,1131.46065851092
silu,1,delayed_log_1_5,3,1133.0742283825925,38,31.348973989486694,100,0.4500424260765722,0.4500424260765722,0.4500424260765722,delayed_log_1_5,mu_schedule,6,0.0,0.0,0.0,full_mu_schedule_delayed_log_1_5_rep06,94006,1133.0742283825925
silu,1,delayed_log_1_5,3,1134.0855240018632,39,32.404520988464355,100,0.4356137772143422,0.4356137772143422,0.4356137772143422,delayed_log_1_5,mu_schedule,6,0.0,0.0,0.0,full_mu_schedule_delayed_log_1_5_rep06,94006,1134.0855240018632
silu,1,delayed_log_1_5,3,1134.9973206759016,40,30.995115995407104,100,0.4214657627663695,0.4214657627663695,0.4214657627663695,delayed_log_1_5,mu_schedule,6,0.0,0.0,0.0,full_mu_schedule_delayed_log_1_5_rep06,94006,1134.9973206759016
silu,1,delayed_log_1_5,3,1135.572004095681,41,31.429578065872192,100,0.4076035513244954,0.4076035513244954,0.4076035513244954,delayed_log_1_5,mu_schedule,6,0.0,0.0,0.0,full_mu_schedule_delayed_log_1_5_rep06,94006,1135.572004095681
silu,1,delayed_log_1_5,3,1135.966737711695,42,32.78716516494751,100,0.3940314703947749,0.3940314703947749,0.3940314703947749,delayed_log_1_5,mu_schedule,6,0.0,0.0,0.0,full_mu_schedule_delayed_log_1_5_rep06,94006,1135.966737711695
silu,1,delayed_log_1_5,3,1136.0799804363576,43,30.969907999038696,100,0.3807530523235637,0.3807530523235637,0.3807530523235637,delayed_log_1_5,mu_schedule,6,0.0,0.0,0.0,full_mu_schedule_delayed_log_1_5_rep06,94006,1136.0799804363576
silu,1,delayed_log_1_5,3,1135.868945939139,44,31.897773027420044,100,0.36777107872218967,0.36777107872218967,0.36777107872218967,delayed_log_1_5,mu_schedule,6,0.0,0.0,0.0,full_mu_schedule_delayed_log_1_5_rep06,94006,1135.868945939139
silu,1,delayed_log_1_5,3,1135.4320261795715,45,32.02657699584961,100,0.3550876234362495,0.3550876234362495,0.3550876234362495,delayed_log_1_5,mu_schedule,6,0.0,0.0,0.0,full_mu_schedule_delayed_log_1_5_rep06,94006,1135.4320261795715
silu,1,delayed_log_1_5,3,1134.6948026537495,46,30.577893018722534,100,0.34270409409752023,0.34270409409752023,0.34270409409752023,delayed_log_1_5,mu_schedule,6,0.0,0.0,0.0,full_mu_schedule_delayed_log_1_5_rep06,94006,1134.6948026537495
silu,1,delayed_log_1_5,3,1135.066222758265,47,31.424196004867554,100,0.3306212722902432,0.3306212722902432,0.3306212722902432,delayed_log_1_5,mu_schedule,6,0.0,0.0,0.0,full_mu_schedule_delayed_log_1_5_rep06,94006,1135.066222758265
silu,1,delayed_log_1_5,3,1134.5855142440018,48,31.034383058547974,100,0.3188393523587983,0.3188393523587983,0.3188393523587983,delayed_log_1_5,mu_schedule,6,0.0,0.0,0.0,full_mu_schedule_delayed_log_1_5_rep06,94006,1134.5855142440018
silu,1,delayed_log_1_5,3,1131.9104224622984,49,31.62387490272522,100,0.30735797888025024,0.30735797888025024,0.30735797888025024,delayed_log_1_5,mu_schedule,6,0.0,0.0,0.0,full_mu_schedule_delayed_log_1_5_rep06,94006,1131.9104224622984
silu,1,delayed_log_1_5,3,1130.5453422897988,50,33.44169998168945,100,0.2961762828226937,0.2961762828226937,0.2961762828226937,delayed_log_1_5,mu_schedule,6,0.0,0.0,0.0,full_mu_schedule_delayed_log_1_5_rep06,94006,1130.5453422897988
silu,1,delayed_log_1_5,3,1126.7514543696254,51,30.77488923072815,100,0.28529291640855803,0.28529291640855803,0.28529291640855803,delayed_log_1_5,mu_schedule,6,0.0,0.0,0.0,full_mu_schedule_delayed_log_1_5_rep06,94006,1126.7514543696254
silu,1,delayed_log_1_5,3,1123.5518323881288,52,31.96252202987671,100,0.27470608670090507,0.27470608670090507,0.27470608670090507,delayed_log_1_5,mu_schedule,6,0.0,0.0,0.0,full_mu_schedule_delayed_log_1_5_rep06,94006,1123.5518323881288
silu,1,delayed_log_1_5,3,1123.136277258768,53,30.913732051849365,100,0.26441358793012976,0.26441358793012976,0.26441358793012976,delayed_log_1_5,mu_schedule,6,0.0,0.0,0.0,full_mu_schedule_delayed_log_1_5_rep06,94006,1123.136277258768
silu,1,delayed_log_1_5,3,1123.262061769737,54,32.16190004348755,100,0.2544128325782564,0.2544128325782564,0.2544128325782564,delayed_log_1_5,mu_schedule,6,0.0,0.0,0.0,full_mu_schedule_delayed_log_1_5_rep06,94006,1123.262061769737
silu,1,delayed_log_1_5,3,1113.8485630860885,55,32.903841972351074,100,0.2447008812381156,0.2447008812381156,0.2447008812381156,delayed_log_1_5,mu_schedule,6,0.0,0.0,0.0,full_mu_schedule_delayed_log_1_5_rep06,94006,1113.8485630860885
silu,1,delayed_log_1_5,3,1115.515593566984,56,30.14909791946411,100,0.23527447126502152,0.23527447126502152,0.23527447126502152,delayed_log_1_5,mu_schedule,6,0.0,0.0,0.0,full_mu_schedule_delayed_log_1_5_rep06,94006,1115.515593566984
silu,1,delayed_log_1_5,3,1108.5188080580722,57,31.627440929412842,100,0.22613004423908636,0.22613004423908636,0.22613004423908636,delayed_log_1_5,mu_schedule,6,0.0,0.0,0.0,full_mu_schedule_delayed_log_1_5_rep06,94006,1108.5188080580722
silu,1,delayed_log_1_5,3,1110.954475678865,58,30.8408260345459,100,0.21726377225694837,0.21726377225694837,0.21726377225694837,delayed_log_1_5,mu_schedule,6,0.0,0.0,0.0,full_mu_schedule_delayed_log_1_5_rep06,94006,1110.954475678865
silu,1,delayed_log_1_5,3,1106.5812868835974,59,31.926054000854492,100,0.20867158307242661,0.20867158307242661,0.20867158307242661,delayed_log_1_5,mu_schedule,6,0.0,0.0,0.0,full_mu_schedule_delayed_log_1_5_rep06,94006,1106.5812868835974
silu,1,delayed_log_1_5,3,1098.9396655656265,60,32.45901799201965,100,0.20034918410639713,0.20034918410639713,0.20034918410639713,delayed_log_1_5,mu_schedule,6,0.0,0.0,0.0,full_mu_schedule_delayed_log_1_5_rep06,94006,1098.9396655656265
silu,1,delayed_log_1_5,3,1098.7412570729841,61,32.768110036849976,100,0.19229208534699987,0.19229208534699987,0.19229208534699987,delayed_log_1_5,mu_schedule,6,0.0,0.0,0.0,full_mu_schedule_delayed_log_1_5_rep06,94006,1098.7412570729841
silu,1,delayed_log_1_5,3,1093.4558681363785,62,31.801926851272583,100,0.18449562116209348,0.18449562116209348,0.18449562116209348,delayed_log_1_5,mu_schedule,6,0.0,0.0,0.0,full_mu_schedule_delayed_log_1_5_rep06,94006,1093.4558681363785
silu,1,delayed_log_1_5,3,1090.844505888858,63,30.840523958206177,100,0.17695497104667735,0.17695497104667735,0.17695497104667735,delayed_log_1_5,mu_schedule,6,0.0,0.0,0.0,full_mu_schedule_delayed_log_1_5_rep06,94006,1090.844505888858
silu,1,delayed_log_1_5,3,1082.892564249734,64,31.498401880264282,100,0.16966517932875716,0.16966517932875716,0.16966517932875716,delayed_log_1_5,mu_schedule,6,0.0,0.0,0.0,full_mu_schedule_delayed_log_1_5_rep06,94006,1082.892564249734
silu,1,delayed_log_1_5,3,1080.1211744583036,65,32.34574508666992,100,0.16262117385785532,0.16262117385785532,0.16262117385785532,delayed_log_1_5,mu_schedule,6,0.0,0.0,0.0,full_mu_schedule_delayed_log_1_5_rep06,94006,1080.1211744583036
silu,1,delayed_log_1_5,3,1080.5335949405367,66,30.499414920806885,100,0.1558177837010316,0.1558177837010316,0.1558177837010316,delayed_log_1_5,mu_schedule,6,0.0,0.0,0.0,full_mu_schedule_delayed_log_1_5_rep06,94006,1080.5335949405367
silu,1,delayed_log_1_5,3,1082.917754637862,67,31.911820888519287,100,0.14924975587188533,0.14924975587188533,0.14924975587188533,delayed_log_1_5,mu_schedule,6,0.0,0.0,0.0,full_mu_schedule_delayed_log_1_5_rep06,94006,1082.917754637862
silu,1,delayed_log_1_5,3,1070.8327638087485,68,31.8074049949646,100,0.14291177111855025,0.14291177111855025,0.14291177111855025,delayed_log_1_5,mu_schedule,6,0.0,0.0,0.0,full_mu_schedule_delayed_log_1_5_rep06,94006,1070.8327638087485
silu,1,delayed_log_1_5,3,1071.0161826336675,69,31.129514932632446,100,0.13679845879716235,0.13679845879716235,0.13679845879716235,delayed_log_1_5,mu_schedule,6,0.0,0.0,0.0,full_mu_schedule_delayed_log_1_5_rep06,94006,1071.0161826336675
silu,1,delayed_log_1_5,3,1075.4982520597734,70,32.59689688682556,100,0.1309044108576826,0.1309044108576826,0.1309044108576826,delayed_log_1_5,mu_schedule,6,0.0,0.0,0.0,full_mu_schedule_delayed_log_1_5_rep06,94006,1075.4982520597734
silu,1,delayed_log_1_5,3,1069.1349753220939,71,31.16188383102417,100,0.12522419496927667,0.12522419496927667,0.12522419496927667,delayed_log_1_5,mu_schedule,6,0.0,0.0,0.0,full_mu_schedule_delayed_log_1_5_rep06,94006,1069.1349753220939
silu,1,delayed_log_1_5,3,1060.6365391927354,72,31.332355976104736,100,0.1197523668127109,0.1197523668127109,0.1197523668127109,delayed_log_1_5,mu_schedule,6,0.0,0.0,0.0,full_mu_schedule_delayed_log_1_5_rep06,94006,1060.6365391927354
silu,1,delayed_log_1_5,3,1051.770523870219,73,31.835495948791504,100,0.11448348156739976,0.11448348156739976,0.11448348156739976,delayed_log_1_5,mu_schedule,6,0.0,0.0,0.0,full_mu_schedule_delayed_log_1_5_rep06,94006,1051.770523870219
silu,1,delayed_log_1_5,3,1055.8600323745889,74,31.074520111083984,100,0.10941210462085085,0.10941210462085085,0.10941210462085085,delayed_log_1_5,mu_schedule,6,0.0,0.0,0.0,full_mu_schedule_delayed_log_1_5_rep06,94006,1055.8600323745889
silu,1,delayed_log_1_5,3,1067.1342927365397,75,32.969233989715576,100,0.1045328215282915,0.1045328215282915,0.1045328215282915,delayed_log_1_5,mu_schedule,6,0.0,0.0,0.0,full_mu_schedule_delayed_log_1_5_rep06,94006,1067.1342927365397
silu,1,delayed_log_1_5,3,1052.8442419367125,76,33.011621952056885,100,0.09984024725023324,0.09984024725023324,0.09984024725023324,delayed_log_1_5,mu_schedule,6,0.0,0.0,0.0,full_mu_schedule_delayed_log_1_5_rep06,94006,1052.8442419367125
silu,1,delayed_log_1_5,3,1044.4916549908833,77,31.401306867599487,100,0.09532903469563896,0.09532903469563896,0.09532903469563896,delayed_log_1_5,mu_schedule,6,0.0,0.0,0.0,full_mu_schedule_delayed_log_1_5_rep06,94006,1044.4916549908833
silu,1,delayed_log_1_5,3,1050.252818892419,78,31.848214864730835,100,0.09099388259820322,0.09099388259820322,0.09099388259820322,delayed_log_1_5,mu_schedule,6,0.0,0.0,0.0,full_mu_schedule_delayed_log_1_5_rep06,94006,1050.252818892419
silu,1,delayed_log_1_5,3,1036.4679099251744,79,31.541048049926758,100,0.08682954275304726,0.08682954275304726,0.08682954275304726,delayed_log_1_5,mu_schedule,6,0.0,0.0,0.0,full_mu_schedule_delayed_log_1_5_rep06,94006,1036.4679099251744
silu,1,delayed_log_1_5,3,1037.5895320073964,80,33.574052810668945,100,0.08283082664085921,0.08283082664085921,0.08283082664085921,delayed_log_1_5,mu_schedule,6,0.0,0.0,0.0,full_mu_schedule_delayed_log_1_5_rep06,94006,1037.5895320073964
silu,1,delayed_log_1_5,3,1034.9659980383171,81,32.79290580749512,100,0.07899261146619942,0.07899261146619942,0.07899261146619942,delayed_log_1_5,mu_schedule,6,0.0,0.0,0.0,full_mu_schedule_delayed_log_1_5_rep06,94006,1034.9659980383171
silu,1,delayed_log_1_5,3,1027.215409697935,82,31.58956003189087,100,0.07530984563632075,0.07530984563632075,0.07530984563632075,delayed_log_1_5,mu_schedule,6,0.0,0.0,0.0,full_mu_schedule_delayed_log_1_5_rep06,94006,1027.215409697935
silu,1,delayed_log_1_5,3,1037.18686199149,83,32.84471797943115,100,0.07177755370644712,0.07177755370644712,0.07177755370644712,delayed_log_1_5,mu_schedule,6,0.0,0.0,0.0,full_mu_schedule_delayed_log_1_5_rep06,94006,1037.18686199149
silu,1,delayed_log_1_5,3,1035.386963720782,84,32.488770961761475,100,0.06839084081700537,0.06839084081700537,0.06839084081700537,delayed_log_1_5,mu_schedule,6,0.0,0.0,0.0,full_mu_schedule_delayed_log_1_5_rep06,94006,1035.386963720782
silu,1,delayed_log_1_5,3,1023.5637432682913,85,32.94247794151306,100,0.06514489664781747,0.06514489664781747,0.06514489664781747,delayed_log_1_5,mu_schedule,6,0.0,0.0,0.0,full_mu_schedule_delayed_log_1_5_rep06,94006,1023.5637432682913
silu,1,delayed_log_1_5,3,1016.3442691050031,86,32.46603512763977,100,0.062034998913743866,0.062034998913743866,0.062034998913743866,delayed_log_1_5,mu_schedule,6,0.0,0.0,0.0,full_mu_schedule_delayed_log_1_5_rep06,94006,1016.3442691050031
silu,1,delayed_log_1_5,3,1013.5208189271742,87,32.891319036483765,100,0.059056516425716916,0.059056516425716916,0.059056516425716916,delayed_log_1_5,mu_schedule,6,0.0,0.0,0.0,full_mu_schedule_delayed_log_1_5_rep06,94006,1013.5208189271742
silu,1,delayed_log_1_5,3,1015.5216321780927,88,31.624588012695312,100,0.056204911740532194,0.056204911740532194,0.056204911740532194,delayed_log_1_5,mu_schedule,6,0.0,0.0,0.0,full_mu_schedule_delayed_log_1_5_rep06,94006,1015.5216321780927
silu,1,delayed_log_1_5,3,1009.5911036757203,89,33.117331981658936,100,0.05347574342216321,0.05347574342216321,0.05347574342216321,delayed_log_1_5,mu_schedule,6,0.0,0.0,0.0,full_mu_schedule_delayed_log_1_5_rep06,94006,1009.5911036757203
silu,1,delayed_log_1_5,3,1006.1979667888055,90,32.71827292442322,100,0.050864667936750624,0.050864667936750624,0.050864667936750624,delayed_log_1_5,mu_schedule,6,0.0,0.0,0.0,full_mu_schedule_delayed_log_1_5_rep06,94006,1006.1979667888055
silu,1,delayed_log_1_5,3,999.4765170681968,91,33.21944785118103,100,0.048367441202780005,0.048367441202780005,0.048367441202780005,delayed_log_1_5,mu_schedule,6,0.0,0.0,0.0,full_mu_schedule_delayed_log_1_5_rep06,94006,999.4765170681968
silu,1,delayed_log_1_5,3,996.744152741931,92,33.15369510650635,100,0.04597991981731485,0.04597991981731485,0.04597991981731485,delayed_log_1_5,mu_schedule,6,0.0,0.0,0.0,full_mu_schedule_delayed_log_1_5_rep06,94006,996.744152741931
silu,1,delayed_log_1_5,3,996.20902840523,93,32.46204209327698,100,0.04369806197849097,0.04369806197849097,0.04369806197849097,delayed_log_1_5,mu_schedule,6,0.0,0.0,0.0,full_mu_schedule_delayed_log_1_5_rep06,94006,996.20902840523
silu,1,delayed_log_1_5,3,993.6304732919166,94,33.02427411079407,100,0.04151792812381084,0.04151792812381084,0.04151792812381084,delayed_log_1_5,mu_schedule,6,0.0,0.0,0.0,full_mu_schedule_delayed_log_1_5_rep06,94006,993.6304732919166
silu,1,delayed_log_1_5,3,988.3865077545867,95,33.222978830337524,100,0.039435681303101607,0.039435681303101607,0.039435681303101607,delayed_log_1_5,mu_schedule,6,0.0,0.0,0.0,full_mu_schedule_delayed_log_1_5_rep06,94006,988.3865077545867
silu,1,delayed_log_1_5,3,986.102919735678,96,32.40892791748047,100,0.03744758730432339,0.03744758730432339,0.03744758730432339,delayed_log_1_5,mu_schedule,6,0.0,0.0,0.0,full_mu_schedule_delayed_log_1_5_rep06,94006,986.102919735678
silu,1,delayed_log_1_5,3,1003.9714176689602,97,32.00585889816284,100,0.035550014549735394,0.035550014549735394,0.035550014549735394,delayed_log_1_5,mu_schedule,6,0.0,0.0,0.0,full_mu_schedule_delayed_log_1_5_rep06,94006,1003.9714176689602
silu,1,delayed_log_1_5,3,982.6536374251041,98,35.208606004714966,100,0.033739433779248054,0.033739433779248054,0.033739433779248054,delayed_log_1_5,mu_schedule,6,0.0,0.0,0.0,full_mu_schedule_delayed_log_1_5_rep06,94006,982.6536374251041
silu,1,delayed_log_1_5,3,981.7465707595824,99,32.92618107795715,100,0.03201241753711528,0.03201241753711528,0.03201241753711528,delayed_log_1_5,mu_schedule,6,0.0,0.0,0.0,full_mu_schedule_delayed_log_1_5_rep06,94006,981.7465707595824
silu,1,delayed_log_1_5,3,979.8354436502101,100,33.67489409446716,100,0.03036563947744833,0.03036563947744833,0.03036563947744833,delayed_log_1_5,mu_schedule,6,0.0,0.0,0.0,full_mu_schedule_delayed_log_1_5_rep06,94006,979.8354436502101
silu,1,delayed_log_1_5,3,971.5545389467275,101,34.06067204475403,100,0.02879587350336838,0.02879587350336838,0.02879587350336838,delayed_log_1_5,mu_schedule,6,0.0,0.0,0.0,full_mu_schedule_delayed_log_1_5_rep06,94006,971.5545389467275
silu,1,delayed_log_1_5,3,972.3508799502933,102,34.502509117126465,100,0.027299992753957076,0.027299992753957076,0.027299992753957076,delayed_log_1_5,mu_schedule,6,0.0,0.0,0.0,full_mu_schedule_delayed_log_1_5_rep06,94006,972.3508799502933
silu,1,delayed_log_1_5,3,968.4396469491371,103,34.10559010505676,100,0.025874968452516123,0.025874968452516123,0.025874968452516123,delayed_log_1_5,mu_schedule,6,0.0,0.0,0.0,full_mu_schedule_delayed_log_1_5_rep06,94006,968.4396469491371
silu,1,delayed_log_1_5,3,971.8728417217524,104,34.85991382598877,100,0.024517868629008715,0.024517868629008715,0.024517868629008715,delayed_log_1_5,mu_schedule,6,0.0,0.0,0.0,full_mu_schedule_delayed_log_1_5_rep06,94006,971.8728417217524
silu,1,delayed_log_1_5,3,966.6068429791777,105,34.670714139938354,100,0.023225856728928747,0.023225856728928747,0.023225856728928747,delayed_log_1_5,mu_schedule,6,0.0,0.0,0.0,full_mu_schedule_delayed_log_1_5_rep06,94006,966.6068429791777
silu,1,delayed_log_1_5,3,958.2822232892897,106,34.676873207092285,100,0.021996190120229474,0.021996190120229474,0.021996190120229474,delayed_log_1_5,mu_schedule,6,0.0,0.0,0.0,full_mu_schedule_delayed_log_1_5_rep06,94006,958.2822232892897
silu,1,delayed_log_1_5,3,964.1207541371626,107,35.127840995788574,100,0.020826218509342628,0.020826218509342628,0.020826218509342628,delayed_log_1_5,mu_schedule,6,0.0,0.0,0.0,full_mu_schedule_delayed_log_1_5_rep06,94006,964.1207541371626
silu,1,delayed_log_1_5,3,959.6530154595968,108,33.616071939468384,100,0.019713382276732,0.019713382276732,0.019713382276732,delayed_log_1_5,mu_schedule,6,0.0,0.0,0.0,full_mu_schedule_delayed_log_1_5_rep06,94006,959.6530154595968
silu,1,delayed_log_1_5,3,969.6722227199987,109,34.591269969940186,100,0.01865521074185333,0.01865521074185333,0.01865521074185333,delayed_log_1_5,mu_schedule,6,0.0,0.0,0.0,full_mu_schedule_delayed_log_1_5_rep06,94006,969.6722227199987
silu,1,delayed_log_1_5,3,965.3046037751975,110,34.80017614364624,100,0.017649320366836543,0.017649320366836543,0.017649320366836543,delayed_log_1_5,mu_schedule,6,0.0,0.0,0.0,full_mu_schedule_delayed_log_1_5_rep06,94006,965.3046037751975
silu,1,delayed_log_1_5,3,968.8175235502184,111,34.85282802581787,100,0.01669341290766517,0.01669341290766517,0.01669341290766517,delayed_log_1_5,mu_schedule,6,0.0,0.0,0.0,full_mu_schedule_delayed_log_1_5_rep06,94006,968.8175235502184
silu,1,delayed_log_1_5,3,954.9337767907514,112,34.51908087730408,100,0.015785273521104114,0.015785273521104114,0.015785273521104114,delayed_log_1_5,mu_schedule,6,0.0,0.0,0.0,full_mu_schedule_delayed_log_1_5_rep06,94006,954.9337767907514
silu,1,delayed_log_1_5,3,955.2359318019315,113,34.61332416534424,100,0.014922768835118984,0.014922768835118984,0.014922768835118984,delayed_log_1_5,mu_schedule,6,0.0,0.0,0.0,full_mu_schedule_delayed_log_1_5_rep06,94006,955.2359318019315
silu,1,delayed_log_1_5,3,962.8259265118842,114,35.72419714927673,100,0.014103844990040392,0.014103844990040392,0.014103844990040392,delayed_log_1_5,mu_schedule,6,0.0,0.0,0.0,full_mu_schedule_delayed_log_1_5_rep06,94006,962.8259265118842
silu,1,delayed_log_1_5,3,952.4983623827168,115,36.002707958221436,100,0.013326525657252467,0.013326525657252467,0.013326525657252467,delayed_log_1_5,mu_schedule,6,0.0,0.0,0.0,full_mu_schedule_delayed_log_1_5_rep06,94006,952.4983623827168
silu,1,delayed_log_1_5,3,949.0922504290751,116,35.31470203399658,100,0.012588910041729193,0.012588910041729193,0.012588910041729193,delayed_log_1_5,mu_schedule,6,0.0,0.0,0.0,full_mu_schedule_delayed_log_1_5_rep06,94006,949.0922504290751
silu,1,delayed_log_1_5,3,947.734889395711,117,36.39278602600098,100,0.011889170874303046,0.011889170874303046,0.011889170874303046,delayed_log_1_5,mu_schedule,6,0.0,0.0,0.0,full_mu_schedule_delayed_log_1_5_rep06,94006,947.734889395711
silu,1,delayed_log_1_5,3,946.0646855644658,118,35.217397928237915,100,0.011225552399128947,0.011225552399128947,0.011225552399128947,delayed_log_1_5,mu_schedule,6,0.0,0.0,0.0,full_mu_schedule_delayed_log_1_5_rep06,94006,946.0646855644658
silu,1,delayed_log_1_5,3,948.4033481137292,119,35.78450083732605,100,0.010596368361401945,0.010596368361401945,0.010596368361401945,delayed_log_1_5,mu_schedule,6,0.0,0.0,0.0,full_mu_schedule_delayed_log_1_5_rep06,94006,948.4033481137292
silu,1,delayed_log_1_5,3,945.7747673574568,120,36.968311071395874,100,0.010000000000000004,0.010000000000000004,0.010000000000000004,delayed_log_1_5,mu_schedule,6,0.0,0.0,0.0,full_mu_schedule_delayed_log_1_5_rep06,94006,945.7747673574568
silu,1,delayed_log_1_5,3,927.3223842139868,121,32.635469913482666,100,0.010000000000000004,0.010000000000000004,0.0,delayed_log_1_5,mu_schedule,6,0.0,0.0,0.0,full_mu_schedule_delayed_log_1_5_rep06,94006,927.3223842139868
silu,1,delayed_log_1_5,3,920.6172948144963,122,29.59957003593445,100,0.010000000000000004,0.010000000000000004,0.0,delayed_log_1_5,mu_schedule,6,0.0,0.0,0.0,full_mu_schedule_delayed_log_1_5_rep06,94006,920.6172948144963
silu,1,delayed_log_1_5,3,919.226032953624,123,30.101155042648315,100,0.010000000000000004,0.010000000000000004,0.0,delayed_log_1_5,mu_schedule,6,0.0,0.0,0.0,full_mu_schedule_delayed_log_1_5_rep06,94006,919.226032953624
silu,1,delayed_log_1_5,3,930.5590948150347,124,30.605265855789185,100,0.010000000000000004,0.010000000000000004,0.0,delayed_log_1_5,mu_schedule,6,0.0,0.0,0.0,full_mu_schedule_delayed_log_1_5_rep06,94006,930.5590948150347
silu,1,delayed_log_1_5,3,938.2404401462861,125,29.059014081954956,100,0.010000000000000004,0.010000000000000004,0.0,delayed_log_1_5,mu_schedule,6,0.0,0.0,0.0,full_mu_schedule_delayed_log_1_5_rep06,94006,938.2404401462861
silu,1,delayed_log_1_5,3,937.875679775585,126,29.34688711166382,100,0.010000000000000004,0.010000000000000004,0.0,delayed_log_1_5,mu_schedule,6,0.0,0.0,0.0,full_mu_schedule_delayed_log_1_5_rep06,94006,937.875679775585
silu,1,delayed_log_1_5,3,921.3489805675891,127,28.22754406929016,100,0.010000000000000004,0.010000000000000004,0.0,delayed_log_1_5,mu_schedule,6,0.0,0.0,0.0,full_mu_schedule_delayed_log_1_5_rep06,94006,921.3489805675891
silu,1,delayed_log_1_5,3,928.3918857866006,128,28.78385090827942,100,0.010000000000000004,0.010000000000000004,0.0,delayed_log_1_5,mu_schedule,6,0.0,0.0,0.0,full_mu_schedule_delayed_log_1_5_rep06,94006,928.3918857866006
silu,1,delayed_log_1_5,3,925.1770027396499,129,29.183603048324585,100,0.010000000000000004,0.010000000000000004,0.0,delayed_log_1_5,mu_schedule,6,0.0,0.0,0.0,full_mu_schedule_delayed_log_1_5_rep06,94006,925.1770027396499
silu,1,delayed_log_1_5,3,926.8608287606414,130,28.77166199684143,100,0.010000000000000004,0.010000000000000004,0.0,delayed_log_1_5,mu_schedule,6,0.0,0.0,0.0,full_mu_schedule_delayed_log_1_5_rep06,94006,926.8608287606414
silu,1,delayed_log_2_0,3,1833.1873096781449,1,100.02836203575134,100,1.0,1.0,1.0,delayed_log_2_0,mu_schedule,1,0.0,0.0,0.0,full_mu_schedule_delayed_log_2_0_rep01,94001,1833.1873096781449
silu,1,delayed_log_2_0,3,976.8058851664224,2,31.48054814338684,100,0.9996748519550619,0.9996748519550619,0.9996748519550619,delayed_log_2_0,mu_schedule,1,0.0,0.0,0.0,full_mu_schedule_delayed_log_2_0_rep01,94001,976.8058851664224
silu,1,delayed_log_2_0,3,956.6099533033993,3,33.897886991500854,100,0.9987000420102654,0.9987000420102654,0.9987000420102654,delayed_log_2_0,mu_schedule,1,0.0,0.0,0.0,full_mu_schedule_delayed_log_2_0_rep01,94001,956.6099533033993
silu,1,delayed_log_2_0,3,949.3681779000174,4,32.2531521320343,100,0.9970774706745008,0.9970774706745008,0.9970774706745008,delayed_log_2_0,mu_schedule,1,0.0,0.0,0.0,full_mu_schedule_delayed_log_2_0_rep01,94001,949.3681779000174
silu,1,delayed_log_2_0,3,947.1393215055004,5,31.097756147384644,100,0.9948102986014197,0.9948102986014197,0.9948102986014197,delayed_log_2_0,mu_schedule,1,0.0,0.0,0.0,full_mu_schedule_delayed_log_2_0_rep01,94001,947.1393215055004
silu,1,delayed_log_2_0,3,946.0589132210081,6,32.784132957458496,100,0.9919029363304483,0.9919029363304483,0.9919029363304483,delayed_log_2_0,mu_schedule,1,0.0,0.0,0.0,full_mu_schedule_delayed_log_2_0_rep01,94001,946.0589132210081
silu,1,delayed_log_2_0,3,945.5356684911669,7,32.19121694564819,100,0.9883610299895366,0.9883610299895366,0.9883610299895366,delayed_log_2_0,mu_schedule,1,0.0,0.0,0.0,full_mu_schedule_delayed_log_2_0_rep01,94001,945.5356684911669
silu,1,delayed_log_2_0,3,945.6737847809751,8,31.157716035842896,100,0.9841914430245098,0.9841914430245098,0.9841914430245098,delayed_log_2_0,mu_schedule,1,0.0,0.0,0.0,full_mu_schedule_delayed_log_2_0_rep01,94001,945.6737847809751
silu,1,delayed_log_2_0,3,946.4184784306746,9,32.96655893325806,100,0.97940223403778,0.97940223403778,0.97940223403778,delayed_log_2_0,mu_schedule,1,0.0,0.0,0.0,full_mu_schedule_delayed_log_2_0_rep01,94001,946.4184784306746
silu,1,delayed_log_2_0,3,947.7525067734903,10,31.767771005630493,100,0.9740026308365713,0.9740026308365713,0.9740026308365713,delayed_log_2_0,mu_schedule,1,0.0,0.0,0.0,full_mu_schedule_delayed_log_2_0_rep01,94001,947.7525067734903
silu,1,delayed_log_2_0,3,949.5943637969214,11,31.830936908721924,100,0.9680030008076335,0.9680030008076335,0.9680030008076335,delayed_log_2_0,mu_schedule,1,0.0,0.0,0.0,full_mu_schedule_delayed_log_2_0_rep01,94001,949.5943637969214
silu,1,delayed_log_2_0,3,951.8564307403368,12,31.8743839263916,100,0.9614148177515623,0.9614148177515623,0.9614148177515623,delayed_log_2_0,mu_schedule,1,0.0,0.0,0.0,full_mu_schedule_delayed_log_2_0_rep01,94001,951.8564307403368
silu,1,delayed_log_2_0,3,954.4897807968175,13,31.37299108505249,100,0.9542506253252185,0.9542506253252185,0.9542506253252185,delayed_log_2_0,mu_schedule,1,0.0,0.0,0.0,full_mu_schedule_delayed_log_2_0_rep01,94001,954.4897807968175
silu,1,delayed_log_2_0,3,957.4601441399127,14,32.05975103378296,100,0.9465239972552507,0.9465239972552507,0.9465239972552507,delayed_log_2_0,mu_schedule,1,0.0,0.0,0.0,full_mu_schedule_delayed_log_2_0_rep01,94001,957.4601441399127
silu,1,delayed_log_2_0,3,960.7101711914712,15,32.166025161743164,100,0.938249494499322,0.938249494499322,0.938249494499322,delayed_log_2_0,mu_schedule,1,0.0,0.0,0.0,full_mu_schedule_delayed_log_2_0_rep01,94001,960.7101711914712
silu,1,delayed_log_2_0,3,964.2187007941335,16,30.55885601043701,100,0.9294426195442062,0.9294426195442062,0.9294426195442062,delayed_log_2_0,mu_schedule,1,0.0,0.0,0.0,full_mu_schedule_delayed_log_2_0_rep01,94001,964.2187007941335
silu,1,delayed_log_2_0,3,967.9473306459618,17,32.90794515609741,100,0.920119768041432,0.920119768041432,0.920119768041432,delayed_log_2_0,mu_schedule,1,0.0,0.0,0.0,full_mu_schedule_delayed_log_2_0_rep01,94001,967.9473306459618
silu,1,delayed_log_2_0,3,971.8866151748833,18,31.401052951812744,100,0.9102981779915219,0.9102981779915219,0.9102981779915219,delayed_log_2_0,mu_schedule,1,0.0,0.0,0.0,full_mu_schedule_delayed_log_2_0_rep01,94001,971.8866151748833
silu,1,delayed_log_2_0,3,975.9774381223833,19,32.795117139816284,100,0.8999958766970595,0.8999958766970595,0.8999958766970595,delayed_log_2_0,mu_schedule,1,0.0,0.0,0.0,full_mu_schedule_delayed_log_2_0_rep01,94001,975.9774381223833
silu,1,delayed_log_2_0,3,980.2062745993625,20,32.47413206100464,100,0.8892316257127867,0.8892316257127867,0.8892316257127867,delayed_log_2_0,mu_schedule,1,0.0,0.0,0.0,full_mu_schedule_delayed_log_2_0_rep01,94001,980.2062745993625
silu,1,delayed_log_2_0,3,984.5495617004829,21,32.01982092857361,100,0.8780248640276315,0.8780248640276315,0.8780248640276315,delayed_log_2_0,mu_schedule,1,0.0,0.0,0.0,full_mu_schedule_delayed_log_2_0_rep01,94001,984.5495617004829
silu,1,delayed_log_2_0,3,988.9823142411784,22,33.33683204650879,100,0.8663956497189845,0.8663956497189845,0.8663956497189845,delayed_log_2_0,mu_schedule,1,0.0,0.0,0.0,full_mu_schedule_delayed_log_2_0_rep01,94001,988.9823142411784
silu,1,delayed_log_2_0,3,993.4923979722281,23,33.409013986587524,100,0.8543646003236588,0.8543646003236588,0.8543646003236588,delayed_log_2_0,mu_schedule,1,0.0,0.0,0.0,full_mu_schedule_delayed_log_2_0_rep01,94001,993.4923979722281
silu,1,delayed_log_2_0,3,998.0912850415323,24,32.523650884628296,100,0.841952832172763,0.841952832172763,0.841952832172763,delayed_log_2_0,mu_schedule,1,0.0,0.0,0.0,full_mu_schedule_delayed_log_2_0_rep01,94001,998.0912850415323
silu,1,delayed_log_2_0,3,1002.7419883483062,25,31.993050813674927,100,0.8291818989392129,0.8291818989392129,0.8291818989392129,delayed_log_2_0,mu_schedule,1,0.0,0.0,0.0,full_mu_schedule_delayed_log_2_0_rep01,94001,1002.7419883483062
silu,1,delayed_log_2_0,3,1007.401077679864,26,31.242990970611572,100,0.8160737296467871,0.8160737296467871,0.8160737296467871,delayed_log_2_0,mu_schedule,1,0.0,0.0,0.0,full_mu_schedule_delayed_log_2_0_rep01,94001,1007.401077679864
silu,1,delayed_log_2_0,3,1012.0898312165524,27,32.0367271900177,100,0.8026505663885299,0.8026505663885299,0.8026505663885299,delayed_log_2_0,mu_schedule,1,0.0,0.0,0.0,full_mu_schedule_delayed_log_2_0_rep01,94001,1012.0898312165524
silu,1,delayed_log_2_0,3,1016.7696149127031,28,32.12602400779724,100,0.7889349019999411,0.7889349019999411,0.7889349019999411,delayed_log_2_0,mu_schedule,1,0.0,0.0,0.0,full_mu_schedule_delayed_log_2_0_rep01,94001,1016.7696149127031
silu,1,delayed_log_2_0,3,1021.422970420485,29,31.04276418685913,100,0.7749494179287948,0.7749494179287948,0.7749494179287948,delayed_log_2_0,mu_schedule,1,0.0,0.0,0.0,full_mu_schedule_delayed_log_2_0_rep01,94001,1021.422970420485
silu,1,delayed_log_2_0,3,1026.0485168442426,30,32.34126901626587,100,0.7607169225386429,0.7607169225386429,0.7607169225386429,delayed_log_2_0,mu_schedule,1,0.0,0.0,0.0,full_mu_schedule_delayed_log_2_0_rep01,94001,1026.0485168442426
silu,1,delayed_log_2_0,3,1030.6184224159456,31,32.48651194572449,100,0.7462602900771296,0.7462602900771296,0.7462602900771296,delayed_log_2_0,mu_schedule,1,0.0,0.0,0.0,full_mu_schedule_delayed_log_2_0_rep01,94001,1030.6184224159456
silu,1,delayed_log_2_0,3,1035.122197892344,32,30.371917963027954,100,0.731602400533224,0.731602400533224,0.731602400533224,delayed_log_2_0,mu_schedule,1,0.0,0.0,0.0,full_mu_schedule_delayed_log_2_0_rep01,94001,1035.122197892344
silu,1,delayed_log_2_0,3,1039.5268463870154,33,32.386083126068115,100,0.7167660805994273,0.7167660805994273,0.7167660805994273,delayed_log_2_0,mu_schedule,1,0.0,0.0,0.0,full_mu_schedule_delayed_log_2_0_rep01,94001,1039.5268463870154
silu,1,delayed_log_2_0,3,1043.8493257371038,34,31.71612310409546,100,0.7017740459459934,0.7017740459459934,0.7017740459459934,delayed_log_2_0,mu_schedule,1,0.0,0.0,0.0,full_mu_schedule_delayed_log_2_0_rep01,94001,1043.8493257371038
silu,1,delayed_log_2_0,3,1048.044156033046,35,32.33846592903137,100,0.6866488450043001,0.6866488450043001,0.6866488450043001,delayed_log_2_0,mu_schedule,1,0.0,0.0,0.0,full_mu_schedule_delayed_log_2_0_rep01,94001,1048.044156033046
silu,1,delayed_log_2_0,3,1052.0737878754255,36,32.05925488471985,100,0.671412804445767,0.671412804445767,0.671412804445767,delayed_log_2_0,mu_schedule,1,0.0,0.0,0.0,full_mu_schedule_delayed_log_2_0_rep01,94001,1052.0737878754255
silu,1,delayed_log_2_0,3,1055.9014668832708,37,30.699517011642456,100,0.6560879765312531,0.6560879765312531,0.6560879765312531,delayed_log_2_0,mu_schedule,1,0.0,0.0,0.0,full_mu_schedule_delayed_log_2_0_rep01,94001,1055.9014668832708
silu,1,delayed_log_2_0,3,1059.5649101383942,38,32.56600093841553,100,0.6406960884937318,0.6406960884937318,0.6406960884937318,delayed_log_2_0,mu_schedule,1,0.0,0.0,0.0,full_mu_schedule_delayed_log_2_0_rep01,94001,1059.5649101383942
silu,1,delayed_log_2_0,3,1062.8981337648859,39,31.522815942764282,100,0.6252584941043363,0.6252584941043363,0.6252584941043363,delayed_log_2_0,mu_schedule,1,0.0,0.0,0.0,full_mu_schedule_delayed_log_2_0_rep01,94001,1062.8981337648859
silu,1,delayed_log_2_0,3,1065.8329627116118,40,32.14930701255798,100,0.6097961275586654,0.6097961275586654,0.6097961275586654,delayed_log_2_0,mu_schedule,1,0.0,0.0,0.0,full_mu_schedule_delayed_log_2_0_rep01,94001,1065.8329627116118
silu,1,delayed_log_2_0,3,1068.076350567371,41,34.48734092712402,100,0.59432945980665,0.59432945980665,0.59432945980665,delayed_log_2_0,mu_schedule,1,0.0,0.0,0.0,full_mu_schedule_delayed_log_2_0_rep01,94001,1068.076350567371
silu,1,delayed_log_2_0,3,1069.3792879559949,42,31.183443069458008,100,0.5788784574353554,0.5788784574353554,0.5788784574353554,delayed_log_2_0,mu_schedule,1,0.0,0.0,0.0,full_mu_schedule_delayed_log_2_0_rep01,94001,1069.3792879559949
silu,1,delayed_log_2_0,3,1071.9899157961079,43,31.947430849075317,100,0.5634625441999642,0.5634625441999642,0.5634625441999642,delayed_log_2_0,mu_schedule,1,0.0,0.0,0.0,full_mu_schedule_delayed_log_2_0_rep01,94001,1071.9899157961079
silu,1,delayed_log_2_0,3,1073.5102123422284,44,32.20676398277283,100,0.5481005652838976,0.5481005652838976,0.5481005652838976,delayed_log_2_0,mu_schedule,1,0.0,0.0,0.0,full_mu_schedule_delayed_log_2_0_rep01,94001,1073.5102123422284
silu,1,delayed_log_2_0,3,1076.1398438226406,45,31.291597843170166,100,0.5328107543547015,0.5328107543547015,0.5328107543547015,delayed_log_2_0,mu_schedule,1,0.0,0.0,0.0,full_mu_schedule_delayed_log_2_0_rep01,94001,1076.1398438226406
silu,1,delayed_log_2_0,3,1087.6662400547305,46,32.200297117233276,100,0.5176107034680238,0.5176107034680238,0.5176107034680238,delayed_log_2_0,mu_schedule,1,0.0,0.0,0.0,full_mu_schedule_delayed_log_2_0_rep01,94001,1087.6662400547305
silu,1,delayed_log_2_0,3,1080.610262988824,47,32.5777690410614,100,0.5025173358578133,0.5025173358578133,0.5025173358578133,delayed_log_2_0,mu_schedule,1,0.0,0.0,0.0,full_mu_schedule_delayed_log_2_0_rep01,94001,1080.610262988824
silu,1,delayed_log_2_0,3,1082.9246249673106,48,30.707825183868408,100,0.4875468816368776,0.4875468816368776,0.4875468816368776,delayed_log_2_0,mu_schedule,1,0.0,0.0,0.0,full_mu_schedule_delayed_log_2_0_rep01,94001,1082.9246249673106
silu,1,delayed_log_2_0,3,1094.3611773015168,49,32.6783230304718,100,0.47271485641819844,0.47271485641819844,0.47271485641819844,delayed_log_2_0,mu_schedule,1,0.0,0.0,0.0,full_mu_schedule_delayed_log_2_0_rep01,94001,1094.3611773015168
silu,1,delayed_log_2_0,3,1086.0586459328565,50,31.950741052627563,100,0.45803604285401567,0.45803604285401567,0.45803604285401567,delayed_log_2_0,mu_schedule,1,0.0,0.0,0.0,full_mu_schedule_delayed_log_2_0_rep01,94001,1086.0586459328565
silu,1,delayed_log_2_0,3,1097.6830685222333,51,32.27807879447937,100,0.44352447507669435,0.44352447507669435,0.44352447507669435,delayed_log_2_0,mu_schedule,1,0.0,0.0,0.0,full_mu_schedule_delayed_log_2_0_rep01,94001,1097.6830685222333
silu,1,delayed_log_2_0,3,1088.225338074154,52,32.48434114456177,100,0.4291934260128779,0.4291934260128779,0.4291934260128779,delayed_log_2_0,mu_schedule,1,0.0,0.0,0.0,full_mu_schedule_delayed_log_2_0_rep01,94001,1088.225338074154
silu,1,delayed_log_2_0,3,1099.7622685510673,53,31.141502141952515,100,0.41505539753043,0.41505539753043,0.41505539753043,delayed_log_2_0,mu_schedule,1,0.0,0.0,0.0,full_mu_schedule_delayed_log_2_0_rep01,94001,1099.7622685510673
silu,1,delayed_log_2_0,3,1089.9880394114155,54,32.52073407173157,100,0.401122113366259,0.401122113366259,0.401122113366259,delayed_log_2_0,mu_schedule,1,0.0,0.0,0.0,full_mu_schedule_delayed_log_2_0_rep01,94001,1089.9880394114155
silu,1,delayed_log_2_0,3,1100.6934611295078,55,32.16489005088806,100,0.38740451477232746,0.38740451477232746,0.38740451477232746,delayed_log_2_0,mu_schedule,1,0.0,0.0,0.0,full_mu_schedule_delayed_log_2_0_rep01,94001,1100.6934611295078
silu,1,delayed_log_2_0,3,1090.886169500711,56,30.027668952941895,100,0.3739127588070357,0.3739127588070357,0.3739127588070357,delayed_log_2_0,mu_schedule,1,0.0,0.0,0.0,full_mu_schedule_delayed_log_2_0_rep01,94001,1090.886169500711
silu,1,delayed_log_2_0,3,1100.1903240947684,57,32.09157681465149,100,0.36065621918975405,0.36065621918975405,0.36065621918975405,delayed_log_2_0,mu_schedule,1,0.0,0.0,0.0,full_mu_schedule_delayed_log_2_0_rep01,94001,1100.1903240947684
silu,1,delayed_log_2_0,3,1099.2402165894168,58,31.321007013320923,100,0.3476434896276,0.3476434896276,0.3476434896276,delayed_log_2_0,mu_schedule,1,0.0,0.0,0.0,full_mu_schedule_delayed_log_2_0_rep01,94001,1099.2402165894168
silu,1,delayed_log_2_0,3,1096.8876783052003,59,33.11435389518738,100,0.3348823895156454,0.3348823895156454,0.3348823895156454,delayed_log_2_0,mu_schedule,1,0.0,0.0,0.0,full_mu_schedule_delayed_log_2_0_rep01,94001,1096.8876783052003
silu,1,delayed_log_2_0,3,1089.1239494204335,60,31.6425518989563,100,0.32237997190459977,0.32237997190459977,0.32237997190459977,delayed_log_2_0,mu_schedule,1,0.0,0.0,0.0,full_mu_schedule_delayed_log_2_0_rep01,94001,1089.1239494204335
silu,1,delayed_log_2_0,3,1095.2556513841391,61,30.975883960723877,100,0.3101425336236777,0.3101425336236777,0.3101425336236777,delayed_log_2_0,mu_schedule,1,0.0,0.0,0.0,full_mu_schedule_delayed_log_2_0_rep01,94001,1095.2556513841391
silu,1,delayed_log_2_0,3,1086.3358915985095,62,31.85216212272644,100,0.29817562744081594,0.29817562744081594,0.29817562744081594,delayed_log_2_0,mu_schedule,1,0.0,0.0,0.0,full_mu_schedule_delayed_log_2_0_rep01,94001,1086.3358915985095
silu,1,delayed_log_2_0,3,1091.3097327616156,63,32.13405394554138,100,0.28648407613767307,0.28648407613767307,0.28648407613767307,delayed_log_2_0,mu_schedule,1,0.0,0.0,0.0,full_mu_schedule_delayed_log_2_0_rep01,94001,1091.3097327616156
silu,1,delayed_log_2_0,3,1086.1505579752952,64,30.302624940872192,100,0.27507198837291136,0.27507198837291136,0.27507198837291136,delayed_log_2_0,mu_schedule,1,0.0,0.0,0.0,full_mu_schedule_delayed_log_2_0_rep01,94001,1086.1505579752952
silu,1,delayed_log_2_0,3,1081.1096099116385,65,31.82211685180664,100,0.26394277620411905,0.26394277620411905,0.26394277620411905,delayed_log_2_0,mu_schedule,1,0.0,0.0,0.0,full_mu_schedule_delayed_log_2_0_rep01,94001,1081.1096099116385
silu,1,delayed_log_2_0,3,1084.92264109582,66,30.240628004074097,100,0.2530991741363788,0.2530991741363788,0.2530991741363788,delayed_log_2_0,mu_schedule,1,0.0,0.0,0.0,full_mu_schedule_delayed_log_2_0_rep01,94001,1084.92264109582
silu,1,delayed_log_2_0,3,1079.271535933534,67,31.865771055221558,100,0.24254325956389286,0.24254325956389286,0.24254325956389286,delayed_log_2_0,mu_schedule,1,0.0,0.0,0.0,full_mu_schedule_delayed_log_2_0_rep01,94001,1079.271535933534
silu,1,delayed_log_2_0,3,1080.886622098121,68,32.357441902160645,100,0.23227647447022887,0.23227647447022887,0.23227647447022887,delayed_log_2_0,mu_schedule,1,0.0,0.0,0.0,full_mu_schedule_delayed_log_2_0_rep01,94001,1080.886622098121
silu,1,delayed_log_2_0,3,1078.3257352009966,69,30.96945309638977,100,0.22229964825261955,0.22229964825261955,0.22229964825261955,delayed_log_2_0,mu_schedule,1,0.0,0.0,0.0,full_mu_schedule_delayed_log_2_0_rep01,94001,1078.3257352009966
silu,1,delayed_log_2_0,3,1071.1561826151412,70,31.861758947372437,100,0.21261302153631445,0.21261302153631445,0.21261302153631445,delayed_log_2_0,mu_schedule,1,0.0,0.0,0.0,full_mu_schedule_delayed_log_2_0_rep01,94001,1071.1561826151412
silu,1,delayed_log_2_0,3,1065.2127676440346,71,30.757149934768677,100,0.20321627084619878,0.20321627084619878,0.20321627084619878,delayed_log_2_0,mu_schedule,1,0.0,0.0,0.0,full_mu_schedule_delayed_log_2_0_rep01,94001,1065.2127676440346
silu,1,delayed_log_2_0,3,1066.632980882627,72,32.04950499534607,100,0.1941085340047378,0.1941085340047378,0.1941085340047378,delayed_log_2_0,mu_schedule,1,0.0,0.0,0.0,full_mu_schedule_delayed_log_2_0_rep01,94001,1066.632980882627
silu,1,delayed_log_2_0,3,1060.401534390121,73,31.522018909454346,100,0.18528843612773901,0.18528843612773901,0.18528843612773901,delayed_log_2_0,mu_schedule,1,0.0,0.0,0.0,full_mu_schedule_delayed_log_2_0_rep01,94001,1060.401534390121
silu,1,delayed_log_2_0,3,1058.7303454583082,74,31.98655676841736,100,0.17675411609240033,0.17675411609240033,0.17675411609240033,delayed_log_2_0,mu_schedule,1,0.0,0.0,0.0,full_mu_schedule_delayed_log_2_0_rep01,94001,1058.7303454583082
silu,1,delayed_log_2_0,3,1050.9421066723612,75,32.37725281715393,100,0.16850325335559654,0.16850325335559654,0.16850325335559654,delayed_log_2_0,mu_schedule,1,0.0,0.0,0.0,full_mu_schedule_delayed_log_2_0_rep01,94001,1050.9421066723612
silu,1,delayed_log_2_0,3,1053.7092563957901,76,32.42016315460205,100,0.16053309500430704,0.16053309500430704,0.16053309500430704,delayed_log_2_0,mu_schedule,1,0.0,0.0,0.0,full_mu_schedule_delayed_log_2_0_rep01,94001,1053.7092563957901
silu,1,delayed_log_2_0,3,1042.8649335500236,77,31.292548894882202,100,0.15284048292445596,0.15284048292445596,0.15284048292445596,delayed_log_2_0,mu_schedule,1,0.0,0.0,0.0,full_mu_schedule_delayed_log_2_0_rep01,94001,1042.8649335500236
silu,1,delayed_log_2_0,3,1039.103879331523,78,33.774479150772095,100,0.14542188097918074,0.14542188097918074,0.14542188097918074,delayed_log_2_0,mu_schedule,1,0.0,0.0,0.0,full_mu_schedule_delayed_log_2_0_rep01,94001,1039.103879331523
silu,1,delayed_log_2_0,3,1037.021628888246,79,30.566895961761475,100,0.13827340209262418,0.13827340209262418,0.13827340209262418,delayed_log_2_0,mu_schedule,1,0.0,0.0,0.0,full_mu_schedule_delayed_log_2_0_rep01,94001,1037.021628888246
silu,1,delayed_log_2_0,3,1027.3333807146569,80,32.06726288795471,100,0.1313908351407074,0.1313908351407074,0.1313908351407074,delayed_log_2_0,mu_schedule,1,0.0,0.0,0.0,full_mu_schedule_delayed_log_2_0_rep01,94001,1027.3333807146569
silu,1,delayed_log_2_0,3,1034.7375874257755,81,33.22996807098389,100,0.12476967155595078,0.12476967155595078,0.12476967155595078,delayed_log_2_0,mu_schedule,1,0.0,0.0,0.0,full_mu_schedule_delayed_log_2_0_rep01,94001,1034.7375874257755
silu,1,delayed_log_2_0,3,1026.022557460816,82,32.2494170665741,100,0.1184051315592157,0.1184051315592157,0.1184051315592157,delayed_log_2_0,mu_schedule,1,0.0,0.0,0.0,full_mu_schedule_delayed_log_2_0_rep01,94001,1026.022557460816
silu,1,delayed_log_2_0,3,1023.8705797282486,83,32.42382216453552,100,0.11229218993720214,0.11229218993720214,0.11229218993720214,delayed_log_2_0,mu_schedule,1,0.0,0.0,0.0,full_mu_schedule_delayed_log_2_0_rep01,94001,1023.8705797282486
silu,1,delayed_log_2_0,3,1018.2380598149863,84,33.365411043167114,100,0.10642560129061643,0.10642560129061643,0.10642560129061643,delayed_log_2_0,mu_schedule,1,0.0,0.0,0.0,full_mu_schedule_delayed_log_2_0_rep01,94001,1018.2380598149863
silu,1,delayed_log_2_0,3,1016.3291726572618,85,31.368196964263916,100,0.1007999246840755,0.1007999246840755,0.1007999246840755,delayed_log_2_0,mu_schedule,1,0.0,0.0,0.0,full_mu_schedule_delayed_log_2_0_rep01,94001,1016.3291726572618
silu,1,delayed_log_2_0,3,1013.9193867188269,86,33.24673008918762,100,0.09540954763499943,0.09540954763499943,0.09540954763499943,delayed_log_2_0,mu_schedule,1,0.0,0.0,0.0,full_mu_schedule_delayed_log_2_0_rep01,94001,1013.9193867188269
silu,1,delayed_log_2_0,3,1009.2764039216522,87,32.78793120384216,100,0.09024870938493183,0.09024870938493183,0.09024870938493183,delayed_log_2_0,mu_schedule,1,0.0,0.0,0.0,full_mu_schedule_delayed_log_2_0_rep01,94001,1009.2764039216522
silu,1,delayed_log_2_0,3,1014.3662488392594,88,32.10470008850098,100,0.08531152340287755,0.08531152340287755,0.08531152340287755,delayed_log_2_0,mu_schedule,1,0.0,0.0,0.0,full_mu_schedule_delayed_log_2_0_rep01,94001,1014.3662488392594
silu,1,delayed_log_2_0,3,1005.8064974922853,89,32.640807151794434,100,0.08059199907632274,0.08059199907632274,0.08059199907632274,delayed_log_2_0,mu_schedule,1,0.0,0.0,0.0,full_mu_schedule_delayed_log_2_0_rep01,94001,1005.8064974922853
silu,1,delayed_log_2_0,3,993.1947341389541,90,32.06584310531616,100,0.07608406255158537,0.07608406255158537,0.07608406255158537,delayed_log_2_0,mu_schedule,1,0.0,0.0,0.0,full_mu_schedule_delayed_log_2_0_rep01,94001,993.1947341389541
silu,1,delayed_log_2_0,3,996.6830210488254,91,33.15244388580322,100,0.07178157669099011,0.07178157669099011,0.07178157669099011,delayed_log_2_0,mu_schedule,1,0.0,0.0,0.0,full_mu_schedule_delayed_log_2_0_rep01,94001,996.6830210488254
silu,1,delayed_log_2_0,3,1004.4592931113777,92,33.253910064697266,100,0.06767836012005729,0.06767836012005729,0.06767836012005729,delayed_log_2_0,mu_schedule,1,0.0,0.0,0.0,full_mu_schedule_delayed_log_2_0_rep01,94001,1004.4592931113777
silu,1,delayed_log_2_0,3,989.0764424196807,93,31.830414056777954,100,0.06376820534340857,0.06376820534340857,0.06376820534340857,delayed_log_2_0,mu_schedule,1,0.0,0.0,0.0,full_mu_schedule_delayed_log_2_0_rep01,94001,989.0764424196807
silu,1,delayed_log_2_0,3,1002.0541113104141,94,32.56817412376404,100,0.060044895913407136,0.060044895913407136,0.060044895913407136,delayed_log_2_0,mu_schedule,1,0.0,0.0,0.0,full_mu_schedule_delayed_log_2_0_rep01,94001,1002.0541113104141
silu,1,delayed_log_2_0,3,993.1015375205593,95,32.536803007125854,100,0.056502222640641864,0.056502222640641864,0.056502222640641864,delayed_log_2_0,mu_schedule,1,0.0,0.0,0.0,full_mu_schedule_delayed_log_2_0_rep01,94001,993.1015375205593
silu,1,delayed_log_2_0,3,989.1549123320044,96,31.168941974639893,100,0.05313399884022544,0.05313399884022544,0.05313399884022544,delayed_log_2_0,mu_schedule,1,0.0,0.0,0.0,full_mu_schedule_delayed_log_2_0_rep01,94001,989.1549123320044
silu,1,delayed_log_2_0,3,985.3838426605209,97,33.78481411933899,100,0.04993407461248296,0.04993407461248296,0.04993407461248296,delayed_log_2_0,mu_schedule,1,0.0,0.0,0.0,full_mu_schedule_delayed_log_2_0_rep01,94001,985.3838426605209
silu,1,delayed_log_2_0,3,986.7971893692937,98,32.16527700424194,100,0.046896350160951915,0.046896350160951915,0.046896350160951915,delayed_log_2_0,mu_schedule,1,0.0,0.0,0.0,full_mu_schedule_delayed_log_2_0_rep01,94001,986.7971893692937
silu,1,delayed_log_2_0,3,991.1189481911504,99,32.16237711906433,100,0.04401478815469319,0.04401478815469319,0.04401478815469319,delayed_log_2_0,mu_schedule,1,0.0,0.0,0.0,full_mu_schedule_delayed_log_2_0_rep01,94001,991.1189481911504
silu,1,delayed_log_2_0,3,990.0280638997215,100,33.05808186531067,100,0.041283425145706196,0.041283425145706196,0.041283425145706196,delayed_log_2_0,mu_schedule,1,0.0,0.0,0.0,full_mu_schedule_delayed_log_2_0_rep01,94001,990.0280638997215
silu,1,delayed_log_2_0,3,992.5709193288739,101,33.50974702835083,100,0.0386963820557567,0.0386963820557567,0.0386963820557567,delayed_log_2_0,mu_schedule,1,0.0,0.0,0.0,full_mu_schedule_delayed_log_2_0_rep01,94001,992.5709193288739
silu,1,delayed_log_2_0,3,989.6937015402892,102,32.10537910461426,100,0.036247873750153606,0.036247873750153606,0.036247873750153606,delayed_log_2_0,mu_schedule,1,0.0,0.0,0.0,full_mu_schedule_delayed_log_2_0_rep01,94001,989.6937015402892
silu,1,delayed_log_2_0,3,996.6924644049789,103,34.016255140304565,100,0.033932217718953314,0.033932217718953314,0.033932217718953314,delayed_log_2_0,mu_schedule,1,0.0,0.0,0.0,full_mu_schedule_delayed_log_2_0_rep01,94001,996.6924644049789
silu,1,delayed_log_2_0,3,1009.2861881651006,104,32.880378007888794,100,0.031743841888724596,0.031743841888724596,0.031743841888724596,delayed_log_2_0,mu_schedule,1,0.0,0.0,0.0,full_mu_schedule_delayed_log_2_0_rep01,94001,1009.2861881651006
silu,1,delayed_log_2_0,3,992.1463178598693,105,33.94202399253845,100,0.02967729159038196,0.02967729159038196,0.02967729159038196,delayed_log_2_0,mu_schedule,1,0.0,0.0,0.0,full_mu_schedule_delayed_log_2_0_rep01,94001,992.1463178598693
silu,1,delayed_log_2_0,3,1005.0544735776242,106,34.05457401275635,100,0.027727235710688393,0.027727235710688393,0.027727235710688393,delayed_log_2_0,mu_schedule,1,0.0,0.0,0.0,full_mu_schedule_delayed_log_2_0_rep01,94001,1005.0544735776242
silu,1,delayed_log_2_0,3,990.853813989657,107,33.71981906890869,100,0.025888472056851863,0.025888472056851863,0.025888472056851863,delayed_log_2_0,mu_schedule,1,0.0,0.0,0.0,full_mu_schedule_delayed_log_2_0_rep01,94001,990.853813989657
silu,1,delayed_log_2_0,3,1000.3629477759081,108,34.21227407455444,100,0.024155931965195967,0.024155931965195967,0.024155931965195967,delayed_log_2_0,mu_schedule,1,0.0,0.0,0.0,full_mu_schedule_delayed_log_2_0_rep01,94001,1000.3629477759081
silu,1,delayed_log_2_0,3,992.4313814439506,109,34.77083396911621,100,0.02252468418618416,0.02252468418618416,0.02252468418618416,delayed_log_2_0,mu_schedule,1,0.0,0.0,0.0,full_mu_schedule_delayed_log_2_0_rep01,94001,992.4313814439506
silu,1,delayed_log_2_0,3,1009.2452676697217,110,32.8994460105896,100,0.020989938079130233,0.020989938079130233,0.020989938079130233,delayed_log_2_0,mu_schedule,1,0.0,0.0,0.0,full_mu_schedule_delayed_log_2_0_rep01,94001,1009.2452676697217
silu,1,delayed_log_2_0,3,994.5908027256944,111,34.63113594055176,100,0.019547046150741564,0.019547046150741564,0.019547046150741564,delayed_log_2_0,mu_schedule,1,0.0,0.0,0.0,full_mu_schedule_delayed_log_2_0_rep01,94001,994.5908027256944
silu,1,delayed_log_2_0,3,994.2886116791727,112,34.53187799453735,100,0.018191505972230636,0.018191505972230636,0.018191505972230636,delayed_log_2_0,mu_schedule,1,0.0,0.0,0.0,full_mu_schedule_delayed_log_2_0_rep01,94001,994.2886116791727
silu,1,delayed_log_2_0,3,996.5790247498965,113,33.44864797592163,100,0.01691896151010512,0.01691896151010512,0.01691896151010512,delayed_log_2_0,mu_schedule,1,0.0,0.0,0.0,full_mu_schedule_delayed_log_2_0_rep01,94001,996.5790247498965
silu,1,delayed_log_2_0,3,997.516739795526,114,36.61674380302429,100,0.01572520390591971,0.01572520390591971,0.01572520390591971,delayed_log_2_0,mu_schedule,1,0.0,0.0,0.0,full_mu_schedule_delayed_log_2_0_rep01,94001,997.516739795526
silu,1,delayed_log_2_0,3,997.6424111158224,115,34.41711187362671,100,0.01460617174025661,0.01460617174025661,0.01460617174025661,delayed_log_2_0,mu_schedule,1,0.0,0.0,0.0,full_mu_schedule_delayed_log_2_0_rep01,94001,997.6424111158224
silu,1,delayed_log_2_0,3,994.7205424856863,116,36.1969211101532,100,0.01355795081601026,0.01355795081601026,0.01355795081601026,delayed_log_2_0,mu_schedule,1,0.0,0.0,0.0,full_mu_schedule_delayed_log_2_0_rep01,94001,994.7205424856863
silu,1,delayed_log_2_0,3,993.6407976188082,117,33.53976011276245,100,0.012576773495696688,0.012576773495696688,0.012576773495696688,delayed_log_2_0,mu_schedule,1,0.0,0.0,0.0,full_mu_schedule_delayed_log_2_0_rep01,94001,993.6407976188082
silu,1,delayed_log_2_0,3,993.2700773065621,118,35.35481405258179,100,0.011659017627005861,0.011659017627005861,0.011659017627005861,delayed_log_2_0,mu_schedule,1,0.0,0.0,0.0,full_mu_schedule_delayed_log_2_0_rep01,94001,993.2700773065621
silu,1,delayed_log_2_0,3,990.3662171936583,119,35.381309032440186,100,0.010801205090174919,0.010801205090174919,0.010801205090174919,delayed_log_2_0,mu_schedule,1,0.0,0.0,0.0,full_mu_schedule_delayed_log_2_0_rep01,94001,990.3662171936583
silu,1,delayed_log_2_0,3,994.6324675666849,120,34.238425970077515,100,0.010000000000000004,0.010000000000000004,0.010000000000000004,delayed_log_2_0,mu_schedule,1,0.0,0.0,0.0,full_mu_schedule_delayed_log_2_0_rep01,94001,994.6324675666849
silu,1,delayed_log_2_0,3,955.0044647125859,121,32.24195218086243,100,0.010000000000000004,0.010000000000000004,0.0,delayed_log_2_0,mu_schedule,1,0.0,0.0,0.0,full_mu_schedule_delayed_log_2_0_rep01,94001,955.0044647125859
silu,1,delayed_log_2_0,3,959.1554136113706,122,28.129542112350464,100,0.010000000000000004,0.010000000000000004,0.0,delayed_log_2_0,mu_schedule,1,0.0,0.0,0.0,full_mu_schedule_delayed_log_2_0_rep01,94001,959.1554136113706
silu,1,delayed_log_2_0,3,957.3584215098771,123,28.776026010513306,100,0.010000000000000004,0.010000000000000004,0.0,delayed_log_2_0,mu_schedule,1,0.0,0.0,0.0,full_mu_schedule_delayed_log_2_0_rep01,94001,957.3584215098771
silu,1,delayed_log_2_0,3,962.5477845256623,124,27.64090919494629,100,0.010000000000000004,0.010000000000000004,0.0,delayed_log_2_0,mu_schedule,1,0.0,0.0,0.0,full_mu_schedule_delayed_log_2_0_rep01,94001,962.5477845256623
silu,1,delayed_log_2_0,3,963.1257475749201,125,29.06389093399048,100,0.010000000000000004,0.010000000000000004,0.0,delayed_log_2_0,mu_schedule,1,0.0,0.0,0.0,full_mu_schedule_delayed_log_2_0_rep01,94001,963.1257475749201
silu,1,delayed_log_2_0,3,965.166775837447,126,28.42025923728943,100,0.010000000000000004,0.010000000000000004,0.0,delayed_log_2_0,mu_schedule,1,0.0,0.0,0.0,full_mu_schedule_delayed_log_2_0_rep01,94001,965.166775837447
silu,1,delayed_log_2_0,3,962.159512467102,127,30.080193042755127,100,0.010000000000000004,0.010000000000000004,0.0,delayed_log_2_0,mu_schedule,1,0.0,0.0,0.0,full_mu_schedule_delayed_log_2_0_rep01,94001,962.159512467102
silu,1,delayed_log_2_0,3,955.2206359717167,128,26.532750129699707,100,0.010000000000000004,0.010000000000000004,0.0,delayed_log_2_0,mu_schedule,1,0.0,0.0,0.0,full_mu_schedule_delayed_log_2_0_rep01,94001,955.2206359717167
silu,1,delayed_log_2_0,3,964.2584703704835,129,28.84079599380493,100,0.010000000000000004,0.010000000000000004,0.0,delayed_log_2_0,mu_schedule,1,0.0,0.0,0.0,full_mu_schedule_delayed_log_2_0_rep01,94001,964.2584703704835
silu,1,delayed_log_2_0,3,956.4683630738783,130,28.859955072402954,100,0.010000000000000004,0.010000000000000004,0.0,delayed_log_2_0,mu_schedule,1,0.0,0.0,0.0,full_mu_schedule_delayed_log_2_0_rep01,94001,956.4683630738783
silu,1,delayed_log_2_0,3,2012.4967628874113,1,104.25595498085022,100,1.0,1.0,1.0,delayed_log_2_0,mu_schedule,2,0.0,0.0,0.0,full_mu_schedule_delayed_log_2_0_rep02,94002,2012.4967628874113
silu,1,delayed_log_2_0,3,1008.9570879357068,2,33.73790407180786,100,0.9996748519550619,0.9996748519550619,0.9996748519550619,delayed_log_2_0,mu_schedule,2,0.0,0.0,0.0,full_mu_schedule_delayed_log_2_0_rep02,94002,1008.9570879357068
silu,1,delayed_log_2_0,3,990.4156970409681,3,32.41051912307739,100,0.9987000420102654,0.9987000420102654,0.9987000420102654,delayed_log_2_0,mu_schedule,2,0.0,0.0,0.0,full_mu_schedule_delayed_log_2_0_rep02,94002,990.4156970409681
silu,1,delayed_log_2_0,3,983.4966256503726,4,32.50355386734009,100,0.9970774706745008,0.9970774706745008,0.9970774706745008,delayed_log_2_0,mu_schedule,2,0.0,0.0,0.0,full_mu_schedule_delayed_log_2_0_rep02,94002,983.4966256503726
silu,1,delayed_log_2_0,3,981.5477496505409,5,31.777937173843384,100,0.9948102986014197,0.9948102986014197,0.9948102986014197,delayed_log_2_0,mu_schedule,2,0.0,0.0,0.0,full_mu_schedule_delayed_log_2_0_rep02,94002,981.5477496505409
silu,1,delayed_log_2_0,3,979.5575413329249,6,32.44280791282654,100,0.9919029363304483,0.9919029363304483,0.9919029363304483,delayed_log_2_0,mu_schedule,2,0.0,0.0,0.0,full_mu_schedule_delayed_log_2_0_rep02,94002,979.5575413329249
silu,1,delayed_log_2_0,3,978.3487908628308,7,33.00879192352295,100,0.9883610299895366,0.9883610299895366,0.9883610299895366,delayed_log_2_0,mu_schedule,2,0.0,0.0,0.0,full_mu_schedule_delayed_log_2_0_rep02,94002,978.3487908628308
silu,1,delayed_log_2_0,3,977.4300705696327,8,30.806042909622192,100,0.9841914430245098,0.9841914430245098,0.9841914430245098,delayed_log_2_0,mu_schedule,2,0.0,0.0,0.0,full_mu_schedule_delayed_log_2_0_rep02,94002,977.4300705696327
silu,1,delayed_log_2_0,3,977.7422961064202,9,32.69231295585632,100,0.97940223403778,0.97940223403778,0.97940223403778,delayed_log_2_0,mu_schedule,2,0.0,0.0,0.0,full_mu_schedule_delayed_log_2_0_rep02,94002,977.7422961064202
silu,1,delayed_log_2_0,3,978.9203497910659,10,32.39238095283508,100,0.9740026308365713,0.9740026308365713,0.9740026308365713,delayed_log_2_0,mu_schedule,2,0.0,0.0,0.0,full_mu_schedule_delayed_log_2_0_rep02,94002,978.9203497910659
silu,1,delayed_log_2_0,3,980.7578993648987,11,31.55220317840576,100,0.9680030008076335,0.9680030008076335,0.9680030008076335,delayed_log_2_0,mu_schedule,2,0.0,0.0,0.0,full_mu_schedule_delayed_log_2_0_rep02,94002,980.7578993648987
silu,1,delayed_log_2_0,3,982.8104194341421,12,33.152000188827515,100,0.9614148177515623,0.9614148177515623,0.9614148177515623,delayed_log_2_0,mu_schedule,2,0.0,0.0,0.0,full_mu_schedule_delayed_log_2_0_rep02,94002,982.8104194341421
silu,1,delayed_log_2_0,3,985.7413025588954,13,31.558409929275513,100,0.9542506253252185,0.9542506253252185,0.9542506253252185,delayed_log_2_0,mu_schedule,2,0.0,0.0,0.0,full_mu_schedule_delayed_log_2_0_rep02,94002,985.7413025588954
silu,1,delayed_log_2_0,3,988.7068337129584,14,32.33681106567383,100,0.9465239972552507,0.9465239972552507,0.9465239972552507,delayed_log_2_0,mu_schedule,2,0.0,0.0,0.0,full_mu_schedule_delayed_log_2_0_rep02,94002,988.7068337129584
silu,1,delayed_log_2_0,3,991.8872125011846,15,32.233810901641846,100,0.938249494499322,0.938249494499322,0.938249494499322,delayed_log_2_0,mu_schedule,2,0.0,0.0,0.0,full_mu_schedule_delayed_log_2_0_rep02,94002,991.8872125011846
silu,1,delayed_log_2_0,3,995.2683073391249,16,31.620880126953125,100,0.9294426195442062,0.9294426195442062,0.9294426195442062,delayed_log_2_0,mu_schedule,2,0.0,0.0,0.0,full_mu_schedule_delayed_log_2_0_rep02,94002,995.2683073391249
silu,1,delayed_log_2_0,3,998.8201608115888,17,32.306899070739746,100,0.920119768041432,0.920119768041432,0.920119768041432,delayed_log_2_0,mu_schedule,2,0.0,0.0,0.0,full_mu_schedule_delayed_log_2_0_rep02,94002,998.8201608115888
silu,1,delayed_log_2_0,3,1002.5198306193588,18,32.102522134780884,100,0.9102981779915219,0.9102981779915219,0.9102981779915219,delayed_log_2_0,mu_schedule,2,0.0,0.0,0.0,full_mu_schedule_delayed_log_2_0_rep02,94002,1002.5198306193588
silu,1,delayed_log_2_0,3,1006.3569182192214,19,31.356936931610107,100,0.8999958766970595,0.8999958766970595,0.8999958766970595,delayed_log_2_0,mu_schedule,2,0.0,0.0,0.0,full_mu_schedule_delayed_log_2_0_rep02,94002,1006.3569182192214
silu,1,delayed_log_2_0,3,1010.3495279182032,20,32.407252073287964,100,0.8892316257127867,0.8892316257127867,0.8892316257127867,delayed_log_2_0,mu_schedule,2,0.0,0.0,0.0,full_mu_schedule_delayed_log_2_0_rep02,94002,1010.3495279182032
silu,1,delayed_log_2_0,3,1014.493786500339,21,32.16127109527588,100,0.8780248640276315,0.8780248640276315,0.8780248640276315,delayed_log_2_0,mu_schedule,2,0.0,0.0,0.0,full_mu_schedule_delayed_log_2_0_rep02,94002,1014.493786500339
silu,1,delayed_log_2_0,3,1018.7510239106153,22,32.67108201980591,100,0.8663956497189845,0.8663956497189845,0.8663956497189845,delayed_log_2_0,mu_schedule,2,0.0,0.0,0.0,full_mu_schedule_delayed_log_2_0_rep02,94002,1018.7510239106153
silu,1,delayed_log_2_0,3,1023.1032465112704,23,32.24847888946533,100,0.8543646003236588,0.8543646003236588,0.8543646003236588,delayed_log_2_0,mu_schedule,2,0.0,0.0,0.0,full_mu_schedule_delayed_log_2_0_rep02,94002,1023.1032465112704
silu,1,delayed_log_2_0,3,1027.5200374433155,24,30.564330101013184,100,0.841952832172763,0.841952832172763,0.841952832172763,delayed_log_2_0,mu_schedule,2,0.0,0.0,0.0,full_mu_schedule_delayed_log_2_0_rep02,94002,1027.5200374433155
silu,1,delayed_log_2_0,3,1031.9720447350578,25,32.69286394119263,100,0.8291818989392129,0.8291818989392129,0.8291818989392129,delayed_log_2_0,mu_schedule,2,0.0,0.0,0.0,full_mu_schedule_delayed_log_2_0_rep02,94002,1031.9720447350578
silu,1,delayed_log_2_0,3,1036.4145237382247,26,32.12740778923035,100,0.8160737296467871,0.8160737296467871,0.8160737296467871,delayed_log_2_0,mu_schedule,2,0.0,0.0,0.0,full_mu_schedule_delayed_log_2_0_rep02,94002,1036.4145237382247
silu,1,delayed_log_2_0,3,1040.8423618116863,27,31.004015922546387,100,0.8026505663885299,0.8026505663885299,0.8026505663885299,delayed_log_2_0,mu_schedule,2,0.0,0.0,0.0,full_mu_schedule_delayed_log_2_0_rep02,94002,1040.8423618116863
silu,1,delayed_log_2_0,3,1045.224737141552,28,32.552178144454956,100,0.7889349019999411,0.7889349019999411,0.7889349019999411,delayed_log_2_0,mu_schedule,2,0.0,0.0,0.0,full_mu_schedule_delayed_log_2_0_rep02,94002,1045.224737141552
silu,1,delayed_log_2_0,3,1049.5837904820685,29,30.66990089416504,100,0.7749494179287948,0.7749494179287948,0.7749494179287948,delayed_log_2_0,mu_schedule,2,0.0,0.0,0.0,full_mu_schedule_delayed_log_2_0_rep02,94002,1049.5837904820685
silu,1,delayed_log_2_0,3,1053.8228241399556,30,31.938077211380005,100,0.7607169225386429,0.7607169225386429,0.7607169225386429,delayed_log_2_0,mu_schedule,2,0.0,0.0,0.0,full_mu_schedule_delayed_log_2_0_rep02,94002,1053.8228241399556
silu,1,delayed_log_2_0,3,1058.0248226584793,31,32.77298903465271,100,0.7462602900771296,0.7462602900771296,0.7462602900771296,delayed_log_2_0,mu_schedule,2,0.0,0.0,0.0,full_mu_schedule_delayed_log_2_0_rep02,94002,1058.0248226584793
silu,1,delayed_log_2_0,3,1062.193995865508,32,31.398478031158447,100,0.731602400533224,0.731602400533224,0.731602400533224,delayed_log_2_0,mu_schedule,2,0.0,0.0,0.0,full_mu_schedule_delayed_log_2_0_rep02,94002,1062.193995865508
silu,1,delayed_log_2_0,3,1066.5818284101463,33,32.65838289260864,100,0.7167660805994273,0.7167660805994273,0.7167660805994273,delayed_log_2_0,mu_schedule,2,0.0,0.0,0.0,full_mu_schedule_delayed_log_2_0_rep02,94002,1066.5818284101463
silu,1,delayed_log_2_0,3,1071.2567025049832,34,31.874167919158936,100,0.7017740459459934,0.7017740459459934,0.7017740459459934,delayed_log_2_0,mu_schedule,2,0.0,0.0,0.0,full_mu_schedule_delayed_log_2_0_rep02,94002,1071.2567025049832
silu,1,delayed_log_2_0,3,1075.9071296110114,35,32.26929783821106,100,0.6866488450043001,0.6866488450043001,0.6866488450043001,delayed_log_2_0,mu_schedule,2,0.0,0.0,0.0,full_mu_schedule_delayed_log_2_0_rep02,94002,1075.9071296110114
silu,1,delayed_log_2_0,3,1080.3501766516724,36,32.866254806518555,100,0.671412804445767,0.671412804445767,0.671412804445767,delayed_log_2_0,mu_schedule,2,0.0,0.0,0.0,full_mu_schedule_delayed_log_2_0_rep02,94002,1080.3501766516724
silu,1,delayed_log_2_0,3,1085.0566224640754,37,31.67689299583435,100,0.6560879765312531,0.6560879765312531,0.6560879765312531,delayed_log_2_0,mu_schedule,2,0.0,0.0,0.0,full_mu_schedule_delayed_log_2_0_rep02,94002,1085.0566224640754
silu,1,delayed_log_2_0,3,1088.8463594766677,38,31.617943048477173,100,0.6406960884937318,0.6406960884937318,0.6406960884937318,delayed_log_2_0,mu_schedule,2,0.0,0.0,0.0,full_mu_schedule_delayed_log_2_0_rep02,94002,1088.8463594766677
silu,1,delayed_log_2_0,3,1094.0023547773521,39,33.63810610771179,100,0.6252584941043363,0.6252584941043363,0.6252584941043363,delayed_log_2_0,mu_schedule,2,0.0,0.0,0.0,full_mu_schedule_delayed_log_2_0_rep02,94002,1094.0023547773521
silu,1,delayed_log_2_0,3,1090.0273201343343,40,31.206984043121338,100,0.6097961275586654,0.6097961275586654,0.6097961275586654,delayed_log_2_0,mu_schedule,2,0.0,0.0,0.0,full_mu_schedule_delayed_log_2_0_rep02,94002,1090.0273201343343
silu,1,delayed_log_2_0,3,1099.0242518092482,41,32.17222189903259,100,0.59432945980665,0.59432945980665,0.59432945980665,delayed_log_2_0,mu_schedule,2,0.0,0.0,0.0,full_mu_schedule_delayed_log_2_0_rep02,94002,1099.0242518092482
silu,1,delayed_log_2_0,3,1095.5232520477302,42,31.95029902458191,100,0.5788784574353554,0.5788784574353554,0.5788784574353554,delayed_log_2_0,mu_schedule,2,0.0,0.0,0.0,full_mu_schedule_delayed_log_2_0_rep02,94002,1095.5232520477302
silu,1,delayed_log_2_0,3,1104.3616102459291,43,32.21640396118164,100,0.5634625441999642,0.5634625441999642,0.5634625441999642,delayed_log_2_0,mu_schedule,2,0.0,0.0,0.0,full_mu_schedule_delayed_log_2_0_rep02,94002,1104.3616102459291
silu,1,delayed_log_2_0,3,1103.8296644055567,44,31.361253023147583,100,0.5481005652838976,0.5481005652838976,0.5481005652838976,delayed_log_2_0,mu_schedule,2,0.0,0.0,0.0,full_mu_schedule_delayed_log_2_0_rep02,94002,1103.8296644055567
silu,1,delayed_log_2_0,3,1101.074545844205,45,30.163538932800293,100,0.5328107543547015,0.5328107543547015,0.5328107543547015,delayed_log_2_0,mu_schedule,2,0.0,0.0,0.0,full_mu_schedule_delayed_log_2_0_rep02,94002,1101.074545844205
silu,1,delayed_log_2_0,3,1105.4497138106663,46,31.7384250164032,100,0.5176107034680238,0.5176107034680238,0.5176107034680238,delayed_log_2_0,mu_schedule,2,0.0,0.0,0.0,full_mu_schedule_delayed_log_2_0_rep02,94002,1105.4497138106663
silu,1,delayed_log_2_0,3,1110.4598627636458,47,31.128545999526978,100,0.5025173358578133,0.5025173358578133,0.5025173358578133,delayed_log_2_0,mu_schedule,2,0.0,0.0,0.0,full_mu_schedule_delayed_log_2_0_rep02,94002,1110.4598627636458
silu,1,delayed_log_2_0,3,1115.2403579693905,48,32.597352027893066,100,0.4875468816368776,0.4875468816368776,0.4875468816368776,delayed_log_2_0,mu_schedule,2,0.0,0.0,0.0,full_mu_schedule_delayed_log_2_0_rep02,94002,1115.2403579693905
silu,1,delayed_log_2_0,3,1117.8470285137755,49,32.35633087158203,100,0.47271485641819844,0.47271485641819844,0.47271485641819844,delayed_log_2_0,mu_schedule,2,0.0,0.0,0.0,full_mu_schedule_delayed_log_2_0_rep02,94002,1117.8470285137755
silu,1,delayed_log_2_0,3,1108.9098151797643,50,31.27694606781006,100,0.45803604285401567,0.45803604285401567,0.45803604285401567,delayed_log_2_0,mu_schedule,2,0.0,0.0,0.0,full_mu_schedule_delayed_log_2_0_rep02,94002,1108.9098151797643
silu,1,delayed_log_2_0,3,1115.4639808528993,51,33.03192400932312,100,0.44352447507669435,0.44352447507669435,0.44352447507669435,delayed_log_2_0,mu_schedule,2,0.0,0.0,0.0,full_mu_schedule_delayed_log_2_0_rep02,94002,1115.4639808528993
silu,1,delayed_log_2_0,3,1123.6712786860855,52,32.285821199417114,100,0.4291934260128779,0.4291934260128779,0.4291934260128779,delayed_log_2_0,mu_schedule,2,0.0,0.0,0.0,full_mu_schedule_delayed_log_2_0_rep02,94002,1123.6712786860855
silu,1,delayed_log_2_0,3,1121.0927186828726,53,31.508275032043457,100,0.41505539753043,0.41505539753043,0.41505539753043,delayed_log_2_0,mu_schedule,2,0.0,0.0,0.0,full_mu_schedule_delayed_log_2_0_rep02,94002,1121.0927186828726
silu,1,delayed_log_2_0,3,1121.3245648141956,54,32.409411907196045,100,0.401122113366259,0.401122113366259,0.401122113366259,delayed_log_2_0,mu_schedule,2,0.0,0.0,0.0,full_mu_schedule_delayed_log_2_0_rep02,94002,1121.3245648141956
silu,1,delayed_log_2_0,3,1124.607505675221,55,30.960959911346436,100,0.38740451477232746,0.38740451477232746,0.38740451477232746,delayed_log_2_0,mu_schedule,2,0.0,0.0,0.0,full_mu_schedule_delayed_log_2_0_rep02,94002,1124.607505675221
silu,1,delayed_log_2_0,3,1120.8355794728038,56,31.962399005889893,100,0.3739127588070357,0.3739127588070357,0.3739127588070357,delayed_log_2_0,mu_schedule,2,0.0,0.0,0.0,full_mu_schedule_delayed_log_2_0_rep02,94002,1120.8355794728038
silu,1,delayed_log_2_0,3,1122.0085745594404,57,33.00546979904175,100,0.36065621918975405,0.36065621918975405,0.36065621918975405,delayed_log_2_0,mu_schedule,2,0.0,0.0,0.0,full_mu_schedule_delayed_log_2_0_rep02,94002,1122.0085745594404
silu,1,delayed_log_2_0,3,1120.7919543929665,58,32.64167785644531,100,0.3476434896276,0.3476434896276,0.3476434896276,delayed_log_2_0,mu_schedule,2,0.0,0.0,0.0,full_mu_schedule_delayed_log_2_0_rep02,94002,1120.7919543929665
silu,1,delayed_log_2_0,3,1118.127608108415,59,32.23653697967529,100,0.3348823895156454,0.3348823895156454,0.3348823895156454,delayed_log_2_0,mu_schedule,2,0.0,0.0,0.0,full_mu_schedule_delayed_log_2_0_rep02,94002,1118.127608108415
silu,1,delayed_log_2_0,3,1116.6050376599933,60,31.085880994796753,100,0.32237997190459977,0.32237997190459977,0.32237997190459977,delayed_log_2_0,mu_schedule,2,0.0,0.0,0.0,full_mu_schedule_delayed_log_2_0_rep02,94002,1116.6050376599933
silu,1,delayed_log_2_0,3,1110.5520991114872,61,31.85625386238098,100,0.3101425336236777,0.3101425336236777,0.3101425336236777,delayed_log_2_0,mu_schedule,2,0.0,0.0,0.0,full_mu_schedule_delayed_log_2_0_rep02,94002,1110.5520991114872
silu,1,delayed_log_2_0,3,1117.7372497876083,62,32.21262001991272,100,0.29817562744081594,0.29817562744081594,0.29817562744081594,delayed_log_2_0,mu_schedule,2,0.0,0.0,0.0,full_mu_schedule_delayed_log_2_0_rep02,94002,1117.7372497876083
silu,1,delayed_log_2_0,3,1107.3023677625333,63,30.903298139572144,100,0.28648407613767307,0.28648407613767307,0.28648407613767307,delayed_log_2_0,mu_schedule,2,0.0,0.0,0.0,full_mu_schedule_delayed_log_2_0_rep02,94002,1107.3023677625333
silu,1,delayed_log_2_0,3,1114.0773300185156,64,32.221617221832275,100,0.27507198837291136,0.27507198837291136,0.27507198837291136,delayed_log_2_0,mu_schedule,2,0.0,0.0,0.0,full_mu_schedule_delayed_log_2_0_rep02,94002,1114.0773300185156
silu,1,delayed_log_2_0,3,1108.3378170662165,65,32.31013512611389,100,0.26394277620411905,0.26394277620411905,0.26394277620411905,delayed_log_2_0,mu_schedule,2,0.0,0.0,0.0,full_mu_schedule_delayed_log_2_0_rep02,94002,1108.3378170662165
silu,1,delayed_log_2_0,3,1099.9102576689852,66,30.913851022720337,100,0.2530991741363788,0.2530991741363788,0.2530991741363788,delayed_log_2_0,mu_schedule,2,0.0,0.0,0.0,full_mu_schedule_delayed_log_2_0_rep02,94002,1099.9102576689852
silu,1,delayed_log_2_0,3,1104.566919879423,67,32.292322874069214,100,0.24254325956389286,0.24254325956389286,0.24254325956389286,delayed_log_2_0,mu_schedule,2,0.0,0.0,0.0,full_mu_schedule_delayed_log_2_0_rep02,94002,1104.566919879423
silu,1,delayed_log_2_0,3,1097.2308089050343,68,31.889225959777832,100,0.23227647447022887,0.23227647447022887,0.23227647447022887,delayed_log_2_0,mu_schedule,2,0.0,0.0,0.0,full_mu_schedule_delayed_log_2_0_rep02,94002,1097.2308089050343
silu,1,delayed_log_2_0,3,1091.987182275708,69,30.84223198890686,100,0.22229964825261955,0.22229964825261955,0.22229964825261955,delayed_log_2_0,mu_schedule,2,0.0,0.0,0.0,full_mu_schedule_delayed_log_2_0_rep02,94002,1091.987182275708
silu,1,delayed_log_2_0,3,1094.9074806188032,70,32.948461055755615,100,0.21261302153631445,0.21261302153631445,0.21261302153631445,delayed_log_2_0,mu_schedule,2,0.0,0.0,0.0,full_mu_schedule_delayed_log_2_0_rep02,94002,1094.9074806188032
silu,1,delayed_log_2_0,3,1090.5705639874914,71,30.857885122299194,100,0.20321627084619878,0.20321627084619878,0.20321627084619878,delayed_log_2_0,mu_schedule,2,0.0,0.0,0.0,full_mu_schedule_delayed_log_2_0_rep02,94002,1090.5705639874914
silu,1,delayed_log_2_0,3,1087.0887733455372,72,31.609538078308105,100,0.1941085340047378,0.1941085340047378,0.1941085340047378,delayed_log_2_0,mu_schedule,2,0.0,0.0,0.0,full_mu_schedule_delayed_log_2_0_rep02,94002,1087.0887733455372
silu,1,delayed_log_2_0,3,1083.834996006921,73,31.96785593032837,100,0.18528843612773901,0.18528843612773901,0.18528843612773901,delayed_log_2_0,mu_schedule,2,0.0,0.0,0.0,full_mu_schedule_delayed_log_2_0_rep02,94002,1083.834996006921
silu,1,delayed_log_2_0,3,1079.2864712718492,74,30.54105520248413,100,0.17675411609240033,0.17675411609240033,0.17675411609240033,delayed_log_2_0,mu_schedule,2,0.0,0.0,0.0,full_mu_schedule_delayed_log_2_0_rep02,94002,1079.2864712718492
silu,1,delayed_log_2_0,3,1077.5850405797999,75,31.639369010925293,100,0.16850325335559654,0.16850325335559654,0.16850325335559654,delayed_log_2_0,mu_schedule,2,0.0,0.0,0.0,full_mu_schedule_delayed_log_2_0_rep02,94002,1077.5850405797999
silu,1,delayed_log_2_0,3,1070.8461731604937,76,31.430477142333984,100,0.16053309500430704,0.16053309500430704,0.16053309500430704,delayed_log_2_0,mu_schedule,2,0.0,0.0,0.0,full_mu_schedule_delayed_log_2_0_rep02,94002,1070.8461731604937
silu,1,delayed_log_2_0,3,1066.7333726265992,77,33.47068905830383,100,0.15284048292445596,0.15284048292445596,0.15284048292445596,delayed_log_2_0,mu_schedule,2,0.0,0.0,0.0,full_mu_schedule_delayed_log_2_0_rep02,94002,1066.7333726265992
silu,1,delayed_log_2_0,3,1063.4928361102297,78,31.33497405052185,100,0.14542188097918074,0.14542188097918074,0.14542188097918074,delayed_log_2_0,mu_schedule,2,0.0,0.0,0.0,full_mu_schedule_delayed_log_2_0_rep02,94002,1063.4928361102297
silu,1,delayed_log_2_0,3,1059.6514441802349,79,31.292712926864624,100,0.13827340209262418,0.13827340209262418,0.13827340209262418,delayed_log_2_0,mu_schedule,2,0.0,0.0,0.0,full_mu_schedule_delayed_log_2_0_rep02,94002,1059.6514441802349
silu,1,delayed_log_2_0,3,1056.1376722153564,80,31.991642951965332,100,0.1313908351407074,0.1313908351407074,0.1313908351407074,delayed_log_2_0,mu_schedule,2,0.0,0.0,0.0,full_mu_schedule_delayed_log_2_0_rep02,94002,1056.1376722153564
silu,1,delayed_log_2_0,3,1058.0336848468498,81,32.56553602218628,100,0.12476967155595078,0.12476967155595078,0.12476967155595078,delayed_log_2_0,mu_schedule,2,0.0,0.0,0.0,full_mu_schedule_delayed_log_2_0_rep02,94002,1058.0336848468498
silu,1,delayed_log_2_0,3,1052.532745447469,82,31.59595012664795,100,0.1184051315592157,0.1184051315592157,0.1184051315592157,delayed_log_2_0,mu_schedule,2,0.0,0.0,0.0,full_mu_schedule_delayed_log_2_0_rep02,94002,1052.532745447469
silu,1,delayed_log_2_0,3,1045.6849807660674,83,32.462831020355225,100,0.11229218993720214,0.11229218993720214,0.11229218993720214,delayed_log_2_0,mu_schedule,2,0.0,0.0,0.0,full_mu_schedule_delayed_log_2_0_rep02,94002,1045.6849807660674
silu,1,delayed_log_2_0,3,1036.5864927975442,84,33.20577096939087,100,0.10642560129061643,0.10642560129061643,0.10642560129061643,delayed_log_2_0,mu_schedule,2,0.0,0.0,0.0,full_mu_schedule_delayed_log_2_0_rep02,94002,1036.5864927975442
silu,1,delayed_log_2_0,3,1048.0433290899828,85,31.564764976501465,100,0.1007999246840755,0.1007999246840755,0.1007999246840755,delayed_log_2_0,mu_schedule,2,0.0,0.0,0.0,full_mu_schedule_delayed_log_2_0_rep02,94002,1048.0433290899828
silu,1,delayed_log_2_0,3,1036.0642293058888,86,32.28239393234253,100,0.09540954763499943,0.09540954763499943,0.09540954763499943,delayed_log_2_0,mu_schedule,2,0.0,0.0,0.0,full_mu_schedule_delayed_log_2_0_rep02,94002,1036.0642293058888
silu,1,delayed_log_2_0,3,1028.5167422634927,87,32.164421796798706,100,0.09024870938493183,0.09024870938493183,0.09024870938493183,delayed_log_2_0,mu_schedule,2,0.0,0.0,0.0,full_mu_schedule_delayed_log_2_0_rep02,94002,1028.5167422634927
silu,1,delayed_log_2_0,3,1032.116725162745,88,32.600903034210205,100,0.08531152340287755,0.08531152340287755,0.08531152340287755,delayed_log_2_0,mu_schedule,2,0.0,0.0,0.0,full_mu_schedule_delayed_log_2_0_rep02,94002,1032.116725162745
silu,1,delayed_log_2_0,3,1026.2618345927212,89,32.589086055755615,100,0.08059199907632274,0.08059199907632274,0.08059199907632274,delayed_log_2_0,mu_schedule,2,0.0,0.0,0.0,full_mu_schedule_delayed_log_2_0_rep02,94002,1026.2618345927212
silu,1,delayed_log_2_0,3,1029.3979626460668,90,31.61078119277954,100,0.07608406255158537,0.07608406255158537,0.07608406255158537,delayed_log_2_0,mu_schedule,2,0.0,0.0,0.0,full_mu_schedule_delayed_log_2_0_rep02,94002,1029.3979626460668
silu,1,delayed_log_2_0,3,1015.711785985714,91,32.522889852523804,100,0.07178157669099011,0.07178157669099011,0.07178157669099011,delayed_log_2_0,mu_schedule,2,0.0,0.0,0.0,full_mu_schedule_delayed_log_2_0_rep02,94002,1015.711785985714
silu,1,delayed_log_2_0,3,1004.2487922995741,92,33.52910804748535,100,0.06767836012005729,0.06767836012005729,0.06767836012005729,delayed_log_2_0,mu_schedule,2,0.0,0.0,0.0,full_mu_schedule_delayed_log_2_0_rep02,94002,1004.2487922995741
silu,1,delayed_log_2_0,3,1023.6800582285199,93,31.713582038879395,100,0.06376820534340857,0.06376820534340857,0.06376820534340857,delayed_log_2_0,mu_schedule,2,0.0,0.0,0.0,full_mu_schedule_delayed_log_2_0_rep02,94002,1023.6800582285199
silu,1,delayed_log_2_0,3,1006.7298289704729,94,32.64064598083496,100,0.060044895913407136,0.060044895913407136,0.060044895913407136,delayed_log_2_0,mu_schedule,2,0.0,0.0,0.0,full_mu_schedule_delayed_log_2_0_rep02,94002,1006.7298289704729
silu,1,delayed_log_2_0,3,1000.9896978480953,95,33.92654991149902,100,0.056502222640641864,0.056502222640641864,0.056502222640641864,delayed_log_2_0,mu_schedule,2,0.0,0.0,0.0,full_mu_schedule_delayed_log_2_0_rep02,94002,1000.9896978480953
silu,1,delayed_log_2_0,3,1016.8826341614953,96,33.05674386024475,100,0.05313399884022544,0.05313399884022544,0.05313399884022544,delayed_log_2_0,mu_schedule,2,0.0,0.0,0.0,full_mu_schedule_delayed_log_2_0_rep02,94002,1016.8826341614953
silu,1,delayed_log_2_0,3,1006.6726181761603,97,33.34291410446167,100,0.04993407461248296,0.04993407461248296,0.04993407461248296,delayed_log_2_0,mu_schedule,2,0.0,0.0,0.0,full_mu_schedule_delayed_log_2_0_rep02,94002,1006.6726181761603
silu,1,delayed_log_2_0,3,987.5769005353768,98,33.78555512428284,100,0.046896350160951915,0.046896350160951915,0.046896350160951915,delayed_log_2_0,mu_schedule,2,0.0,0.0,0.0,full_mu_schedule_delayed_log_2_0_rep02,94002,987.5769005353768
silu,1,delayed_log_2_0,3,988.9984644643588,99,32.84497690200806,100,0.04401478815469319,0.04401478815469319,0.04401478815469319,delayed_log_2_0,mu_schedule,2,0.0,0.0,0.0,full_mu_schedule_delayed_log_2_0_rep02,94002,988.9984644643588
silu,1,delayed_log_2_0,3,986.7076519423532,100,33.83832812309265,100,0.041283425145706196,0.041283425145706196,0.041283425145706196,delayed_log_2_0,mu_schedule,2,0.0,0.0,0.0,full_mu_schedule_delayed_log_2_0_rep02,94002,986.7076519423532
silu,1,delayed_log_2_0,3,985.8970462836281,101,33.14040207862854,100,0.0386963820557567,0.0386963820557567,0.0386963820557567,delayed_log_2_0,mu_schedule,2,0.0,0.0,0.0,full_mu_schedule_delayed_log_2_0_rep02,94002,985.8970462836281
silu,1,delayed_log_2_0,3,976.4146812782924,102,34.297845125198364,100,0.036247873750153606,0.036247873750153606,0.036247873750153606,delayed_log_2_0,mu_schedule,2,0.0,0.0,0.0,full_mu_schedule_delayed_log_2_0_rep02,94002,976.4146812782924
silu,1,delayed_log_2_0,3,980.047383914379,103,34.13422703742981,100,0.033932217718953314,0.033932217718953314,0.033932217718953314,delayed_log_2_0,mu_schedule,2,0.0,0.0,0.0,full_mu_schedule_delayed_log_2_0_rep02,94002,980.047383914379
silu,1,delayed_log_2_0,3,976.7031710037481,104,33.96908903121948,100,0.031743841888724596,0.031743841888724596,0.031743841888724596,delayed_log_2_0,mu_schedule,2,0.0,0.0,0.0,full_mu_schedule_delayed_log_2_0_rep02,94002,976.7031710037481
silu,1,delayed_log_2_0,3,972.9835191978248,105,32.281718015670776,100,0.02967729159038196,0.02967729159038196,0.02967729159038196,delayed_log_2_0,mu_schedule,2,0.0,0.0,0.0,full_mu_schedule_delayed_log_2_0_rep02,94002,972.9835191978248
silu,1,delayed_log_2_0,3,972.9234871907196,106,35.22719097137451,100,0.027727235710688393,0.027727235710688393,0.027727235710688393,delayed_log_2_0,mu_schedule,2,0.0,0.0,0.0,full_mu_schedule_delayed_log_2_0_rep02,94002,972.9234871907196
silu,1,delayed_log_2_0,3,966.367556941759,107,34.900874853134155,100,0.025888472056851863,0.025888472056851863,0.025888472056851863,delayed_log_2_0,mu_schedule,2,0.0,0.0,0.0,full_mu_schedule_delayed_log_2_0_rep02,94002,966.367556941759
silu,1,delayed_log_2_0,3,961.7458089260284,108,33.7333869934082,100,0.024155931965195967,0.024155931965195967,0.024155931965195967,delayed_log_2_0,mu_schedule,2,0.0,0.0,0.0,full_mu_schedule_delayed_log_2_0_rep02,94002,961.7458089260284
silu,1,delayed_log_2_0,3,969.944528162035,109,35.555785179138184,100,0.02252468418618416,0.02252468418618416,0.02252468418618416,delayed_log_2_0,mu_schedule,2,0.0,0.0,0.0,full_mu_schedule_delayed_log_2_0_rep02,94002,969.944528162035
silu,1,delayed_log_2_0,3,952.4461723986784,110,35.18417000770569,100,0.020989938079130233,0.020989938079130233,0.020989938079130233,delayed_log_2_0,mu_schedule,2,0.0,0.0,0.0,full_mu_schedule_delayed_log_2_0_rep02,94002,952.4461723986784
silu,1,delayed_log_2_0,3,959.8112377171636,111,34.12641215324402,100,0.019547046150741564,0.019547046150741564,0.019547046150741564,delayed_log_2_0,mu_schedule,2,0.0,0.0,0.0,full_mu_schedule_delayed_log_2_0_rep02,94002,959.8112377171636
silu,1,delayed_log_2_0,3,955.1441594755764,112,36.21658396720886,100,0.018191505972230636,0.018191505972230636,0.018191505972230636,delayed_log_2_0,mu_schedule,2,0.0,0.0,0.0,full_mu_schedule_delayed_log_2_0_rep02,94002,955.1441594755764
silu,1,delayed_log_2_0,3,953.2479704993689,113,36.87264609336853,100,0.01691896151010512,0.01691896151010512,0.01691896151010512,delayed_log_2_0,mu_schedule,2,0.0,0.0,0.0,full_mu_schedule_delayed_log_2_0_rep02,94002,953.2479704993689
silu,1,delayed_log_2_0,3,950.5202405499809,114,35.06785988807678,100,0.01572520390591971,0.01572520390591971,0.01572520390591971,delayed_log_2_0,mu_schedule,2,0.0,0.0,0.0,full_mu_schedule_delayed_log_2_0_rep02,94002,950.5202405499809
silu,1,delayed_log_2_0,3,950.0629963116864,115,36.18913412094116,100,0.01460617174025661,0.01460617174025661,0.01460617174025661,delayed_log_2_0,mu_schedule,2,0.0,0.0,0.0,full_mu_schedule_delayed_log_2_0_rep02,94002,950.0629963116864
silu,1,delayed_log_2_0,3,939.3042747852969,116,36.82115197181702,100,0.01355795081601026,0.01355795081601026,0.01355795081601026,delayed_log_2_0,mu_schedule,2,0.0,0.0,0.0,full_mu_schedule_delayed_log_2_0_rep02,94002,939.3042747852969
silu,1,delayed_log_2_0,3,943.6053746179142,117,35.50696015357971,100,0.012576773495696688,0.012576773495696688,0.012576773495696688,delayed_log_2_0,mu_schedule,2,0.0,0.0,0.0,full_mu_schedule_delayed_log_2_0_rep02,94002,943.6053746179142
silu,1,delayed_log_2_0,3,947.4256054680525,118,36.60037589073181,100,0.011659017627005861,0.011659017627005861,0.011659017627005861,delayed_log_2_0,mu_schedule,2,0.0,0.0,0.0,full_mu_schedule_delayed_log_2_0_rep02,94002,947.4256054680525
silu,1,delayed_log_2_0,3,938.8219068936065,119,35.98370289802551,100,0.010801205090174919,0.010801205090174919,0.010801205090174919,delayed_log_2_0,mu_schedule,2,0.0,0.0,0.0,full_mu_schedule_delayed_log_2_0_rep02,94002,938.8219068936065
silu,1,delayed_log_2_0,3,935.7878373962214,120,35.163214921951294,100,0.010000000000000004,0.010000000000000004,0.010000000000000004,delayed_log_2_0,mu_schedule,2,0.0,0.0,0.0,full_mu_schedule_delayed_log_2_0_rep02,94002,935.7878373962214
silu,1,delayed_log_2_0,3,928.6314919919921,121,33.88257098197937,100,0.010000000000000004,0.010000000000000004,0.0,delayed_log_2_0,mu_schedule,2,0.0,0.0,0.0,full_mu_schedule_delayed_log_2_0_rep02,94002,928.6314919919921
silu,1,delayed_log_2_0,3,916.8392652598704,122,29.653128147125244,100,0.010000000000000004,0.010000000000000004,0.0,delayed_log_2_0,mu_schedule,2,0.0,0.0,0.0,full_mu_schedule_delayed_log_2_0_rep02,94002,916.8392652598704
silu,1,delayed_log_2_0,3,915.1455030699316,123,28.349228143692017,100,0.010000000000000004,0.010000000000000004,0.0,delayed_log_2_0,mu_schedule,2,0.0,0.0,0.0,full_mu_schedule_delayed_log_2_0_rep02,94002,915.1455030699316
silu,1,delayed_log_2_0,3,911.687017622584,124,28.93480896949768,100,0.010000000000000004,0.010000000000000004,0.0,delayed_log_2_0,mu_schedule,2,0.0,0.0,0.0,full_mu_schedule_delayed_log_2_0_rep02,94002,911.687017622584
silu,1,delayed_log_2_0,3,921.3488764135125,125,28.82927703857422,100,0.010000000000000004,0.010000000000000004,0.0,delayed_log_2_0,mu_schedule,2,0.0,0.0,0.0,full_mu_schedule_delayed_log_2_0_rep02,94002,921.3488764135125
silu,1,delayed_log_2_0,3,920.9942205119286,126,28.348783016204834,100,0.010000000000000004,0.010000000000000004,0.0,delayed_log_2_0,mu_schedule,2,0.0,0.0,0.0,full_mu_schedule_delayed_log_2_0_rep02,94002,920.9942205119286
silu,1,delayed_log_2_0,3,913.9931002170549,127,28.67243790626526,100,0.010000000000000004,0.010000000000000004,0.0,delayed_log_2_0,mu_schedule,2,0.0,0.0,0.0,full_mu_schedule_delayed_log_2_0_rep02,94002,913.9931002170549
silu,1,delayed_log_2_0,3,920.7073111442263,128,29.947596073150635,100,0.010000000000000004,0.010000000000000004,0.0,delayed_log_2_0,mu_schedule,2,0.0,0.0,0.0,full_mu_schedule_delayed_log_2_0_rep02,94002,920.7073111442263
silu,1,delayed_log_2_0,3,928.3487948988513,129,30.424533128738403,100,0.010000000000000004,0.010000000000000004,0.0,delayed_log_2_0,mu_schedule,2,0.0,0.0,0.0,full_mu_schedule_delayed_log_2_0_rep02,94002,928.3487948988513
silu,1,delayed_log_2_0,3,915.2600878597302,130,29.619736909866333,100,0.010000000000000004,0.010000000000000004,0.0,delayed_log_2_0,mu_schedule,2,0.0,0.0,0.0,full_mu_schedule_delayed_log_2_0_rep02,94002,915.2600878597302
silu,1,delayed_log_2_0,3,1763.6318163634714,1,102.28827500343323,100,1.0,1.0,1.0,delayed_log_2_0,mu_schedule,3,0.0,0.0,0.0,full_mu_schedule_delayed_log_2_0_rep03,94003,1763.6318163634714
silu,1,delayed_log_2_0,3,940.4826550391402,2,31.868335962295532,100,0.9996748519550619,0.9996748519550619,0.9996748519550619,delayed_log_2_0,mu_schedule,3,0.0,0.0,0.0,full_mu_schedule_delayed_log_2_0_rep03,94003,940.4826550391402
silu,1,delayed_log_2_0,3,926.7899465850335,3,32.64030480384827,100,0.9987000420102654,0.9987000420102654,0.9987000420102654,delayed_log_2_0,mu_schedule,3,0.0,0.0,0.0,full_mu_schedule_delayed_log_2_0_rep03,94003,926.7899465850335
silu,1,delayed_log_2_0,3,921.3707032539626,4,33.614798069000244,100,0.9970774706745008,0.9970774706745008,0.9970774706745008,delayed_log_2_0,mu_schedule,3,0.0,0.0,0.0,full_mu_schedule_delayed_log_2_0_rep03,94003,921.3707032539626
silu,1,delayed_log_2_0,3,921.3841397403636,5,32.25183701515198,100,0.9948102986014197,0.9948102986014197,0.9948102986014197,delayed_log_2_0,mu_schedule,3,0.0,0.0,0.0,full_mu_schedule_delayed_log_2_0_rep03,94003,921.3841397403636
silu,1,delayed_log_2_0,3,922.2145136026613,6,33.19898796081543,100,0.9919029363304483,0.9919029363304483,0.9919029363304483,delayed_log_2_0,mu_schedule,3,0.0,0.0,0.0,full_mu_schedule_delayed_log_2_0_rep03,94003,922.2145136026613
silu,1,delayed_log_2_0,3,923.3544699459254,7,32.390753984451294,100,0.9883610299895366,0.9883610299895366,0.9883610299895366,delayed_log_2_0,mu_schedule,3,0.0,0.0,0.0,full_mu_schedule_delayed_log_2_0_rep03,94003,923.3544699459254
silu,1,delayed_log_2_0,3,924.7897468756711,8,32.50683307647705,100,0.9841914430245098,0.9841914430245098,0.9841914430245098,delayed_log_2_0,mu_schedule,3,0.0,0.0,0.0,full_mu_schedule_delayed_log_2_0_rep03,94003,924.7897468756711
silu,1,delayed_log_2_0,3,926.5028318686491,9,32.19457292556763,100,0.97940223403778,0.97940223403778,0.97940223403778,delayed_log_2_0,mu_schedule,3,0.0,0.0,0.0,full_mu_schedule_delayed_log_2_0_rep03,94003,926.5028318686491
silu,1,delayed_log_2_0,3,928.4814000667398,10,31.901880025863647,100,0.9740026308365713,0.9740026308365713,0.9740026308365713,delayed_log_2_0,mu_schedule,3,0.0,0.0,0.0,full_mu_schedule_delayed_log_2_0_rep03,94003,928.4814000667398
silu,1,delayed_log_2_0,3,930.716458558327,11,32.344926834106445,100,0.9680030008076335,0.9680030008076335,0.9680030008076335,delayed_log_2_0,mu_schedule,3,0.0,0.0,0.0,full_mu_schedule_delayed_log_2_0_rep03,94003,930.716458558327
silu,1,delayed_log_2_0,3,933.1954713272088,12,32.2509388923645,100,0.9614148177515623,0.9614148177515623,0.9614148177515623,delayed_log_2_0,mu_schedule,3,0.0,0.0,0.0,full_mu_schedule_delayed_log_2_0_rep03,94003,933.1954713272088
silu,1,delayed_log_2_0,3,935.9042090823475,13,31.35374116897583,100,0.9542506253252185,0.9542506253252185,0.9542506253252185,delayed_log_2_0,mu_schedule,3,0.0,0.0,0.0,full_mu_schedule_delayed_log_2_0_rep03,94003,935.9042090823475
silu,1,delayed_log_2_0,3,938.8464167823336,14,32.07949495315552,100,0.9465239972552507,0.9465239972552507,0.9465239972552507,delayed_log_2_0,mu_schedule,3,0.0,0.0,0.0,full_mu_schedule_delayed_log_2_0_rep03,94003,938.8464167823336
silu,1,delayed_log_2_0,3,941.9883534317473,15,30.77759289741516,100,0.938249494499322,0.938249494499322,0.938249494499322,delayed_log_2_0,mu_schedule,3,0.0,0.0,0.0,full_mu_schedule_delayed_log_2_0_rep03,94003,941.9883534317473
silu,1,delayed_log_2_0,3,945.3219704868931,16,32.113786935806274,100,0.9294426195442062,0.9294426195442062,0.9294426195442062,delayed_log_2_0,mu_schedule,3,0.0,0.0,0.0,full_mu_schedule_delayed_log_2_0_rep03,94003,945.3219704868931
silu,1,delayed_log_2_0,3,948.8249583036516,17,31.820859909057617,100,0.920119768041432,0.920119768041432,0.920119768041432,delayed_log_2_0,mu_schedule,3,0.0,0.0,0.0,full_mu_schedule_delayed_log_2_0_rep03,94003,948.8249583036516
silu,1,delayed_log_2_0,3,952.4870029068919,18,31.45497703552246,100,0.9102981779915219,0.9102981779915219,0.9102981779915219,delayed_log_2_0,mu_schedule,3,0.0,0.0,0.0,full_mu_schedule_delayed_log_2_0_rep03,94003,952.4870029068919
silu,1,delayed_log_2_0,3,956.2835170248898,19,33.45695114135742,100,0.8999958766970595,0.8999958766970595,0.8999958766970595,delayed_log_2_0,mu_schedule,3,0.0,0.0,0.0,full_mu_schedule_delayed_log_2_0_rep03,94003,956.2835170248898
silu,1,delayed_log_2_0,3,960.2079591586707,20,33.21185898780823,100,0.8892316257127867,0.8892316257127867,0.8892316257127867,delayed_log_2_0,mu_schedule,3,0.0,0.0,0.0,full_mu_schedule_delayed_log_2_0_rep03,94003,960.2079591586707
silu,1,delayed_log_2_0,3,964.2376997101278,21,30.86511492729187,100,0.8780248640276315,0.8780248640276315,0.8780248640276315,delayed_log_2_0,mu_schedule,3,0.0,0.0,0.0,full_mu_schedule_delayed_log_2_0_rep03,94003,964.2376997101278
silu,1,delayed_log_2_0,3,968.370223057038,22,32.21029186248779,100,0.8663956497189845,0.8663956497189845,0.8663956497189845,delayed_log_2_0,mu_schedule,3,0.0,0.0,0.0,full_mu_schedule_delayed_log_2_0_rep03,94003,968.370223057038
silu,1,delayed_log_2_0,3,972.5837326338929,23,33.43257212638855,100,0.8543646003236588,0.8543646003236588,0.8543646003236588,delayed_log_2_0,mu_schedule,3,0.0,0.0,0.0,full_mu_schedule_delayed_log_2_0_rep03,94003,972.5837326338929
silu,1,delayed_log_2_0,3,976.8526619258691,24,30.77855086326599,100,0.841952832172763,0.841952832172763,0.841952832172763,delayed_log_2_0,mu_schedule,3,0.0,0.0,0.0,full_mu_schedule_delayed_log_2_0_rep03,94003,976.8526619258691
silu,1,delayed_log_2_0,3,981.1748632024033,25,32.53283905982971,100,0.8291818989392129,0.8291818989392129,0.8291818989392129,delayed_log_2_0,mu_schedule,3,0.0,0.0,0.0,full_mu_schedule_delayed_log_2_0_rep03,94003,981.1748632024033
silu,1,delayed_log_2_0,3,985.5316881231493,26,31.96381402015686,100,0.8160737296467871,0.8160737296467871,0.8160737296467871,delayed_log_2_0,mu_schedule,3,0.0,0.0,0.0,full_mu_schedule_delayed_log_2_0_rep03,94003,985.5316881231493
silu,1,delayed_log_2_0,3,989.9059617369056,27,33.048815965652466,100,0.8026505663885299,0.8026505663885299,0.8026505663885299,delayed_log_2_0,mu_schedule,3,0.0,0.0,0.0,full_mu_schedule_delayed_log_2_0_rep03,94003,989.9059617369056
silu,1,delayed_log_2_0,3,994.2943988458478,28,33.01523208618164,100,0.7889349019999411,0.7889349019999411,0.7889349019999411,delayed_log_2_0,mu_schedule,3,0.0,0.0,0.0,full_mu_schedule_delayed_log_2_0_rep03,94003,994.2943988458478
silu,1,delayed_log_2_0,3,998.6680057626082,29,30.6236891746521,100,0.7749494179287948,0.7749494179287948,0.7749494179287948,delayed_log_2_0,mu_schedule,3,0.0,0.0,0.0,full_mu_schedule_delayed_log_2_0_rep03,94003,998.6680057626082
silu,1,delayed_log_2_0,3,1003.0498384401878,30,32.76575994491577,100,0.7607169225386429,0.7607169225386429,0.7607169225386429,delayed_log_2_0,mu_schedule,3,0.0,0.0,0.0,full_mu_schedule_delayed_log_2_0_rep03,94003,1003.0498384401878
silu,1,delayed_log_2_0,3,1007.0728988458168,31,31.769515991210938,100,0.7462602900771296,0.7462602900771296,0.7462602900771296,delayed_log_2_0,mu_schedule,3,0.0,0.0,0.0,full_mu_schedule_delayed_log_2_0_rep03,94003,1007.0728988458168
silu,1,delayed_log_2_0,3,1011.2495664977046,32,32.41712808609009,100,0.731602400533224,0.731602400533224,0.731602400533224,delayed_log_2_0,mu_schedule,3,0.0,0.0,0.0,full_mu_schedule_delayed_log_2_0_rep03,94003,1011.2495664977046
silu,1,delayed_log_2_0,3,1015.3705158233411,33,31.792028188705444,100,0.7167660805994273,0.7167660805994273,0.7167660805994273,delayed_log_2_0,mu_schedule,3,0.0,0.0,0.0,full_mu_schedule_delayed_log_2_0_rep03,94003,1015.3705158233411
silu,1,delayed_log_2_0,3,1019.2563802877257,34,31.075855016708374,100,0.7017740459459934,0.7017740459459934,0.7017740459459934,delayed_log_2_0,mu_schedule,3,0.0,0.0,0.0,full_mu_schedule_delayed_log_2_0_rep03,94003,1019.2563802877257
silu,1,delayed_log_2_0,3,1022.9224533912238,35,32.60686206817627,100,0.6866488450043001,0.6866488450043001,0.6866488450043001,delayed_log_2_0,mu_schedule,3,0.0,0.0,0.0,full_mu_schedule_delayed_log_2_0_rep03,94003,1022.9224533912238
silu,1,delayed_log_2_0,3,1026.4571541803982,36,31.44332003593445,100,0.671412804445767,0.671412804445767,0.671412804445767,delayed_log_2_0,mu_schedule,3,0.0,0.0,0.0,full_mu_schedule_delayed_log_2_0_rep03,94003,1026.4571541803982
silu,1,delayed_log_2_0,3,1029.990175456311,37,32.474008083343506,100,0.6560879765312531,0.6560879765312531,0.6560879765312531,delayed_log_2_0,mu_schedule,3,0.0,0.0,0.0,full_mu_schedule_delayed_log_2_0_rep03,94003,1029.990175456311
silu,1,delayed_log_2_0,3,1033.4804577542225,38,33.138055086135864,100,0.6406960884937318,0.6406960884937318,0.6406960884937318,delayed_log_2_0,mu_schedule,3,0.0,0.0,0.0,full_mu_schedule_delayed_log_2_0_rep03,94003,1033.4804577542225
silu,1,delayed_log_2_0,3,1036.8167061310448,39,30.96154499053955,100,0.6252584941043363,0.6252584941043363,0.6252584941043363,delayed_log_2_0,mu_schedule,3,0.0,0.0,0.0,full_mu_schedule_delayed_log_2_0_rep03,94003,1036.8167061310448
silu,1,delayed_log_2_0,3,1040.0334070502997,40,32.24467706680298,100,0.6097961275586654,0.6097961275586654,0.6097961275586654,delayed_log_2_0,mu_schedule,3,0.0,0.0,0.0,full_mu_schedule_delayed_log_2_0_rep03,94003,1040.0334070502997
silu,1,delayed_log_2_0,3,1043.0794244321635,41,31.3852379322052,100,0.59432945980665,0.59432945980665,0.59432945980665,delayed_log_2_0,mu_schedule,3,0.0,0.0,0.0,full_mu_schedule_delayed_log_2_0_rep03,94003,1043.0794244321635
silu,1,delayed_log_2_0,3,1045.9742798032107,42,32.077913999557495,100,0.5788784574353554,0.5788784574353554,0.5788784574353554,delayed_log_2_0,mu_schedule,3,0.0,0.0,0.0,full_mu_schedule_delayed_log_2_0_rep03,94003,1045.9742798032107
silu,1,delayed_log_2_0,3,1048.6708732893806,43,32.56685709953308,100,0.5634625441999642,0.5634625441999642,0.5634625441999642,delayed_log_2_0,mu_schedule,3,0.0,0.0,0.0,full_mu_schedule_delayed_log_2_0_rep03,94003,1048.6708732893806
silu,1,delayed_log_2_0,3,1051.1904405313335,44,30.479081869125366,100,0.5481005652838976,0.5481005652838976,0.5481005652838976,delayed_log_2_0,mu_schedule,3,0.0,0.0,0.0,full_mu_schedule_delayed_log_2_0_rep03,94003,1051.1904405313335
silu,1,delayed_log_2_0,3,1053.4921477723508,45,31.765854835510254,100,0.5328107543547015,0.5328107543547015,0.5328107543547015,delayed_log_2_0,mu_schedule,3,0.0,0.0,0.0,full_mu_schedule_delayed_log_2_0_rep03,94003,1053.4921477723508
silu,1,delayed_log_2_0,3,1055.5878378806892,46,31.174697160720825,100,0.5176107034680238,0.5176107034680238,0.5176107034680238,delayed_log_2_0,mu_schedule,3,0.0,0.0,0.0,full_mu_schedule_delayed_log_2_0_rep03,94003,1055.5878378806892
silu,1,delayed_log_2_0,3,1057.449319673761,47,31.99220108985901,100,0.5025173358578133,0.5025173358578133,0.5025173358578133,delayed_log_2_0,mu_schedule,3,0.0,0.0,0.0,full_mu_schedule_delayed_log_2_0_rep03,94003,1057.449319673761
silu,1,delayed_log_2_0,3,1059.0885156581642,48,32.27873706817627,100,0.4875468816368776,0.4875468816368776,0.4875468816368776,delayed_log_2_0,mu_schedule,3,0.0,0.0,0.0,full_mu_schedule_delayed_log_2_0_rep03,94003,1059.0885156581642
silu,1,delayed_log_2_0,3,1060.4997973396942,49,31.21473503112793,100,0.47271485641819844,0.47271485641819844,0.47271485641819844,delayed_log_2_0,mu_schedule,3,0.0,0.0,0.0,full_mu_schedule_delayed_log_2_0_rep03,94003,1060.4997973396942
silu,1,delayed_log_2_0,3,1061.6792935599456,50,32.72124195098877,100,0.45803604285401567,0.45803604285401567,0.45803604285401567,delayed_log_2_0,mu_schedule,3,0.0,0.0,0.0,full_mu_schedule_delayed_log_2_0_rep03,94003,1061.6792935599456
silu,1,delayed_log_2_0,3,1062.6303409956427,51,33.3899359703064,100,0.44352447507669435,0.44352447507669435,0.44352447507669435,delayed_log_2_0,mu_schedule,3,0.0,0.0,0.0,full_mu_schedule_delayed_log_2_0_rep03,94003,1062.6303409956427
silu,1,delayed_log_2_0,3,1063.3491950333018,52,30.633267164230347,100,0.4291934260128779,0.4291934260128779,0.4291934260128779,delayed_log_2_0,mu_schedule,3,0.0,0.0,0.0,full_mu_schedule_delayed_log_2_0_rep03,94003,1063.3491950333018
silu,1,delayed_log_2_0,3,1063.8336682261088,53,31.67157292366028,100,0.41505539753043,0.41505539753043,0.41505539753043,delayed_log_2_0,mu_schedule,3,0.0,0.0,0.0,full_mu_schedule_delayed_log_2_0_rep03,94003,1063.8336682261088
silu,1,delayed_log_2_0,3,1064.081139176496,54,32.46516489982605,100,0.401122113366259,0.401122113366259,0.401122113366259,delayed_log_2_0,mu_schedule,3,0.0,0.0,0.0,full_mu_schedule_delayed_log_2_0_rep03,94003,1064.081139176496
silu,1,delayed_log_2_0,3,1064.0871402383195,55,31.09173607826233,100,0.38740451477232746,0.38740451477232746,0.38740451477232746,delayed_log_2_0,mu_schedule,3,0.0,0.0,0.0,full_mu_schedule_delayed_log_2_0_rep03,94003,1064.0871402383195
silu,1,delayed_log_2_0,3,1063.834923468475,56,32.89192485809326,100,0.3739127588070357,0.3739127588070357,0.3739127588070357,delayed_log_2_0,mu_schedule,3,0.0,0.0,0.0,full_mu_schedule_delayed_log_2_0_rep03,94003,1063.834923468475
silu,1,delayed_log_2_0,3,1063.326917565138,57,32.10192918777466,100,0.36065621918975405,0.36065621918975405,0.36065621918975405,delayed_log_2_0,mu_schedule,3,0.0,0.0,0.0,full_mu_schedule_delayed_log_2_0_rep03,94003,1063.326917565138
silu,1,delayed_log_2_0,3,1062.6028750003118,58,32.103590965270996,100,0.3476434896276,0.3476434896276,0.3476434896276,delayed_log_2_0,mu_schedule,3,0.0,0.0,0.0,full_mu_schedule_delayed_log_2_0_rep03,94003,1062.6028750003118
silu,1,delayed_log_2_0,3,1061.6281605690297,59,32.29356598854065,100,0.3348823895156454,0.3348823895156454,0.3348823895156454,delayed_log_2_0,mu_schedule,3,0.0,0.0,0.0,full_mu_schedule_delayed_log_2_0_rep03,94003,1061.6281605690297
silu,1,delayed_log_2_0,3,1060.4094224207774,60,31.659937143325806,100,0.32237997190459977,0.32237997190459977,0.32237997190459977,delayed_log_2_0,mu_schedule,3,0.0,0.0,0.0,full_mu_schedule_delayed_log_2_0_rep03,94003,1060.4094224207774
silu,1,delayed_log_2_0,3,1058.985976626564,61,31.92002511024475,100,0.3101425336236777,0.3101425336236777,0.3101425336236777,delayed_log_2_0,mu_schedule,3,0.0,0.0,0.0,full_mu_schedule_delayed_log_2_0_rep03,94003,1058.985976626564
silu,1,delayed_log_2_0,3,1057.3353094045501,62,31.067919969558716,100,0.29817562744081594,0.29817562744081594,0.29817562744081594,delayed_log_2_0,mu_schedule,3,0.0,0.0,0.0,full_mu_schedule_delayed_log_2_0_rep03,94003,1057.3353094045501
silu,1,delayed_log_2_0,3,1055.5015806753017,63,31.35620093345642,100,0.28648407613767307,0.28648407613767307,0.28648407613767307,delayed_log_2_0,mu_schedule,3,0.0,0.0,0.0,full_mu_schedule_delayed_log_2_0_rep03,94003,1055.5015806753017
silu,1,delayed_log_2_0,3,1053.4261864544344,64,32.18282103538513,100,0.27507198837291136,0.27507198837291136,0.27507198837291136,delayed_log_2_0,mu_schedule,3,0.0,0.0,0.0,full_mu_schedule_delayed_log_2_0_rep03,94003,1053.4261864544344
silu,1,delayed_log_2_0,3,1051.2315878934955,65,30.99916100502014,100,0.26394277620411905,0.26394277620411905,0.26394277620411905,delayed_log_2_0,mu_schedule,3,0.0,0.0,0.0,full_mu_schedule_delayed_log_2_0_rep03,94003,1051.2315878934955
silu,1,delayed_log_2_0,3,1049.289580452297,66,32.13713192939758,100,0.2530991741363788,0.2530991741363788,0.2530991741363788,delayed_log_2_0,mu_schedule,3,0.0,0.0,0.0,full_mu_schedule_delayed_log_2_0_rep03,94003,1049.289580452297
silu,1,delayed_log_2_0,3,1047.882628686074,67,30.699681997299194,100,0.24254325956389286,0.24254325956389286,0.24254325956389286,delayed_log_2_0,mu_schedule,3,0.0,0.0,0.0,full_mu_schedule_delayed_log_2_0_rep03,94003,1047.882628686074
silu,1,delayed_log_2_0,3,1043.7604144999177,68,31.818948984146118,100,0.23227647447022887,0.23227647447022887,0.23227647447022887,delayed_log_2_0,mu_schedule,3,0.0,0.0,0.0,full_mu_schedule_delayed_log_2_0_rep03,94003,1043.7604144999177
silu,1,delayed_log_2_0,3,1040.6884176350877,69,31.83755111694336,100,0.22229964825261955,0.22229964825261955,0.22229964825261955,delayed_log_2_0,mu_schedule,3,0.0,0.0,0.0,full_mu_schedule_delayed_log_2_0_rep03,94003,1040.6884176350877
silu,1,delayed_log_2_0,3,1038.9615429864873,70,30.727323055267334,100,0.21261302153631445,0.21261302153631445,0.21261302153631445,delayed_log_2_0,mu_schedule,3,0.0,0.0,0.0,full_mu_schedule_delayed_log_2_0_rep03,94003,1038.9615429864873
silu,1,delayed_log_2_0,3,1035.9489484637897,71,31.786028146743774,100,0.20321627084619878,0.20321627084619878,0.20321627084619878,delayed_log_2_0,mu_schedule,3,0.0,0.0,0.0,full_mu_schedule_delayed_log_2_0_rep03,94003,1035.9489484637897
silu,1,delayed_log_2_0,3,1033.469129156372,72,31.809841871261597,100,0.1941085340047378,0.1941085340047378,0.1941085340047378,delayed_log_2_0,mu_schedule,3,0.0,0.0,0.0,full_mu_schedule_delayed_log_2_0_rep03,94003,1033.469129156372
silu,1,delayed_log_2_0,3,1029.7504802059168,73,30.958275079727173,100,0.18528843612773901,0.18528843612773901,0.18528843612773901,delayed_log_2_0,mu_schedule,3,0.0,0.0,0.0,full_mu_schedule_delayed_log_2_0_rep03,94003,1029.7504802059168
silu,1,delayed_log_2_0,3,1028.3409587720462,74,32.10187482833862,100,0.17675411609240033,0.17675411609240033,0.17675411609240033,delayed_log_2_0,mu_schedule,3,0.0,0.0,0.0,full_mu_schedule_delayed_log_2_0_rep03,94003,1028.3409587720462
silu,1,delayed_log_2_0,3,1025.9467921513638,75,31.22022795677185,100,0.16850325335559654,0.16850325335559654,0.16850325335559654,delayed_log_2_0,mu_schedule,3,0.0,0.0,0.0,full_mu_schedule_delayed_log_2_0_rep03,94003,1025.9467921513638
silu,1,delayed_log_2_0,3,1017.3092896328731,76,33.70246195793152,100,0.16053309500430704,0.16053309500430704,0.16053309500430704,delayed_log_2_0,mu_schedule,3,0.0,0.0,0.0,full_mu_schedule_delayed_log_2_0_rep03,94003,1017.3092896328731
silu,1,delayed_log_2_0,3,1017.1288313097665,77,31.081736087799072,100,0.15284048292445596,0.15284048292445596,0.15284048292445596,delayed_log_2_0,mu_schedule,3,0.0,0.0,0.0,full_mu_schedule_delayed_log_2_0_rep03,94003,1017.1288313097665
silu,1,delayed_log_2_0,3,1008.1725980611939,78,30.899193048477173,100,0.14542188097918074,0.14542188097918074,0.14542188097918074,delayed_log_2_0,mu_schedule,3,0.0,0.0,0.0,full_mu_schedule_delayed_log_2_0_rep03,94003,1008.1725980611939
silu,1,delayed_log_2_0,3,1008.8230828161497,79,32.78966999053955,100,0.13827340209262418,0.13827340209262418,0.13827340209262418,delayed_log_2_0,mu_schedule,3,0.0,0.0,0.0,full_mu_schedule_delayed_log_2_0_rep03,94003,1008.8230828161497
silu,1,delayed_log_2_0,3,1006.1492803945378,80,32.207728147506714,100,0.1313908351407074,0.1313908351407074,0.1313908351407074,delayed_log_2_0,mu_schedule,3,0.0,0.0,0.0,full_mu_schedule_delayed_log_2_0_rep03,94003,1006.1492803945378
silu,1,delayed_log_2_0,3,996.9865192341634,81,31.337645053863525,100,0.12476967155595078,0.12476967155595078,0.12476967155595078,delayed_log_2_0,mu_schedule,3,0.0,0.0,0.0,full_mu_schedule_delayed_log_2_0_rep03,94003,996.9865192341634
silu,1,delayed_log_2_0,3,994.8175397426891,82,31.916449069976807,100,0.1184051315592157,0.1184051315592157,0.1184051315592157,delayed_log_2_0,mu_schedule,3,0.0,0.0,0.0,full_mu_schedule_delayed_log_2_0_rep03,94003,994.8175397426891
silu,1,delayed_log_2_0,3,991.8219366894125,83,30.905447006225586,100,0.11229218993720214,0.11229218993720214,0.11229218993720214,delayed_log_2_0,mu_schedule,3,0.0,0.0,0.0,full_mu_schedule_delayed_log_2_0_rep03,94003,991.8219366894125
silu,1,delayed_log_2_0,3,988.3356782467822,84,32.25557994842529,100,0.10642560129061643,0.10642560129061643,0.10642560129061643,delayed_log_2_0,mu_schedule,3,0.0,0.0,0.0,full_mu_schedule_delayed_log_2_0_rep03,94003,988.3356782467822
silu,1,delayed_log_2_0,3,980.668019637005,85,31.939804077148438,100,0.1007999246840755,0.1007999246840755,0.1007999246840755,delayed_log_2_0,mu_schedule,3,0.0,0.0,0.0,full_mu_schedule_delayed_log_2_0_rep03,94003,980.668019637005
silu,1,delayed_log_2_0,3,981.6420545107353,86,31.09391689300537,100,0.09540954763499943,0.09540954763499943,0.09540954763499943,delayed_log_2_0,mu_schedule,3,0.0,0.0,0.0,full_mu_schedule_delayed_log_2_0_rep03,94003,981.6420545107353
silu,1,delayed_log_2_0,3,977.682365101052,87,33.35863995552063,100,0.09024870938493183,0.09024870938493183,0.09024870938493183,delayed_log_2_0,mu_schedule,3,0.0,0.0,0.0,full_mu_schedule_delayed_log_2_0_rep03,94003,977.682365101052
silu,1,delayed_log_2_0,3,969.3070748277388,88,33.693784952163696,100,0.08531152340287755,0.08531152340287755,0.08531152340287755,delayed_log_2_0,mu_schedule,3,0.0,0.0,0.0,full_mu_schedule_delayed_log_2_0_rep03,94003,969.3070748277388
silu,1,delayed_log_2_0,3,966.6410956506007,89,32.21803903579712,100,0.08059199907632274,0.08059199907632274,0.08059199907632274,delayed_log_2_0,mu_schedule,3,0.0,0.0,0.0,full_mu_schedule_delayed_log_2_0_rep03,94003,966.6410956506007
silu,1,delayed_log_2_0,3,961.034653914926,90,32.561163902282715,100,0.07608406255158537,0.07608406255158537,0.07608406255158537,delayed_log_2_0,mu_schedule,3,0.0,0.0,0.0,full_mu_schedule_delayed_log_2_0_rep03,94003,961.034653914926
silu,1,delayed_log_2_0,3,958.5681990389355,91,33.48319411277771,100,0.07178157669099011,0.07178157669099011,0.07178157669099011,delayed_log_2_0,mu_schedule,3,0.0,0.0,0.0,full_mu_schedule_delayed_log_2_0_rep03,94003,958.5681990389355
silu,1,delayed_log_2_0,3,960.0339176577107,92,31.915202140808105,100,0.06767836012005729,0.06767836012005729,0.06767836012005729,delayed_log_2_0,mu_schedule,3,0.0,0.0,0.0,full_mu_schedule_delayed_log_2_0_rep03,94003,960.0339176577107
silu,1,delayed_log_2_0,3,950.4167384409271,93,33.52806091308594,100,0.06376820534340857,0.06376820534340857,0.06376820534340857,delayed_log_2_0,mu_schedule,3,0.0,0.0,0.0,full_mu_schedule_delayed_log_2_0_rep03,94003,950.4167384409271
silu,1,delayed_log_2_0,3,945.7516923822825,94,34.12654113769531,100,0.060044895913407136,0.060044895913407136,0.060044895913407136,delayed_log_2_0,mu_schedule,3,0.0,0.0,0.0,full_mu_schedule_delayed_log_2_0_rep03,94003,945.7516923822825
silu,1,delayed_log_2_0,3,947.1544700210029,95,33.234537839889526,100,0.056502222640641864,0.056502222640641864,0.056502222640641864,delayed_log_2_0,mu_schedule,3,0.0,0.0,0.0,full_mu_schedule_delayed_log_2_0_rep03,94003,947.1544700210029
silu,1,delayed_log_2_0,3,941.1391522908255,96,33.61170411109924,100,0.05313399884022544,0.05313399884022544,0.05313399884022544,delayed_log_2_0,mu_schedule,3,0.0,0.0,0.0,full_mu_schedule_delayed_log_2_0_rep03,94003,941.1391522908255
silu,1,delayed_log_2_0,3,938.5259677098152,97,31.888944149017334,100,0.04993407461248296,0.04993407461248296,0.04993407461248296,delayed_log_2_0,mu_schedule,3,0.0,0.0,0.0,full_mu_schedule_delayed_log_2_0_rep03,94003,938.5259677098152
silu,1,delayed_log_2_0,3,941.668529416965,98,33.499387979507446,100,0.046896350160951915,0.046896350160951915,0.046896350160951915,delayed_log_2_0,mu_schedule,3,0.0,0.0,0.0,full_mu_schedule_delayed_log_2_0_rep03,94003,941.668529416965
silu,1,delayed_log_2_0,3,933.8013220163821,99,33.570215940475464,100,0.04401478815469319,0.04401478815469319,0.04401478815469319,delayed_log_2_0,mu_schedule,3,0.0,0.0,0.0,full_mu_schedule_delayed_log_2_0_rep03,94003,933.8013220163821
silu,1,delayed_log_2_0,3,927.8520342923406,100,32.55653691291809,100,0.041283425145706196,0.041283425145706196,0.041283425145706196,delayed_log_2_0,mu_schedule,3,0.0,0.0,0.0,full_mu_schedule_delayed_log_2_0_rep03,94003,927.8520342923406
silu,1,delayed_log_2_0,3,927.4428596243499,101,33.55460500717163,100,0.0386963820557567,0.0386963820557567,0.0386963820557567,delayed_log_2_0,mu_schedule,3,0.0,0.0,0.0,full_mu_schedule_delayed_log_2_0_rep03,94003,927.4428596243499
silu,1,delayed_log_2_0,3,922.5853016234134,102,34.574105978012085,100,0.036247873750153606,0.036247873750153606,0.036247873750153606,delayed_log_2_0,mu_schedule,3,0.0,0.0,0.0,full_mu_schedule_delayed_log_2_0_rep03,94003,922.5853016234134
silu,1,delayed_log_2_0,3,917.8794709687953,103,33.1721031665802,100,0.033932217718953314,0.033932217718953314,0.033932217718953314,delayed_log_2_0,mu_schedule,3,0.0,0.0,0.0,full_mu_schedule_delayed_log_2_0_rep03,94003,917.8794709687953
silu,1,delayed_log_2_0,3,920.8909572241886,104,34.94457292556763,100,0.031743841888724596,0.031743841888724596,0.031743841888724596,delayed_log_2_0,mu_schedule,3,0.0,0.0,0.0,full_mu_schedule_delayed_log_2_0_rep03,94003,920.8909572241886
silu,1,delayed_log_2_0,3,912.0363355190443,105,33.1503541469574,100,0.02967729159038196,0.02967729159038196,0.02967729159038196,delayed_log_2_0,mu_schedule,3,0.0,0.0,0.0,full_mu_schedule_delayed_log_2_0_rep03,94003,912.0363355190443
silu,1,delayed_log_2_0,3,916.4087959819652,106,33.46811294555664,100,0.027727235710688393,0.027727235710688393,0.027727235710688393,delayed_log_2_0,mu_schedule,3,0.0,0.0,0.0,full_mu_schedule_delayed_log_2_0_rep03,94003,916.4087959819652
silu,1,delayed_log_2_0,3,908.819300749547,107,34.537177085876465,100,0.025888472056851863,0.025888472056851863,0.025888472056851863,delayed_log_2_0,mu_schedule,3,0.0,0.0,0.0,full_mu_schedule_delayed_log_2_0_rep03,94003,908.819300749547
silu,1,delayed_log_2_0,3,904.5465764494226,108,33.89694380760193,100,0.024155931965195967,0.024155931965195967,0.024155931965195967,delayed_log_2_0,mu_schedule,3,0.0,0.0,0.0,full_mu_schedule_delayed_log_2_0_rep03,94003,904.5465764494226
silu,1,delayed_log_2_0,3,906.4175793674204,109,34.24916696548462,100,0.02252468418618416,0.02252468418618416,0.02252468418618416,delayed_log_2_0,mu_schedule,3,0.0,0.0,0.0,full_mu_schedule_delayed_log_2_0_rep03,94003,906.4175793674204
silu,1,delayed_log_2_0,3,902.9218167212495,110,35.25797414779663,100,0.020989938079130233,0.020989938079130233,0.020989938079130233,delayed_log_2_0,mu_schedule,3,0.0,0.0,0.0,full_mu_schedule_delayed_log_2_0_rep03,94003,902.9218167212495
silu,1,delayed_log_2_0,3,899.5929135604041,111,34.36967992782593,100,0.019547046150741564,0.019547046150741564,0.019547046150741564,delayed_log_2_0,mu_schedule,3,0.0,0.0,0.0,full_mu_schedule_delayed_log_2_0_rep03,94003,899.5929135604041
silu,1,delayed_log_2_0,3,895.8029176944136,112,35.63971209526062,100,0.018191505972230636,0.018191505972230636,0.018191505972230636,delayed_log_2_0,mu_schedule,3,0.0,0.0,0.0,full_mu_schedule_delayed_log_2_0_rep03,94003,895.8029176944136
silu,1,delayed_log_2_0,3,894.6615975492842,113,36.19717621803284,100,0.01691896151010512,0.01691896151010512,0.01691896151010512,delayed_log_2_0,mu_schedule,3,0.0,0.0,0.0,full_mu_schedule_delayed_log_2_0_rep03,94003,894.6615975492842
silu,1,delayed_log_2_0,3,891.0171351991081,114,36.01608419418335,100,0.01572520390591971,0.01572520390591971,0.01572520390591971,delayed_log_2_0,mu_schedule,3,0.0,0.0,0.0,full_mu_schedule_delayed_log_2_0_rep03,94003,891.0171351991081
silu,1,delayed_log_2_0,3,891.7965740025122,115,35.08383798599243,100,0.01460617174025661,0.01460617174025661,0.01460617174025661,delayed_log_2_0,mu_schedule,3,0.0,0.0,0.0,full_mu_schedule_delayed_log_2_0_rep03,94003,891.7965740025122
silu,1,delayed_log_2_0,3,883.2729232975184,116,35.7848060131073,100,0.01355795081601026,0.01355795081601026,0.01355795081601026,delayed_log_2_0,mu_schedule,3,0.0,0.0,0.0,full_mu_schedule_delayed_log_2_0_rep03,94003,883.2729232975184
silu,1,delayed_log_2_0,3,884.2188132898855,117,36.46728491783142,100,0.012576773495696688,0.012576773495696688,0.012576773495696688,delayed_log_2_0,mu_schedule,3,0.0,0.0,0.0,full_mu_schedule_delayed_log_2_0_rep03,94003,884.2188132898855
silu,1,delayed_log_2_0,3,880.7532999211398,118,35.64853119850159,100,0.011659017627005861,0.011659017627005861,0.011659017627005861,delayed_log_2_0,mu_schedule,3,0.0,0.0,0.0,full_mu_schedule_delayed_log_2_0_rep03,94003,880.7532999211398
silu,1,delayed_log_2_0,3,884.9815984685007,119,34.96776103973389,100,0.010801205090174919,0.010801205090174919,0.010801205090174919,delayed_log_2_0,mu_schedule,3,0.0,0.0,0.0,full_mu_schedule_delayed_log_2_0_rep03,94003,884.9815984685007
silu,1,delayed_log_2_0,3,878.3683940917972,120,35.0979380607605,100,0.010000000000000004,0.010000000000000004,0.010000000000000004,delayed_log_2_0,mu_schedule,3,0.0,0.0,0.0,full_mu_schedule_delayed_log_2_0_rep03,94003,878.3683940917972
silu,1,delayed_log_2_0,3,851.9763239079531,121,32.85058093070984,100,0.010000000000000004,0.010000000000000004,0.0,delayed_log_2_0,mu_schedule,3,0.0,0.0,0.0,full_mu_schedule_delayed_log_2_0_rep03,94003,851.9763239079531
silu,1,delayed_log_2_0,3,858.537611881891,122,31.10839009284973,100,0.010000000000000004,0.010000000000000004,0.0,delayed_log_2_0,mu_schedule,3,0.0,0.0,0.0,full_mu_schedule_delayed_log_2_0_rep03,94003,858.537611881891
silu,1,delayed_log_2_0,3,853.1805063953765,123,28.83650803565979,100,0.010000000000000004,0.010000000000000004,0.0,delayed_log_2_0,mu_schedule,3,0.0,0.0,0.0,full_mu_schedule_delayed_log_2_0_rep03,94003,853.1805063953765
silu,1,delayed_log_2_0,3,857.4525227841151,124,29.93740701675415,100,0.010000000000000004,0.010000000000000004,0.0,delayed_log_2_0,mu_schedule,3,0.0,0.0,0.0,full_mu_schedule_delayed_log_2_0_rep03,94003,857.4525227841151
silu,1,delayed_log_2_0,3,855.885408944821,125,29.83413600921631,100,0.010000000000000004,0.010000000000000004,0.0,delayed_log_2_0,mu_schedule,3,0.0,0.0,0.0,full_mu_schedule_delayed_log_2_0_rep03,94003,855.885408944821
silu,1,delayed_log_2_0,3,868.7542888365522,126,29.436790943145752,100,0.010000000000000004,0.010000000000000004,0.0,delayed_log_2_0,mu_schedule,3,0.0,0.0,0.0,full_mu_schedule_delayed_log_2_0_rep03,94003,868.7542888365522
silu,1,delayed_log_2_0,3,859.0063339043985,127,29.13282585144043,100,0.010000000000000004,0.010000000000000004,0.0,delayed_log_2_0,mu_schedule,3,0.0,0.0,0.0,full_mu_schedule_delayed_log_2_0_rep03,94003,859.0063339043985
silu,1,delayed_log_2_0,3,856.3888126283872,128,30.137272119522095,100,0.010000000000000004,0.010000000000000004,0.0,delayed_log_2_0,mu_schedule,3,0.0,0.0,0.0,full_mu_schedule_delayed_log_2_0_rep03,94003,856.3888126283872
silu,1,delayed_log_2_0,3,856.0060151689734,129,29.94742202758789,100,0.010000000000000004,0.010000000000000004,0.0,delayed_log_2_0,mu_schedule,3,0.0,0.0,0.0,full_mu_schedule_delayed_log_2_0_rep03,94003,856.0060151689734
silu,1,delayed_log_2_0,3,862.403833896092,130,31.747518062591553,100,0.010000000000000004,0.010000000000000004,0.0,delayed_log_2_0,mu_schedule,3,0.0,0.0,0.0,full_mu_schedule_delayed_log_2_0_rep03,94003,862.403833896092
silu,1,delayed_log_2_0,3,1838.3622080399875,1,105.30380916595459,100,1.0,1.0,1.0,delayed_log_2_0,mu_schedule,4,0.0,0.0,0.0,full_mu_schedule_delayed_log_2_0_rep04,94004,1838.3622080399875
silu,1,delayed_log_2_0,3,943.3928391403874,2,31.809980869293213,100,0.9996748519550619,0.9996748519550619,0.9996748519550619,delayed_log_2_0,mu_schedule,4,0.0,0.0,0.0,full_mu_schedule_delayed_log_2_0_rep04,94004,943.3928391403874
silu,1,delayed_log_2_0,3,933.0055079098702,3,32.015007972717285,100,0.9987000420102654,0.9987000420102654,0.9987000420102654,delayed_log_2_0,mu_schedule,4,0.0,0.0,0.0,full_mu_schedule_delayed_log_2_0_rep04,94004,933.0055079098702
silu,1,delayed_log_2_0,3,931.3748274440761,4,31.665323972702026,100,0.9970774706745008,0.9970774706745008,0.9970774706745008,delayed_log_2_0,mu_schedule,4,0.0,0.0,0.0,full_mu_schedule_delayed_log_2_0_rep04,94004,931.3748274440761
silu,1,delayed_log_2_0,3,931.6097362039224,5,31.777300119400024,100,0.9948102986014197,0.9948102986014197,0.9948102986014197,delayed_log_2_0,mu_schedule,4,0.0,0.0,0.0,full_mu_schedule_delayed_log_2_0_rep04,94004,931.6097362039224
silu,1,delayed_log_2_0,3,932.4220872908849,6,32.269120931625366,100,0.9919029363304483,0.9919029363304483,0.9919029363304483,delayed_log_2_0,mu_schedule,4,0.0,0.0,0.0,full_mu_schedule_delayed_log_2_0_rep04,94004,932.4220872908849
silu,1,delayed_log_2_0,3,933.5963089110734,7,32.25968790054321,100,0.9883610299895366,0.9883610299895366,0.9883610299895366,delayed_log_2_0,mu_schedule,4,0.0,0.0,0.0,full_mu_schedule_delayed_log_2_0_rep04,94004,933.5963089110734
silu,1,delayed_log_2_0,3,935.0773679474776,8,30.799351930618286,100,0.9841914430245098,0.9841914430245098,0.9841914430245098,delayed_log_2_0,mu_schedule,4,0.0,0.0,0.0,full_mu_schedule_delayed_log_2_0_rep04,94004,935.0773679474776
silu,1,delayed_log_2_0,3,936.8379372866859,9,31.73652195930481,100,0.97940223403778,0.97940223403778,0.97940223403778,delayed_log_2_0,mu_schedule,4,0.0,0.0,0.0,full_mu_schedule_delayed_log_2_0_rep04,94004,936.8379372866859
silu,1,delayed_log_2_0,3,938.857772721974,10,30.979132890701294,100,0.9740026308365713,0.9740026308365713,0.9740026308365713,delayed_log_2_0,mu_schedule,4,0.0,0.0,0.0,full_mu_schedule_delayed_log_2_0_rep04,94004,938.857772721974
silu,1,delayed_log_2_0,3,941.1181882566036,11,32.35397005081177,100,0.9680030008076335,0.9680030008076335,0.9680030008076335,delayed_log_2_0,mu_schedule,4,0.0,0.0,0.0,full_mu_schedule_delayed_log_2_0_rep04,94004,941.1181882566036
silu,1,delayed_log_2_0,3,943.5951521622203,12,31.82083797454834,100,0.9614148177515623,0.9614148177515623,0.9614148177515623,delayed_log_2_0,mu_schedule,4,0.0,0.0,0.0,full_mu_schedule_delayed_log_2_0_rep04,94004,943.5951521622203
silu,1,delayed_log_2_0,3,946.264542656273,13,30.95239782333374,100,0.9542506253252185,0.9542506253252185,0.9542506253252185,delayed_log_2_0,mu_schedule,4,0.0,0.0,0.0,full_mu_schedule_delayed_log_2_0_rep04,94004,946.264542656273
silu,1,delayed_log_2_0,3,949.100204876955,14,31.366525173187256,100,0.9465239972552507,0.9465239972552507,0.9465239972552507,delayed_log_2_0,mu_schedule,4,0.0,0.0,0.0,full_mu_schedule_delayed_log_2_0_rep04,94004,949.100204876955
silu,1,delayed_log_2_0,3,952.0791454374547,15,30.664371013641357,100,0.938249494499322,0.938249494499322,0.938249494499322,delayed_log_2_0,mu_schedule,4,0.0,0.0,0.0,full_mu_schedule_delayed_log_2_0_rep04,94004,952.0791454374547
silu,1,delayed_log_2_0,3,955.2067801660883,16,32.32309103012085,100,0.9294426195442062,0.9294426195442062,0.9294426195442062,delayed_log_2_0,mu_schedule,4,0.0,0.0,0.0,full_mu_schedule_delayed_log_2_0_rep04,94004,955.2067801660883
silu,1,delayed_log_2_0,3,958.5440548480439,17,32.44029402732849,100,0.920119768041432,0.920119768041432,0.920119768041432,delayed_log_2_0,mu_schedule,4,0.0,0.0,0.0,full_mu_schedule_delayed_log_2_0_rep04,94004,958.5440548480439
silu,1,delayed_log_2_0,3,962.1015868370379,18,31.247314929962158,100,0.9102981779915219,0.9102981779915219,0.9102981779915219,delayed_log_2_0,mu_schedule,4,0.0,0.0,0.0,full_mu_schedule_delayed_log_2_0_rep04,94004,962.1015868370379
silu,1,delayed_log_2_0,3,965.8257242244711,19,32.839329957962036,100,0.8999958766970595,0.8999958766970595,0.8999958766970595,delayed_log_2_0,mu_schedule,4,0.0,0.0,0.0,full_mu_schedule_delayed_log_2_0_rep04,94004,965.8257242244711
silu,1,delayed_log_2_0,3,969.6638458096448,20,31.836009979248047,100,0.8892316257127867,0.8892316257127867,0.8892316257127867,delayed_log_2_0,mu_schedule,4,0.0,0.0,0.0,full_mu_schedule_delayed_log_2_0_rep04,94004,969.6638458096448
silu,1,delayed_log_2_0,3,973.6061626801118,21,32.50063395500183,100,0.8780248640276315,0.8780248640276315,0.8780248640276315,delayed_log_2_0,mu_schedule,4,0.0,0.0,0.0,full_mu_schedule_delayed_log_2_0_rep04,94004,973.6061626801118
silu,1,delayed_log_2_0,3,977.6817437638509,22,32.37366795539856,100,0.8663956497189845,0.8663956497189845,0.8663956497189845,delayed_log_2_0,mu_schedule,4,0.0,0.0,0.0,full_mu_schedule_delayed_log_2_0_rep04,94004,977.6817437638509
silu,1,delayed_log_2_0,3,981.8334646120053,23,31.329270124435425,100,0.8543646003236588,0.8543646003236588,0.8543646003236588,delayed_log_2_0,mu_schedule,4,0.0,0.0,0.0,full_mu_schedule_delayed_log_2_0_rep04,94004,981.8334646120053
silu,1,delayed_log_2_0,3,985.9368538488114,24,32.868799924850464,100,0.841952832172763,0.841952832172763,0.841952832172763,delayed_log_2_0,mu_schedule,4,0.0,0.0,0.0,full_mu_schedule_delayed_log_2_0_rep04,94004,985.9368538488114
silu,1,delayed_log_2_0,3,990.0407183525905,25,32.35565805435181,100,0.8291818989392129,0.8291818989392129,0.8291818989392129,delayed_log_2_0,mu_schedule,4,0.0,0.0,0.0,full_mu_schedule_delayed_log_2_0_rep04,94004,990.0407183525905
silu,1,delayed_log_2_0,3,994.3919091639076,26,30.8510000705719,100,0.8160737296467871,0.8160737296467871,0.8160737296467871,delayed_log_2_0,mu_schedule,4,0.0,0.0,0.0,full_mu_schedule_delayed_log_2_0_rep04,94004,994.3919091639076
silu,1,delayed_log_2_0,3,998.7771422372067,27,32.26231002807617,100,0.8026505663885299,0.8026505663885299,0.8026505663885299,delayed_log_2_0,mu_schedule,4,0.0,0.0,0.0,full_mu_schedule_delayed_log_2_0_rep04,94004,998.7771422372067
silu,1,delayed_log_2_0,3,1003.1716080460395,28,32.185508012771606,100,0.7889349019999411,0.7889349019999411,0.7889349019999411,delayed_log_2_0,mu_schedule,4,0.0,0.0,0.0,full_mu_schedule_delayed_log_2_0_rep04,94004,1003.1716080460395
silu,1,delayed_log_2_0,3,1007.5577179839325,29,32.85255312919617,100,0.7749494179287948,0.7749494179287948,0.7749494179287948,delayed_log_2_0,mu_schedule,4,0.0,0.0,0.0,full_mu_schedule_delayed_log_2_0_rep04,94004,1007.5577179839325
silu,1,delayed_log_2_0,3,1011.9245847559138,30,32.91562581062317,100,0.7607169225386429,0.7607169225386429,0.7607169225386429,delayed_log_2_0,mu_schedule,4,0.0,0.0,0.0,full_mu_schedule_delayed_log_2_0_rep04,94004,1011.9245847559138
silu,1,delayed_log_2_0,3,1016.2583198532797,31,30.520133018493652,100,0.7462602900771296,0.7462602900771296,0.7462602900771296,delayed_log_2_0,mu_schedule,4,0.0,0.0,0.0,full_mu_schedule_delayed_log_2_0_rep04,94004,1016.2583198532797
silu,1,delayed_log_2_0,3,1020.5528895227868,32,32.49503302574158,100,0.731602400533224,0.731602400533224,0.731602400533224,delayed_log_2_0,mu_schedule,4,0.0,0.0,0.0,full_mu_schedule_delayed_log_2_0_rep04,94004,1020.5528895227868
silu,1,delayed_log_2_0,3,1024.7992022057856,33,31.63737392425537,100,0.7167660805994273,0.7167660805994273,0.7167660805994273,delayed_log_2_0,mu_schedule,4,0.0,0.0,0.0,full_mu_schedule_delayed_log_2_0_rep04,94004,1024.7992022057856
silu,1,delayed_log_2_0,3,1028.998650585902,34,31.834301948547363,100,0.7017740459459934,0.7017740459459934,0.7017740459459934,delayed_log_2_0,mu_schedule,4,0.0,0.0,0.0,full_mu_schedule_delayed_log_2_0_rep04,94004,1028.998650585902
silu,1,delayed_log_2_0,3,1033.124763743155,35,31.905186891555786,100,0.6866488450043001,0.6866488450043001,0.6866488450043001,delayed_log_2_0,mu_schedule,4,0.0,0.0,0.0,full_mu_schedule_delayed_log_2_0_rep04,94004,1033.124763743155
silu,1,delayed_log_2_0,3,1037.1405549113406,36,30.579190969467163,100,0.671412804445767,0.671412804445767,0.671412804445767,delayed_log_2_0,mu_schedule,4,0.0,0.0,0.0,full_mu_schedule_delayed_log_2_0_rep04,94004,1037.1405549113406
silu,1,delayed_log_2_0,3,1041.0222802367587,37,32.98920679092407,100,0.6560879765312531,0.6560879765312531,0.6560879765312531,delayed_log_2_0,mu_schedule,4,0.0,0.0,0.0,full_mu_schedule_delayed_log_2_0_rep04,94004,1041.0222802367587
silu,1,delayed_log_2_0,3,1044.7601375991283,38,30.950592041015625,100,0.6406960884937318,0.6406960884937318,0.6406960884937318,delayed_log_2_0,mu_schedule,4,0.0,0.0,0.0,full_mu_schedule_delayed_log_2_0_rep04,94004,1044.7601375991283
silu,1,delayed_log_2_0,3,1048.3474331745124,39,32.77942609786987,100,0.6252584941043363,0.6252584941043363,0.6252584941043363,delayed_log_2_0,mu_schedule,4,0.0,0.0,0.0,full_mu_schedule_delayed_log_2_0_rep04,94004,1048.3474331745124
silu,1,delayed_log_2_0,3,1051.7708065561671,40,32.10284686088562,100,0.6097961275586654,0.6097961275586654,0.6097961275586654,delayed_log_2_0,mu_schedule,4,0.0,0.0,0.0,full_mu_schedule_delayed_log_2_0_rep04,94004,1051.7708065561671
silu,1,delayed_log_2_0,3,1055.0253225007675,41,30.177222967147827,100,0.59432945980665,0.59432945980665,0.59432945980665,delayed_log_2_0,mu_schedule,4,0.0,0.0,0.0,full_mu_schedule_delayed_log_2_0_rep04,94004,1055.0253225007675
silu,1,delayed_log_2_0,3,1058.095200671458,42,32.090940952301025,100,0.5788784574353554,0.5788784574353554,0.5788784574353554,delayed_log_2_0,mu_schedule,4,0.0,0.0,0.0,full_mu_schedule_delayed_log_2_0_rep04,94004,1058.095200671458
silu,1,delayed_log_2_0,3,1060.9770110103855,43,31.524236917495728,100,0.5634625441999642,0.5634625441999642,0.5634625441999642,delayed_log_2_0,mu_schedule,4,0.0,0.0,0.0,full_mu_schedule_delayed_log_2_0_rep04,94004,1060.9770110103855
silu,1,delayed_log_2_0,3,1063.6602011116506,44,32.44793200492859,100,0.5481005652838976,0.5481005652838976,0.5481005652838976,delayed_log_2_0,mu_schedule,4,0.0,0.0,0.0,full_mu_schedule_delayed_log_2_0_rep04,94004,1063.6602011116506
silu,1,delayed_log_2_0,3,1066.1317285226885,45,31.791980028152466,100,0.5328107543547015,0.5328107543547015,0.5328107543547015,delayed_log_2_0,mu_schedule,4,0.0,0.0,0.0,full_mu_schedule_delayed_log_2_0_rep04,94004,1066.1317285226885
silu,1,delayed_log_2_0,3,1068.3856606847955,46,31.04923105239868,100,0.5176107034680238,0.5176107034680238,0.5176107034680238,delayed_log_2_0,mu_schedule,4,0.0,0.0,0.0,full_mu_schedule_delayed_log_2_0_rep04,94004,1068.3856606847955
silu,1,delayed_log_2_0,3,1070.4166522002338,47,31.41247797012329,100,0.5025173358578133,0.5025173358578133,0.5025173358578133,delayed_log_2_0,mu_schedule,4,0.0,0.0,0.0,full_mu_schedule_delayed_log_2_0_rep04,94004,1070.4166522002338
silu,1,delayed_log_2_0,3,1072.2128190402927,48,30.951067209243774,100,0.4875468816368776,0.4875468816368776,0.4875468816368776,delayed_log_2_0,mu_schedule,4,0.0,0.0,0.0,full_mu_schedule_delayed_log_2_0_rep04,94004,1072.2128190402927
silu,1,delayed_log_2_0,3,1073.7721359157977,49,31.430974006652832,100,0.47271485641819844,0.47271485641819844,0.47271485641819844,delayed_log_2_0,mu_schedule,4,0.0,0.0,0.0,full_mu_schedule_delayed_log_2_0_rep04,94004,1073.7721359157977
silu,1,delayed_log_2_0,3,1075.0802459579086,50,33.264410972595215,100,0.45803604285401567,0.45803604285401567,0.45803604285401567,delayed_log_2_0,mu_schedule,4,0.0,0.0,0.0,full_mu_schedule_delayed_log_2_0_rep04,94004,1075.0802459579086
silu,1,delayed_log_2_0,3,1076.1399801232335,51,31.041712999343872,100,0.44352447507669435,0.44352447507669435,0.44352447507669435,delayed_log_2_0,mu_schedule,4,0.0,0.0,0.0,full_mu_schedule_delayed_log_2_0_rep04,94004,1076.1399801232335
silu,1,delayed_log_2_0,3,1076.9412077435877,52,31.17534613609314,100,0.4291934260128779,0.4291934260128779,0.4291934260128779,delayed_log_2_0,mu_schedule,4,0.0,0.0,0.0,full_mu_schedule_delayed_log_2_0_rep04,94004,1076.9412077435877
silu,1,delayed_log_2_0,3,1077.4752369717112,53,32.126412868499756,100,0.41505539753043,0.41505539753043,0.41505539753043,delayed_log_2_0,mu_schedule,4,0.0,0.0,0.0,full_mu_schedule_delayed_log_2_0_rep04,94004,1077.4752369717112
silu,1,delayed_log_2_0,3,1077.7385019106275,54,30.34534001350403,100,0.401122113366259,0.401122113366259,0.401122113366259,delayed_log_2_0,mu_schedule,4,0.0,0.0,0.0,full_mu_schedule_delayed_log_2_0_rep04,94004,1077.7385019106275
silu,1,delayed_log_2_0,3,1077.7137636572388,55,31.129823923110962,100,0.38740451477232746,0.38740451477232746,0.38740451477232746,delayed_log_2_0,mu_schedule,4,0.0,0.0,0.0,full_mu_schedule_delayed_log_2_0_rep04,94004,1077.7137636572388
silu,1,delayed_log_2_0,3,1077.4197862649319,56,32.53055214881897,100,0.3739127588070357,0.3739127588070357,0.3739127588070357,delayed_log_2_0,mu_schedule,4,0.0,0.0,0.0,full_mu_schedule_delayed_log_2_0_rep04,94004,1077.4197862649319
silu,1,delayed_log_2_0,3,1076.872758316851,57,31.99732494354248,100,0.36065621918975405,0.36065621918975405,0.36065621918975405,delayed_log_2_0,mu_schedule,4,0.0,0.0,0.0,full_mu_schedule_delayed_log_2_0_rep04,94004,1076.872758316851
silu,1,delayed_log_2_0,3,1076.2789162994313,58,31.512582063674927,100,0.3476434896276,0.3476434896276,0.3476434896276,delayed_log_2_0,mu_schedule,4,0.0,0.0,0.0,full_mu_schedule_delayed_log_2_0_rep04,94004,1076.2789162994313
silu,1,delayed_log_2_0,3,1075.5785323589316,59,29.987213850021362,100,0.3348823895156454,0.3348823895156454,0.3348823895156454,delayed_log_2_0,mu_schedule,4,0.0,0.0,0.0,full_mu_schedule_delayed_log_2_0_rep04,94004,1075.5785323589316
silu,1,delayed_log_2_0,3,1074.612237484674,60,32.16865396499634,100,0.32237997190459977,0.32237997190459977,0.32237997190459977,delayed_log_2_0,mu_schedule,4,0.0,0.0,0.0,full_mu_schedule_delayed_log_2_0_rep04,94004,1074.612237484674
silu,1,delayed_log_2_0,3,1073.4437663143228,61,30.898035049438477,100,0.3101425336236777,0.3101425336236777,0.3101425336236777,delayed_log_2_0,mu_schedule,4,0.0,0.0,0.0,full_mu_schedule_delayed_log_2_0_rep04,94004,1073.4437663143228
silu,1,delayed_log_2_0,3,1071.9517385744325,62,31.200326919555664,100,0.29817562744081594,0.29817562744081594,0.29817562744081594,delayed_log_2_0,mu_schedule,4,0.0,0.0,0.0,full_mu_schedule_delayed_log_2_0_rep04,94004,1071.9517385744325
silu,1,delayed_log_2_0,3,1070.0646143964661,63,31.747095823287964,100,0.28648407613767307,0.28648407613767307,0.28648407613767307,delayed_log_2_0,mu_schedule,4,0.0,0.0,0.0,full_mu_schedule_delayed_log_2_0_rep04,94004,1070.0646143964661
silu,1,delayed_log_2_0,3,1067.9801899188947,64,30.920521020889282,100,0.27507198837291136,0.27507198837291136,0.27507198837291136,delayed_log_2_0,mu_schedule,4,0.0,0.0,0.0,full_mu_schedule_delayed_log_2_0_rep04,94004,1067.9801899188947
silu,1,delayed_log_2_0,3,1065.641441936138,65,31.69486117362976,100,0.26394277620411905,0.26394277620411905,0.26394277620411905,delayed_log_2_0,mu_schedule,4,0.0,0.0,0.0,full_mu_schedule_delayed_log_2_0_rep04,94004,1065.641441936138
silu,1,delayed_log_2_0,3,1064.6878112184756,66,32.153270959854126,100,0.2530991741363788,0.2530991741363788,0.2530991741363788,delayed_log_2_0,mu_schedule,4,0.0,0.0,0.0,full_mu_schedule_delayed_log_2_0_rep04,94004,1064.6878112184756
silu,1,delayed_log_2_0,3,1060.6750066479178,67,29.8192458152771,100,0.24254325956389286,0.24254325956389286,0.24254325956389286,delayed_log_2_0,mu_schedule,4,0.0,0.0,0.0,full_mu_schedule_delayed_log_2_0_rep04,94004,1060.6750066479178
silu,1,delayed_log_2_0,3,1059.767635578926,68,31.6757709980011,100,0.23227647447022887,0.23227647447022887,0.23227647447022887,delayed_log_2_0,mu_schedule,4,0.0,0.0,0.0,full_mu_schedule_delayed_log_2_0_rep04,94004,1059.767635578926
silu,1,delayed_log_2_0,3,1057.2868682787735,69,29.906616926193237,100,0.22229964825261955,0.22229964825261955,0.22229964825261955,delayed_log_2_0,mu_schedule,4,0.0,0.0,0.0,full_mu_schedule_delayed_log_2_0_rep04,94004,1057.2868682787735
silu,1,delayed_log_2_0,3,1055.3753009075217,70,32.256438970565796,100,0.21261302153631445,0.21261302153631445,0.21261302153631445,delayed_log_2_0,mu_schedule,4,0.0,0.0,0.0,full_mu_schedule_delayed_log_2_0_rep04,94004,1055.3753009075217
silu,1,delayed_log_2_0,3,1049.5341881032882,71,31.216334104537964,100,0.20321627084619878,0.20321627084619878,0.20321627084619878,delayed_log_2_0,mu_schedule,4,0.0,0.0,0.0,full_mu_schedule_delayed_log_2_0_rep04,94004,1049.5341881032882
silu,1,delayed_log_2_0,3,1048.8544175333307,72,30.799354076385498,100,0.1941085340047378,0.1941085340047378,0.1941085340047378,delayed_log_2_0,mu_schedule,4,0.0,0.0,0.0,full_mu_schedule_delayed_log_2_0_rep04,94004,1048.8544175333307
silu,1,delayed_log_2_0,3,1043.472408881036,73,31.491600036621094,100,0.18528843612773901,0.18528843612773901,0.18528843612773901,delayed_log_2_0,mu_schedule,4,0.0,0.0,0.0,full_mu_schedule_delayed_log_2_0_rep04,94004,1043.472408881036
silu,1,delayed_log_2_0,3,1037.8169494720544,74,30.357840061187744,100,0.17675411609240033,0.17675411609240033,0.17675411609240033,delayed_log_2_0,mu_schedule,4,0.0,0.0,0.0,full_mu_schedule_delayed_log_2_0_rep04,94004,1037.8169494720544
silu,1,delayed_log_2_0,3,1040.2038245055553,75,33.38017201423645,100,0.16850325335559654,0.16850325335559654,0.16850325335559654,delayed_log_2_0,mu_schedule,4,0.0,0.0,0.0,full_mu_schedule_delayed_log_2_0_rep04,94004,1040.2038245055553
silu,1,delayed_log_2_0,3,1035.1482174046985,76,32.59390997886658,100,0.16053309500430704,0.16053309500430704,0.16053309500430704,delayed_log_2_0,mu_schedule,4,0.0,0.0,0.0,full_mu_schedule_delayed_log_2_0_rep04,94004,1035.1482174046985
silu,1,delayed_log_2_0,3,1030.3963334631198,77,31.09757113456726,100,0.15284048292445596,0.15284048292445596,0.15284048292445596,delayed_log_2_0,mu_schedule,4,0.0,0.0,0.0,full_mu_schedule_delayed_log_2_0_rep04,94004,1030.3963334631198
silu,1,delayed_log_2_0,3,1027.9744941392605,78,31.458981037139893,100,0.14542188097918074,0.14542188097918074,0.14542188097918074,delayed_log_2_0,mu_schedule,4,0.0,0.0,0.0,full_mu_schedule_delayed_log_2_0_rep04,94004,1027.9744941392605
silu,1,delayed_log_2_0,3,1023.7277542220388,79,31.76050901412964,100,0.13827340209262418,0.13827340209262418,0.13827340209262418,delayed_log_2_0,mu_schedule,4,0.0,0.0,0.0,full_mu_schedule_delayed_log_2_0_rep04,94004,1023.7277542220388
silu,1,delayed_log_2_0,3,1021.4844215065501,80,30.895352840423584,100,0.1313908351407074,0.1313908351407074,0.1313908351407074,delayed_log_2_0,mu_schedule,4,0.0,0.0,0.0,full_mu_schedule_delayed_log_2_0_rep04,94004,1021.4844215065501
silu,1,delayed_log_2_0,3,1014.0236951720569,81,31.41355299949646,100,0.12476967155595078,0.12476967155595078,0.12476967155595078,delayed_log_2_0,mu_schedule,4,0.0,0.0,0.0,full_mu_schedule_delayed_log_2_0_rep04,94004,1014.0236951720569
silu,1,delayed_log_2_0,3,1012.1087011394708,82,30.710041046142578,100,0.1184051315592157,0.1184051315592157,0.1184051315592157,delayed_log_2_0,mu_schedule,4,0.0,0.0,0.0,full_mu_schedule_delayed_log_2_0_rep04,94004,1012.1087011394708
silu,1,delayed_log_2_0,3,1007.6819175412691,83,32.76401996612549,100,0.11229218993720214,0.11229218993720214,0.11229218993720214,delayed_log_2_0,mu_schedule,4,0.0,0.0,0.0,full_mu_schedule_delayed_log_2_0_rep04,94004,1007.6819175412691
silu,1,delayed_log_2_0,3,1004.7599299852166,84,32.64906406402588,100,0.10642560129061643,0.10642560129061643,0.10642560129061643,delayed_log_2_0,mu_schedule,4,0.0,0.0,0.0,full_mu_schedule_delayed_log_2_0_rep04,94004,1004.7599299852166
silu,1,delayed_log_2_0,3,1001.3870734496802,85,31.216188192367554,100,0.1007999246840755,0.1007999246840755,0.1007999246840755,delayed_log_2_0,mu_schedule,4,0.0,0.0,0.0,full_mu_schedule_delayed_log_2_0_rep04,94004,1001.3870734496802
silu,1,delayed_log_2_0,3,999.0163038589017,86,32.945603132247925,100,0.09540954763499943,0.09540954763499943,0.09540954763499943,delayed_log_2_0,mu_schedule,4,0.0,0.0,0.0,full_mu_schedule_delayed_log_2_0_rep04,94004,999.0163038589017
silu,1,delayed_log_2_0,3,988.8467122883407,87,31.45633816719055,100,0.09024870938493183,0.09024870938493183,0.09024870938493183,delayed_log_2_0,mu_schedule,4,0.0,0.0,0.0,full_mu_schedule_delayed_log_2_0_rep04,94004,988.8467122883407
silu,1,delayed_log_2_0,3,986.0332681028361,88,33.131519079208374,100,0.08531152340287755,0.08531152340287755,0.08531152340287755,delayed_log_2_0,mu_schedule,4,0.0,0.0,0.0,full_mu_schedule_delayed_log_2_0_rep04,94004,986.0332681028361
silu,1,delayed_log_2_0,3,981.8145435180791,89,32.7881178855896,100,0.08059199907632274,0.08059199907632274,0.08059199907632274,delayed_log_2_0,mu_schedule,4,0.0,0.0,0.0,full_mu_schedule_delayed_log_2_0_rep04,94004,981.8145435180791
silu,1,delayed_log_2_0,3,973.1722734793811,90,32.3010139465332,100,0.07608406255158537,0.07608406255158537,0.07608406255158537,delayed_log_2_0,mu_schedule,4,0.0,0.0,0.0,full_mu_schedule_delayed_log_2_0_rep04,94004,973.1722734793811
silu,1,delayed_log_2_0,3,975.6788260393533,91,33.275612115859985,100,0.07178157669099011,0.07178157669099011,0.07178157669099011,delayed_log_2_0,mu_schedule,4,0.0,0.0,0.0,full_mu_schedule_delayed_log_2_0_rep04,94004,975.6788260393533
silu,1,delayed_log_2_0,3,970.1272686732478,92,32.651585817337036,100,0.06767836012005729,0.06767836012005729,0.06767836012005729,delayed_log_2_0,mu_schedule,4,0.0,0.0,0.0,full_mu_schedule_delayed_log_2_0_rep04,94004,970.1272686732478
silu,1,delayed_log_2_0,3,965.3165760637698,93,31.89591097831726,100,0.06376820534340857,0.06376820534340857,0.06376820534340857,delayed_log_2_0,mu_schedule,4,0.0,0.0,0.0,full_mu_schedule_delayed_log_2_0_rep04,94004,965.3165760637698
silu,1,delayed_log_2_0,3,960.4094398392976,94,33.68815207481384,100,0.060044895913407136,0.060044895913407136,0.060044895913407136,delayed_log_2_0,mu_schedule,4,0.0,0.0,0.0,full_mu_schedule_delayed_log_2_0_rep04,94004,960.4094398392976
silu,1,delayed_log_2_0,3,960.2785816578696,95,33.14440202713013,100,0.056502222640641864,0.056502222640641864,0.056502222640641864,delayed_log_2_0,mu_schedule,4,0.0,0.0,0.0,full_mu_schedule_delayed_log_2_0_rep04,94004,960.2785816578696
silu,1,delayed_log_2_0,3,956.1446554699455,96,32.14746117591858,100,0.05313399884022544,0.05313399884022544,0.05313399884022544,delayed_log_2_0,mu_schedule,4,0.0,0.0,0.0,full_mu_schedule_delayed_log_2_0_rep04,94004,956.1446554699455
silu,1,delayed_log_2_0,3,952.0830014544014,97,33.3369619846344,100,0.04993407461248296,0.04993407461248296,0.04993407461248296,delayed_log_2_0,mu_schedule,4,0.0,0.0,0.0,full_mu_schedule_delayed_log_2_0_rep04,94004,952.0830014544014
silu,1,delayed_log_2_0,3,947.4962973710666,98,33.43337297439575,100,0.046896350160951915,0.046896350160951915,0.046896350160951915,delayed_log_2_0,mu_schedule,4,0.0,0.0,0.0,full_mu_schedule_delayed_log_2_0_rep04,94004,947.4962973710666
silu,1,delayed_log_2_0,3,944.9418981291158,99,32.64188885688782,100,0.04401478815469319,0.04401478815469319,0.04401478815469319,delayed_log_2_0,mu_schedule,4,0.0,0.0,0.0,full_mu_schedule_delayed_log_2_0_rep04,94004,944.9418981291158
silu,1,delayed_log_2_0,3,943.4020918255409,100,33.058753967285156,100,0.041283425145706196,0.041283425145706196,0.041283425145706196,delayed_log_2_0,mu_schedule,4,0.0,0.0,0.0,full_mu_schedule_delayed_log_2_0_rep04,94004,943.4020918255409
silu,1,delayed_log_2_0,3,938.4180014303635,101,33.387574911117554,100,0.0386963820557567,0.0386963820557567,0.0386963820557567,delayed_log_2_0,mu_schedule,4,0.0,0.0,0.0,full_mu_schedule_delayed_log_2_0_rep04,94004,938.4180014303635
silu,1,delayed_log_2_0,3,933.6549293409762,102,33.06551218032837,100,0.036247873750153606,0.036247873750153606,0.036247873750153606,delayed_log_2_0,mu_schedule,4,0.0,0.0,0.0,full_mu_schedule_delayed_log_2_0_rep04,94004,933.6549293409762
silu,1,delayed_log_2_0,3,929.6614276736134,103,34.24321794509888,100,0.033932217718953314,0.033932217718953314,0.033932217718953314,delayed_log_2_0,mu_schedule,4,0.0,0.0,0.0,full_mu_schedule_delayed_log_2_0_rep04,94004,929.6614276736134
silu,1,delayed_log_2_0,3,924.6986497691681,104,34.76035213470459,100,0.031743841888724596,0.031743841888724596,0.031743841888724596,delayed_log_2_0,mu_schedule,4,0.0,0.0,0.0,full_mu_schedule_delayed_log_2_0_rep04,94004,924.6986497691681
silu,1,delayed_log_2_0,3,925.4567368644001,105,33.011492013931274,100,0.02967729159038196,0.02967729159038196,0.02967729159038196,delayed_log_2_0,mu_schedule,4,0.0,0.0,0.0,full_mu_schedule_delayed_log_2_0_rep04,94004,925.4567368644001
silu,1,delayed_log_2_0,3,925.3301226943294,106,34.89651608467102,100,0.027727235710688393,0.027727235710688393,0.027727235710688393,delayed_log_2_0,mu_schedule,4,0.0,0.0,0.0,full_mu_schedule_delayed_log_2_0_rep04,94004,925.3301226943294
silu,1,delayed_log_2_0,3,916.5608348610633,107,34.99759387969971,100,0.025888472056851863,0.025888472056851863,0.025888472056851863,delayed_log_2_0,mu_schedule,4,0.0,0.0,0.0,full_mu_schedule_delayed_log_2_0_rep04,94004,916.5608348610633
silu,1,delayed_log_2_0,3,918.1533630846512,108,35.116013050079346,100,0.024155931965195967,0.024155931965195967,0.024155931965195967,delayed_log_2_0,mu_schedule,4,0.0,0.0,0.0,full_mu_schedule_delayed_log_2_0_rep04,94004,918.1533630846512
silu,1,delayed_log_2_0,3,911.4901091164113,109,35.75243616104126,100,0.02252468418618416,0.02252468418618416,0.02252468418618416,delayed_log_2_0,mu_schedule,4,0.0,0.0,0.0,full_mu_schedule_delayed_log_2_0_rep04,94004,911.4901091164113
silu,1,delayed_log_2_0,3,914.7269743288277,110,35.80612897872925,100,0.020989938079130233,0.020989938079130233,0.020989938079130233,delayed_log_2_0,mu_schedule,4,0.0,0.0,0.0,full_mu_schedule_delayed_log_2_0_rep04,94004,914.7269743288277
silu,1,delayed_log_2_0,3,917.9260902950787,111,34.879936933517456,100,0.019547046150741564,0.019547046150741564,0.019547046150741564,delayed_log_2_0,mu_schedule,4,0.0,0.0,0.0,full_mu_schedule_delayed_log_2_0_rep04,94004,917.9260902950787
silu,1,delayed_log_2_0,3,917.9271270509635,112,35.90147686004639,100,0.018191505972230636,0.018191505972230636,0.018191505972230636,delayed_log_2_0,mu_schedule,4,0.0,0.0,0.0,full_mu_schedule_delayed_log_2_0_rep04,94004,917.9271270509635
silu,1,delayed_log_2_0,3,901.5914255579705,113,34.975688219070435,100,0.01691896151010512,0.01691896151010512,0.01691896151010512,delayed_log_2_0,mu_schedule,4,0.0,0.0,0.0,full_mu_schedule_delayed_log_2_0_rep04,94004,901.5914255579705
silu,1,delayed_log_2_0,3,907.3778025342879,114,33.42962598800659,100,0.01572520390591971,0.01572520390591971,0.01572520390591971,delayed_log_2_0,mu_schedule,4,0.0,0.0,0.0,full_mu_schedule_delayed_log_2_0_rep04,94004,907.3778025342879
silu,1,delayed_log_2_0,3,899.419308052853,115,34.91270208358765,100,0.01460617174025661,0.01460617174025661,0.01460617174025661,delayed_log_2_0,mu_schedule,4,0.0,0.0,0.0,full_mu_schedule_delayed_log_2_0_rep04,94004,899.419308052853
silu,1,delayed_log_2_0,3,901.325467188605,116,34.73627686500549,100,0.01355795081601026,0.01355795081601026,0.01355795081601026,delayed_log_2_0,mu_schedule,4,0.0,0.0,0.0,full_mu_schedule_delayed_log_2_0_rep04,94004,901.325467188605
silu,1,delayed_log_2_0,3,899.9731387766022,117,34.62472200393677,100,0.012576773495696688,0.012576773495696688,0.012576773495696688,delayed_log_2_0,mu_schedule,4,0.0,0.0,0.0,full_mu_schedule_delayed_log_2_0_rep04,94004,899.9731387766022
silu,1,delayed_log_2_0,3,894.7800220858086,118,33.77393889427185,100,0.011659017627005861,0.011659017627005861,0.011659017627005861,delayed_log_2_0,mu_schedule,4,0.0,0.0,0.0,full_mu_schedule_delayed_log_2_0_rep04,94004,894.7800220858086
silu,1,delayed_log_2_0,3,890.9108014917798,119,36.22325301170349,100,0.010801205090174919,0.010801205090174919,0.010801205090174919,delayed_log_2_0,mu_schedule,4,0.0,0.0,0.0,full_mu_schedule_delayed_log_2_0_rep04,94004,890.9108014917798
silu,1,delayed_log_2_0,3,895.3479421141806,120,35.55216383934021,100,0.010000000000000004,0.010000000000000004,0.010000000000000004,delayed_log_2_0,mu_schedule,4,0.0,0.0,0.0,full_mu_schedule_delayed_log_2_0_rep04,94004,895.3479421141806
silu,1,delayed_log_2_0,3,866.2871129511418,121,32.26886820793152,100,0.010000000000000004,0.010000000000000004,0.0,delayed_log_2_0,mu_schedule,4,0.0,0.0,0.0,full_mu_schedule_delayed_log_2_0_rep04,94004,866.2871129511418
silu,1,delayed_log_2_0,3,869.6183578226642,122,29.37999987602234,100,0.010000000000000004,0.010000000000000004,0.0,delayed_log_2_0,mu_schedule,4,0.0,0.0,0.0,full_mu_schedule_delayed_log_2_0_rep04,94004,869.6183578226642
silu,1,delayed_log_2_0,3,873.6185920101839,123,29.715654850006104,100,0.010000000000000004,0.010000000000000004,0.0,delayed_log_2_0,mu_schedule,4,0.0,0.0,0.0,full_mu_schedule_delayed_log_2_0_rep04,94004,873.6185920101839
silu,1,delayed_log_2_0,3,872.2949769445628,124,29.73637294769287,100,0.010000000000000004,0.010000000000000004,0.0,delayed_log_2_0,mu_schedule,4,0.0,0.0,0.0,full_mu_schedule_delayed_log_2_0_rep04,94004,872.2949769445628
silu,1,delayed_log_2_0,3,871.3395418965384,125,26.837769031524658,100,0.010000000000000004,0.010000000000000004,0.0,delayed_log_2_0,mu_schedule,4,0.0,0.0,0.0,full_mu_schedule_delayed_log_2_0_rep04,94004,871.3395418965384
silu,1,delayed_log_2_0,3,865.887427428192,126,30.150207996368408,100,0.010000000000000004,0.010000000000000004,0.0,delayed_log_2_0,mu_schedule,4,0.0,0.0,0.0,full_mu_schedule_delayed_log_2_0_rep04,94004,865.887427428192
silu,1,delayed_log_2_0,3,883.7519578576356,127,30.36695909500122,100,0.010000000000000004,0.010000000000000004,0.0,delayed_log_2_0,mu_schedule,4,0.0,0.0,0.0,full_mu_schedule_delayed_log_2_0_rep04,94004,883.7519578576356
silu,1,delayed_log_2_0,3,865.9739584307525,128,28.580918073654175,100,0.010000000000000004,0.010000000000000004,0.0,delayed_log_2_0,mu_schedule,4,0.0,0.0,0.0,full_mu_schedule_delayed_log_2_0_rep04,94004,865.9739584307525
silu,1,delayed_log_2_0,3,870.0078920108217,129,29.799293994903564,100,0.010000000000000004,0.010000000000000004,0.0,delayed_log_2_0,mu_schedule,4,0.0,0.0,0.0,full_mu_schedule_delayed_log_2_0_rep04,94004,870.0078920108217
silu,1,delayed_log_2_0,3,866.4353737617488,130,30.80870485305786,100,0.010000000000000004,0.010000000000000004,0.0,delayed_log_2_0,mu_schedule,4,0.0,0.0,0.0,full_mu_schedule_delayed_log_2_0_rep04,94004,866.4353737617488
silu,1,delayed_log_2_0,3,1943.2555686955977,1,103.68221306800842,100,1.0,1.0,1.0,delayed_log_2_0,mu_schedule,5,0.0,0.0,0.0,full_mu_schedule_delayed_log_2_0_rep05,94005,1943.2555686955977
silu,1,delayed_log_2_0,3,999.2113395541826,2,31.450796127319336,100,0.9996748519550619,0.9996748519550619,0.9996748519550619,delayed_log_2_0,mu_schedule,5,0.0,0.0,0.0,full_mu_schedule_delayed_log_2_0_rep05,94005,999.2113395541826
silu,1,delayed_log_2_0,3,971.3913697148553,3,31.085930109024048,100,0.9987000420102654,0.9987000420102654,0.9987000420102654,delayed_log_2_0,mu_schedule,5,0.0,0.0,0.0,full_mu_schedule_delayed_log_2_0_rep05,94005,971.3913697148553
silu,1,delayed_log_2_0,3,966.3701465758353,4,31.994313955307007,100,0.9970774706745008,0.9970774706745008,0.9970774706745008,delayed_log_2_0,mu_schedule,5,0.0,0.0,0.0,full_mu_schedule_delayed_log_2_0_rep05,94005,966.3701465758353
silu,1,delayed_log_2_0,3,963.8881630758065,5,30.952174186706543,100,0.9948102986014197,0.9948102986014197,0.9948102986014197,delayed_log_2_0,mu_schedule,5,0.0,0.0,0.0,full_mu_schedule_delayed_log_2_0_rep05,94005,963.8881630758065
silu,1,delayed_log_2_0,3,962.5988493199802,6,31.64289903640747,100,0.9919029363304483,0.9919029363304483,0.9919029363304483,delayed_log_2_0,mu_schedule,5,0.0,0.0,0.0,full_mu_schedule_delayed_log_2_0_rep05,94005,962.5988493199802
silu,1,delayed_log_2_0,3,961.5943343134328,7,32.84816098213196,100,0.9883610299895366,0.9883610299895366,0.9883610299895366,delayed_log_2_0,mu_schedule,5,0.0,0.0,0.0,full_mu_schedule_delayed_log_2_0_rep05,94005,961.5943343134328
silu,1,delayed_log_2_0,3,961.0608848925002,8,31.586183071136475,100,0.9841914430245098,0.9841914430245098,0.9841914430245098,delayed_log_2_0,mu_schedule,5,0.0,0.0,0.0,full_mu_schedule_delayed_log_2_0_rep05,94005,961.0608848925002
silu,1,delayed_log_2_0,3,961.2182908963316,9,31.815753936767578,100,0.97940223403778,0.97940223403778,0.97940223403778,delayed_log_2_0,mu_schedule,5,0.0,0.0,0.0,full_mu_schedule_delayed_log_2_0_rep05,94005,961.2182908963316
silu,1,delayed_log_2_0,3,961.937222629003,10,31.75929594039917,100,0.9740026308365713,0.9740026308365713,0.9740026308365713,delayed_log_2_0,mu_schedule,5,0.0,0.0,0.0,full_mu_schedule_delayed_log_2_0_rep05,94005,961.937222629003
silu,1,delayed_log_2_0,3,965.0834973632826,11,32.46952795982361,100,0.9680030008076335,0.9680030008076335,0.9680030008076335,delayed_log_2_0,mu_schedule,5,0.0,0.0,0.0,full_mu_schedule_delayed_log_2_0_rep05,94005,965.0834973632826
silu,1,delayed_log_2_0,3,967.0217816922172,12,32.303759813308716,100,0.9614148177515623,0.9614148177515623,0.9614148177515623,delayed_log_2_0,mu_schedule,5,0.0,0.0,0.0,full_mu_schedule_delayed_log_2_0_rep05,94005,967.0217816922172
silu,1,delayed_log_2_0,3,968.7535637355899,13,31.24679207801819,100,0.9542506253252185,0.9542506253252185,0.9542506253252185,delayed_log_2_0,mu_schedule,5,0.0,0.0,0.0,full_mu_schedule_delayed_log_2_0_rep05,94005,968.7535637355899
silu,1,delayed_log_2_0,3,970.861796724728,14,32.533851146698,100,0.9465239972552507,0.9465239972552507,0.9465239972552507,delayed_log_2_0,mu_schedule,5,0.0,0.0,0.0,full_mu_schedule_delayed_log_2_0_rep05,94005,970.861796724728
silu,1,delayed_log_2_0,3,973.2019047909579,15,31.109804153442383,100,0.938249494499322,0.938249494499322,0.938249494499322,delayed_log_2_0,mu_schedule,5,0.0,0.0,0.0,full_mu_schedule_delayed_log_2_0_rep05,94005,973.2019047909579
silu,1,delayed_log_2_0,3,975.7773001026428,16,31.112941026687622,100,0.9294426195442062,0.9294426195442062,0.9294426195442062,delayed_log_2_0,mu_schedule,5,0.0,0.0,0.0,full_mu_schedule_delayed_log_2_0_rep05,94005,975.7773001026428
silu,1,delayed_log_2_0,3,978.5837487675116,17,32.019288063049316,100,0.920119768041432,0.920119768041432,0.920119768041432,delayed_log_2_0,mu_schedule,5,0.0,0.0,0.0,full_mu_schedule_delayed_log_2_0_rep05,94005,978.5837487675116
silu,1,delayed_log_2_0,3,981.5874653136509,18,31.41401481628418,100,0.9102981779915219,0.9102981779915219,0.9102981779915219,delayed_log_2_0,mu_schedule,5,0.0,0.0,0.0,full_mu_schedule_delayed_log_2_0_rep05,94005,981.5874653136509
silu,1,delayed_log_2_0,3,984.8309864147976,19,32.14311504364014,100,0.8999958766970595,0.8999958766970595,0.8999958766970595,delayed_log_2_0,mu_schedule,5,0.0,0.0,0.0,full_mu_schedule_delayed_log_2_0_rep05,94005,984.8309864147976
silu,1,delayed_log_2_0,3,988.2138645445768,20,31.362979888916016,100,0.8892316257127867,0.8892316257127867,0.8892316257127867,delayed_log_2_0,mu_schedule,5,0.0,0.0,0.0,full_mu_schedule_delayed_log_2_0_rep05,94005,988.2138645445768
silu,1,delayed_log_2_0,3,991.8038764861476,21,30.402656078338623,100,0.8780248640276315,0.8780248640276315,0.8780248640276315,delayed_log_2_0,mu_schedule,5,0.0,0.0,0.0,full_mu_schedule_delayed_log_2_0_rep05,94005,991.8038764861476
silu,1,delayed_log_2_0,3,995.5410055127472,22,31.89895796775818,100,0.8663956497189845,0.8663956497189845,0.8663956497189845,delayed_log_2_0,mu_schedule,5,0.0,0.0,0.0,full_mu_schedule_delayed_log_2_0_rep05,94005,995.5410055127472
silu,1,delayed_log_2_0,3,999.4116156309003,23,30.942291975021362,100,0.8543646003236588,0.8543646003236588,0.8543646003236588,delayed_log_2_0,mu_schedule,5,0.0,0.0,0.0,full_mu_schedule_delayed_log_2_0_rep05,94005,999.4116156309003
silu,1,delayed_log_2_0,3,1003.3523650759141,24,31.870617866516113,100,0.841952832172763,0.841952832172763,0.841952832172763,delayed_log_2_0,mu_schedule,5,0.0,0.0,0.0,full_mu_schedule_delayed_log_2_0_rep05,94005,1003.3523650759141
silu,1,delayed_log_2_0,3,1007.3738708878263,25,31.765526056289673,100,0.8291818989392129,0.8291818989392129,0.8291818989392129,delayed_log_2_0,mu_schedule,5,0.0,0.0,0.0,full_mu_schedule_delayed_log_2_0_rep05,94005,1007.3738708878263
silu,1,delayed_log_2_0,3,1011.4528329011997,26,31.08082604408264,100,0.8160737296467871,0.8160737296467871,0.8160737296467871,delayed_log_2_0,mu_schedule,5,0.0,0.0,0.0,full_mu_schedule_delayed_log_2_0_rep05,94005,1011.4528329011997
silu,1,delayed_log_2_0,3,1015.6089205225041,27,31.97425389289856,100,0.8026505663885299,0.8026505663885299,0.8026505663885299,delayed_log_2_0,mu_schedule,5,0.0,0.0,0.0,full_mu_schedule_delayed_log_2_0_rep05,94005,1015.6089205225041
silu,1,delayed_log_2_0,3,1019.7432636778902,28,31.049349069595337,100,0.7889349019999411,0.7889349019999411,0.7889349019999411,delayed_log_2_0,mu_schedule,5,0.0,0.0,0.0,full_mu_schedule_delayed_log_2_0_rep05,94005,1019.7432636778902
silu,1,delayed_log_2_0,3,1024.074169712352,29,31.210731029510498,100,0.7749494179287948,0.7749494179287948,0.7749494179287948,delayed_log_2_0,mu_schedule,5,0.0,0.0,0.0,full_mu_schedule_delayed_log_2_0_rep05,94005,1024.074169712352
silu,1,delayed_log_2_0,3,1028.2332587579297,30,31.863712787628174,100,0.7607169225386429,0.7607169225386429,0.7607169225386429,delayed_log_2_0,mu_schedule,5,0.0,0.0,0.0,full_mu_schedule_delayed_log_2_0_rep05,94005,1028.2332587579297
silu,1,delayed_log_2_0,3,1032.2060039879266,31,31.6523699760437,100,0.7462602900771296,0.7462602900771296,0.7462602900771296,delayed_log_2_0,mu_schedule,5,0.0,0.0,0.0,full_mu_schedule_delayed_log_2_0_rep05,94005,1032.2060039879266
silu,1,delayed_log_2_0,3,1036.116523822635,32,31.78190588951111,100,0.731602400533224,0.731602400533224,0.731602400533224,delayed_log_2_0,mu_schedule,5,0.0,0.0,0.0,full_mu_schedule_delayed_log_2_0_rep05,94005,1036.116523822635
silu,1,delayed_log_2_0,3,1040.2144137719251,33,32.480753898620605,100,0.7167660805994273,0.7167660805994273,0.7167660805994273,delayed_log_2_0,mu_schedule,5,0.0,0.0,0.0,full_mu_schedule_delayed_log_2_0_rep05,94005,1040.2144137719251
silu,1,delayed_log_2_0,3,1044.3354940161778,34,30.62950611114502,100,0.7017740459459934,0.7017740459459934,0.7017740459459934,delayed_log_2_0,mu_schedule,5,0.0,0.0,0.0,full_mu_schedule_delayed_log_2_0_rep05,94005,1044.3354940161778
silu,1,delayed_log_2_0,3,1048.2802533709967,35,32.024033069610596,100,0.6866488450043001,0.6866488450043001,0.6866488450043001,delayed_log_2_0,mu_schedule,5,0.0,0.0,0.0,full_mu_schedule_delayed_log_2_0_rep05,94005,1048.2802533709967
silu,1,delayed_log_2_0,3,1051.9771564700845,36,30.74165391921997,100,0.671412804445767,0.671412804445767,0.671412804445767,delayed_log_2_0,mu_schedule,5,0.0,0.0,0.0,full_mu_schedule_delayed_log_2_0_rep05,94005,1051.9771564700845
silu,1,delayed_log_2_0,3,1055.4167156454325,37,33.51630711555481,100,0.6560879765312531,0.6560879765312531,0.6560879765312531,delayed_log_2_0,mu_schedule,5,0.0,0.0,0.0,full_mu_schedule_delayed_log_2_0_rep05,94005,1055.4167156454325
silu,1,delayed_log_2_0,3,1058.4633393622119,38,31.600451946258545,100,0.6406960884937318,0.6406960884937318,0.6406960884937318,delayed_log_2_0,mu_schedule,5,0.0,0.0,0.0,full_mu_schedule_delayed_log_2_0_rep05,94005,1058.4633393622119
silu,1,delayed_log_2_0,3,1061.3223518992484,39,30.493820905685425,100,0.6252584941043363,0.6252584941043363,0.6252584941043363,delayed_log_2_0,mu_schedule,5,0.0,0.0,0.0,full_mu_schedule_delayed_log_2_0_rep05,94005,1061.3223518992484
silu,1,delayed_log_2_0,3,1064.0026414888866,40,31.746450185775757,100,0.6097961275586654,0.6097961275586654,0.6097961275586654,delayed_log_2_0,mu_schedule,5,0.0,0.0,0.0,full_mu_schedule_delayed_log_2_0_rep05,94005,1064.0026414888866
silu,1,delayed_log_2_0,3,1066.531016199925,41,30.626895904541016,100,0.59432945980665,0.59432945980665,0.59432945980665,delayed_log_2_0,mu_schedule,5,0.0,0.0,0.0,full_mu_schedule_delayed_log_2_0_rep05,94005,1066.531016199925
silu,1,delayed_log_2_0,3,1068.7790666421336,42,31.455010890960693,100,0.5788784574353554,0.5788784574353554,0.5788784574353554,delayed_log_2_0,mu_schedule,5,0.0,0.0,0.0,full_mu_schedule_delayed_log_2_0_rep05,94005,1068.7790666421336
silu,1,delayed_log_2_0,3,1070.5069461137991,43,30.88450312614441,100,0.5634625441999642,0.5634625441999642,0.5634625441999642,delayed_log_2_0,mu_schedule,5,0.0,0.0,0.0,full_mu_schedule_delayed_log_2_0_rep05,94005,1070.5069461137991
silu,1,delayed_log_2_0,3,1072.6845220503958,44,31.938286066055298,100,0.5481005652838976,0.5481005652838976,0.5481005652838976,delayed_log_2_0,mu_schedule,5,0.0,0.0,0.0,full_mu_schedule_delayed_log_2_0_rep05,94005,1072.6845220503958
silu,1,delayed_log_2_0,3,1075.1490698204989,45,31.981631994247437,100,0.5328107543547015,0.5328107543547015,0.5328107543547015,delayed_log_2_0,mu_schedule,5,0.0,0.0,0.0,full_mu_schedule_delayed_log_2_0_rep05,94005,1075.1490698204989
silu,1,delayed_log_2_0,3,1077.335874050518,46,30.57493305206299,100,0.5176107034680238,0.5176107034680238,0.5176107034680238,delayed_log_2_0,mu_schedule,5,0.0,0.0,0.0,full_mu_schedule_delayed_log_2_0_rep05,94005,1077.335874050518
silu,1,delayed_log_2_0,3,1079.4363975143228,47,32.62185001373291,100,0.5025173358578133,0.5025173358578133,0.5025173358578133,delayed_log_2_0,mu_schedule,5,0.0,0.0,0.0,full_mu_schedule_delayed_log_2_0_rep05,94005,1079.4363975143228
silu,1,delayed_log_2_0,3,1081.4113329401373,48,30.978525161743164,100,0.4875468816368776,0.4875468816368776,0.4875468816368776,delayed_log_2_0,mu_schedule,5,0.0,0.0,0.0,full_mu_schedule_delayed_log_2_0_rep05,94005,1081.4113329401373
silu,1,delayed_log_2_0,3,1083.2068793610688,49,31.69536781311035,100,0.47271485641819844,0.47271485641819844,0.47271485641819844,delayed_log_2_0,mu_schedule,5,0.0,0.0,0.0,full_mu_schedule_delayed_log_2_0_rep05,94005,1083.2068793610688
silu,1,delayed_log_2_0,3,1084.8312509983052,50,33.01708793640137,100,0.45803604285401567,0.45803604285401567,0.45803604285401567,delayed_log_2_0,mu_schedule,5,0.0,0.0,0.0,full_mu_schedule_delayed_log_2_0_rep05,94005,1084.8312509983052
silu,1,delayed_log_2_0,3,1086.240439758935,51,30.920233011245728,100,0.44352447507669435,0.44352447507669435,0.44352447507669435,delayed_log_2_0,mu_schedule,5,0.0,0.0,0.0,full_mu_schedule_delayed_log_2_0_rep05,94005,1086.240439758935
silu,1,delayed_log_2_0,3,1087.3199114119493,52,32.42214107513428,100,0.4291934260128779,0.4291934260128779,0.4291934260128779,delayed_log_2_0,mu_schedule,5,0.0,0.0,0.0,full_mu_schedule_delayed_log_2_0_rep05,94005,1087.3199114119493
silu,1,delayed_log_2_0,3,1087.9836251080833,53,30.538830041885376,100,0.41505539753043,0.41505539753043,0.41505539753043,delayed_log_2_0,mu_schedule,5,0.0,0.0,0.0,full_mu_schedule_delayed_log_2_0_rep05,94005,1087.9836251080833
silu,1,delayed_log_2_0,3,1089.3688737506795,54,31.504565954208374,100,0.401122113366259,0.401122113366259,0.401122113366259,delayed_log_2_0,mu_schedule,5,0.0,0.0,0.0,full_mu_schedule_delayed_log_2_0_rep05,94005,1089.3688737506795
silu,1,delayed_log_2_0,3,1088.3377159749225,55,32.318686962127686,100,0.38740451477232746,0.38740451477232746,0.38740451477232746,delayed_log_2_0,mu_schedule,5,0.0,0.0,0.0,full_mu_schedule_delayed_log_2_0_rep05,94005,1088.3377159749225
silu,1,delayed_log_2_0,3,1090.1519611230178,56,33.03703689575195,100,0.3739127588070357,0.3739127588070357,0.3739127588070357,delayed_log_2_0,mu_schedule,5,0.0,0.0,0.0,full_mu_schedule_delayed_log_2_0_rep05,94005,1090.1519611230178
silu,1,delayed_log_2_0,3,1087.9168692832545,57,32.47632384300232,100,0.36065621918975405,0.36065621918975405,0.36065621918975405,delayed_log_2_0,mu_schedule,5,0.0,0.0,0.0,full_mu_schedule_delayed_log_2_0_rep05,94005,1087.9168692832545
silu,1,delayed_log_2_0,3,1088.6937708973578,58,31.711328983306885,100,0.3476434896276,0.3476434896276,0.3476434896276,delayed_log_2_0,mu_schedule,5,0.0,0.0,0.0,full_mu_schedule_delayed_log_2_0_rep05,94005,1088.6937708973578
silu,1,delayed_log_2_0,3,1088.0439968326398,59,31.141337871551514,100,0.3348823895156454,0.3348823895156454,0.3348823895156454,delayed_log_2_0,mu_schedule,5,0.0,0.0,0.0,full_mu_schedule_delayed_log_2_0_rep05,94005,1088.0439968326398
silu,1,delayed_log_2_0,3,1086.5830850855664,60,31.60657501220703,100,0.32237997190459977,0.32237997190459977,0.32237997190459977,delayed_log_2_0,mu_schedule,5,0.0,0.0,0.0,full_mu_schedule_delayed_log_2_0_rep05,94005,1086.5830850855664
silu,1,delayed_log_2_0,3,1084.2930524640033,61,30.86111307144165,100,0.3101425336236777,0.3101425336236777,0.3101425336236777,delayed_log_2_0,mu_schedule,5,0.0,0.0,0.0,full_mu_schedule_delayed_log_2_0_rep05,94005,1084.2930524640033
silu,1,delayed_log_2_0,3,1082.6054602463173,62,31.420586109161377,100,0.29817562744081594,0.29817562744081594,0.29817562744081594,delayed_log_2_0,mu_schedule,5,0.0,0.0,0.0,full_mu_schedule_delayed_log_2_0_rep05,94005,1082.6054602463173
silu,1,delayed_log_2_0,3,1080.5630326697947,63,32.35841703414917,100,0.28648407613767307,0.28648407613767307,0.28648407613767307,delayed_log_2_0,mu_schedule,5,0.0,0.0,0.0,full_mu_schedule_delayed_log_2_0_rep05,94005,1080.5630326697947
silu,1,delayed_log_2_0,3,1078.6238877963024,64,31.210284948349,100,0.27507198837291136,0.27507198837291136,0.27507198837291136,delayed_log_2_0,mu_schedule,5,0.0,0.0,0.0,full_mu_schedule_delayed_log_2_0_rep05,94005,1078.6238877963024
silu,1,delayed_log_2_0,3,1076.162358385881,65,31.600178956985474,100,0.26394277620411905,0.26394277620411905,0.26394277620411905,delayed_log_2_0,mu_schedule,5,0.0,0.0,0.0,full_mu_schedule_delayed_log_2_0_rep05,94005,1076.162358385881
silu,1,delayed_log_2_0,3,1077.2570190520858,66,31.916440963745117,100,0.2530991741363788,0.2530991741363788,0.2530991741363788,delayed_log_2_0,mu_schedule,5,0.0,0.0,0.0,full_mu_schedule_delayed_log_2_0_rep05,94005,1077.2570190520858
silu,1,delayed_log_2_0,3,1073.3525964083158,67,30.63103485107422,100,0.24254325956389286,0.24254325956389286,0.24254325956389286,delayed_log_2_0,mu_schedule,5,0.0,0.0,0.0,full_mu_schedule_delayed_log_2_0_rep05,94005,1073.3525964083158
silu,1,delayed_log_2_0,3,1069.2147927842068,68,32.270450830459595,100,0.23227647447022887,0.23227647447022887,0.23227647447022887,delayed_log_2_0,mu_schedule,5,0.0,0.0,0.0,full_mu_schedule_delayed_log_2_0_rep05,94005,1069.2147927842068
silu,1,delayed_log_2_0,3,1074.6584072120984,69,30.983487129211426,100,0.22229964825261955,0.22229964825261955,0.22229964825261955,delayed_log_2_0,mu_schedule,5,0.0,0.0,0.0,full_mu_schedule_delayed_log_2_0_rep05,94005,1074.6584072120984
silu,1,delayed_log_2_0,3,1069.5132060432577,70,32.0412859916687,100,0.21261302153631445,0.21261302153631445,0.21261302153631445,delayed_log_2_0,mu_schedule,5,0.0,0.0,0.0,full_mu_schedule_delayed_log_2_0_rep05,94005,1069.5132060432577
silu,1,delayed_log_2_0,3,1060.398266151453,71,32.15282416343689,100,0.20321627084619878,0.20321627084619878,0.20321627084619878,delayed_log_2_0,mu_schedule,5,0.0,0.0,0.0,full_mu_schedule_delayed_log_2_0_rep05,94005,1060.398266151453
silu,1,delayed_log_2_0,3,1064.9583736105978,72,30.418423891067505,100,0.1941085340047378,0.1941085340047378,0.1941085340047378,delayed_log_2_0,mu_schedule,5,0.0,0.0,0.0,full_mu_schedule_delayed_log_2_0_rep05,94005,1064.9583736105978
silu,1,delayed_log_2_0,3,1053.326175549087,73,32.36314797401428,100,0.18528843612773901,0.18528843612773901,0.18528843612773901,delayed_log_2_0,mu_schedule,5,0.0,0.0,0.0,full_mu_schedule_delayed_log_2_0_rep05,94005,1053.326175549087
silu,1,delayed_log_2_0,3,1050.6330508850954,74,30.402360916137695,100,0.17675411609240033,0.17675411609240033,0.17675411609240033,delayed_log_2_0,mu_schedule,5,0.0,0.0,0.0,full_mu_schedule_delayed_log_2_0_rep05,94005,1050.6330508850954
silu,1,delayed_log_2_0,3,1044.68712516089,75,33.24222803115845,100,0.16850325335559654,0.16850325335559654,0.16850325335559654,delayed_log_2_0,mu_schedule,5,0.0,0.0,0.0,full_mu_schedule_delayed_log_2_0_rep05,94005,1044.68712516089
silu,1,delayed_log_2_0,3,1049.9389026755714,76,33.18405199050903,100,0.16053309500430704,0.16053309500430704,0.16053309500430704,delayed_log_2_0,mu_schedule,5,0.0,0.0,0.0,full_mu_schedule_delayed_log_2_0_rep05,94005,1049.9389026755714
silu,1,delayed_log_2_0,3,1043.9302641371564,77,30.387529134750366,100,0.15284048292445596,0.15284048292445596,0.15284048292445596,delayed_log_2_0,mu_schedule,5,0.0,0.0,0.0,full_mu_schedule_delayed_log_2_0_rep05,94005,1043.9302641371564
silu,1,delayed_log_2_0,3,1038.57918041223,78,33.102153062820435,100,0.14542188097918074,0.14542188097918074,0.14542188097918074,delayed_log_2_0,mu_schedule,5,0.0,0.0,0.0,full_mu_schedule_delayed_log_2_0_rep05,94005,1038.57918041223
silu,1,delayed_log_2_0,3,1037.1197017783866,79,31.62447714805603,100,0.13827340209262418,0.13827340209262418,0.13827340209262418,delayed_log_2_0,mu_schedule,5,0.0,0.0,0.0,full_mu_schedule_delayed_log_2_0_rep05,94005,1037.1197017783866
silu,1,delayed_log_2_0,3,1033.6790106009025,80,31.62794303894043,100,0.1313908351407074,0.1313908351407074,0.1313908351407074,delayed_log_2_0,mu_schedule,5,0.0,0.0,0.0,full_mu_schedule_delayed_log_2_0_rep05,94005,1033.6790106009025
silu,1,delayed_log_2_0,3,1022.6864465843514,81,33.665581941604614,100,0.12476967155595078,0.12476967155595078,0.12476967155595078,delayed_log_2_0,mu_schedule,5,0.0,0.0,0.0,full_mu_schedule_delayed_log_2_0_rep05,94005,1022.6864465843514
silu,1,delayed_log_2_0,3,1025.7527223193892,82,31.537912130355835,100,0.1184051315592157,0.1184051315592157,0.1184051315592157,delayed_log_2_0,mu_schedule,5,0.0,0.0,0.0,full_mu_schedule_delayed_log_2_0_rep05,94005,1025.7527223193892
silu,1,delayed_log_2_0,3,1020.7221424245465,83,32.84237194061279,100,0.11229218993720214,0.11229218993720214,0.11229218993720214,delayed_log_2_0,mu_schedule,5,0.0,0.0,0.0,full_mu_schedule_delayed_log_2_0_rep05,94005,1020.7221424245465
silu,1,delayed_log_2_0,3,1014.13081712443,84,33.88699293136597,100,0.10642560129061643,0.10642560129061643,0.10642560129061643,delayed_log_2_0,mu_schedule,5,0.0,0.0,0.0,full_mu_schedule_delayed_log_2_0_rep05,94005,1014.13081712443
silu,1,delayed_log_2_0,3,1010.3918135177962,85,32.309563875198364,100,0.1007999246840755,0.1007999246840755,0.1007999246840755,delayed_log_2_0,mu_schedule,5,0.0,0.0,0.0,full_mu_schedule_delayed_log_2_0_rep05,94005,1010.3918135177962
silu,1,delayed_log_2_0,3,1005.3617594446442,86,33.59423518180847,100,0.09540954763499943,0.09540954763499943,0.09540954763499943,delayed_log_2_0,mu_schedule,5,0.0,0.0,0.0,full_mu_schedule_delayed_log_2_0_rep05,94005,1005.3617594446442
silu,1,delayed_log_2_0,3,1010.025351825415,87,33.00884199142456,100,0.09024870938493183,0.09024870938493183,0.09024870938493183,delayed_log_2_0,mu_schedule,5,0.0,0.0,0.0,full_mu_schedule_delayed_log_2_0_rep05,94005,1010.025351825415
silu,1,delayed_log_2_0,3,1006.3476825450667,88,32.62246799468994,100,0.08531152340287755,0.08531152340287755,0.08531152340287755,delayed_log_2_0,mu_schedule,5,0.0,0.0,0.0,full_mu_schedule_delayed_log_2_0_rep05,94005,1006.3476825450667
silu,1,delayed_log_2_0,3,1000.3857981972058,89,33.23814082145691,100,0.08059199907632274,0.08059199907632274,0.08059199907632274,delayed_log_2_0,mu_schedule,5,0.0,0.0,0.0,full_mu_schedule_delayed_log_2_0_rep05,94005,1000.3857981972058
silu,1,delayed_log_2_0,3,996.4802715469606,90,34.245376110076904,100,0.07608406255158537,0.07608406255158537,0.07608406255158537,delayed_log_2_0,mu_schedule,5,0.0,0.0,0.0,full_mu_schedule_delayed_log_2_0_rep05,94005,996.4802715469606
silu,1,delayed_log_2_0,3,994.4347098824043,91,32.3608660697937,100,0.07178157669099011,0.07178157669099011,0.07178157669099011,delayed_log_2_0,mu_schedule,5,0.0,0.0,0.0,full_mu_schedule_delayed_log_2_0_rep05,94005,994.4347098824043
silu,1,delayed_log_2_0,3,989.2099583678335,92,33.80186414718628,100,0.06767836012005729,0.06767836012005729,0.06767836012005729,delayed_log_2_0,mu_schedule,5,0.0,0.0,0.0,full_mu_schedule_delayed_log_2_0_rep05,94005,989.2099583678335
silu,1,delayed_log_2_0,3,987.6363077408264,93,34.0459680557251,100,0.06376820534340857,0.06376820534340857,0.06376820534340857,delayed_log_2_0,mu_schedule,5,0.0,0.0,0.0,full_mu_schedule_delayed_log_2_0_rep05,94005,987.6363077408264
silu,1,delayed_log_2_0,3,987.8494261733005,94,32.70672297477722,100,0.060044895913407136,0.060044895913407136,0.060044895913407136,delayed_log_2_0,mu_schedule,5,0.0,0.0,0.0,full_mu_schedule_delayed_log_2_0_rep05,94005,987.8494261733005
silu,1,delayed_log_2_0,3,986.2453050332927,95,33.697211027145386,100,0.056502222640641864,0.056502222640641864,0.056502222640641864,delayed_log_2_0,mu_schedule,5,0.0,0.0,0.0,full_mu_schedule_delayed_log_2_0_rep05,94005,986.2453050332927
silu,1,delayed_log_2_0,3,982.1765750996268,96,33.75743293762207,100,0.05313399884022544,0.05313399884022544,0.05313399884022544,delayed_log_2_0,mu_schedule,5,0.0,0.0,0.0,full_mu_schedule_delayed_log_2_0_rep05,94005,982.1765750996268
silu,1,delayed_log_2_0,3,992.0310906706113,97,32.189980030059814,100,0.04993407461248296,0.04993407461248296,0.04993407461248296,delayed_log_2_0,mu_schedule,5,0.0,0.0,0.0,full_mu_schedule_delayed_log_2_0_rep05,94005,992.0310906706113
silu,1,delayed_log_2_0,3,979.5096011601421,98,33.812679052352905,100,0.046896350160951915,0.046896350160951915,0.046896350160951915,delayed_log_2_0,mu_schedule,5,0.0,0.0,0.0,full_mu_schedule_delayed_log_2_0_rep05,94005,979.5096011601421
silu,1,delayed_log_2_0,3,980.9560451045759,99,33.835572957992554,100,0.04401478815469319,0.04401478815469319,0.04401478815469319,delayed_log_2_0,mu_schedule,5,0.0,0.0,0.0,full_mu_schedule_delayed_log_2_0_rep05,94005,980.9560451045759
silu,1,delayed_log_2_0,3,975.0728135556813,100,33.14848709106445,100,0.041283425145706196,0.041283425145706196,0.041283425145706196,delayed_log_2_0,mu_schedule,5,0.0,0.0,0.0,full_mu_schedule_delayed_log_2_0_rep05,94005,975.0728135556813
silu,1,delayed_log_2_0,3,976.5893620471129,101,33.38390493392944,100,0.0386963820557567,0.0386963820557567,0.0386963820557567,delayed_log_2_0,mu_schedule,5,0.0,0.0,0.0,full_mu_schedule_delayed_log_2_0_rep05,94005,976.5893620471129
silu,1,delayed_log_2_0,3,978.8560690265548,102,34.70846104621887,100,0.036247873750153606,0.036247873750153606,0.036247873750153606,delayed_log_2_0,mu_schedule,5,0.0,0.0,0.0,full_mu_schedule_delayed_log_2_0_rep05,94005,978.8560690265548
silu,1,delayed_log_2_0,3,975.515523036634,103,32.60426306724548,100,0.033932217718953314,0.033932217718953314,0.033932217718953314,delayed_log_2_0,mu_schedule,5,0.0,0.0,0.0,full_mu_schedule_delayed_log_2_0_rep05,94005,975.515523036634
silu,1,delayed_log_2_0,3,971.6137673624013,104,34.361329078674316,100,0.031743841888724596,0.031743841888724596,0.031743841888724596,delayed_log_2_0,mu_schedule,5,0.0,0.0,0.0,full_mu_schedule_delayed_log_2_0_rep05,94005,971.6137673624013
silu,1,delayed_log_2_0,3,975.7816391639412,105,33.01046013832092,100,0.02967729159038196,0.02967729159038196,0.02967729159038196,delayed_log_2_0,mu_schedule,5,0.0,0.0,0.0,full_mu_schedule_delayed_log_2_0_rep05,94005,975.7816391639412
silu,1,delayed_log_2_0,3,978.238760393041,106,34.10281300544739,100,0.027727235710688393,0.027727235710688393,0.027727235710688393,delayed_log_2_0,mu_schedule,5,0.0,0.0,0.0,full_mu_schedule_delayed_log_2_0_rep05,94005,978.238760393041
silu,1,delayed_log_2_0,3,978.3425556414153,107,34.39062809944153,100,0.025888472056851863,0.025888472056851863,0.025888472056851863,delayed_log_2_0,mu_schedule,5,0.0,0.0,0.0,full_mu_schedule_delayed_log_2_0_rep05,94005,978.3425556414153
silu,1,delayed_log_2_0,3,963.5260315056383,108,33.34776711463928,100,0.024155931965195967,0.024155931965195967,0.024155931965195967,delayed_log_2_0,mu_schedule,5,0.0,0.0,0.0,full_mu_schedule_delayed_log_2_0_rep05,94005,963.5260315056383
silu,1,delayed_log_2_0,3,973.9350429078488,109,33.95445990562439,100,0.02252468418618416,0.02252468418618416,0.02252468418618416,delayed_log_2_0,mu_schedule,5,0.0,0.0,0.0,full_mu_schedule_delayed_log_2_0_rep05,94005,973.9350429078488
silu,1,delayed_log_2_0,3,975.4526942748172,110,34.47600793838501,100,0.020989938079130233,0.020989938079130233,0.020989938079130233,delayed_log_2_0,mu_schedule,5,0.0,0.0,0.0,full_mu_schedule_delayed_log_2_0_rep05,94005,975.4526942748172
silu,1,delayed_log_2_0,3,967.0323368382892,111,36.4767529964447,100,0.019547046150741564,0.019547046150741564,0.019547046150741564,delayed_log_2_0,mu_schedule,5,0.0,0.0,0.0,full_mu_schedule_delayed_log_2_0_rep05,94005,967.0323368382892
silu,1,delayed_log_2_0,3,977.8346332357086,112,33.67981195449829,100,0.018191505972230636,0.018191505972230636,0.018191505972230636,delayed_log_2_0,mu_schedule,5,0.0,0.0,0.0,full_mu_schedule_delayed_log_2_0_rep05,94005,977.8346332357086
silu,1,delayed_log_2_0,3,969.1253504385096,113,34.63217902183533,100,0.01691896151010512,0.01691896151010512,0.01691896151010512,delayed_log_2_0,mu_schedule,5,0.0,0.0,0.0,full_mu_schedule_delayed_log_2_0_rep05,94005,969.1253504385096
silu,1,delayed_log_2_0,3,971.3103264411152,114,34.923293113708496,100,0.01572520390591971,0.01572520390591971,0.01572520390591971,delayed_log_2_0,mu_schedule,5,0.0,0.0,0.0,full_mu_schedule_delayed_log_2_0_rep05,94005,971.3103264411152
silu,1,delayed_log_2_0,3,970.8942586976409,115,33.55876088142395,100,0.01460617174025661,0.01460617174025661,0.01460617174025661,delayed_log_2_0,mu_schedule,5,0.0,0.0,0.0,full_mu_schedule_delayed_log_2_0_rep05,94005,970.8942586976409
silu,1,delayed_log_2_0,3,971.0998994603563,116,36.10684299468994,100,0.01355795081601026,0.01355795081601026,0.01355795081601026,delayed_log_2_0,mu_schedule,5,0.0,0.0,0.0,full_mu_schedule_delayed_log_2_0_rep05,94005,971.0998994603563
silu,1,delayed_log_2_0,3,975.5957559598882,117,35.51922917366028,100,0.012576773495696688,0.012576773495696688,0.012576773495696688,delayed_log_2_0,mu_schedule,5,0.0,0.0,0.0,full_mu_schedule_delayed_log_2_0_rep05,94005,975.5957559598882
silu,1,delayed_log_2_0,3,971.8846981867141,118,33.346222162246704,100,0.011659017627005861,0.011659017627005861,0.011659017627005861,delayed_log_2_0,mu_schedule,5,0.0,0.0,0.0,full_mu_schedule_delayed_log_2_0_rep05,94005,971.8846981867141
silu,1,delayed_log_2_0,3,958.115631727671,119,35.70995593070984,100,0.010801205090174919,0.010801205090174919,0.010801205090174919,delayed_log_2_0,mu_schedule,5,0.0,0.0,0.0,full_mu_schedule_delayed_log_2_0_rep05,94005,958.115631727671
silu,1,delayed_log_2_0,3,969.2832481816628,120,34.07487511634827,100,0.010000000000000004,0.010000000000000004,0.010000000000000004,delayed_log_2_0,mu_schedule,5,0.0,0.0,0.0,full_mu_schedule_delayed_log_2_0_rep05,94005,969.2832481816628
silu,1,delayed_log_2_0,3,927.1456956422481,121,31.58244800567627,100,0.010000000000000004,0.010000000000000004,0.0,delayed_log_2_0,mu_schedule,5,0.0,0.0,0.0,full_mu_schedule_delayed_log_2_0_rep05,94005,927.1456956422481
silu,1,delayed_log_2_0,3,943.9509974399398,122,29.93033003807068,100,0.010000000000000004,0.010000000000000004,0.0,delayed_log_2_0,mu_schedule,5,0.0,0.0,0.0,full_mu_schedule_delayed_log_2_0_rep05,94005,943.9509974399398
silu,1,delayed_log_2_0,3,934.95002286091,123,27.661421060562134,100,0.010000000000000004,0.010000000000000004,0.0,delayed_log_2_0,mu_schedule,5,0.0,0.0,0.0,full_mu_schedule_delayed_log_2_0_rep05,94005,934.95002286091
silu,1,delayed_log_2_0,3,947.9807763800902,124,27.57363200187683,100,0.010000000000000004,0.010000000000000004,0.0,delayed_log_2_0,mu_schedule,5,0.0,0.0,0.0,full_mu_schedule_delayed_log_2_0_rep05,94005,947.9807763800902
silu,1,delayed_log_2_0,3,931.978598384658,125,28.60575008392334,100,0.010000000000000004,0.010000000000000004,0.0,delayed_log_2_0,mu_schedule,5,0.0,0.0,0.0,full_mu_schedule_delayed_log_2_0_rep05,94005,931.978598384658
silu,1,delayed_log_2_0,3,930.3749207835405,126,28.813072204589844,100,0.010000000000000004,0.010000000000000004,0.0,delayed_log_2_0,mu_schedule,5,0.0,0.0,0.0,full_mu_schedule_delayed_log_2_0_rep05,94005,930.3749207835405
silu,1,delayed_log_2_0,3,938.4905386757927,127,30.11238408088684,100,0.010000000000000004,0.010000000000000004,0.0,delayed_log_2_0,mu_schedule,5,0.0,0.0,0.0,full_mu_schedule_delayed_log_2_0_rep05,94005,938.4905386757927
silu,1,delayed_log_2_0,3,938.385700261346,128,29.74143099784851,100,0.010000000000000004,0.010000000000000004,0.0,delayed_log_2_0,mu_schedule,5,0.0,0.0,0.0,full_mu_schedule_delayed_log_2_0_rep05,94005,938.385700261346
silu,1,delayed_log_2_0,3,930.635701800578,129,30.425838947296143,100,0.010000000000000004,0.010000000000000004,0.0,delayed_log_2_0,mu_schedule,5,0.0,0.0,0.0,full_mu_schedule_delayed_log_2_0_rep05,94005,930.635701800578
silu,1,delayed_log_2_0,3,941.9840951390755,130,30.505470991134644,100,0.010000000000000004,0.010000000000000004,0.0,delayed_log_2_0,mu_schedule,5,0.0,0.0,0.0,full_mu_schedule_delayed_log_2_0_rep05,94005,941.9840951390755
silu,1,delayed_log_2_0,3,2108.12209742165,1,104.2154061794281,100,1.0,1.0,1.0,delayed_log_2_0,mu_schedule,6,0.0,0.0,0.0,full_mu_schedule_delayed_log_2_0_rep06,94006,2108.12209742165
silu,1,delayed_log_2_0,3,1009.6545656782913,2,31.43594789505005,100,0.9996748519550619,0.9996748519550619,0.9996748519550619,delayed_log_2_0,mu_schedule,6,0.0,0.0,0.0,full_mu_schedule_delayed_log_2_0_rep06,94006,1009.6545656782913
silu,1,delayed_log_2_0,3,992.5009028721731,3,31.985952138900757,100,0.9987000420102654,0.9987000420102654,0.9987000420102654,delayed_log_2_0,mu_schedule,6,0.0,0.0,0.0,full_mu_schedule_delayed_log_2_0_rep06,94006,992.5009028721731
silu,1,delayed_log_2_0,3,985.7954901519361,4,32.665794134140015,100,0.9970774706745008,0.9970774706745008,0.9970774706745008,delayed_log_2_0,mu_schedule,6,0.0,0.0,0.0,full_mu_schedule_delayed_log_2_0_rep06,94006,985.7954901519361
silu,1,delayed_log_2_0,3,981.4693915816766,5,30.507079124450684,100,0.9948102986014197,0.9948102986014197,0.9948102986014197,delayed_log_2_0,mu_schedule,6,0.0,0.0,0.0,full_mu_schedule_delayed_log_2_0_rep06,94006,981.4693915816766
silu,1,delayed_log_2_0,3,979.6112649425198,6,31.92139506340027,100,0.9919029363304483,0.9919029363304483,0.9919029363304483,delayed_log_2_0,mu_schedule,6,0.0,0.0,0.0,full_mu_schedule_delayed_log_2_0_rep06,94006,979.6112649425198
silu,1,delayed_log_2_0,3,979.412489905332,7,32.35838508605957,100,0.9883610299895366,0.9883610299895366,0.9883610299895366,delayed_log_2_0,mu_schedule,6,0.0,0.0,0.0,full_mu_schedule_delayed_log_2_0_rep06,94006,979.412489905332
silu,1,delayed_log_2_0,3,980.0483463419956,8,30.638909816741943,100,0.9841914430245098,0.9841914430245098,0.9841914430245098,delayed_log_2_0,mu_schedule,6,0.0,0.0,0.0,full_mu_schedule_delayed_log_2_0_rep06,94006,980.0483463419956
silu,1,delayed_log_2_0,3,981.2060831287827,9,31.69214105606079,100,0.97940223403778,0.97940223403778,0.97940223403778,delayed_log_2_0,mu_schedule,6,0.0,0.0,0.0,full_mu_schedule_delayed_log_2_0_rep06,94006,981.2060831287827
silu,1,delayed_log_2_0,3,982.8632737008074,10,31.33083701133728,100,0.9740026308365713,0.9740026308365713,0.9740026308365713,delayed_log_2_0,mu_schedule,6,0.0,0.0,0.0,full_mu_schedule_delayed_log_2_0_rep06,94006,982.8632737008074
silu,1,delayed_log_2_0,3,984.9834880734809,11,31.674812078475952,100,0.9680030008076335,0.9680030008076335,0.9680030008076335,delayed_log_2_0,mu_schedule,6,0.0,0.0,0.0,full_mu_schedule_delayed_log_2_0_rep06,94006,984.9834880734809
silu,1,delayed_log_2_0,3,987.4844863139303,12,31.5976459980011,100,0.9614148177515623,0.9614148177515623,0.9614148177515623,delayed_log_2_0,mu_schedule,6,0.0,0.0,0.0,full_mu_schedule_delayed_log_2_0_rep06,94006,987.4844863139303
silu,1,delayed_log_2_0,3,990.3145391574166,13,30.35902714729309,100,0.9542506253252185,0.9542506253252185,0.9542506253252185,delayed_log_2_0,mu_schedule,6,0.0,0.0,0.0,full_mu_schedule_delayed_log_2_0_rep06,94006,990.3145391574166
silu,1,delayed_log_2_0,3,993.3986995824724,14,33.51434588432312,100,0.9465239972552507,0.9465239972552507,0.9465239972552507,delayed_log_2_0,mu_schedule,6,0.0,0.0,0.0,full_mu_schedule_delayed_log_2_0_rep06,94006,993.3986995824724
silu,1,delayed_log_2_0,3,996.6771772057161,15,32.022390842437744,100,0.938249494499322,0.938249494499322,0.938249494499322,delayed_log_2_0,mu_schedule,6,0.0,0.0,0.0,full_mu_schedule_delayed_log_2_0_rep06,94006,996.6771772057161
silu,1,delayed_log_2_0,3,1000.138096342001,16,30.68172001838684,100,0.9294426195442062,0.9294426195442062,0.9294426195442062,delayed_log_2_0,mu_schedule,6,0.0,0.0,0.0,full_mu_schedule_delayed_log_2_0_rep06,94006,1000.138096342001
silu,1,delayed_log_2_0,3,1003.744679814307,17,31.889925003051758,100,0.920119768041432,0.920119768041432,0.920119768041432,delayed_log_2_0,mu_schedule,6,0.0,0.0,0.0,full_mu_schedule_delayed_log_2_0_rep06,94006,1003.744679814307
silu,1,delayed_log_2_0,3,1007.5363502762075,18,31.057708978652954,100,0.9102981779915219,0.9102981779915219,0.9102981779915219,delayed_log_2_0,mu_schedule,6,0.0,0.0,0.0,full_mu_schedule_delayed_log_2_0_rep06,94006,1007.5363502762075
silu,1,delayed_log_2_0,3,1011.3884834214925,19,32.21918487548828,100,0.8999958766970595,0.8999958766970595,0.8999958766970595,delayed_log_2_0,mu_schedule,6,0.0,0.0,0.0,full_mu_schedule_delayed_log_2_0_rep06,94006,1011.3884834214925
silu,1,delayed_log_2_0,3,1015.4045987730668,20,31.921220779418945,100,0.8892316257127867,0.8892316257127867,0.8892316257127867,delayed_log_2_0,mu_schedule,6,0.0,0.0,0.0,full_mu_schedule_delayed_log_2_0_rep06,94006,1015.4045987730668
silu,1,delayed_log_2_0,3,1019.4391447470105,21,31.405565977096558,100,0.8780248640276315,0.8780248640276315,0.8780248640276315,delayed_log_2_0,mu_schedule,6,0.0,0.0,0.0,full_mu_schedule_delayed_log_2_0_rep06,94006,1019.4391447470105
silu,1,delayed_log_2_0,3,1023.5851238366007,22,32.37321090698242,100,0.8663956497189845,0.8663956497189845,0.8663956497189845,delayed_log_2_0,mu_schedule,6,0.0,0.0,0.0,full_mu_schedule_delayed_log_2_0_rep06,94006,1023.5851238366007
silu,1,delayed_log_2_0,3,1027.9460428940113,23,30.929999113082886,100,0.8543646003236588,0.8543646003236588,0.8543646003236588,delayed_log_2_0,mu_schedule,6,0.0,0.0,0.0,full_mu_schedule_delayed_log_2_0_rep06,94006,1027.9460428940113
silu,1,delayed_log_2_0,3,1032.306858360564,24,31.928727865219116,100,0.841952832172763,0.841952832172763,0.841952832172763,delayed_log_2_0,mu_schedule,6,0.0,0.0,0.0,full_mu_schedule_delayed_log_2_0_rep06,94006,1032.306858360564
silu,1,delayed_log_2_0,3,1036.7543151997568,25,32.12010908126831,100,0.8291818989392129,0.8291818989392129,0.8291818989392129,delayed_log_2_0,mu_schedule,6,0.0,0.0,0.0,full_mu_schedule_delayed_log_2_0_rep06,94006,1036.7543151997568
silu,1,delayed_log_2_0,3,1041.281601790305,26,30.71829915046692,100,0.8160737296467871,0.8160737296467871,0.8160737296467871,delayed_log_2_0,mu_schedule,6,0.0,0.0,0.0,full_mu_schedule_delayed_log_2_0_rep06,94006,1041.281601790305
silu,1,delayed_log_2_0,3,1045.8499579000352,27,31.648456811904907,100,0.8026505663885299,0.8026505663885299,0.8026505663885299,delayed_log_2_0,mu_schedule,6,0.0,0.0,0.0,full_mu_schedule_delayed_log_2_0_rep06,94006,1045.8499579000352
silu,1,delayed_log_2_0,3,1050.4719356996527,28,32.392640113830566,100,0.7889349019999411,0.7889349019999411,0.7889349019999411,delayed_log_2_0,mu_schedule,6,0.0,0.0,0.0,full_mu_schedule_delayed_log_2_0_rep06,94006,1050.4719356996527
silu,1,delayed_log_2_0,3,1055.082004044882,29,31.15760612487793,100,0.7749494179287948,0.7749494179287948,0.7749494179287948,delayed_log_2_0,mu_schedule,6,0.0,0.0,0.0,full_mu_schedule_delayed_log_2_0_rep06,94006,1055.082004044882
silu,1,delayed_log_2_0,3,1059.6937614255405,30,32.31479597091675,100,0.7607169225386429,0.7607169225386429,0.7607169225386429,delayed_log_2_0,mu_schedule,6,0.0,0.0,0.0,full_mu_schedule_delayed_log_2_0_rep06,94006,1059.6937614255405
silu,1,delayed_log_2_0,3,1064.2619678592373,31,31.010554790496826,100,0.7462602900771296,0.7462602900771296,0.7462602900771296,delayed_log_2_0,mu_schedule,6,0.0,0.0,0.0,full_mu_schedule_delayed_log_2_0_rep06,94006,1064.2619678592373
silu,1,delayed_log_2_0,3,1068.7867632603638,32,31.83727502822876,100,0.731602400533224,0.731602400533224,0.731602400533224,delayed_log_2_0,mu_schedule,6,0.0,0.0,0.0,full_mu_schedule_delayed_log_2_0_rep06,94006,1068.7867632603638
silu,1,delayed_log_2_0,3,1073.222127478074,33,33.32131290435791,100,0.7167660805994273,0.7167660805994273,0.7167660805994273,delayed_log_2_0,mu_schedule,6,0.0,0.0,0.0,full_mu_schedule_delayed_log_2_0_rep06,94006,1073.222127478074
silu,1,delayed_log_2_0,3,1077.5816443899466,34,30.34195613861084,100,0.7017740459459934,0.7017740459459934,0.7017740459459934,delayed_log_2_0,mu_schedule,6,0.0,0.0,0.0,full_mu_schedule_delayed_log_2_0_rep06,94006,1077.5816443899466
silu,1,delayed_log_2_0,3,1081.7570120952141,35,31.88850498199463,100,0.6866488450043001,0.6866488450043001,0.6866488450043001,delayed_log_2_0,mu_schedule,6,0.0,0.0,0.0,full_mu_schedule_delayed_log_2_0_rep06,94006,1081.7570120952141
silu,1,delayed_log_2_0,3,1085.6356007588608,36,30.874572038650513,100,0.671412804445767,0.671412804445767,0.671412804445767,delayed_log_2_0,mu_schedule,6,0.0,0.0,0.0,full_mu_schedule_delayed_log_2_0_rep06,94006,1085.6356007588608
silu,1,delayed_log_2_0,3,1088.9448638495885,37,32.51328706741333,100,0.6560879765312531,0.6560879765312531,0.6560879765312531,delayed_log_2_0,mu_schedule,6,0.0,0.0,0.0,full_mu_schedule_delayed_log_2_0_rep06,94006,1088.9448638495885
silu,1,delayed_log_2_0,3,1092.1800866737149,38,31.308594942092896,100,0.6406960884937318,0.6406960884937318,0.6406960884937318,delayed_log_2_0,mu_schedule,6,0.0,0.0,0.0,full_mu_schedule_delayed_log_2_0_rep06,94006,1092.1800866737149
silu,1,delayed_log_2_0,3,1096.9038175315454,39,30.524139165878296,100,0.6252584941043363,0.6252584941043363,0.6252584941043363,delayed_log_2_0,mu_schedule,6,0.0,0.0,0.0,full_mu_schedule_delayed_log_2_0_rep06,94006,1096.9038175315454
silu,1,delayed_log_2_0,3,1099.6587620510454,40,31.899631023406982,100,0.6097961275586654,0.6097961275586654,0.6097961275586654,delayed_log_2_0,mu_schedule,6,0.0,0.0,0.0,full_mu_schedule_delayed_log_2_0_rep06,94006,1099.6587620510454
silu,1,delayed_log_2_0,3,1102.9738225504982,41,31.662921905517578,100,0.59432945980665,0.59432945980665,0.59432945980665,delayed_log_2_0,mu_schedule,6,0.0,0.0,0.0,full_mu_schedule_delayed_log_2_0_rep06,94006,1102.9738225504982
silu,1,delayed_log_2_0,3,1107.7214562410259,42,32.224557876586914,100,0.5788784574353554,0.5788784574353554,0.5788784574353554,delayed_log_2_0,mu_schedule,6,0.0,0.0,0.0,full_mu_schedule_delayed_log_2_0_rep06,94006,1107.7214562410259
silu,1,delayed_log_2_0,3,1110.4618182208494,43,32.235360860824585,100,0.5634625441999642,0.5634625441999642,0.5634625441999642,delayed_log_2_0,mu_schedule,6,0.0,0.0,0.0,full_mu_schedule_delayed_log_2_0_rep06,94006,1110.4618182208494
silu,1,delayed_log_2_0,3,1111.4479852851769,44,30.842689990997314,100,0.5481005652838976,0.5481005652838976,0.5481005652838976,delayed_log_2_0,mu_schedule,6,0.0,0.0,0.0,full_mu_schedule_delayed_log_2_0_rep06,94006,1111.4479852851769
silu,1,delayed_log_2_0,3,1114.9168122389895,45,32.259756088256836,100,0.5328107543547015,0.5328107543547015,0.5328107543547015,delayed_log_2_0,mu_schedule,6,0.0,0.0,0.0,full_mu_schedule_delayed_log_2_0_rep06,94006,1114.9168122389895
silu,1,delayed_log_2_0,3,1118.7483401357242,46,29.904576063156128,100,0.5176107034680238,0.5176107034680238,0.5176107034680238,delayed_log_2_0,mu_schedule,6,0.0,0.0,0.0,full_mu_schedule_delayed_log_2_0_rep06,94006,1118.7483401357242
silu,1,delayed_log_2_0,3,1119.613214044252,47,31.210944175720215,100,0.5025173358578133,0.5025173358578133,0.5025173358578133,delayed_log_2_0,mu_schedule,6,0.0,0.0,0.0,full_mu_schedule_delayed_log_2_0_rep06,94006,1119.613214044252
silu,1,delayed_log_2_0,3,1122.9557557445098,48,32.05267310142517,100,0.4875468816368776,0.4875468816368776,0.4875468816368776,delayed_log_2_0,mu_schedule,6,0.0,0.0,0.0,full_mu_schedule_delayed_log_2_0_rep06,94006,1122.9557557445098
silu,1,delayed_log_2_0,3,1123.4110858099573,49,31.426424026489258,100,0.47271485641819844,0.47271485641819844,0.47271485641819844,delayed_log_2_0,mu_schedule,6,0.0,0.0,0.0,full_mu_schedule_delayed_log_2_0_rep06,94006,1123.4110858099573
silu,1,delayed_log_2_0,3,1125.7891471701087,50,32.055140018463135,100,0.45803604285401567,0.45803604285401567,0.45803604285401567,delayed_log_2_0,mu_schedule,6,0.0,0.0,0.0,full_mu_schedule_delayed_log_2_0_rep06,94006,1125.7891471701087
silu,1,delayed_log_2_0,3,1125.816630213674,51,30.92247700691223,100,0.44352447507669435,0.44352447507669435,0.44352447507669435,delayed_log_2_0,mu_schedule,6,0.0,0.0,0.0,full_mu_schedule_delayed_log_2_0_rep06,94006,1125.816630213674
silu,1,delayed_log_2_0,3,1123.8347103626925,52,32.88792705535889,100,0.4291934260128779,0.4291934260128779,0.4291934260128779,delayed_log_2_0,mu_schedule,6,0.0,0.0,0.0,full_mu_schedule_delayed_log_2_0_rep06,94006,1123.8347103626925
silu,1,delayed_log_2_0,3,1125.9567429213064,53,31.91207718849182,100,0.41505539753043,0.41505539753043,0.41505539753043,delayed_log_2_0,mu_schedule,6,0.0,0.0,0.0,full_mu_schedule_delayed_log_2_0_rep06,94006,1125.9567429213064
silu,1,delayed_log_2_0,3,1127.29226930788,54,30.50108003616333,100,0.401122113366259,0.401122113366259,0.401122113366259,delayed_log_2_0,mu_schedule,6,0.0,0.0,0.0,full_mu_schedule_delayed_log_2_0_rep06,94006,1127.29226930788
silu,1,delayed_log_2_0,3,1127.3758242214749,55,31.860677003860474,100,0.38740451477232746,0.38740451477232746,0.38740451477232746,delayed_log_2_0,mu_schedule,6,0.0,0.0,0.0,full_mu_schedule_delayed_log_2_0_rep06,94006,1127.3758242214749
silu,1,delayed_log_2_0,3,1127.362653077372,56,32.6185188293457,100,0.3739127588070357,0.3739127588070357,0.3739127588070357,delayed_log_2_0,mu_schedule,6,0.0,0.0,0.0,full_mu_schedule_delayed_log_2_0_rep06,94006,1127.362653077372
silu,1,delayed_log_2_0,3,1127.0284611354737,57,30.395931005477905,100,0.36065621918975405,0.36065621918975405,0.36065621918975405,delayed_log_2_0,mu_schedule,6,0.0,0.0,0.0,full_mu_schedule_delayed_log_2_0_rep06,94006,1127.0284611354737
silu,1,delayed_log_2_0,3,1125.624300691258,58,32.2436158657074,100,0.3476434896276,0.3476434896276,0.3476434896276,delayed_log_2_0,mu_schedule,6,0.0,0.0,0.0,full_mu_schedule_delayed_log_2_0_rep06,94006,1125.624300691258
silu,1,delayed_log_2_0,3,1126.0067393529196,59,30.69448709487915,100,0.3348823895156454,0.3348823895156454,0.3348823895156454,delayed_log_2_0,mu_schedule,6,0.0,0.0,0.0,full_mu_schedule_delayed_log_2_0_rep06,94006,1126.0067393529196
silu,1,delayed_log_2_0,3,1125.096375607862,60,31.74079918861389,100,0.32237997190459977,0.32237997190459977,0.32237997190459977,delayed_log_2_0,mu_schedule,6,0.0,0.0,0.0,full_mu_schedule_delayed_log_2_0_rep06,94006,1125.096375607862
silu,1,delayed_log_2_0,3,1123.66825768479,61,32.18334984779358,100,0.3101425336236777,0.3101425336236777,0.3101425336236777,delayed_log_2_0,mu_schedule,6,0.0,0.0,0.0,full_mu_schedule_delayed_log_2_0_rep06,94006,1123.66825768479
silu,1,delayed_log_2_0,3,1122.0557420261475,62,30.176966905593872,100,0.29817562744081594,0.29817562744081594,0.29817562744081594,delayed_log_2_0,mu_schedule,6,0.0,0.0,0.0,full_mu_schedule_delayed_log_2_0_rep06,94006,1122.0557420261475
silu,1,delayed_log_2_0,3,1120.9431162623698,63,31.962700843811035,100,0.28648407613767307,0.28648407613767307,0.28648407613767307,delayed_log_2_0,mu_schedule,6,0.0,0.0,0.0,full_mu_schedule_delayed_log_2_0_rep06,94006,1120.9431162623698
silu,1,delayed_log_2_0,3,1119.3825632790322,64,31.149816036224365,100,0.27507198837291136,0.27507198837291136,0.27507198837291136,delayed_log_2_0,mu_schedule,6,0.0,0.0,0.0,full_mu_schedule_delayed_log_2_0_rep06,94006,1119.3825632790322
silu,1,delayed_log_2_0,3,1117.418197036125,65,30.754021167755127,100,0.26394277620411905,0.26394277620411905,0.26394277620411905,delayed_log_2_0,mu_schedule,6,0.0,0.0,0.0,full_mu_schedule_delayed_log_2_0_rep06,94006,1117.418197036125
silu,1,delayed_log_2_0,3,1115.1306073486464,66,31.273584842681885,100,0.2530991741363788,0.2530991741363788,0.2530991741363788,delayed_log_2_0,mu_schedule,6,0.0,0.0,0.0,full_mu_schedule_delayed_log_2_0_rep06,94006,1115.1306073486464
silu,1,delayed_log_2_0,3,1111.5340073951527,67,30.374664068222046,100,0.24254325956389286,0.24254325956389286,0.24254325956389286,delayed_log_2_0,mu_schedule,6,0.0,0.0,0.0,full_mu_schedule_delayed_log_2_0_rep06,94006,1111.5340073951527
silu,1,delayed_log_2_0,3,1107.9502946818177,68,31.248337030410767,100,0.23227647447022887,0.23227647447022887,0.23227647447022887,delayed_log_2_0,mu_schedule,6,0.0,0.0,0.0,full_mu_schedule_delayed_log_2_0_rep06,94006,1107.9502946818177
silu,1,delayed_log_2_0,3,1106.9589686059799,69,31.64465594291687,100,0.22229964825261955,0.22229964825261955,0.22229964825261955,delayed_log_2_0,mu_schedule,6,0.0,0.0,0.0,full_mu_schedule_delayed_log_2_0_rep06,94006,1106.9589686059799
silu,1,delayed_log_2_0,3,1100.265149530064,70,30.675559043884277,100,0.21261302153631445,0.21261302153631445,0.21261302153631445,delayed_log_2_0,mu_schedule,6,0.0,0.0,0.0,full_mu_schedule_delayed_log_2_0_rep06,94006,1100.265149530064
silu,1,delayed_log_2_0,3,1097.8697800149812,71,33.4595890045166,100,0.20321627084619878,0.20321627084619878,0.20321627084619878,delayed_log_2_0,mu_schedule,6,0.0,0.0,0.0,full_mu_schedule_delayed_log_2_0_rep06,94006,1097.8697800149812
silu,1,delayed_log_2_0,3,1094.493187657159,72,29.996917963027954,100,0.1941085340047378,0.1941085340047378,0.1941085340047378,delayed_log_2_0,mu_schedule,6,0.0,0.0,0.0,full_mu_schedule_delayed_log_2_0_rep06,94006,1094.493187657159
silu,1,delayed_log_2_0,3,1094.169497520039,73,31.229743003845215,100,0.18528843612773901,0.18528843612773901,0.18528843612773901,delayed_log_2_0,mu_schedule,6,0.0,0.0,0.0,full_mu_schedule_delayed_log_2_0_rep06,94006,1094.169497520039
silu,1,delayed_log_2_0,3,1089.9519240271613,74,32.12622308731079,100,0.17675411609240033,0.17675411609240033,0.17675411609240033,delayed_log_2_0,mu_schedule,6,0.0,0.0,0.0,full_mu_schedule_delayed_log_2_0_rep06,94006,1089.9519240271613
silu,1,delayed_log_2_0,3,1086.8752766075468,75,30.54763102531433,100,0.16850325335559654,0.16850325335559654,0.16850325335559654,delayed_log_2_0,mu_schedule,6,0.0,0.0,0.0,full_mu_schedule_delayed_log_2_0_rep06,94006,1086.8752766075468
silu,1,delayed_log_2_0,3,1078.71517040187,76,32.276246070861816,100,0.16053309500430704,0.16053309500430704,0.16053309500430704,delayed_log_2_0,mu_schedule,6,0.0,0.0,0.0,full_mu_schedule_delayed_log_2_0_rep06,94006,1078.71517040187
silu,1,delayed_log_2_0,3,1081.5021251811677,77,32.01304507255554,100,0.15284048292445596,0.15284048292445596,0.15284048292445596,delayed_log_2_0,mu_schedule,6,0.0,0.0,0.0,full_mu_schedule_delayed_log_2_0_rep06,94006,1081.5021251811677
silu,1,delayed_log_2_0,3,1077.2080582302583,78,30.165632963180542,100,0.14542188097918074,0.14542188097918074,0.14542188097918074,delayed_log_2_0,mu_schedule,6,0.0,0.0,0.0,full_mu_schedule_delayed_log_2_0_rep06,94006,1077.2080582302583
silu,1,delayed_log_2_0,3,1067.16403448167,79,31.814738988876343,100,0.13827340209262418,0.13827340209262418,0.13827340209262418,delayed_log_2_0,mu_schedule,6,0.0,0.0,0.0,full_mu_schedule_delayed_log_2_0_rep06,94006,1067.16403448167
silu,1,delayed_log_2_0,3,1071.952375072922,80,30.643199920654297,100,0.1313908351407074,0.1313908351407074,0.1313908351407074,delayed_log_2_0,mu_schedule,6,0.0,0.0,0.0,full_mu_schedule_delayed_log_2_0_rep06,94006,1071.952375072922
silu,1,delayed_log_2_0,3,1060.5950177766579,81,32.44894194602966,100,0.12476967155595078,0.12476967155595078,0.12476967155595078,delayed_log_2_0,mu_schedule,6,0.0,0.0,0.0,full_mu_schedule_delayed_log_2_0_rep06,94006,1060.5950177766579
silu,1,delayed_log_2_0,3,1056.3933775659984,82,32.102092027664185,100,0.1184051315592157,0.1184051315592157,0.1184051315592157,delayed_log_2_0,mu_schedule,6,0.0,0.0,0.0,full_mu_schedule_delayed_log_2_0_rep06,94006,1056.3933775659984
silu,1,delayed_log_2_0,3,1060.5640836780078,83,31.440730094909668,100,0.11229218993720214,0.11229218993720214,0.11229218993720214,delayed_log_2_0,mu_schedule,6,0.0,0.0,0.0,full_mu_schedule_delayed_log_2_0_rep06,94006,1060.5640836780078
silu,1,delayed_log_2_0,3,1054.9527920358896,84,31.99322509765625,100,0.10642560129061643,0.10642560129061643,0.10642560129061643,delayed_log_2_0,mu_schedule,6,0.0,0.0,0.0,full_mu_schedule_delayed_log_2_0_rep06,94006,1054.9527920358896
silu,1,delayed_log_2_0,3,1052.2427689294732,85,32.21410417556763,100,0.1007999246840755,0.1007999246840755,0.1007999246840755,delayed_log_2_0,mu_schedule,6,0.0,0.0,0.0,full_mu_schedule_delayed_log_2_0_rep06,94006,1052.2427689294732
silu,1,delayed_log_2_0,3,1044.6398091405727,86,30.862711906433105,100,0.09540954763499943,0.09540954763499943,0.09540954763499943,delayed_log_2_0,mu_schedule,6,0.0,0.0,0.0,full_mu_schedule_delayed_log_2_0_rep06,94006,1044.6398091405727
silu,1,delayed_log_2_0,3,1035.1064278020278,87,31.72184419631958,100,0.09024870938493183,0.09024870938493183,0.09024870938493183,delayed_log_2_0,mu_schedule,6,0.0,0.0,0.0,full_mu_schedule_delayed_log_2_0_rep06,94006,1035.1064278020278
silu,1,delayed_log_2_0,3,1042.5387731953588,88,30.73902988433838,100,0.08531152340287755,0.08531152340287755,0.08531152340287755,delayed_log_2_0,mu_schedule,6,0.0,0.0,0.0,full_mu_schedule_delayed_log_2_0_rep06,94006,1042.5387731953588
silu,1,delayed_log_2_0,3,1034.314290163938,89,32.27063703536987,100,0.08059199907632274,0.08059199907632274,0.08059199907632274,delayed_log_2_0,mu_schedule,6,0.0,0.0,0.0,full_mu_schedule_delayed_log_2_0_rep06,94006,1034.314290163938
silu,1,delayed_log_2_0,3,1030.093447305564,90,34.50497388839722,100,0.07608406255158537,0.07608406255158537,0.07608406255158537,delayed_log_2_0,mu_schedule,6,0.0,0.0,0.0,full_mu_schedule_delayed_log_2_0_rep06,94006,1030.093447305564
silu,1,delayed_log_2_0,3,1026.2387019705707,91,30.968485832214355,100,0.07178157669099011,0.07178157669099011,0.07178157669099011,delayed_log_2_0,mu_schedule,6,0.0,0.0,0.0,full_mu_schedule_delayed_log_2_0_rep06,94006,1026.2387019705707
silu,1,delayed_log_2_0,3,1024.5975873104662,92,32.764042139053345,100,0.06767836012005729,0.06767836012005729,0.06767836012005729,delayed_log_2_0,mu_schedule,6,0.0,0.0,0.0,full_mu_schedule_delayed_log_2_0_rep06,94006,1024.5975873104662
silu,1,delayed_log_2_0,3,1015.102834012978,93,32.892289876937866,100,0.06376820534340857,0.06376820534340857,0.06376820534340857,delayed_log_2_0,mu_schedule,6,0.0,0.0,0.0,full_mu_schedule_delayed_log_2_0_rep06,94006,1015.102834012978
silu,1,delayed_log_2_0,3,1018.5572534729228,94,31.772269010543823,100,0.060044895913407136,0.060044895913407136,0.060044895913407136,delayed_log_2_0,mu_schedule,6,0.0,0.0,0.0,full_mu_schedule_delayed_log_2_0_rep06,94006,1018.5572534729228
silu,1,delayed_log_2_0,3,1010.6058902080761,95,33.02688193321228,100,0.056502222640641864,0.056502222640641864,0.056502222640641864,delayed_log_2_0,mu_schedule,6,0.0,0.0,0.0,full_mu_schedule_delayed_log_2_0_rep06,94006,1010.6058902080761
silu,1,delayed_log_2_0,3,1003.2282918040305,96,32.098686933517456,100,0.05313399884022544,0.05313399884022544,0.05313399884022544,delayed_log_2_0,mu_schedule,6,0.0,0.0,0.0,full_mu_schedule_delayed_log_2_0_rep06,94006,1003.2282918040305
silu,1,delayed_log_2_0,3,1001.5084117958946,97,33.37253189086914,100,0.04993407461248296,0.04993407461248296,0.04993407461248296,delayed_log_2_0,mu_schedule,6,0.0,0.0,0.0,full_mu_schedule_delayed_log_2_0_rep06,94006,1001.5084117958946
silu,1,delayed_log_2_0,3,997.2770652474939,98,33.414469957351685,100,0.046896350160951915,0.046896350160951915,0.046896350160951915,delayed_log_2_0,mu_schedule,6,0.0,0.0,0.0,full_mu_schedule_delayed_log_2_0_rep06,94006,997.2770652474939
silu,1,delayed_log_2_0,3,993.1533470471416,99,32.29262018203735,100,0.04401478815469319,0.04401478815469319,0.04401478815469319,delayed_log_2_0,mu_schedule,6,0.0,0.0,0.0,full_mu_schedule_delayed_log_2_0_rep06,94006,993.1533470471416
silu,1,delayed_log_2_0,3,992.3708055468854,100,33.54609704017639,100,0.041283425145706196,0.041283425145706196,0.041283425145706196,delayed_log_2_0,mu_schedule,6,0.0,0.0,0.0,full_mu_schedule_delayed_log_2_0_rep06,94006,992.3708055468854
silu,1,delayed_log_2_0,3,985.0715892383737,101,33.431962966918945,100,0.0386963820557567,0.0386963820557567,0.0386963820557567,delayed_log_2_0,mu_schedule,6,0.0,0.0,0.0,full_mu_schedule_delayed_log_2_0_rep06,94006,985.0715892383737
silu,1,delayed_log_2_0,3,992.1383316555023,102,32.16620993614197,100,0.036247873750153606,0.036247873750153606,0.036247873750153606,delayed_log_2_0,mu_schedule,6,0.0,0.0,0.0,full_mu_schedule_delayed_log_2_0_rep06,94006,992.1383316555023
silu,1,delayed_log_2_0,3,980.0244372461377,103,33.63779091835022,100,0.033932217718953314,0.033932217718953314,0.033932217718953314,delayed_log_2_0,mu_schedule,6,0.0,0.0,0.0,full_mu_schedule_delayed_log_2_0_rep06,94006,980.0244372461377
silu,1,delayed_log_2_0,3,974.8871994168397,104,33.706035137176514,100,0.031743841888724596,0.031743841888724596,0.031743841888724596,delayed_log_2_0,mu_schedule,6,0.0,0.0,0.0,full_mu_schedule_delayed_log_2_0_rep06,94006,974.8871994168397
silu,1,delayed_log_2_0,3,974.8237066848809,105,32.26852488517761,100,0.02967729159038196,0.02967729159038196,0.02967729159038196,delayed_log_2_0,mu_schedule,6,0.0,0.0,0.0,full_mu_schedule_delayed_log_2_0_rep06,94006,974.8237066848809
silu,1,delayed_log_2_0,3,972.2859165793011,106,33.838095903396606,100,0.027727235710688393,0.027727235710688393,0.027727235710688393,delayed_log_2_0,mu_schedule,6,0.0,0.0,0.0,full_mu_schedule_delayed_log_2_0_rep06,94006,972.2859165793011
silu,1,delayed_log_2_0,3,973.0486614840355,107,34.3379430770874,100,0.025888472056851863,0.025888472056851863,0.025888472056851863,delayed_log_2_0,mu_schedule,6,0.0,0.0,0.0,full_mu_schedule_delayed_log_2_0_rep06,94006,973.0486614840355
silu,1,delayed_log_2_0,3,971.9219722641159,108,34.544824838638306,100,0.024155931965195967,0.024155931965195967,0.024155931965195967,delayed_log_2_0,mu_schedule,6,0.0,0.0,0.0,full_mu_schedule_delayed_log_2_0_rep06,94006,971.9219722641159
silu,1,delayed_log_2_0,3,966.1277480537647,109,34.59748888015747,100,0.02252468418618416,0.02252468418618416,0.02252468418618416,delayed_log_2_0,mu_schedule,6,0.0,0.0,0.0,full_mu_schedule_delayed_log_2_0_rep06,94006,966.1277480537647
silu,1,delayed_log_2_0,3,959.074943123616,110,34.62841200828552,100,0.020989938079130233,0.020989938079130233,0.020989938079130233,delayed_log_2_0,mu_schedule,6,0.0,0.0,0.0,full_mu_schedule_delayed_log_2_0_rep06,94006,959.074943123616
silu,1,delayed_log_2_0,3,955.7249234949954,111,33.053147077560425,100,0.019547046150741564,0.019547046150741564,0.019547046150741564,delayed_log_2_0,mu_schedule,6,0.0,0.0,0.0,full_mu_schedule_delayed_log_2_0_rep06,94006,955.7249234949954
silu,1,delayed_log_2_0,3,959.0819207942108,112,34.98251819610596,100,0.018191505972230636,0.018191505972230636,0.018191505972230636,delayed_log_2_0,mu_schedule,6,0.0,0.0,0.0,full_mu_schedule_delayed_log_2_0_rep06,94006,959.0819207942108
silu,1,delayed_log_2_0,3,957.5935703145307,113,35.51214289665222,100,0.01691896151010512,0.01691896151010512,0.01691896151010512,delayed_log_2_0,mu_schedule,6,0.0,0.0,0.0,full_mu_schedule_delayed_log_2_0_rep06,94006,957.5935703145307
silu,1,delayed_log_2_0,3,964.3098807375592,114,34.16532492637634,100,0.01572520390591971,0.01572520390591971,0.01572520390591971,delayed_log_2_0,mu_schedule,6,0.0,0.0,0.0,full_mu_schedule_delayed_log_2_0_rep06,94006,964.3098807375592
silu,1,delayed_log_2_0,3,948.3739687544883,115,34.34069204330444,100,0.01460617174025661,0.01460617174025661,0.01460617174025661,delayed_log_2_0,mu_schedule,6,0.0,0.0,0.0,full_mu_schedule_delayed_log_2_0_rep06,94006,948.3739687544883
silu,1,delayed_log_2_0,3,944.4293782655358,116,35.43209791183472,100,0.01355795081601026,0.01355795081601026,0.01355795081601026,delayed_log_2_0,mu_schedule,6,0.0,0.0,0.0,full_mu_schedule_delayed_log_2_0_rep06,94006,944.4293782655358
silu,1,delayed_log_2_0,3,945.2525443908422,117,34.03116798400879,100,0.012576773495696688,0.012576773495696688,0.012576773495696688,delayed_log_2_0,mu_schedule,6,0.0,0.0,0.0,full_mu_schedule_delayed_log_2_0_rep06,94006,945.2525443908422
silu,1,delayed_log_2_0,3,951.1278940800786,118,33.53767395019531,100,0.011659017627005861,0.011659017627005861,0.011659017627005861,delayed_log_2_0,mu_schedule,6,0.0,0.0,0.0,full_mu_schedule_delayed_log_2_0_rep06,94006,951.1278940800786
silu,1,delayed_log_2_0,3,944.4069090980167,119,35.489747047424316,100,0.010801205090174919,0.010801205090174919,0.010801205090174919,delayed_log_2_0,mu_schedule,6,0.0,0.0,0.0,full_mu_schedule_delayed_log_2_0_rep06,94006,944.4069090980167
silu,1,delayed_log_2_0,3,945.5064589063117,120,33.17395496368408,100,0.010000000000000004,0.010000000000000004,0.010000000000000004,delayed_log_2_0,mu_schedule,6,0.0,0.0,0.0,full_mu_schedule_delayed_log_2_0_rep06,94006,945.5064589063117
silu,1,delayed_log_2_0,3,919.9665162803115,121,32.71137499809265,100,0.010000000000000004,0.010000000000000004,0.0,delayed_log_2_0,mu_schedule,6,0.0,0.0,0.0,full_mu_schedule_delayed_log_2_0_rep06,94006,919.9665162803115
silu,1,delayed_log_2_0,3,921.4499518722009,122,28.580410957336426,100,0.010000000000000004,0.010000000000000004,0.0,delayed_log_2_0,mu_schedule,6,0.0,0.0,0.0,full_mu_schedule_delayed_log_2_0_rep06,94006,921.4499518722009
silu,1,delayed_log_2_0,3,914.1320123179294,123,28.616007089614868,100,0.010000000000000004,0.010000000000000004,0.0,delayed_log_2_0,mu_schedule,6,0.0,0.0,0.0,full_mu_schedule_delayed_log_2_0_rep06,94006,914.1320123179294
silu,1,delayed_log_2_0,3,917.196883694814,124,30.032558917999268,100,0.010000000000000004,0.010000000000000004,0.0,delayed_log_2_0,mu_schedule,6,0.0,0.0,0.0,full_mu_schedule_delayed_log_2_0_rep06,94006,917.196883694814
silu,1,delayed_log_2_0,3,913.9267075754993,125,28.935272932052612,100,0.010000000000000004,0.010000000000000004,0.0,delayed_log_2_0,mu_schedule,6,0.0,0.0,0.0,full_mu_schedule_delayed_log_2_0_rep06,94006,913.9267075754993
silu,1,delayed_log_2_0,3,923.8440716711494,126,29.796397924423218,100,0.010000000000000004,0.010000000000000004,0.0,delayed_log_2_0,mu_schedule,6,0.0,0.0,0.0,full_mu_schedule_delayed_log_2_0_rep06,94006,923.8440716711494
silu,1,delayed_log_2_0,3,927.4598570272091,127,30.580711126327515,100,0.010000000000000004,0.010000000000000004,0.0,delayed_log_2_0,mu_schedule,6,0.0,0.0,0.0,full_mu_schedule_delayed_log_2_0_rep06,94006,927.4598570272091
silu,1,delayed_log_2_0,3,915.1178425832487,128,29.787122011184692,100,0.010000000000000004,0.010000000000000004,0.0,delayed_log_2_0,mu_schedule,6,0.0,0.0,0.0,full_mu_schedule_delayed_log_2_0_rep06,94006,915.1178425832487
silu,1,delayed_log_2_0,3,917.0205847757019,129,30.713567972183228,100,0.010000000000000004,0.010000000000000004,0.0,delayed_log_2_0,mu_schedule,6,0.0,0.0,0.0,full_mu_schedule_delayed_log_2_0_rep06,94006,917.0205847757019
silu,1,delayed_log_2_0,3,918.7182019924162,130,30.15634512901306,100,0.010000000000000004,0.010000000000000004,0.0,delayed_log_2_0,mu_schedule,6,0.0,0.0,0.0,full_mu_schedule_delayed_log_2_0_rep06,94006,918.7182019924162
silu,1,warmup20_geometric,3,1829.6516454297227,1,97.58832597732544,100,1.0,1.0,1.0,warmup20_geometric,mu_schedule,1,0.0,0.0,0.0,full_mu_schedule_warmup20_geometric_rep01,94001,1829.6516454297227
silu,1,warmup20_geometric,3,981.8446768739295,2,29.100876808166504,100,1.0,1.0,1.0,warmup20_geometric,mu_schedule,1,0.0,0.0,0.0,full_mu_schedule_warmup20_geometric_rep01,94001,981.8446768739295
silu,1,warmup20_geometric,3,959.7478925456226,3,30.814067125320435,100,1.0,1.0,1.0,warmup20_geometric,mu_schedule,1,0.0,0.0,0.0,full_mu_schedule_warmup20_geometric_rep01,94001,959.7478925456226
silu,1,warmup20_geometric,3,947.0065888552172,4,28.753314971923828,100,1.0,1.0,1.0,warmup20_geometric,mu_schedule,1,0.0,0.0,0.0,full_mu_schedule_warmup20_geometric_rep01,94001,947.0065888552172
silu,1,warmup20_geometric,3,943.7988354644476,5,27.62481188774109,100,1.0,1.0,1.0,warmup20_geometric,mu_schedule,1,0.0,0.0,0.0,full_mu_schedule_warmup20_geometric_rep01,94001,943.7988354644476
silu,1,warmup20_geometric,3,941.3245426657965,6,28.56143593788147,100,1.0,1.0,1.0,warmup20_geometric,mu_schedule,1,0.0,0.0,0.0,full_mu_schedule_warmup20_geometric_rep01,94001,941.3245426657965
silu,1,warmup20_geometric,3,939.1416191200724,7,28.43828296661377,100,1.0,1.0,1.0,warmup20_geometric,mu_schedule,1,0.0,0.0,0.0,full_mu_schedule_warmup20_geometric_rep01,94001,939.1416191200724
silu,1,warmup20_geometric,3,937.1963413870875,8,27.102563858032227,100,1.0,1.0,1.0,warmup20_geometric,mu_schedule,1,0.0,0.0,0.0,full_mu_schedule_warmup20_geometric_rep01,94001,937.1963413870875
silu,1,warmup20_geometric,3,935.7933102906036,9,28.317813873291016,100,1.0,1.0,1.0,warmup20_geometric,mu_schedule,1,0.0,0.0,0.0,full_mu_schedule_warmup20_geometric_rep01,94001,935.7933102906036
silu,1,warmup20_geometric,3,934.9101461587911,10,29.570801973342896,100,1.0,1.0,1.0,warmup20_geometric,mu_schedule,1,0.0,0.0,0.0,full_mu_schedule_warmup20_geometric_rep01,94001,934.9101461587911
silu,1,warmup20_geometric,3,934.3774488589805,11,27.08924102783203,100,1.0,1.0,1.0,warmup20_geometric,mu_schedule,1,0.0,0.0,0.0,full_mu_schedule_warmup20_geometric_rep01,94001,934.3774488589805
silu,1,warmup20_geometric,3,934.0512610106712,12,27.31556010246277,100,1.0,1.0,1.0,warmup20_geometric,mu_schedule,1,0.0,0.0,0.0,full_mu_schedule_warmup20_geometric_rep01,94001,934.0512610106712
silu,1,warmup20_geometric,3,933.8535355595054,13,27.595876932144165,100,1.0,1.0,1.0,warmup20_geometric,mu_schedule,1,0.0,0.0,0.0,full_mu_schedule_warmup20_geometric_rep01,94001,933.8535355595054
silu,1,warmup20_geometric,3,933.7460977470357,14,27.804696798324585,100,1.0,1.0,1.0,warmup20_geometric,mu_schedule,1,0.0,0.0,0.0,full_mu_schedule_warmup20_geometric_rep01,94001,933.7460977470357
silu,1,warmup20_geometric,3,933.6878869833236,15,28.246408939361572,100,1.0,1.0,1.0,warmup20_geometric,mu_schedule,1,0.0,0.0,0.0,full_mu_schedule_warmup20_geometric_rep01,94001,933.6878869833236
silu,1,warmup20_geometric,3,933.6999154026946,16,26.732211112976074,100,1.0,1.0,1.0,warmup20_geometric,mu_schedule,1,0.0,0.0,0.0,full_mu_schedule_warmup20_geometric_rep01,94001,933.6999154026946
silu,1,warmup20_geometric,3,933.797191818096,17,28.45854091644287,100,1.0,1.0,1.0,warmup20_geometric,mu_schedule,1,0.0,0.0,0.0,full_mu_schedule_warmup20_geometric_rep01,94001,933.797191818096
silu,1,warmup20_geometric,3,933.934600019828,18,27.177063941955566,100,1.0,1.0,1.0,warmup20_geometric,mu_schedule,1,0.0,0.0,0.0,full_mu_schedule_warmup20_geometric_rep01,94001,933.934600019828
silu,1,warmup20_geometric,3,934.1393842192579,19,28.557059049606323,100,1.0,1.0,1.0,warmup20_geometric,mu_schedule,1,0.0,0.0,0.0,full_mu_schedule_warmup20_geometric_rep01,94001,934.1393842192579
silu,1,warmup20_geometric,3,934.3691594726737,20,28.027348041534424,100,1.0,1.0,1.0,warmup20_geometric,mu_schedule,1,0.0,0.0,0.0,full_mu_schedule_warmup20_geometric_rep01,94001,934.3691594726737
silu,1,warmup20_geometric,3,953.2842959713519,21,27.28384494781494,100,0.954992586021436,0.954992586021436,0.954992586021436,warmup20_geometric,mu_schedule,1,0.0,0.0,0.0,full_mu_schedule_warmup20_geometric_rep01,94001,953.2842959713519
silu,1,warmup20_geometric,3,970.5516861606734,22,27.469653129577637,100,0.9120108393559098,0.9120108393559098,0.9120108393559098,warmup20_geometric,mu_schedule,1,0.0,0.0,0.0,full_mu_schedule_warmup20_geometric_rep01,94001,970.5516861606734
silu,1,warmup20_geometric,3,986.2840213041113,23,26.96725296974182,100,0.8709635899560807,0.8709635899560807,0.8709635899560807,warmup20_geometric,mu_schedule,1,0.0,0.0,0.0,full_mu_schedule_warmup20_geometric_rep01,94001,986.2840213041113
silu,1,warmup20_geometric,3,1000.561440930291,24,27.19304394721985,100,0.831763771102671,0.831763771102671,0.831763771102671,warmup20_geometric,mu_schedule,1,0.0,0.0,0.0,full_mu_schedule_warmup20_geometric_rep01,94001,1000.561440930291
silu,1,warmup20_geometric,3,1013.4912184262143,25,27.971165895462036,100,0.7943282347242815,0.7943282347242815,0.7943282347242815,warmup20_geometric,mu_schedule,1,0.0,0.0,0.0,full_mu_schedule_warmup20_geometric_rep01,94001,1013.4912184262143
silu,1,warmup20_geometric,3,1025.1877420774729,26,26.831220149993896,100,0.7585775750291838,0.7585775750291838,0.7585775750291838,warmup20_geometric,mu_schedule,1,0.0,0.0,0.0,full_mu_schedule_warmup20_geometric_rep01,94001,1025.1877420774729
silu,1,warmup20_geometric,3,1035.7179021944653,27,27.398854970932007,100,0.7244359600749901,0.7244359600749901,0.7244359600749901,warmup20_geometric,mu_schedule,1,0.0,0.0,0.0,full_mu_schedule_warmup20_geometric_rep01,94001,1035.7179021944653
silu,1,warmup20_geometric,3,1045.185093122528,28,27.31349515914917,100,0.6918309709189365,0.6918309709189365,0.6918309709189365,warmup20_geometric,mu_schedule,1,0.0,0.0,0.0,full_mu_schedule_warmup20_geometric_rep01,94001,1045.185093122528
silu,1,warmup20_geometric,3,1053.6957692931128,29,27.650771856307983,100,0.660693448007596,0.660693448007596,0.660693448007596,warmup20_geometric,mu_schedule,1,0.0,0.0,0.0,full_mu_schedule_warmup20_geometric_rep01,94001,1053.6957692931128
silu,1,warmup20_geometric,3,1061.391242335023,30,27.50030016899109,100,0.6309573444801932,0.6309573444801932,0.6309573444801932,warmup20_geometric,mu_schedule,1,0.0,0.0,0.0,full_mu_schedule_warmup20_geometric_rep01,94001,1061.391242335023
silu,1,warmup20_geometric,3,1068.2640115762435,31,27.43647289276123,100,0.6025595860743578,0.6025595860743578,0.6025595860743578,warmup20_geometric,mu_schedule,1,0.0,0.0,0.0,full_mu_schedule_warmup20_geometric_rep01,94001,1068.2640115762435
silu,1,warmup20_geometric,3,1074.4935141715353,32,28.885200023651123,100,0.5754399373371569,0.5754399373371569,0.5754399373371569,warmup20_geometric,mu_schedule,1,0.0,0.0,0.0,full_mu_schedule_warmup20_geometric_rep01,94001,1074.4935141715353
silu,1,warmup20_geometric,3,1080.1366070056313,33,26.553886890411377,100,0.5495408738576246,0.5495408738576246,0.5495408738576246,warmup20_geometric,mu_schedule,1,0.0,0.0,0.0,full_mu_schedule_warmup20_geometric_rep01,94001,1080.1366070056313
silu,1,warmup20_geometric,3,1085.0938338413084,34,28.028878927230835,100,0.5248074602497727,0.5248074602497727,0.5248074602497727,warmup20_geometric,mu_schedule,1,0.0,0.0,0.0,full_mu_schedule_warmup20_geometric_rep01,94001,1085.0938338413084
silu,1,warmup20_geometric,3,1089.239614372043,35,27.50272512435913,100,0.5011872336272724,0.5011872336272724,0.5011872336272724,warmup20_geometric,mu_schedule,1,0.0,0.0,0.0,full_mu_schedule_warmup20_geometric_rep01,94001,1089.239614372043
silu,1,warmup20_geometric,3,1092.4357519914752,36,26.386433124542236,100,0.47863009232263837,0.47863009232263837,0.47863009232263837,warmup20_geometric,mu_schedule,1,0.0,0.0,0.0,full_mu_schedule_warmup20_geometric_rep01,94001,1092.4357519914752
silu,1,warmup20_geometric,3,1094.956036578168,37,27.865684986114502,100,0.457088189614875,0.457088189614875,0.457088189614875,warmup20_geometric,mu_schedule,1,0.0,0.0,0.0,full_mu_schedule_warmup20_geometric_rep01,94001,1094.956036578168
silu,1,warmup20_geometric,3,1096.7125097934115,38,26.398250102996826,100,0.436515832240166,0.436515832240166,0.436515832240166,warmup20_geometric,mu_schedule,1,0.0,0.0,0.0,full_mu_schedule_warmup20_geometric_rep01,94001,1096.7125097934115
silu,1,warmup20_geometric,3,1097.6072385851842,39,27.54664897918701,100,0.4168693834703354,0.4168693834703354,0.4168693834703354,warmup20_geometric,mu_schedule,1,0.0,0.0,0.0,full_mu_schedule_warmup20_geometric_rep01,94001,1097.6072385851842
silu,1,warmup20_geometric,3,1097.12948095191,40,26.916236877441406,100,0.39810717055349726,0.39810717055349726,0.39810717055349726,warmup20_geometric,mu_schedule,1,0.0,0.0,0.0,full_mu_schedule_warmup20_geometric_rep01,94001,1097.12948095191
silu,1,warmup20_geometric,3,1094.0426379049377,41,26.76378083229065,100,0.38018939632056126,0.38018939632056126,0.38018939632056126,warmup20_geometric,mu_schedule,1,0.0,0.0,0.0,full_mu_schedule_warmup20_geometric_rep01,94001,1094.0426379049377
silu,1,warmup20_geometric,3,1095.1228238699994,42,27.496346950531006,100,0.3630780547701014,0.3630780547701014,0.3630780547701014,warmup20_geometric,mu_schedule,1,0.0,0.0,0.0,full_mu_schedule_warmup20_geometric_rep01,94001,1095.1228238699994
silu,1,warmup20_geometric,3,1089.1317445637212,43,26.91529393196106,100,0.3467368504525317,0.3467368504525317,0.3467368504525317,warmup20_geometric,mu_schedule,1,0.0,0.0,0.0,full_mu_schedule_warmup20_geometric_rep01,94001,1089.1317445637212
silu,1,warmup20_geometric,3,1087.7680057999125,44,27.301433086395264,100,0.33113112148259116,0.33113112148259116,0.33113112148259116,warmup20_geometric,mu_schedule,1,0.0,0.0,0.0,full_mu_schedule_warmup20_geometric_rep01,94001,1087.7680057999125
silu,1,warmup20_geometric,3,1086.7788357337902,45,26.850297927856445,100,0.316227766016838,0.316227766016838,0.316227766016838,warmup20_geometric,mu_schedule,1,0.0,0.0,0.0,full_mu_schedule_warmup20_geometric_rep01,94001,1086.7788357337902
silu,1,warmup20_geometric,3,1084.9132060653217,46,26.955779790878296,100,0.30199517204020165,0.30199517204020165,0.30199517204020165,warmup20_geometric,mu_schedule,1,0.0,0.0,0.0,full_mu_schedule_warmup20_geometric_rep01,94001,1084.9132060653217
silu,1,warmup20_geometric,3,1094.3133986377316,47,27.06475019454956,100,0.2884031503126606,0.2884031503126606,0.2884031503126606,warmup20_geometric,mu_schedule,1,0.0,0.0,0.0,full_mu_schedule_warmup20_geometric_rep01,94001,1094.3133986377316
silu,1,warmup20_geometric,3,1085.5841685002565,48,26.80477499961853,100,0.2754228703338166,0.2754228703338166,0.2754228703338166,warmup20_geometric,mu_schedule,1,0.0,0.0,0.0,full_mu_schedule_warmup20_geometric_rep01,94001,1085.5841685002565
silu,1,warmup20_geometric,3,1084.7797031106504,49,27.31737995147705,100,0.26302679918953825,0.26302679918953825,0.26302679918953825,warmup20_geometric,mu_schedule,1,0.0,0.0,0.0,full_mu_schedule_warmup20_geometric_rep01,94001,1084.7797031106504
silu,1,warmup20_geometric,3,1078.854410344444,50,27.2513530254364,100,0.25118864315095807,0.25118864315095807,0.25118864315095807,warmup20_geometric,mu_schedule,1,0.0,0.0,0.0,full_mu_schedule_warmup20_geometric_rep01,94001,1078.854410344444
silu,1,warmup20_geometric,3,1076.342923933916,51,27.003486156463623,100,0.23988329190194907,0.23988329190194907,0.23988329190194907,warmup20_geometric,mu_schedule,1,0.0,0.0,0.0,full_mu_schedule_warmup20_geometric_rep01,94001,1076.342923933916
silu,1,warmup20_geometric,3,1071.386515865427,52,27.277579069137573,100,0.22908676527677732,0.22908676527677732,0.22908676527677732,warmup20_geometric,mu_schedule,1,0.0,0.0,0.0,full_mu_schedule_warmup20_geometric_rep01,94001,1071.386515865427
silu,1,warmup20_geometric,3,1069.740134907511,53,26.736649990081787,100,0.2187761623949553,0.2187761623949553,0.2187761623949553,warmup20_geometric,mu_schedule,1,0.0,0.0,0.0,full_mu_schedule_warmup20_geometric_rep01,94001,1069.740134907511
silu,1,warmup20_geometric,3,1066.7955854689121,54,28.580715894699097,100,0.20892961308540395,0.20892961308540395,0.20892961308540395,warmup20_geometric,mu_schedule,1,0.0,0.0,0.0,full_mu_schedule_warmup20_geometric_rep01,94001,1066.7955854689121
silu,1,warmup20_geometric,3,1063.4307214164096,55,26.987442016601562,100,0.199526231496888,0.199526231496888,0.199526231496888,warmup20_geometric,mu_schedule,1,0.0,0.0,0.0,full_mu_schedule_warmup20_geometric_rep01,94001,1063.4307214164096
silu,1,warmup20_geometric,3,1068.665580958116,56,26.518703937530518,100,0.19054607179632477,0.19054607179632477,0.19054607179632477,warmup20_geometric,mu_schedule,1,0.0,0.0,0.0,full_mu_schedule_warmup20_geometric_rep01,94001,1068.665580958116
silu,1,warmup20_geometric,3,1054.3278473401024,57,28.014217853546143,100,0.1819700858609984,0.1819700858609984,0.1819700858609984,warmup20_geometric,mu_schedule,1,0.0,0.0,0.0,full_mu_schedule_warmup20_geometric_rep01,94001,1054.3278473401024
silu,1,warmup20_geometric,3,1058.6102680198173,58,26.5294930934906,100,0.17378008287493757,0.17378008287493757,0.17378008287493757,warmup20_geometric,mu_schedule,1,0.0,0.0,0.0,full_mu_schedule_warmup20_geometric_rep01,94001,1058.6102680198173
silu,1,warmup20_geometric,3,1049.3076755748073,59,27.11160922050476,100,0.16595869074375608,0.16595869074375608,0.16595869074375608,warmup20_geometric,mu_schedule,1,0.0,0.0,0.0,full_mu_schedule_warmup20_geometric_rep01,94001,1049.3076755748073
silu,1,warmup20_geometric,3,1050.5015002119094,60,26.771487951278687,100,0.15848931924611137,0.15848931924611137,0.15848931924611137,warmup20_geometric,mu_schedule,1,0.0,0.0,0.0,full_mu_schedule_warmup20_geometric_rep01,94001,1050.5015002119094
silu,1,warmup20_geometric,3,1042.7598243083955,61,26.913105964660645,100,0.15135612484362085,0.15135612484362085,0.15135612484362085,warmup20_geometric,mu_schedule,1,0.0,0.0,0.0,full_mu_schedule_warmup20_geometric_rep01,94001,1042.7598243083955
silu,1,warmup20_geometric,3,1039.072404599884,62,27.570296049118042,100,0.1445439770745928,0.1445439770745928,0.1445439770745928,warmup20_geometric,mu_schedule,1,0.0,0.0,0.0,full_mu_schedule_warmup20_geometric_rep01,94001,1039.072404599884
silu,1,warmup20_geometric,3,1041.8914410047648,63,27.301703929901123,100,0.13803842646028852,0.13803842646028852,0.13803842646028852,warmup20_geometric,mu_schedule,1,0.0,0.0,0.0,full_mu_schedule_warmup20_geometric_rep01,94001,1041.8914410047648
silu,1,warmup20_geometric,3,1032.374305571154,64,26.721776008605957,100,0.13182567385564076,0.13182567385564076,0.13182567385564076,warmup20_geometric,mu_schedule,1,0.0,0.0,0.0,full_mu_schedule_warmup20_geometric_rep01,94001,1032.374305571154
silu,1,warmup20_geometric,3,1027.1353366779992,65,27.68949604034424,100,0.12589254117941673,0.12589254117941673,0.12589254117941673,warmup20_geometric,mu_schedule,1,0.0,0.0,0.0,full_mu_schedule_warmup20_geometric_rep01,94001,1027.1353366779992
silu,1,warmup20_geometric,3,1023.1963142378637,66,26.138516902923584,100,0.12022644346174133,0.12022644346174133,0.12022644346174133,warmup20_geometric,mu_schedule,1,0.0,0.0,0.0,full_mu_schedule_warmup20_geometric_rep01,94001,1023.1963142378637
silu,1,warmup20_geometric,3,1020.6331380785517,67,28.122346878051758,100,0.11481536214968828,0.11481536214968828,0.11481536214968828,warmup20_geometric,mu_schedule,1,0.0,0.0,0.0,full_mu_schedule_warmup20_geometric_rep01,94001,1020.6331380785517
silu,1,warmup20_geometric,3,1016.9263125935779,68,27.505529165267944,100,0.10964781961431853,0.10964781961431853,0.10964781961431853,warmup20_geometric,mu_schedule,1,0.0,0.0,0.0,full_mu_schedule_warmup20_geometric_rep01,94001,1016.9263125935779
silu,1,warmup20_geometric,3,1011.4508433756955,69,26.481251001358032,100,0.10471285480508996,0.10471285480508996,0.10471285480508996,warmup20_geometric,mu_schedule,1,0.0,0.0,0.0,full_mu_schedule_warmup20_geometric_rep01,94001,1011.4508433756955
silu,1,warmup20_geometric,3,1003.5778831457081,70,27.61612606048584,100,0.10000000000000002,0.10000000000000002,0.10000000000000002,warmup20_geometric,mu_schedule,1,0.0,0.0,0.0,full_mu_schedule_warmup20_geometric_rep01,94001,1003.5778831457081
silu,1,warmup20_geometric,3,1012.3162093749627,71,26.752599954605103,100,0.09549925860214363,0.09549925860214363,0.09549925860214363,warmup20_geometric,mu_schedule,1,0.0,0.0,0.0,full_mu_schedule_warmup20_geometric_rep01,94001,1012.3162093749627
silu,1,warmup20_geometric,3,999.1073141201325,72,28.169588088989258,100,0.091201083935591,0.091201083935591,0.091201083935591,warmup20_geometric,mu_schedule,1,0.0,0.0,0.0,full_mu_schedule_warmup20_geometric_rep01,94001,999.1073141201325
silu,1,warmup20_geometric,3,996.9307756226549,73,28.869908094406128,100,0.0870963589956081,0.0870963589956081,0.0870963589956081,warmup20_geometric,mu_schedule,1,0.0,0.0,0.0,full_mu_schedule_warmup20_geometric_rep01,94001,996.9307756226549
silu,1,warmup20_geometric,3,993.7640100039359,74,27.33938717842102,100,0.08317637711026711,0.08317637711026711,0.08317637711026711,warmup20_geometric,mu_schedule,1,0.0,0.0,0.0,full_mu_schedule_warmup20_geometric_rep01,94001,993.7640100039359
silu,1,warmup20_geometric,3,999.2526775633442,75,28.20476508140564,100,0.07943282347242818,0.07943282347242818,0.07943282347242818,warmup20_geometric,mu_schedule,1,0.0,0.0,0.0,full_mu_schedule_warmup20_geometric_rep01,94001,999.2526775633442
silu,1,warmup20_geometric,3,984.8754388908902,76,28.979088068008423,100,0.07585775750291839,0.07585775750291839,0.07585775750291839,warmup20_geometric,mu_schedule,1,0.0,0.0,0.0,full_mu_schedule_warmup20_geometric_rep01,94001,984.8754388908902
silu,1,warmup20_geometric,3,985.7625749891749,77,27.190847158432007,100,0.07244359600749903,0.07244359600749903,0.07244359600749903,warmup20_geometric,mu_schedule,1,0.0,0.0,0.0,full_mu_schedule_warmup20_geometric_rep01,94001,985.7625749891749
silu,1,warmup20_geometric,3,983.4844433898511,78,28.617488145828247,100,0.06918309709189367,0.06918309709189367,0.06918309709189367,warmup20_geometric,mu_schedule,1,0.0,0.0,0.0,full_mu_schedule_warmup20_geometric_rep01,94001,983.4844433898511
silu,1,warmup20_geometric,3,992.7686595769086,79,28.054308891296387,100,0.06606934480075961,0.06606934480075961,0.06606934480075961,warmup20_geometric,mu_schedule,1,0.0,0.0,0.0,full_mu_schedule_warmup20_geometric_rep01,94001,992.7686595769086
silu,1,warmup20_geometric,3,973.0781377558128,80,27.179730892181396,100,0.06309573444801934,0.06309573444801934,0.06309573444801934,warmup20_geometric,mu_schedule,1,0.0,0.0,0.0,full_mu_schedule_warmup20_geometric_rep01,94001,973.0781377558128
silu,1,warmup20_geometric,3,974.8820834857692,81,28.340864896774292,100,0.06025595860743578,0.06025595860743578,0.06025595860743578,warmup20_geometric,mu_schedule,1,0.0,0.0,0.0,full_mu_schedule_warmup20_geometric_rep01,94001,974.8820834857692
silu,1,warmup20_geometric,3,968.8315259204429,82,27.09647798538208,100,0.05754399373371571,0.05754399373371571,0.05754399373371571,warmup20_geometric,mu_schedule,1,0.0,0.0,0.0,full_mu_schedule_warmup20_geometric_rep01,94001,968.8315259204429
silu,1,warmup20_geometric,3,970.8804106421848,83,28.062115907669067,100,0.05495408738576248,0.05495408738576248,0.05495408738576248,warmup20_geometric,mu_schedule,1,0.0,0.0,0.0,full_mu_schedule_warmup20_geometric_rep01,94001,970.8804106421848
silu,1,warmup20_geometric,3,967.5119916853038,84,28.872247219085693,100,0.05248074602497727,0.05248074602497727,0.05248074602497727,warmup20_geometric,mu_schedule,1,0.0,0.0,0.0,full_mu_schedule_warmup20_geometric_rep01,94001,967.5119916853038
silu,1,warmup20_geometric,3,976.8468766193031,85,28.68307089805603,100,0.05011872336272725,0.05011872336272725,0.05011872336272725,warmup20_geometric,mu_schedule,1,0.0,0.0,0.0,full_mu_schedule_warmup20_geometric_rep01,94001,976.8468766193031
silu,1,warmup20_geometric,3,960.7484789963518,86,28.628216981887817,100,0.047863009232263845,0.047863009232263845,0.047863009232263845,warmup20_geometric,mu_schedule,1,0.0,0.0,0.0,full_mu_schedule_warmup20_geometric_rep01,94001,960.7484789963518
silu,1,warmup20_geometric,3,960.0264242135147,87,28.95674705505371,100,0.04570881896148752,0.04570881896148752,0.04570881896148752,warmup20_geometric,mu_schedule,1,0.0,0.0,0.0,full_mu_schedule_warmup20_geometric_rep01,94001,960.0264242135147
silu,1,warmup20_geometric,3,955.7932189235211,88,28.441751956939697,100,0.043651583224016605,0.043651583224016605,0.043651583224016605,warmup20_geometric,mu_schedule,1,0.0,0.0,0.0,full_mu_schedule_warmup20_geometric_rep01,94001,955.7932189235211
silu,1,warmup20_geometric,3,947.4814363251458,89,28.933021068572998,100,0.041686938347033554,0.041686938347033554,0.041686938347033554,warmup20_geometric,mu_schedule,1,0.0,0.0,0.0,full_mu_schedule_warmup20_geometric_rep01,94001,947.4814363251458
silu,1,warmup20_geometric,3,949.8347340053681,90,29.026854991912842,100,0.03981071705534975,0.03981071705534975,0.03981071705534975,warmup20_geometric,mu_schedule,1,0.0,0.0,0.0,full_mu_schedule_warmup20_geometric_rep01,94001,949.8347340053681
silu,1,warmup20_geometric,3,952.2847086754842,91,28.41762089729309,100,0.03801893963205613,0.03801893963205613,0.03801893963205613,warmup20_geometric,mu_schedule,1,0.0,0.0,0.0,full_mu_schedule_warmup20_geometric_rep01,94001,952.2847086754842
silu,1,warmup20_geometric,3,947.4703388991823,92,28.345428943634033,100,0.03630780547701015,0.03630780547701015,0.03630780547701015,warmup20_geometric,mu_schedule,1,0.0,0.0,0.0,full_mu_schedule_warmup20_geometric_rep01,94001,947.4703388991823
silu,1,warmup20_geometric,3,941.4365221735502,93,29.102561950683594,100,0.03467368504525317,0.03467368504525317,0.03467368504525317,warmup20_geometric,mu_schedule,1,0.0,0.0,0.0,full_mu_schedule_warmup20_geometric_rep01,94001,941.4365221735502
silu,1,warmup20_geometric,3,940.3851654995702,94,29.757049083709717,100,0.03311311214825912,0.03311311214825912,0.03311311214825912,warmup20_geometric,mu_schedule,1,0.0,0.0,0.0,full_mu_schedule_warmup20_geometric_rep01,94001,940.3851654995702
silu,1,warmup20_geometric,3,941.1994568267642,95,28.088712215423584,100,0.0316227766016838,0.0316227766016838,0.0316227766016838,warmup20_geometric,mu_schedule,1,0.0,0.0,0.0,full_mu_schedule_warmup20_geometric_rep01,94001,941.1994568267642
silu,1,warmup20_geometric,3,935.2534717069169,96,29.202632904052734,100,0.03019951720402017,0.03019951720402017,0.03019951720402017,warmup20_geometric,mu_schedule,1,0.0,0.0,0.0,full_mu_schedule_warmup20_geometric_rep01,94001,935.2534717069169
silu,1,warmup20_geometric,3,939.2445856479677,97,30.32949709892273,100,0.028840315031266075,0.028840315031266075,0.028840315031266075,warmup20_geometric,mu_schedule,1,0.0,0.0,0.0,full_mu_schedule_warmup20_geometric_rep01,94001,939.2445856479677
silu,1,warmup20_geometric,3,929.0968233054265,98,28.72203493118286,100,0.02754228703338167,0.02754228703338167,0.02754228703338167,warmup20_geometric,mu_schedule,1,0.0,0.0,0.0,full_mu_schedule_warmup20_geometric_rep01,94001,929.0968233054265
silu,1,warmup20_geometric,3,932.094569127898,99,29.62136197090149,100,0.026302679918953832,0.026302679918953832,0.026302679918953832,warmup20_geometric,mu_schedule,1,0.0,0.0,0.0,full_mu_schedule_warmup20_geometric_rep01,94001,932.094569127898
silu,1,warmup20_geometric,3,926.7009753796099,100,30.173386096954346,100,0.025118864315095805,0.025118864315095805,0.025118864315095805,warmup20_geometric,mu_schedule,1,0.0,0.0,0.0,full_mu_schedule_warmup20_geometric_rep01,94001,926.7009753796099
silu,1,warmup20_geometric,3,932.0581837388276,101,29.156420946121216,100,0.023988329190194915,0.023988329190194915,0.023988329190194915,warmup20_geometric,mu_schedule,1,0.0,0.0,0.0,full_mu_schedule_warmup20_geometric_rep01,94001,932.0581837388276
silu,1,warmup20_geometric,3,922.257653330126,102,29.272412061691284,100,0.022908676527677745,0.022908676527677745,0.022908676527677745,warmup20_geometric,mu_schedule,1,0.0,0.0,0.0,full_mu_schedule_warmup20_geometric_rep01,94001,922.257653330126
silu,1,warmup20_geometric,3,919.8029443441138,103,29.678860902786255,100,0.021877616239495534,0.021877616239495534,0.021877616239495534,warmup20_geometric,mu_schedule,1,0.0,0.0,0.0,full_mu_schedule_warmup20_geometric_rep01,94001,919.8029443441138
silu,1,warmup20_geometric,3,925.0223671287926,104,29.072282791137695,100,0.020892961308540407,0.020892961308540407,0.020892961308540407,warmup20_geometric,mu_schedule,1,0.0,0.0,0.0,full_mu_schedule_warmup20_geometric_rep01,94001,925.0223671287926
silu,1,warmup20_geometric,3,916.581263290821,105,29.685777187347412,100,0.019952623149688802,0.019952623149688802,0.019952623149688802,warmup20_geometric,mu_schedule,1,0.0,0.0,0.0,full_mu_schedule_warmup20_geometric_rep01,94001,916.581263290821
silu,1,warmup20_geometric,3,918.8994463377643,106,29.751792907714844,100,0.01905460717963248,0.01905460717963248,0.01905460717963248,warmup20_geometric,mu_schedule,1,0.0,0.0,0.0,full_mu_schedule_warmup20_geometric_rep01,94001,918.8994463377643
silu,1,warmup20_geometric,3,912.1831701717279,107,28.899942874908447,100,0.018197008586099846,0.018197008586099846,0.018197008586099846,warmup20_geometric,mu_schedule,1,0.0,0.0,0.0,full_mu_schedule_warmup20_geometric_rep01,94001,912.1831701717279
silu,1,warmup20_geometric,3,907.98174247134,108,30.061989068984985,100,0.01737800828749377,0.01737800828749377,0.01737800828749377,warmup20_geometric,mu_schedule,1,0.0,0.0,0.0,full_mu_schedule_warmup20_geometric_rep01,94001,907.98174247134
silu,1,warmup20_geometric,3,912.9680529798003,109,30.002145051956177,100,0.01659586907437561,0.01659586907437561,0.01659586907437561,warmup20_geometric,mu_schedule,1,0.0,0.0,0.0,full_mu_schedule_warmup20_geometric_rep01,94001,912.9680529798003
silu,1,warmup20_geometric,3,905.1559933079811,110,28.80230402946472,100,0.01584893192461114,0.01584893192461114,0.01584893192461114,warmup20_geometric,mu_schedule,1,0.0,0.0,0.0,full_mu_schedule_warmup20_geometric_rep01,94001,905.1559933079811
silu,1,warmup20_geometric,3,917.6503173607438,111,29.6357581615448,100,0.01513561248436209,0.01513561248436209,0.01513561248436209,warmup20_geometric,mu_schedule,1,0.0,0.0,0.0,full_mu_schedule_warmup20_geometric_rep01,94001,917.6503173607438
silu,1,warmup20_geometric,3,903.0713081928942,112,29.950520992279053,100,0.014454397707459285,0.014454397707459285,0.014454397707459285,warmup20_geometric,mu_schedule,1,0.0,0.0,0.0,full_mu_schedule_warmup20_geometric_rep01,94001,903.0713081928942
silu,1,warmup20_geometric,3,903.6359539237924,113,29.928940057754517,100,0.013803842646028849,0.013803842646028849,0.013803842646028849,warmup20_geometric,mu_schedule,1,0.0,0.0,0.0,full_mu_schedule_warmup20_geometric_rep01,94001,903.6359539237924
silu,1,warmup20_geometric,3,908.306633458951,114,29.481940984725952,100,0.013182567385564073,0.013182567385564073,0.013182567385564073,warmup20_geometric,mu_schedule,1,0.0,0.0,0.0,full_mu_schedule_warmup20_geometric_rep01,94001,908.306633458951
silu,1,warmup20_geometric,3,906.722472724877,115,30.68364906311035,100,0.012589254117941677,0.012589254117941677,0.012589254117941677,warmup20_geometric,mu_schedule,1,0.0,0.0,0.0,full_mu_schedule_warmup20_geometric_rep01,94001,906.722472724877
silu,1,warmup20_geometric,3,910.5350496843079,116,30.3648419380188,100,0.012022644346174135,0.012022644346174135,0.012022644346174135,warmup20_geometric,mu_schedule,1,0.0,0.0,0.0,full_mu_schedule_warmup20_geometric_rep01,94001,910.5350496843079
silu,1,warmup20_geometric,3,898.4704206648929,117,30.41784381866455,100,0.011481536214968837,0.011481536214968837,0.011481536214968837,warmup20_geometric,mu_schedule,1,0.0,0.0,0.0,full_mu_schedule_warmup20_geometric_rep01,94001,898.4704206648929
silu,1,warmup20_geometric,3,900.953719398945,118,30.193191051483154,100,0.01096478196143185,0.01096478196143185,0.01096478196143185,warmup20_geometric,mu_schedule,1,0.0,0.0,0.0,full_mu_schedule_warmup20_geometric_rep01,94001,900.953719398945
silu,1,warmup20_geometric,3,897.8220868785045,119,30.579511880874634,100,0.010471285480508997,0.010471285480508997,0.010471285480508997,warmup20_geometric,mu_schedule,1,0.0,0.0,0.0,full_mu_schedule_warmup20_geometric_rep01,94001,897.8220868785045
silu,1,warmup20_geometric,3,898.5701231588308,120,30.2373788356781,100,0.010000000000000004,0.010000000000000004,0.010000000000000004,warmup20_geometric,mu_schedule,1,0.0,0.0,0.0,full_mu_schedule_warmup20_geometric_rep01,94001,898.5701231588308
silu,1,warmup20_geometric,3,880.5391976015476,121,27.861081838607788,100,0.010000000000000004,0.010000000000000004,0.0,warmup20_geometric,mu_schedule,1,0.0,0.0,0.0,full_mu_schedule_warmup20_geometric_rep01,94001,880.5391976015476
silu,1,warmup20_geometric,3,882.996612021391,122,26.034922122955322,100,0.010000000000000004,0.010000000000000004,0.0,warmup20_geometric,mu_schedule,1,0.0,0.0,0.0,full_mu_schedule_warmup20_geometric_rep01,94001,882.996612021391
silu,1,warmup20_geometric,3,878.0492263520417,123,25.508741855621338,100,0.010000000000000004,0.010000000000000004,0.0,warmup20_geometric,mu_schedule,1,0.0,0.0,0.0,full_mu_schedule_warmup20_geometric_rep01,94001,878.0492263520417
silu,1,warmup20_geometric,3,877.8241994091909,124,24.97995400428772,100,0.010000000000000004,0.010000000000000004,0.0,warmup20_geometric,mu_schedule,1,0.0,0.0,0.0,full_mu_schedule_warmup20_geometric_rep01,94001,877.8241994091909
silu,1,warmup20_geometric,3,889.6764143893092,125,25.165437936782837,100,0.010000000000000004,0.010000000000000004,0.0,warmup20_geometric,mu_schedule,1,0.0,0.0,0.0,full_mu_schedule_warmup20_geometric_rep01,94001,889.6764143893092
silu,1,warmup20_geometric,3,875.4880742741044,126,24.966329097747803,100,0.010000000000000004,0.010000000000000004,0.0,warmup20_geometric,mu_schedule,1,0.0,0.0,0.0,full_mu_schedule_warmup20_geometric_rep01,94001,875.4880742741044
silu,1,warmup20_geometric,3,883.6047926946039,127,24.844542026519775,100,0.010000000000000004,0.010000000000000004,0.0,warmup20_geometric,mu_schedule,1,0.0,0.0,0.0,full_mu_schedule_warmup20_geometric_rep01,94001,883.6047926946039
silu,1,warmup20_geometric,3,877.1319026835196,128,25.519817113876343,100,0.010000000000000004,0.010000000000000004,0.0,warmup20_geometric,mu_schedule,1,0.0,0.0,0.0,full_mu_schedule_warmup20_geometric_rep01,94001,877.1319026835196
silu,1,warmup20_geometric,3,884.4422343010597,129,24.735357999801636,100,0.010000000000000004,0.010000000000000004,0.0,warmup20_geometric,mu_schedule,1,0.0,0.0,0.0,full_mu_schedule_warmup20_geometric_rep01,94001,884.4422343010597
silu,1,warmup20_geometric,3,875.5568612021125,130,24.48393988609314,100,0.010000000000000004,0.010000000000000004,0.0,warmup20_geometric,mu_schedule,1,0.0,0.0,0.0,full_mu_schedule_warmup20_geometric_rep01,94001,875.5568612021125
silu,1,warmup20_geometric,3,2005.9435629307598,1,97.66282296180725,100,1.0,1.0,1.0,warmup20_geometric,mu_schedule,2,0.0,0.0,0.0,full_mu_schedule_warmup20_geometric_rep02,94002,2005.9435629307598
silu,1,warmup20_geometric,3,998.7368923253952,2,27.37511396408081,100,1.0,1.0,1.0,warmup20_geometric,mu_schedule,2,0.0,0.0,0.0,full_mu_schedule_warmup20_geometric_rep02,94002,998.7368923253952
silu,1,warmup20_geometric,3,983.043789139596,3,30.34150195121765,100,1.0,1.0,1.0,warmup20_geometric,mu_schedule,2,0.0,0.0,0.0,full_mu_schedule_warmup20_geometric_rep02,94002,983.043789139596
silu,1,warmup20_geometric,3,979.6987434083671,4,28.22477102279663,100,1.0,1.0,1.0,warmup20_geometric,mu_schedule,2,0.0,0.0,0.0,full_mu_schedule_warmup20_geometric_rep02,94002,979.6987434083671
silu,1,warmup20_geometric,3,975.6502333111422,5,27.573253870010376,100,1.0,1.0,1.0,warmup20_geometric,mu_schedule,2,0.0,0.0,0.0,full_mu_schedule_warmup20_geometric_rep02,94002,975.6502333111422
silu,1,warmup20_geometric,3,973.132996106225,6,28.728005170822144,100,1.0,1.0,1.0,warmup20_geometric,mu_schedule,2,0.0,0.0,0.0,full_mu_schedule_warmup20_geometric_rep02,94002,973.132996106225
silu,1,warmup20_geometric,3,970.1471766907324,7,28.85229516029358,100,1.0,1.0,1.0,warmup20_geometric,mu_schedule,2,0.0,0.0,0.0,full_mu_schedule_warmup20_geometric_rep02,94002,970.1471766907324
silu,1,warmup20_geometric,3,968.3236962087674,8,27.062357902526855,100,1.0,1.0,1.0,warmup20_geometric,mu_schedule,2,0.0,0.0,0.0,full_mu_schedule_warmup20_geometric_rep02,94002,968.3236962087674
silu,1,warmup20_geometric,3,967.156223818904,9,27.959022045135498,100,1.0,1.0,1.0,warmup20_geometric,mu_schedule,2,0.0,0.0,0.0,full_mu_schedule_warmup20_geometric_rep02,94002,967.156223818904
silu,1,warmup20_geometric,3,966.3956565754087,10,27.695415019989014,100,1.0,1.0,1.0,warmup20_geometric,mu_schedule,2,0.0,0.0,0.0,full_mu_schedule_warmup20_geometric_rep02,94002,966.3956565754087
silu,1,warmup20_geometric,3,966.2592000851056,11,27.850624799728394,100,1.0,1.0,1.0,warmup20_geometric,mu_schedule,2,0.0,0.0,0.0,full_mu_schedule_warmup20_geometric_rep02,94002,966.2592000851056
silu,1,warmup20_geometric,3,965.9600994516987,12,28.109267950057983,100,1.0,1.0,1.0,warmup20_geometric,mu_schedule,2,0.0,0.0,0.0,full_mu_schedule_warmup20_geometric_rep02,94002,965.9600994516987
silu,1,warmup20_geometric,3,965.6881837986957,13,26.31888198852539,100,1.0,1.0,1.0,warmup20_geometric,mu_schedule,2,0.0,0.0,0.0,full_mu_schedule_warmup20_geometric_rep02,94002,965.6881837986957
silu,1,warmup20_geometric,3,965.4668701289321,14,28.009402990341187,100,1.0,1.0,1.0,warmup20_geometric,mu_schedule,2,0.0,0.0,0.0,full_mu_schedule_warmup20_geometric_rep02,94002,965.4668701289321
silu,1,warmup20_geometric,3,965.3023448489973,15,27.231980085372925,100,1.0,1.0,1.0,warmup20_geometric,mu_schedule,2,0.0,0.0,0.0,full_mu_schedule_warmup20_geometric_rep02,94002,965.3023448489973
silu,1,warmup20_geometric,3,965.17432001167,16,27.54427981376648,100,1.0,1.0,1.0,warmup20_geometric,mu_schedule,2,0.0,0.0,0.0,full_mu_schedule_warmup20_geometric_rep02,94002,965.17432001167
silu,1,warmup20_geometric,3,965.0559636087713,17,27.38804602622986,100,1.0,1.0,1.0,warmup20_geometric,mu_schedule,2,0.0,0.0,0.0,full_mu_schedule_warmup20_geometric_rep02,94002,965.0559636087713
silu,1,warmup20_geometric,3,964.9504585305314,18,28.371290922164917,100,1.0,1.0,1.0,warmup20_geometric,mu_schedule,2,0.0,0.0,0.0,full_mu_schedule_warmup20_geometric_rep02,94002,964.9504585305314
silu,1,warmup20_geometric,3,964.8331983087946,19,27.7945818901062,100,1.0,1.0,1.0,warmup20_geometric,mu_schedule,2,0.0,0.0,0.0,full_mu_schedule_warmup20_geometric_rep02,94002,964.8331983087946
silu,1,warmup20_geometric,3,964.699372075192,20,26.924623012542725,100,1.0,1.0,1.0,warmup20_geometric,mu_schedule,2,0.0,0.0,0.0,full_mu_schedule_warmup20_geometric_rep02,94002,964.699372075192
silu,1,warmup20_geometric,3,983.638595488453,21,28.202309131622314,100,0.954992586021436,0.954992586021436,0.954992586021436,warmup20_geometric,mu_schedule,2,0.0,0.0,0.0,full_mu_schedule_warmup20_geometric_rep02,94002,983.638595488453
silu,1,warmup20_geometric,3,1000.8660853192592,22,27.508113861083984,100,0.9120108393559098,0.9120108393559098,0.9120108393559098,warmup20_geometric,mu_schedule,2,0.0,0.0,0.0,full_mu_schedule_warmup20_geometric_rep02,94002,1000.8660853192592
silu,1,warmup20_geometric,3,1016.5672156924394,23,28.137051105499268,100,0.8709635899560807,0.8709635899560807,0.8709635899560807,warmup20_geometric,mu_schedule,2,0.0,0.0,0.0,full_mu_schedule_warmup20_geometric_rep02,94002,1016.5672156924394
silu,1,warmup20_geometric,3,1030.8307210073099,24,27.33460807800293,100,0.831763771102671,0.831763771102671,0.831763771102671,warmup20_geometric,mu_schedule,2,0.0,0.0,0.0,full_mu_schedule_warmup20_geometric_rep02,94002,1030.8307210073099
silu,1,warmup20_geometric,3,1043.7709568607697,25,27.47520112991333,100,0.7943282347242815,0.7943282347242815,0.7943282347242815,warmup20_geometric,mu_schedule,2,0.0,0.0,0.0,full_mu_schedule_warmup20_geometric_rep02,94002,1043.7709568607697
silu,1,warmup20_geometric,3,1055.46859163745,26,28.288798809051514,100,0.7585775750291838,0.7585775750291838,0.7585775750291838,warmup20_geometric,mu_schedule,2,0.0,0.0,0.0,full_mu_schedule_warmup20_geometric_rep02,94002,1055.46859163745
silu,1,warmup20_geometric,3,1065.9980394955687,27,26.50872302055359,100,0.7244359600749901,0.7244359600749901,0.7244359600749901,warmup20_geometric,mu_schedule,2,0.0,0.0,0.0,full_mu_schedule_warmup20_geometric_rep02,94002,1065.9980394955687
silu,1,warmup20_geometric,3,1075.4824220576363,28,27.877809047698975,100,0.6918309709189365,0.6918309709189365,0.6918309709189365,warmup20_geometric,mu_schedule,2,0.0,0.0,0.0,full_mu_schedule_warmup20_geometric_rep02,94002,1075.4824220576363
silu,1,warmup20_geometric,3,1083.995844517195,29,27.287261962890625,100,0.660693448007596,0.660693448007596,0.660693448007596,warmup20_geometric,mu_schedule,2,0.0,0.0,0.0,full_mu_schedule_warmup20_geometric_rep02,94002,1083.995844517195
silu,1,warmup20_geometric,3,1091.637807388035,30,27.473644971847534,100,0.6309573444801932,0.6309573444801932,0.6309573444801932,warmup20_geometric,mu_schedule,2,0.0,0.0,0.0,full_mu_schedule_warmup20_geometric_rep02,94002,1091.637807388035
silu,1,warmup20_geometric,3,1098.3671624026597,31,28.84848189353943,100,0.6025595860743578,0.6025595860743578,0.6025595860743578,warmup20_geometric,mu_schedule,2,0.0,0.0,0.0,full_mu_schedule_warmup20_geometric_rep02,94002,1098.3671624026597
silu,1,warmup20_geometric,3,1104.155680674709,32,26.99902105331421,100,0.5754399373371569,0.5754399373371569,0.5754399373371569,warmup20_geometric,mu_schedule,2,0.0,0.0,0.0,full_mu_schedule_warmup20_geometric_rep02,94002,1104.155680674709
silu,1,warmup20_geometric,3,1109.0457760733923,33,27.888592958450317,100,0.5495408738576246,0.5495408738576246,0.5495408738576246,warmup20_geometric,mu_schedule,2,0.0,0.0,0.0,full_mu_schedule_warmup20_geometric_rep02,94002,1109.0457760733923
silu,1,warmup20_geometric,3,1112.8998286117078,34,27.160187005996704,100,0.5248074602497727,0.5248074602497727,0.5248074602497727,warmup20_geometric,mu_schedule,2,0.0,0.0,0.0,full_mu_schedule_warmup20_geometric_rep02,94002,1112.8998286117078
silu,1,warmup20_geometric,3,1115.6731703959022,35,27.58267307281494,100,0.5011872336272724,0.5011872336272724,0.5011872336272724,warmup20_geometric,mu_schedule,2,0.0,0.0,0.0,full_mu_schedule_warmup20_geometric_rep02,94002,1115.6731703959022
silu,1,warmup20_geometric,3,1117.1949284295235,36,26.260996103286743,100,0.47863009232263837,0.47863009232263837,0.47863009232263837,warmup20_geometric,mu_schedule,2,0.0,0.0,0.0,full_mu_schedule_warmup20_geometric_rep02,94002,1117.1949284295235
silu,1,warmup20_geometric,3,1122.6552175638371,37,28.04115891456604,100,0.457088189614875,0.457088189614875,0.457088189614875,warmup20_geometric,mu_schedule,2,0.0,0.0,0.0,full_mu_schedule_warmup20_geometric_rep02,94002,1122.6552175638371
silu,1,warmup20_geometric,3,1124.689437584539,38,28.06605100631714,100,0.436515832240166,0.436515832240166,0.436515832240166,warmup20_geometric,mu_schedule,2,0.0,0.0,0.0,full_mu_schedule_warmup20_geometric_rep02,94002,1124.689437584539
silu,1,warmup20_geometric,3,1125.9993321719223,39,27.15530800819397,100,0.4168693834703354,0.4168693834703354,0.4168693834703354,warmup20_geometric,mu_schedule,2,0.0,0.0,0.0,full_mu_schedule_warmup20_geometric_rep02,94002,1125.9993321719223
silu,1,warmup20_geometric,3,1127.7367573373201,40,28.294572830200195,100,0.39810717055349726,0.39810717055349726,0.39810717055349726,warmup20_geometric,mu_schedule,2,0.0,0.0,0.0,full_mu_schedule_warmup20_geometric_rep02,94002,1127.7367573373201
silu,1,warmup20_geometric,3,1128.733395750055,41,27.287473917007446,100,0.38018939632056126,0.38018939632056126,0.38018939632056126,warmup20_geometric,mu_schedule,2,0.0,0.0,0.0,full_mu_schedule_warmup20_geometric_rep02,94002,1128.733395750055
silu,1,warmup20_geometric,3,1126.6079545336145,42,27.925230026245117,100,0.3630780547701014,0.3630780547701014,0.3630780547701014,warmup20_geometric,mu_schedule,2,0.0,0.0,0.0,full_mu_schedule_warmup20_geometric_rep02,94002,1126.6079545336145
silu,1,warmup20_geometric,3,1124.234471282205,43,27.215744972229004,100,0.3467368504525317,0.3467368504525317,0.3467368504525317,warmup20_geometric,mu_schedule,2,0.0,0.0,0.0,full_mu_schedule_warmup20_geometric_rep02,94002,1124.234471282205
silu,1,warmup20_geometric,3,1122.6362110820535,44,28.226138830184937,100,0.33113112148259116,0.33113112148259116,0.33113112148259116,warmup20_geometric,mu_schedule,2,0.0,0.0,0.0,full_mu_schedule_warmup20_geometric_rep02,94002,1122.6362110820535
silu,1,warmup20_geometric,3,1120.7961292177984,45,28.606611967086792,100,0.316227766016838,0.316227766016838,0.316227766016838,warmup20_geometric,mu_schedule,2,0.0,0.0,0.0,full_mu_schedule_warmup20_geometric_rep02,94002,1120.7961292177984
silu,1,warmup20_geometric,3,1111.2078078899417,46,27.248600006103516,100,0.30199517204020165,0.30199517204020165,0.30199517204020165,warmup20_geometric,mu_schedule,2,0.0,0.0,0.0,full_mu_schedule_warmup20_geometric_rep02,94002,1111.2078078899417
silu,1,warmup20_geometric,3,1105.3124996575855,47,28.189674854278564,100,0.2884031503126606,0.2884031503126606,0.2884031503126606,warmup20_geometric,mu_schedule,2,0.0,0.0,0.0,full_mu_schedule_warmup20_geometric_rep02,94002,1105.3124996575855
silu,1,warmup20_geometric,3,1112.6215388547776,48,27.22978687286377,100,0.2754228703338166,0.2754228703338166,0.2754228703338166,warmup20_geometric,mu_schedule,2,0.0,0.0,0.0,full_mu_schedule_warmup20_geometric_rep02,94002,1112.6215388547776
silu,1,warmup20_geometric,3,1106.1619084162596,49,28.501070976257324,100,0.26302679918953825,0.26302679918953825,0.26302679918953825,warmup20_geometric,mu_schedule,2,0.0,0.0,0.0,full_mu_schedule_warmup20_geometric_rep02,94002,1106.1619084162596
silu,1,warmup20_geometric,3,1113.9413200384777,50,28.232558012008667,100,0.25118864315095807,0.25118864315095807,0.25118864315095807,warmup20_geometric,mu_schedule,2,0.0,0.0,0.0,full_mu_schedule_warmup20_geometric_rep02,94002,1113.9413200384777
silu,1,warmup20_geometric,3,1107.007509891018,51,26.541010856628418,100,0.23988329190194907,0.23988329190194907,0.23988329190194907,warmup20_geometric,mu_schedule,2,0.0,0.0,0.0,full_mu_schedule_warmup20_geometric_rep02,94002,1107.007509891018
silu,1,warmup20_geometric,3,1097.615081265796,52,27.423979997634888,100,0.22908676527677732,0.22908676527677732,0.22908676527677732,warmup20_geometric,mu_schedule,2,0.0,0.0,0.0,full_mu_schedule_warmup20_geometric_rep02,94002,1097.615081265796
silu,1,warmup20_geometric,3,1093.3637842197634,53,28.520440101623535,100,0.2187761623949553,0.2187761623949553,0.2187761623949553,warmup20_geometric,mu_schedule,2,0.0,0.0,0.0,full_mu_schedule_warmup20_geometric_rep02,94002,1093.3637842197634
silu,1,warmup20_geometric,3,1097.2315070724276,54,27.602365016937256,100,0.20892961308540395,0.20892961308540395,0.20892961308540395,warmup20_geometric,mu_schedule,2,0.0,0.0,0.0,full_mu_schedule_warmup20_geometric_rep02,94002,1097.2315070724276
silu,1,warmup20_geometric,3,1089.3724551428045,55,26.52701687812805,100,0.199526231496888,0.199526231496888,0.199526231496888,warmup20_geometric,mu_schedule,2,0.0,0.0,0.0,full_mu_schedule_warmup20_geometric_rep02,94002,1089.3724551428045
silu,1,warmup20_geometric,3,1084.118299422813,56,27.784538984298706,100,0.19054607179632477,0.19054607179632477,0.19054607179632477,warmup20_geometric,mu_schedule,2,0.0,0.0,0.0,full_mu_schedule_warmup20_geometric_rep02,94002,1084.118299422813
silu,1,warmup20_geometric,3,1078.066891519167,57,28.03370499610901,100,0.1819700858609984,0.1819700858609984,0.1819700858609984,warmup20_geometric,mu_schedule,2,0.0,0.0,0.0,full_mu_schedule_warmup20_geometric_rep02,94002,1078.066891519167
silu,1,warmup20_geometric,3,1075.9942884987984,58,26.39207696914673,100,0.17378008287493757,0.17378008287493757,0.17378008287493757,warmup20_geometric,mu_schedule,2,0.0,0.0,0.0,full_mu_schedule_warmup20_geometric_rep02,94002,1075.9942884987984
silu,1,warmup20_geometric,3,1071.8028471453242,59,27.07326102256775,100,0.16595869074375608,0.16595869074375608,0.16595869074375608,warmup20_geometric,mu_schedule,2,0.0,0.0,0.0,full_mu_schedule_warmup20_geometric_rep02,94002,1071.8028471453242
silu,1,warmup20_geometric,3,1074.0788669065855,60,26.560718059539795,100,0.15848931924611137,0.15848931924611137,0.15848931924611137,warmup20_geometric,mu_schedule,2,0.0,0.0,0.0,full_mu_schedule_warmup20_geometric_rep02,94002,1074.0788669065855
silu,1,warmup20_geometric,3,1066.9193848119605,61,27.498491048812866,100,0.15135612484362085,0.15135612484362085,0.15135612484362085,warmup20_geometric,mu_schedule,2,0.0,0.0,0.0,full_mu_schedule_warmup20_geometric_rep02,94002,1066.9193848119605
silu,1,warmup20_geometric,3,1064.4533816693033,62,27.609731912612915,100,0.1445439770745928,0.1445439770745928,0.1445439770745928,warmup20_geometric,mu_schedule,2,0.0,0.0,0.0,full_mu_schedule_warmup20_geometric_rep02,94002,1064.4533816693033
silu,1,warmup20_geometric,3,1063.0265572868675,63,26.50184202194214,100,0.13803842646028852,0.13803842646028852,0.13803842646028852,warmup20_geometric,mu_schedule,2,0.0,0.0,0.0,full_mu_schedule_warmup20_geometric_rep02,94002,1063.0265572868675
silu,1,warmup20_geometric,3,1058.1892074903742,64,27.189260005950928,100,0.13182567385564076,0.13182567385564076,0.13182567385564076,warmup20_geometric,mu_schedule,2,0.0,0.0,0.0,full_mu_schedule_warmup20_geometric_rep02,94002,1058.1892074903742
silu,1,warmup20_geometric,3,1047.2050875193245,65,26.87865114212036,100,0.12589254117941673,0.12589254117941673,0.12589254117941673,warmup20_geometric,mu_schedule,2,0.0,0.0,0.0,full_mu_schedule_warmup20_geometric_rep02,94002,1047.2050875193245
silu,1,warmup20_geometric,3,1063.1377562136968,66,27.7118239402771,100,0.12022644346174133,0.12022644346174133,0.12022644346174133,warmup20_geometric,mu_schedule,2,0.0,0.0,0.0,full_mu_schedule_warmup20_geometric_rep02,94002,1063.1377562136968
silu,1,warmup20_geometric,3,1059.4846655876395,67,27.60541009902954,100,0.11481536214968828,0.11481536214968828,0.11481536214968828,warmup20_geometric,mu_schedule,2,0.0,0.0,0.0,full_mu_schedule_warmup20_geometric_rep02,94002,1059.4846655876395
silu,1,warmup20_geometric,3,1045.7913519451279,68,26.6922709941864,100,0.10964781961431853,0.10964781961431853,0.10964781961431853,warmup20_geometric,mu_schedule,2,0.0,0.0,0.0,full_mu_schedule_warmup20_geometric_rep02,94002,1045.7913519451279
silu,1,warmup20_geometric,3,1044.703239908421,69,27.925984144210815,100,0.10471285480508996,0.10471285480508996,0.10471285480508996,warmup20_geometric,mu_schedule,2,0.0,0.0,0.0,full_mu_schedule_warmup20_geometric_rep02,94002,1044.703239908421
silu,1,warmup20_geometric,3,1040.2242225498594,70,27.063175201416016,100,0.10000000000000002,0.10000000000000002,0.10000000000000002,warmup20_geometric,mu_schedule,2,0.0,0.0,0.0,full_mu_schedule_warmup20_geometric_rep02,94002,1040.2242225498594
silu,1,warmup20_geometric,3,1036.873196306663,71,27.850834131240845,100,0.09549925860214363,0.09549925860214363,0.09549925860214363,warmup20_geometric,mu_schedule,2,0.0,0.0,0.0,full_mu_schedule_warmup20_geometric_rep02,94002,1036.873196306663
silu,1,warmup20_geometric,3,1033.3276878158044,72,27.558228015899658,100,0.091201083935591,0.091201083935591,0.091201083935591,warmup20_geometric,mu_schedule,2,0.0,0.0,0.0,full_mu_schedule_warmup20_geometric_rep02,94002,1033.3276878158044
silu,1,warmup20_geometric,3,1031.0009089878104,73,26.945630073547363,100,0.0870963589956081,0.0870963589956081,0.0870963589956081,warmup20_geometric,mu_schedule,2,0.0,0.0,0.0,full_mu_schedule_warmup20_geometric_rep02,94002,1031.0009089878104
silu,1,warmup20_geometric,3,1028.0082147575451,74,28.674971103668213,100,0.08317637711026711,0.08317637711026711,0.08317637711026711,warmup20_geometric,mu_schedule,2,0.0,0.0,0.0,full_mu_schedule_warmup20_geometric_rep02,94002,1028.0082147575451
silu,1,warmup20_geometric,3,1024.828881387109,75,28.688467979431152,100,0.07943282347242818,0.07943282347242818,0.07943282347242818,warmup20_geometric,mu_schedule,2,0.0,0.0,0.0,full_mu_schedule_warmup20_geometric_rep02,94002,1024.828881387109
silu,1,warmup20_geometric,3,1020.7977204245575,76,28.1474769115448,100,0.07585775750291839,0.07585775750291839,0.07585775750291839,warmup20_geometric,mu_schedule,2,0.0,0.0,0.0,full_mu_schedule_warmup20_geometric_rep02,94002,1020.7977204245575
silu,1,warmup20_geometric,3,1019.0271241092299,77,28.263901948928833,100,0.07244359600749903,0.07244359600749903,0.07244359600749903,warmup20_geometric,mu_schedule,2,0.0,0.0,0.0,full_mu_schedule_warmup20_geometric_rep02,94002,1019.0271241092299
silu,1,warmup20_geometric,3,1022.9949147494101,78,27.27279305458069,100,0.06918309709189367,0.06918309709189367,0.06918309709189367,warmup20_geometric,mu_schedule,2,0.0,0.0,0.0,full_mu_schedule_warmup20_geometric_rep02,94002,1022.9949147494101
silu,1,warmup20_geometric,3,1007.1283249159284,79,27.904217958450317,100,0.06606934480075961,0.06606934480075961,0.06606934480075961,warmup20_geometric,mu_schedule,2,0.0,0.0,0.0,full_mu_schedule_warmup20_geometric_rep02,94002,1007.1283249159284
silu,1,warmup20_geometric,3,1007.4523490223833,80,27.818777084350586,100,0.06309573444801934,0.06309573444801934,0.06309573444801934,warmup20_geometric,mu_schedule,2,0.0,0.0,0.0,full_mu_schedule_warmup20_geometric_rep02,94002,1007.4523490223833
silu,1,warmup20_geometric,3,1006.848756177132,81,28.16138005256653,100,0.06025595860743578,0.06025595860743578,0.06025595860743578,warmup20_geometric,mu_schedule,2,0.0,0.0,0.0,full_mu_schedule_warmup20_geometric_rep02,94002,1006.848756177132
silu,1,warmup20_geometric,3,1002.8921883449539,82,28.35042405128479,100,0.05754399373371571,0.05754399373371571,0.05754399373371571,warmup20_geometric,mu_schedule,2,0.0,0.0,0.0,full_mu_schedule_warmup20_geometric_rep02,94002,1002.8921883449539
silu,1,warmup20_geometric,3,992.6733362257229,83,27.12679100036621,100,0.05495408738576248,0.05495408738576248,0.05495408738576248,warmup20_geometric,mu_schedule,2,0.0,0.0,0.0,full_mu_schedule_warmup20_geometric_rep02,94002,992.6733362257229
silu,1,warmup20_geometric,3,1010.7188275315751,84,28.86303400993347,100,0.05248074602497727,0.05248074602497727,0.05248074602497727,warmup20_geometric,mu_schedule,2,0.0,0.0,0.0,full_mu_schedule_warmup20_geometric_rep02,94002,1010.7188275315751
silu,1,warmup20_geometric,3,1011.176494798628,85,29.495408058166504,100,0.05011872336272725,0.05011872336272725,0.05011872336272725,warmup20_geometric,mu_schedule,2,0.0,0.0,0.0,full_mu_schedule_warmup20_geometric_rep02,94002,1011.176494798628
silu,1,warmup20_geometric,3,986.391863939736,86,27.612693071365356,100,0.047863009232263845,0.047863009232263845,0.047863009232263845,warmup20_geometric,mu_schedule,2,0.0,0.0,0.0,full_mu_schedule_warmup20_geometric_rep02,94002,986.391863939736
silu,1,warmup20_geometric,3,991.4874074052931,87,28.655961990356445,100,0.04570881896148752,0.04570881896148752,0.04570881896148752,warmup20_geometric,mu_schedule,2,0.0,0.0,0.0,full_mu_schedule_warmup20_geometric_rep02,94002,991.4874074052931
silu,1,warmup20_geometric,3,988.9719757714955,88,28.739691019058228,100,0.043651583224016605,0.043651583224016605,0.043651583224016605,warmup20_geometric,mu_schedule,2,0.0,0.0,0.0,full_mu_schedule_warmup20_geometric_rep02,94002,988.9719757714955
silu,1,warmup20_geometric,3,986.6359433914844,89,28.57617497444153,100,0.041686938347033554,0.041686938347033554,0.041686938347033554,warmup20_geometric,mu_schedule,2,0.0,0.0,0.0,full_mu_schedule_warmup20_geometric_rep02,94002,986.6359433914844
silu,1,warmup20_geometric,3,986.5851510863081,90,28.813325881958008,100,0.03981071705534975,0.03981071705534975,0.03981071705534975,warmup20_geometric,mu_schedule,2,0.0,0.0,0.0,full_mu_schedule_warmup20_geometric_rep02,94002,986.5851510863081
silu,1,warmup20_geometric,3,978.8831730083839,91,29.481091022491455,100,0.03801893963205613,0.03801893963205613,0.03801893963205613,warmup20_geometric,mu_schedule,2,0.0,0.0,0.0,full_mu_schedule_warmup20_geometric_rep02,94002,978.8831730083839
silu,1,warmup20_geometric,3,973.5883384029435,92,28.42296004295349,100,0.03630780547701015,0.03630780547701015,0.03630780547701015,warmup20_geometric,mu_schedule,2,0.0,0.0,0.0,full_mu_schedule_warmup20_geometric_rep02,94002,973.5883384029435
silu,1,warmup20_geometric,3,977.5226353655939,93,29.068599939346313,100,0.03467368504525317,0.03467368504525317,0.03467368504525317,warmup20_geometric,mu_schedule,2,0.0,0.0,0.0,full_mu_schedule_warmup20_geometric_rep02,94002,977.5226353655939
silu,1,warmup20_geometric,3,978.6719638541548,94,29.517428874969482,100,0.03311311214825912,0.03311311214825912,0.03311311214825912,warmup20_geometric,mu_schedule,2,0.0,0.0,0.0,full_mu_schedule_warmup20_geometric_rep02,94002,978.6719638541548
silu,1,warmup20_geometric,3,971.2805375747681,95,28.161721229553223,100,0.0316227766016838,0.0316227766016838,0.0316227766016838,warmup20_geometric,mu_schedule,2,0.0,0.0,0.0,full_mu_schedule_warmup20_geometric_rep02,94002,971.2805375747681
silu,1,warmup20_geometric,3,974.4283897852047,96,29.547587156295776,100,0.03019951720402017,0.03019951720402017,0.03019951720402017,warmup20_geometric,mu_schedule,2,0.0,0.0,0.0,full_mu_schedule_warmup20_geometric_rep02,94002,974.4283897852047
silu,1,warmup20_geometric,3,967.3762228916887,97,29.458178997039795,100,0.028840315031266075,0.028840315031266075,0.028840315031266075,warmup20_geometric,mu_schedule,2,0.0,0.0,0.0,full_mu_schedule_warmup20_geometric_rep02,94002,967.3762228916887
silu,1,warmup20_geometric,3,969.085857792858,98,28.949449062347412,100,0.02754228703338167,0.02754228703338167,0.02754228703338167,warmup20_geometric,mu_schedule,2,0.0,0.0,0.0,full_mu_schedule_warmup20_geometric_rep02,94002,969.085857792858
silu,1,warmup20_geometric,3,963.6825668285509,99,29.722466945648193,100,0.026302679918953832,0.026302679918953832,0.026302679918953832,warmup20_geometric,mu_schedule,2,0.0,0.0,0.0,full_mu_schedule_warmup20_geometric_rep02,94002,963.6825668285509
silu,1,warmup20_geometric,3,981.0900434085045,100,29.51329016685486,100,0.025118864315095805,0.025118864315095805,0.025118864315095805,warmup20_geometric,mu_schedule,2,0.0,0.0,0.0,full_mu_schedule_warmup20_geometric_rep02,94002,981.0900434085045
silu,1,warmup20_geometric,3,955.366312602959,101,28.429244995117188,100,0.023988329190194915,0.023988329190194915,0.023988329190194915,warmup20_geometric,mu_schedule,2,0.0,0.0,0.0,full_mu_schedule_warmup20_geometric_rep02,94002,955.366312602959
silu,1,warmup20_geometric,3,960.7063131590044,102,30.021892070770264,100,0.022908676527677745,0.022908676527677745,0.022908676527677745,warmup20_geometric,mu_schedule,2,0.0,0.0,0.0,full_mu_schedule_warmup20_geometric_rep02,94002,960.7063131590044
silu,1,warmup20_geometric,3,964.4823953660641,103,30.0997371673584,100,0.021877616239495534,0.021877616239495534,0.021877616239495534,warmup20_geometric,mu_schedule,2,0.0,0.0,0.0,full_mu_schedule_warmup20_geometric_rep02,94002,964.4823953660641
silu,1,warmup20_geometric,3,953.7593803453527,104,28.71575093269348,100,0.020892961308540407,0.020892961308540407,0.020892961308540407,warmup20_geometric,mu_schedule,2,0.0,0.0,0.0,full_mu_schedule_warmup20_geometric_rep02,94002,953.7593803453527
silu,1,warmup20_geometric,3,957.8934396571283,105,30.438173055648804,100,0.019952623149688802,0.019952623149688802,0.019952623149688802,warmup20_geometric,mu_schedule,2,0.0,0.0,0.0,full_mu_schedule_warmup20_geometric_rep02,94002,957.8934396571283
silu,1,warmup20_geometric,3,964.6160699000812,106,30.152686834335327,100,0.01905460717963248,0.01905460717963248,0.01905460717963248,warmup20_geometric,mu_schedule,2,0.0,0.0,0.0,full_mu_schedule_warmup20_geometric_rep02,94002,964.6160699000812
silu,1,warmup20_geometric,3,949.4936695519182,107,28.987571954727173,100,0.018197008586099846,0.018197008586099846,0.018197008586099846,warmup20_geometric,mu_schedule,2,0.0,0.0,0.0,full_mu_schedule_warmup20_geometric_rep02,94002,949.4936695519182
silu,1,warmup20_geometric,3,950.4777695198563,108,30.523979902267456,100,0.01737800828749377,0.01737800828749377,0.01737800828749377,warmup20_geometric,mu_schedule,2,0.0,0.0,0.0,full_mu_schedule_warmup20_geometric_rep02,94002,950.4777695198563
silu,1,warmup20_geometric,3,947.1149059748816,109,30.377763986587524,100,0.01659586907437561,0.01659586907437561,0.01659586907437561,warmup20_geometric,mu_schedule,2,0.0,0.0,0.0,full_mu_schedule_warmup20_geometric_rep02,94002,947.1149059748816
silu,1,warmup20_geometric,3,948.8912892690804,110,30.43405508995056,100,0.01584893192461114,0.01584893192461114,0.01584893192461114,warmup20_geometric,mu_schedule,2,0.0,0.0,0.0,full_mu_schedule_warmup20_geometric_rep02,94002,948.8912892690804
silu,1,warmup20_geometric,3,946.5274698737999,111,30.466233015060425,100,0.01513561248436209,0.01513561248436209,0.01513561248436209,warmup20_geometric,mu_schedule,2,0.0,0.0,0.0,full_mu_schedule_warmup20_geometric_rep02,94002,946.5274698737999
silu,1,warmup20_geometric,3,946.2988095442073,112,30.66821599006653,100,0.014454397707459285,0.014454397707459285,0.014454397707459285,warmup20_geometric,mu_schedule,2,0.0,0.0,0.0,full_mu_schedule_warmup20_geometric_rep02,94002,946.2988095442073
silu,1,warmup20_geometric,3,936.2676343168118,113,30.167282104492188,100,0.013803842646028849,0.013803842646028849,0.013803842646028849,warmup20_geometric,mu_schedule,2,0.0,0.0,0.0,full_mu_schedule_warmup20_geometric_rep02,94002,936.2676343168118
silu,1,warmup20_geometric,3,946.5779765951771,114,30.65848994255066,100,0.013182567385564073,0.013182567385564073,0.013182567385564073,warmup20_geometric,mu_schedule,2,0.0,0.0,0.0,full_mu_schedule_warmup20_geometric_rep02,94002,946.5779765951771
silu,1,warmup20_geometric,3,939.4843008631781,115,30.797887086868286,100,0.012589254117941677,0.012589254117941677,0.012589254117941677,warmup20_geometric,mu_schedule,2,0.0,0.0,0.0,full_mu_schedule_warmup20_geometric_rep02,94002,939.4843008631781
silu,1,warmup20_geometric,3,940.658997086713,116,30.72085404396057,100,0.012022644346174135,0.012022644346174135,0.012022644346174135,warmup20_geometric,mu_schedule,2,0.0,0.0,0.0,full_mu_schedule_warmup20_geometric_rep02,94002,940.658997086713
silu,1,warmup20_geometric,3,955.3914293798265,117,30.91541314125061,100,0.011481536214968837,0.011481536214968837,0.011481536214968837,warmup20_geometric,mu_schedule,2,0.0,0.0,0.0,full_mu_schedule_warmup20_geometric_rep02,94002,955.3914293798265
silu,1,warmup20_geometric,3,941.2602363479878,118,30.48326086997986,100,0.01096478196143185,0.01096478196143185,0.01096478196143185,warmup20_geometric,mu_schedule,2,0.0,0.0,0.0,full_mu_schedule_warmup20_geometric_rep02,94002,941.2602363479878
silu,1,warmup20_geometric,3,941.8051565441992,119,31.050172090530396,100,0.010471285480508997,0.010471285480508997,0.010471285480508997,warmup20_geometric,mu_schedule,2,0.0,0.0,0.0,full_mu_schedule_warmup20_geometric_rep02,94002,941.8051565441992
silu,1,warmup20_geometric,3,952.8188453093956,120,29.668890953063965,100,0.010000000000000004,0.010000000000000004,0.010000000000000004,warmup20_geometric,mu_schedule,2,0.0,0.0,0.0,full_mu_schedule_warmup20_geometric_rep02,94002,952.8188453093956
silu,1,warmup20_geometric,3,917.9205716007633,121,28.35633897781372,100,0.010000000000000004,0.010000000000000004,0.0,warmup20_geometric,mu_schedule,2,0.0,0.0,0.0,full_mu_schedule_warmup20_geometric_rep02,94002,917.9205716007633
silu,1,warmup20_geometric,3,913.7235649908907,122,25.399765014648438,100,0.010000000000000004,0.010000000000000004,0.0,warmup20_geometric,mu_schedule,2,0.0,0.0,0.0,full_mu_schedule_warmup20_geometric_rep02,94002,913.7235649908907
silu,1,warmup20_geometric,3,905.5363646565334,123,26.300198078155518,100,0.010000000000000004,0.010000000000000004,0.0,warmup20_geometric,mu_schedule,2,0.0,0.0,0.0,full_mu_schedule_warmup20_geometric_rep02,94002,905.5363646565334
silu,1,warmup20_geometric,3,918.1023451850954,124,26.47670602798462,100,0.010000000000000004,0.010000000000000004,0.0,warmup20_geometric,mu_schedule,2,0.0,0.0,0.0,full_mu_schedule_warmup20_geometric_rep02,94002,918.1023451850954
silu,1,warmup20_geometric,3,924.3406894628725,125,26.042793035507202,100,0.010000000000000004,0.010000000000000004,0.0,warmup20_geometric,mu_schedule,2,0.0,0.0,0.0,full_mu_schedule_warmup20_geometric_rep02,94002,924.3406894628725
silu,1,warmup20_geometric,3,911.4879458119505,126,25.858916997909546,100,0.010000000000000004,0.010000000000000004,0.0,warmup20_geometric,mu_schedule,2,0.0,0.0,0.0,full_mu_schedule_warmup20_geometric_rep02,94002,911.4879458119505
silu,1,warmup20_geometric,3,920.5492685238304,127,25.382673025131226,100,0.010000000000000004,0.010000000000000004,0.0,warmup20_geometric,mu_schedule,2,0.0,0.0,0.0,full_mu_schedule_warmup20_geometric_rep02,94002,920.5492685238304
silu,1,warmup20_geometric,3,905.0449370220161,128,25.627869129180908,100,0.010000000000000004,0.010000000000000004,0.0,warmup20_geometric,mu_schedule,2,0.0,0.0,0.0,full_mu_schedule_warmup20_geometric_rep02,94002,905.0449370220161
silu,1,warmup20_geometric,3,922.1664745625103,129,25.44581890106201,100,0.010000000000000004,0.010000000000000004,0.0,warmup20_geometric,mu_schedule,2,0.0,0.0,0.0,full_mu_schedule_warmup20_geometric_rep02,94002,922.1664745625103
silu,1,warmup20_geometric,3,911.0419374266722,130,25.513756036758423,100,0.010000000000000004,0.010000000000000004,0.0,warmup20_geometric,mu_schedule,2,0.0,0.0,0.0,full_mu_schedule_warmup20_geometric_rep02,94002,911.0419374266722
silu,1,warmup20_geometric,3,1789.4671493783846,1,97.17519187927246,100,1.0,1.0,1.0,warmup20_geometric,mu_schedule,3,0.0,0.0,0.0,full_mu_schedule_warmup20_geometric_rep03,94003,1789.4671493783846
silu,1,warmup20_geometric,3,931.7365042029472,2,29.766418933868408,100,1.0,1.0,1.0,warmup20_geometric,mu_schedule,3,0.0,0.0,0.0,full_mu_schedule_warmup20_geometric_rep03,94003,931.7365042029472
silu,1,warmup20_geometric,3,921.5388351549618,3,30.17310404777527,100,1.0,1.0,1.0,warmup20_geometric,mu_schedule,3,0.0,0.0,0.0,full_mu_schedule_warmup20_geometric_rep03,94003,921.5388351549618
silu,1,warmup20_geometric,3,919.5015408435394,4,28.697371006011963,100,1.0,1.0,1.0,warmup20_geometric,mu_schedule,3,0.0,0.0,0.0,full_mu_schedule_warmup20_geometric_rep03,94003,919.5015408435394
silu,1,warmup20_geometric,3,918.6823608341774,5,26.994238138198853,100,1.0,1.0,1.0,warmup20_geometric,mu_schedule,3,0.0,0.0,0.0,full_mu_schedule_warmup20_geometric_rep03,94003,918.6823608341774
silu,1,warmup20_geometric,3,917.9874745178964,6,27.98993992805481,100,1.0,1.0,1.0,warmup20_geometric,mu_schedule,3,0.0,0.0,0.0,full_mu_schedule_warmup20_geometric_rep03,94003,917.9874745178964
silu,1,warmup20_geometric,3,917.519102724256,7,28.130239009857178,100,1.0,1.0,1.0,warmup20_geometric,mu_schedule,3,0.0,0.0,0.0,full_mu_schedule_warmup20_geometric_rep03,94003,917.519102724256
silu,1,warmup20_geometric,3,917.2178412925299,8,27.15238904953003,100,1.0,1.0,1.0,warmup20_geometric,mu_schedule,3,0.0,0.0,0.0,full_mu_schedule_warmup20_geometric_rep03,94003,917.2178412925299
silu,1,warmup20_geometric,3,916.9671730371167,9,29.215548038482666,100,1.0,1.0,1.0,warmup20_geometric,mu_schedule,3,0.0,0.0,0.0,full_mu_schedule_warmup20_geometric_rep03,94003,916.9671730371167
silu,1,warmup20_geometric,3,916.7697716403268,10,28.27995800971985,100,1.0,1.0,1.0,warmup20_geometric,mu_schedule,3,0.0,0.0,0.0,full_mu_schedule_warmup20_geometric_rep03,94003,916.7697716403268
silu,1,warmup20_geometric,3,916.6140544704032,11,27.855848789215088,100,1.0,1.0,1.0,warmup20_geometric,mu_schedule,3,0.0,0.0,0.0,full_mu_schedule_warmup20_geometric_rep03,94003,916.6140544704032
silu,1,warmup20_geometric,3,916.4732951120411,12,27.8629629611969,100,1.0,1.0,1.0,warmup20_geometric,mu_schedule,3,0.0,0.0,0.0,full_mu_schedule_warmup20_geometric_rep03,94003,916.4732951120411
silu,1,warmup20_geometric,3,916.3537883004635,13,26.847129821777344,100,1.0,1.0,1.0,warmup20_geometric,mu_schedule,3,0.0,0.0,0.0,full_mu_schedule_warmup20_geometric_rep03,94003,916.3537883004635
silu,1,warmup20_geometric,3,916.2430851420986,14,28.462125062942505,100,1.0,1.0,1.0,warmup20_geometric,mu_schedule,3,0.0,0.0,0.0,full_mu_schedule_warmup20_geometric_rep03,94003,916.2430851420986
silu,1,warmup20_geometric,3,916.1475213812623,15,28.403037071228027,100,1.0,1.0,1.0,warmup20_geometric,mu_schedule,3,0.0,0.0,0.0,full_mu_schedule_warmup20_geometric_rep03,94003,916.1475213812623
silu,1,warmup20_geometric,3,916.0539953062241,16,27.143617153167725,100,1.0,1.0,1.0,warmup20_geometric,mu_schedule,3,0.0,0.0,0.0,full_mu_schedule_warmup20_geometric_rep03,94003,916.0539953062241
silu,1,warmup20_geometric,3,915.9706513407274,17,28.504204988479614,100,1.0,1.0,1.0,warmup20_geometric,mu_schedule,3,0.0,0.0,0.0,full_mu_schedule_warmup20_geometric_rep03,94003,915.9706513407274
silu,1,warmup20_geometric,3,915.8852012957537,18,27.737972021102905,100,1.0,1.0,1.0,warmup20_geometric,mu_schedule,3,0.0,0.0,0.0,full_mu_schedule_warmup20_geometric_rep03,94003,915.8852012957537
silu,1,warmup20_geometric,3,915.8008129201669,19,28.174124002456665,100,1.0,1.0,1.0,warmup20_geometric,mu_schedule,3,0.0,0.0,0.0,full_mu_schedule_warmup20_geometric_rep03,94003,915.8008129201669
silu,1,warmup20_geometric,3,915.7200037542268,20,27.680613040924072,100,1.0,1.0,1.0,warmup20_geometric,mu_schedule,3,0.0,0.0,0.0,full_mu_schedule_warmup20_geometric_rep03,94003,915.7200037542268
silu,1,warmup20_geometric,3,934.0237430831443,21,28.681713104248047,100,0.954992586021436,0.954992586021436,0.954992586021436,warmup20_geometric,mu_schedule,3,0.0,0.0,0.0,full_mu_schedule_warmup20_geometric_rep03,94003,934.0237430831443
silu,1,warmup20_geometric,3,950.7095100786348,22,28.463366985321045,100,0.9120108393559098,0.9120108393559098,0.9120108393559098,warmup20_geometric,mu_schedule,3,0.0,0.0,0.0,full_mu_schedule_warmup20_geometric_rep03,94003,950.7095100786348
silu,1,warmup20_geometric,3,965.8882875703077,23,27.09944200515747,100,0.8709635899560807,0.8709635899560807,0.8709635899560807,warmup20_geometric,mu_schedule,3,0.0,0.0,0.0,full_mu_schedule_warmup20_geometric_rep03,94003,965.8882875703077
silu,1,warmup20_geometric,3,979.6594715834782,24,28.147114992141724,100,0.831763771102671,0.831763771102671,0.831763771102671,warmup20_geometric,mu_schedule,3,0.0,0.0,0.0,full_mu_schedule_warmup20_geometric_rep03,94003,979.6594715834782
silu,1,warmup20_geometric,3,992.1271625733458,25,27.13133406639099,100,0.7943282347242815,0.7943282347242815,0.7943282347242815,warmup20_geometric,mu_schedule,3,0.0,0.0,0.0,full_mu_schedule_warmup20_geometric_rep03,94003,992.1271625733458
silu,1,warmup20_geometric,3,1003.357307480683,26,27.45051097869873,100,0.7585775750291838,0.7585775750291838,0.7585775750291838,warmup20_geometric,mu_schedule,3,0.0,0.0,0.0,full_mu_schedule_warmup20_geometric_rep03,94003,1003.357307480683
silu,1,warmup20_geometric,3,1013.4417674535667,27,28.474491834640503,100,0.7244359600749901,0.7244359600749901,0.7244359600749901,warmup20_geometric,mu_schedule,3,0.0,0.0,0.0,full_mu_schedule_warmup20_geometric_rep03,94003,1013.4417674535667
silu,1,warmup20_geometric,3,1022.333278374552,28,27.425742864608765,100,0.6918309709189365,0.6918309709189365,0.6918309709189365,warmup20_geometric,mu_schedule,3,0.0,0.0,0.0,full_mu_schedule_warmup20_geometric_rep03,94003,1022.333278374552
silu,1,warmup20_geometric,3,1030.4124073484804,29,28.057047843933105,100,0.660693448007596,0.660693448007596,0.660693448007596,warmup20_geometric,mu_schedule,3,0.0,0.0,0.0,full_mu_schedule_warmup20_geometric_rep03,94003,1030.4124073484804
silu,1,warmup20_geometric,3,1037.5944099750816,30,27.604165077209473,100,0.6309573444801932,0.6309573444801932,0.6309573444801932,warmup20_geometric,mu_schedule,3,0.0,0.0,0.0,full_mu_schedule_warmup20_geometric_rep03,94003,1037.5944099750816
silu,1,warmup20_geometric,3,1043.651847659046,31,28.429845094680786,100,0.6025595860743578,0.6025595860743578,0.6025595860743578,warmup20_geometric,mu_schedule,3,0.0,0.0,0.0,full_mu_schedule_warmup20_geometric_rep03,94003,1043.651847659046
silu,1,warmup20_geometric,3,1049.1268173262342,32,27.78393316268921,100,0.5754399373371569,0.5754399373371569,0.5754399373371569,warmup20_geometric,mu_schedule,3,0.0,0.0,0.0,full_mu_schedule_warmup20_geometric_rep03,94003,1049.1268173262342
silu,1,warmup20_geometric,3,1053.6794486495062,33,27.264281034469604,100,0.5495408738576246,0.5495408738576246,0.5495408738576246,warmup20_geometric,mu_schedule,3,0.0,0.0,0.0,full_mu_schedule_warmup20_geometric_rep03,94003,1053.6794486495062
silu,1,warmup20_geometric,3,1057.561463172211,34,27.937991857528687,100,0.5248074602497727,0.5248074602497727,0.5248074602497727,warmup20_geometric,mu_schedule,3,0.0,0.0,0.0,full_mu_schedule_warmup20_geometric_rep03,94003,1057.561463172211
silu,1,warmup20_geometric,3,1060.8989149248084,35,27.48000407218933,100,0.5011872336272724,0.5011872336272724,0.5011872336272724,warmup20_geometric,mu_schedule,3,0.0,0.0,0.0,full_mu_schedule_warmup20_geometric_rep03,94003,1060.8989149248084
silu,1,warmup20_geometric,3,1063.3349738654706,36,27.605314016342163,100,0.47863009232263837,0.47863009232263837,0.47863009232263837,warmup20_geometric,mu_schedule,3,0.0,0.0,0.0,full_mu_schedule_warmup20_geometric_rep03,94003,1063.3349738654706
silu,1,warmup20_geometric,3,1065.6840680766165,37,27.94607400894165,100,0.457088189614875,0.457088189614875,0.457088189614875,warmup20_geometric,mu_schedule,3,0.0,0.0,0.0,full_mu_schedule_warmup20_geometric_rep03,94003,1065.6840680766165
silu,1,warmup20_geometric,3,1066.8042082393392,38,27.01970911026001,100,0.436515832240166,0.436515832240166,0.436515832240166,warmup20_geometric,mu_schedule,3,0.0,0.0,0.0,full_mu_schedule_warmup20_geometric_rep03,94003,1066.8042082393392
silu,1,warmup20_geometric,3,1068.5240341192286,39,27.783785104751587,100,0.4168693834703354,0.4168693834703354,0.4168693834703354,warmup20_geometric,mu_schedule,3,0.0,0.0,0.0,full_mu_schedule_warmup20_geometric_rep03,94003,1068.5240341192286
silu,1,warmup20_geometric,3,1068.2751922676732,40,27.259201049804688,100,0.39810717055349726,0.39810717055349726,0.39810717055349726,warmup20_geometric,mu_schedule,3,0.0,0.0,0.0,full_mu_schedule_warmup20_geometric_rep03,94003,1068.2751922676732
silu,1,warmup20_geometric,3,1068.307276545344,41,28.20901393890381,100,0.38018939632056126,0.38018939632056126,0.38018939632056126,warmup20_geometric,mu_schedule,3,0.0,0.0,0.0,full_mu_schedule_warmup20_geometric_rep03,94003,1068.307276545344
silu,1,warmup20_geometric,3,1067.8896953677342,42,28.622811794281006,100,0.3630780547701014,0.3630780547701014,0.3630780547701014,warmup20_geometric,mu_schedule,3,0.0,0.0,0.0,full_mu_schedule_warmup20_geometric_rep03,94003,1067.8896953677342
silu,1,warmup20_geometric,3,1066.8836803205622,43,26.839620113372803,100,0.3467368504525317,0.3467368504525317,0.3467368504525317,warmup20_geometric,mu_schedule,3,0.0,0.0,0.0,full_mu_schedule_warmup20_geometric_rep03,94003,1066.8836803205622
silu,1,warmup20_geometric,3,1065.3101564617873,44,28.428849935531616,100,0.33113112148259116,0.33113112148259116,0.33113112148259116,warmup20_geometric,mu_schedule,3,0.0,0.0,0.0,full_mu_schedule_warmup20_geometric_rep03,94003,1065.3101564617873
silu,1,warmup20_geometric,3,1063.7020104911062,45,27.232829093933105,100,0.316227766016838,0.316227766016838,0.316227766016838,warmup20_geometric,mu_schedule,3,0.0,0.0,0.0,full_mu_schedule_warmup20_geometric_rep03,94003,1063.7020104911062
silu,1,warmup20_geometric,3,1061.982966612214,46,28.220173120498657,100,0.30199517204020165,0.30199517204020165,0.30199517204020165,warmup20_geometric,mu_schedule,3,0.0,0.0,0.0,full_mu_schedule_warmup20_geometric_rep03,94003,1061.982966612214
silu,1,warmup20_geometric,3,1059.974484951231,47,28.075813055038452,100,0.2884031503126606,0.2884031503126606,0.2884031503126606,warmup20_geometric,mu_schedule,3,0.0,0.0,0.0,full_mu_schedule_warmup20_geometric_rep03,94003,1059.974484951231
silu,1,warmup20_geometric,3,1057.8691575864502,48,27.288239002227783,100,0.2754228703338166,0.2754228703338166,0.2754228703338166,warmup20_geometric,mu_schedule,3,0.0,0.0,0.0,full_mu_schedule_warmup20_geometric_rep03,94003,1057.8691575864502
silu,1,warmup20_geometric,3,1055.460475385589,49,27.54448914527893,100,0.26302679918953825,0.26302679918953825,0.26302679918953825,warmup20_geometric,mu_schedule,3,0.0,0.0,0.0,full_mu_schedule_warmup20_geometric_rep03,94003,1055.460475385589
silu,1,warmup20_geometric,3,1053.0213256913019,50,27.161073923110962,100,0.25118864315095807,0.25118864315095807,0.25118864315095807,warmup20_geometric,mu_schedule,3,0.0,0.0,0.0,full_mu_schedule_warmup20_geometric_rep03,94003,1053.0213256913019
silu,1,warmup20_geometric,3,1050.3628701971825,51,27.534706115722656,100,0.23988329190194907,0.23988329190194907,0.23988329190194907,warmup20_geometric,mu_schedule,3,0.0,0.0,0.0,full_mu_schedule_warmup20_geometric_rep03,94003,1050.3628701971825
silu,1,warmup20_geometric,3,1047.4736685572966,52,29.392641067504883,100,0.22908676527677732,0.22908676527677732,0.22908676527677732,warmup20_geometric,mu_schedule,3,0.0,0.0,0.0,full_mu_schedule_warmup20_geometric_rep03,94003,1047.4736685572966
silu,1,warmup20_geometric,3,1044.3319370913468,53,27.23726201057434,100,0.2187761623949553,0.2187761623949553,0.2187761623949553,warmup20_geometric,mu_schedule,3,0.0,0.0,0.0,full_mu_schedule_warmup20_geometric_rep03,94003,1044.3319370913468
silu,1,warmup20_geometric,3,1041.5588580589235,54,27.966039180755615,100,0.20892961308540395,0.20892961308540395,0.20892961308540395,warmup20_geometric,mu_schedule,3,0.0,0.0,0.0,full_mu_schedule_warmup20_geometric_rep03,94003,1041.5588580589235
silu,1,warmup20_geometric,3,1037.2898667258298,55,27.76255989074707,100,0.199526231496888,0.199526231496888,0.199526231496888,warmup20_geometric,mu_schedule,3,0.0,0.0,0.0,full_mu_schedule_warmup20_geometric_rep03,94003,1037.2898667258298
silu,1,warmup20_geometric,3,1032.7200300564648,56,28.16329789161682,100,0.19054607179632477,0.19054607179632477,0.19054607179632477,warmup20_geometric,mu_schedule,3,0.0,0.0,0.0,full_mu_schedule_warmup20_geometric_rep03,94003,1032.7200300564648
silu,1,warmup20_geometric,3,1029.6017335579832,57,27.946609020233154,100,0.1819700858609984,0.1819700858609984,0.1819700858609984,warmup20_geometric,mu_schedule,3,0.0,0.0,0.0,full_mu_schedule_warmup20_geometric_rep03,94003,1029.6017335579832
silu,1,warmup20_geometric,3,1025.546823398413,58,26.68819522857666,100,0.17378008287493757,0.17378008287493757,0.17378008287493757,warmup20_geometric,mu_schedule,3,0.0,0.0,0.0,full_mu_schedule_warmup20_geometric_rep03,94003,1025.546823398413
silu,1,warmup20_geometric,3,1026.8440827827224,59,28.68316912651062,100,0.16595869074375608,0.16595869074375608,0.16595869074375608,warmup20_geometric,mu_schedule,3,0.0,0.0,0.0,full_mu_schedule_warmup20_geometric_rep03,94003,1026.8440827827224
silu,1,warmup20_geometric,3,1019.8907524460694,60,27.260366916656494,100,0.15848931924611137,0.15848931924611137,0.15848931924611137,warmup20_geometric,mu_schedule,3,0.0,0.0,0.0,full_mu_schedule_warmup20_geometric_rep03,94003,1019.8907524460694
silu,1,warmup20_geometric,3,1024.7087535982107,61,28.1858651638031,100,0.15135612484362085,0.15135612484362085,0.15135612484362085,warmup20_geometric,mu_schedule,3,0.0,0.0,0.0,full_mu_schedule_warmup20_geometric_rep03,94003,1024.7087535982107
silu,1,warmup20_geometric,3,1015.240583553483,62,27.84472107887268,100,0.1445439770745928,0.1445439770745928,0.1445439770745928,warmup20_geometric,mu_schedule,3,0.0,0.0,0.0,full_mu_schedule_warmup20_geometric_rep03,94003,1015.240583553483
silu,1,warmup20_geometric,3,1013.5170523162782,63,26.84724712371826,100,0.13803842646028852,0.13803842646028852,0.13803842646028852,warmup20_geometric,mu_schedule,3,0.0,0.0,0.0,full_mu_schedule_warmup20_geometric_rep03,94003,1013.5170523162782
silu,1,warmup20_geometric,3,1004.2900885853676,64,27.495088815689087,100,0.13182567385564076,0.13182567385564076,0.13182567385564076,warmup20_geometric,mu_schedule,3,0.0,0.0,0.0,full_mu_schedule_warmup20_geometric_rep03,94003,1004.2900885853676
silu,1,warmup20_geometric,3,1003.0986141178986,65,27.596797227859497,100,0.12589254117941673,0.12589254117941673,0.12589254117941673,warmup20_geometric,mu_schedule,3,0.0,0.0,0.0,full_mu_schedule_warmup20_geometric_rep03,94003,1003.0986141178986
silu,1,warmup20_geometric,3,998.404884987851,66,28.297930002212524,100,0.12022644346174133,0.12022644346174133,0.12022644346174133,warmup20_geometric,mu_schedule,3,0.0,0.0,0.0,full_mu_schedule_warmup20_geometric_rep03,94003,998.404884987851
silu,1,warmup20_geometric,3,995.4074222133106,67,27.58655309677124,100,0.11481536214968828,0.11481536214968828,0.11481536214968828,warmup20_geometric,mu_schedule,3,0.0,0.0,0.0,full_mu_schedule_warmup20_geometric_rep03,94003,995.4074222133106
silu,1,warmup20_geometric,3,989.3665400182567,68,27.11542582511902,100,0.10964781961431853,0.10964781961431853,0.10964781961431853,warmup20_geometric,mu_schedule,3,0.0,0.0,0.0,full_mu_schedule_warmup20_geometric_rep03,94003,989.3665400182567
silu,1,warmup20_geometric,3,988.1581328010848,69,28.169617891311646,100,0.10471285480508996,0.10471285480508996,0.10471285480508996,warmup20_geometric,mu_schedule,3,0.0,0.0,0.0,full_mu_schedule_warmup20_geometric_rep03,94003,988.1581328010848
silu,1,warmup20_geometric,3,983.4023596122646,70,28.142558097839355,100,0.10000000000000002,0.10000000000000002,0.10000000000000002,warmup20_geometric,mu_schedule,3,0.0,0.0,0.0,full_mu_schedule_warmup20_geometric_rep03,94003,983.4023596122646
silu,1,warmup20_geometric,3,980.2449848534376,71,28.27585792541504,100,0.09549925860214363,0.09549925860214363,0.09549925860214363,warmup20_geometric,mu_schedule,3,0.0,0.0,0.0,full_mu_schedule_warmup20_geometric_rep03,94003,980.2449848534376
silu,1,warmup20_geometric,3,976.4579329339655,72,28.811357021331787,100,0.091201083935591,0.091201083935591,0.091201083935591,warmup20_geometric,mu_schedule,3,0.0,0.0,0.0,full_mu_schedule_warmup20_geometric_rep03,94003,976.4579329339655
silu,1,warmup20_geometric,3,971.1579699886621,73,27.955397844314575,100,0.0870963589956081,0.0870963589956081,0.0870963589956081,warmup20_geometric,mu_schedule,3,0.0,0.0,0.0,full_mu_schedule_warmup20_geometric_rep03,94003,971.1579699886621
silu,1,warmup20_geometric,3,969.581253889944,74,28.89085602760315,100,0.08317637711026711,0.08317637711026711,0.08317637711026711,warmup20_geometric,mu_schedule,3,0.0,0.0,0.0,full_mu_schedule_warmup20_geometric_rep03,94003,969.581253889944
silu,1,warmup20_geometric,3,966.6459530982927,75,28.76306700706482,100,0.07943282347242818,0.07943282347242818,0.07943282347242818,warmup20_geometric,mu_schedule,3,0.0,0.0,0.0,full_mu_schedule_warmup20_geometric_rep03,94003,966.6459530982927
silu,1,warmup20_geometric,3,961.8945471601826,76,28.20898199081421,100,0.07585775750291839,0.07585775750291839,0.07585775750291839,warmup20_geometric,mu_schedule,3,0.0,0.0,0.0,full_mu_schedule_warmup20_geometric_rep03,94003,961.8945471601826
silu,1,warmup20_geometric,3,960.555247503431,77,29.57848596572876,100,0.07244359600749903,0.07244359600749903,0.07244359600749903,warmup20_geometric,mu_schedule,3,0.0,0.0,0.0,full_mu_schedule_warmup20_geometric_rep03,94003,960.555247503431
silu,1,warmup20_geometric,3,967.9536765664017,78,27.941436052322388,100,0.06918309709189367,0.06918309709189367,0.06918309709189367,warmup20_geometric,mu_schedule,3,0.0,0.0,0.0,full_mu_schedule_warmup20_geometric_rep03,94003,967.9536765664017
silu,1,warmup20_geometric,3,956.4674889362599,79,29.18661403656006,100,0.06606934480075961,0.06606934480075961,0.06606934480075961,warmup20_geometric,mu_schedule,3,0.0,0.0,0.0,full_mu_schedule_warmup20_geometric_rep03,94003,956.4674889362599
silu,1,warmup20_geometric,3,952.5604587567643,80,28.781673192977905,100,0.06309573444801934,0.06309573444801934,0.06309573444801934,warmup20_geometric,mu_schedule,3,0.0,0.0,0.0,full_mu_schedule_warmup20_geometric_rep03,94003,952.5604587567643
silu,1,warmup20_geometric,3,955.1893287369069,81,27.686487913131714,100,0.06025595860743578,0.06025595860743578,0.06025595860743578,warmup20_geometric,mu_schedule,3,0.0,0.0,0.0,full_mu_schedule_warmup20_geometric_rep03,94003,955.1893287369069
silu,1,warmup20_geometric,3,950.0959294377383,82,29.155508041381836,100,0.05754399373371571,0.05754399373371571,0.05754399373371571,warmup20_geometric,mu_schedule,3,0.0,0.0,0.0,full_mu_schedule_warmup20_geometric_rep03,94003,950.0959294377383
silu,1,warmup20_geometric,3,944.9279181598458,83,28.083070039749146,100,0.05495408738576248,0.05495408738576248,0.05495408738576248,warmup20_geometric,mu_schedule,3,0.0,0.0,0.0,full_mu_schedule_warmup20_geometric_rep03,94003,944.9279181598458
silu,1,warmup20_geometric,3,941.2130746443,84,29.60659098625183,100,0.05248074602497727,0.05248074602497727,0.05248074602497727,warmup20_geometric,mu_schedule,3,0.0,0.0,0.0,full_mu_schedule_warmup20_geometric_rep03,94003,941.2130746443
silu,1,warmup20_geometric,3,938.3672917107632,85,29.808856964111328,100,0.05011872336272725,0.05011872336272725,0.05011872336272725,warmup20_geometric,mu_schedule,3,0.0,0.0,0.0,full_mu_schedule_warmup20_geometric_rep03,94003,938.3672917107632
silu,1,warmup20_geometric,3,937.0774249768928,86,28.101468086242676,100,0.047863009232263845,0.047863009232263845,0.047863009232263845,warmup20_geometric,mu_schedule,3,0.0,0.0,0.0,full_mu_schedule_warmup20_geometric_rep03,94003,937.0774249768928
silu,1,warmup20_geometric,3,933.3778489703363,87,28.865241050720215,100,0.04570881896148752,0.04570881896148752,0.04570881896148752,warmup20_geometric,mu_schedule,3,0.0,0.0,0.0,full_mu_schedule_warmup20_geometric_rep03,94003,933.3778489703363
silu,1,warmup20_geometric,3,927.9722023910364,88,29.323288202285767,100,0.043651583224016605,0.043651583224016605,0.043651583224016605,warmup20_geometric,mu_schedule,3,0.0,0.0,0.0,full_mu_schedule_warmup20_geometric_rep03,94003,927.9722023910364
silu,1,warmup20_geometric,3,934.5368953240617,89,28.54246711730957,100,0.041686938347033554,0.041686938347033554,0.041686938347033554,warmup20_geometric,mu_schedule,3,0.0,0.0,0.0,full_mu_schedule_warmup20_geometric_rep03,94003,934.5368953240617
silu,1,warmup20_geometric,3,928.2885116421952,90,29.43352699279785,100,0.03981071705534975,0.03981071705534975,0.03981071705534975,warmup20_geometric,mu_schedule,3,0.0,0.0,0.0,full_mu_schedule_warmup20_geometric_rep03,94003,928.2885116421952
silu,1,warmup20_geometric,3,927.4071941146918,91,28.97477889060974,100,0.03801893963205613,0.03801893963205613,0.03801893963205613,warmup20_geometric,mu_schedule,3,0.0,0.0,0.0,full_mu_schedule_warmup20_geometric_rep03,94003,927.4071941146918
silu,1,warmup20_geometric,3,925.348547909528,92,30.01503086090088,100,0.03630780547701015,0.03630780547701015,0.03630780547701015,warmup20_geometric,mu_schedule,3,0.0,0.0,0.0,full_mu_schedule_warmup20_geometric_rep03,94003,925.348547909528
silu,1,warmup20_geometric,3,920.6124753534309,93,29.567852020263672,100,0.03467368504525317,0.03467368504525317,0.03467368504525317,warmup20_geometric,mu_schedule,3,0.0,0.0,0.0,full_mu_schedule_warmup20_geometric_rep03,94003,920.6124753534309
silu,1,warmup20_geometric,3,919.3425972770641,94,29.789324045181274,100,0.03311311214825912,0.03311311214825912,0.03311311214825912,warmup20_geometric,mu_schedule,3,0.0,0.0,0.0,full_mu_schedule_warmup20_geometric_rep03,94003,919.3425972770641
silu,1,warmup20_geometric,3,913.1482625223274,95,29.497971773147583,100,0.0316227766016838,0.0316227766016838,0.0316227766016838,warmup20_geometric,mu_schedule,3,0.0,0.0,0.0,full_mu_schedule_warmup20_geometric_rep03,94003,913.1482625223274
silu,1,warmup20_geometric,3,915.622444291595,96,30.358852863311768,100,0.03019951720402017,0.03019951720402017,0.03019951720402017,warmup20_geometric,mu_schedule,3,0.0,0.0,0.0,full_mu_schedule_warmup20_geometric_rep03,94003,915.622444291595
silu,1,warmup20_geometric,3,916.1970588573365,97,29.00624704360962,100,0.028840315031266075,0.028840315031266075,0.028840315031266075,warmup20_geometric,mu_schedule,3,0.0,0.0,0.0,full_mu_schedule_warmup20_geometric_rep03,94003,916.1970588573365
silu,1,warmup20_geometric,3,908.0834722286548,98,29.81658411026001,100,0.02754228703338167,0.02754228703338167,0.02754228703338167,warmup20_geometric,mu_schedule,3,0.0,0.0,0.0,full_mu_schedule_warmup20_geometric_rep03,94003,908.0834722286548
silu,1,warmup20_geometric,3,907.2575276696413,99,29.807045936584473,100,0.026302679918953832,0.026302679918953832,0.026302679918953832,warmup20_geometric,mu_schedule,3,0.0,0.0,0.0,full_mu_schedule_warmup20_geometric_rep03,94003,907.2575276696413
silu,1,warmup20_geometric,3,910.1224110160739,100,29.25709295272827,100,0.025118864315095805,0.025118864315095805,0.025118864315095805,warmup20_geometric,mu_schedule,3,0.0,0.0,0.0,full_mu_schedule_warmup20_geometric_rep03,94003,910.1224110160739
silu,1,warmup20_geometric,3,904.66539186456,101,29.902161836624146,100,0.023988329190194915,0.023988329190194915,0.023988329190194915,warmup20_geometric,mu_schedule,3,0.0,0.0,0.0,full_mu_schedule_warmup20_geometric_rep03,94003,904.66539186456
silu,1,warmup20_geometric,3,934.1807995896511,102,29.784667015075684,100,0.022908676527677745,0.022908676527677745,0.022908676527677745,warmup20_geometric,mu_schedule,3,0.0,0.0,0.0,full_mu_schedule_warmup20_geometric_rep03,94003,934.1807995896511
silu,1,warmup20_geometric,3,904.3035652966158,103,29.606500148773193,100,0.021877616239495534,0.021877616239495534,0.021877616239495534,warmup20_geometric,mu_schedule,3,0.0,0.0,0.0,full_mu_schedule_warmup20_geometric_rep03,94003,904.3035652966158
silu,1,warmup20_geometric,3,904.5591458360001,104,29.661102771759033,100,0.020892961308540407,0.020892961308540407,0.020892961308540407,warmup20_geometric,mu_schedule,3,0.0,0.0,0.0,full_mu_schedule_warmup20_geometric_rep03,94003,904.5591458360001
silu,1,warmup20_geometric,3,898.4452016263864,105,30.04912304878235,100,0.019952623149688802,0.019952623149688802,0.019952623149688802,warmup20_geometric,mu_schedule,3,0.0,0.0,0.0,full_mu_schedule_warmup20_geometric_rep03,94003,898.4452016263864
silu,1,warmup20_geometric,3,902.3199797205215,106,29.357017040252686,100,0.01905460717963248,0.01905460717963248,0.01905460717963248,warmup20_geometric,mu_schedule,3,0.0,0.0,0.0,full_mu_schedule_warmup20_geometric_rep03,94003,902.3199797205215
silu,1,warmup20_geometric,3,902.6004422025179,107,30.40839695930481,100,0.018197008586099846,0.018197008586099846,0.018197008586099846,warmup20_geometric,mu_schedule,3,0.0,0.0,0.0,full_mu_schedule_warmup20_geometric_rep03,94003,902.6004422025179
silu,1,warmup20_geometric,3,893.5027757755471,108,28.865291833877563,100,0.01737800828749377,0.01737800828749377,0.01737800828749377,warmup20_geometric,mu_schedule,3,0.0,0.0,0.0,full_mu_schedule_warmup20_geometric_rep03,94003,893.5027757755471
silu,1,warmup20_geometric,3,889.9700143051477,109,28.955020904541016,100,0.01659586907437561,0.01659586907437561,0.01659586907437561,warmup20_geometric,mu_schedule,3,0.0,0.0,0.0,full_mu_schedule_warmup20_geometric_rep03,94003,889.9700143051477
silu,1,warmup20_geometric,3,891.8726216023504,110,30.685960054397583,100,0.01584893192461114,0.01584893192461114,0.01584893192461114,warmup20_geometric,mu_schedule,3,0.0,0.0,0.0,full_mu_schedule_warmup20_geometric_rep03,94003,891.8726216023504
silu,1,warmup20_geometric,3,894.6580660986433,111,29.718355894088745,100,0.01513561248436209,0.01513561248436209,0.01513561248436209,warmup20_geometric,mu_schedule,3,0.0,0.0,0.0,full_mu_schedule_warmup20_geometric_rep03,94003,894.6580660986433
silu,1,warmup20_geometric,3,885.4358890882008,112,29.945941925048828,100,0.014454397707459285,0.014454397707459285,0.014454397707459285,warmup20_geometric,mu_schedule,3,0.0,0.0,0.0,full_mu_schedule_warmup20_geometric_rep03,94003,885.4358890882008
silu,1,warmup20_geometric,3,893.5427331994892,113,30.565056085586548,100,0.013803842646028849,0.013803842646028849,0.013803842646028849,warmup20_geometric,mu_schedule,3,0.0,0.0,0.0,full_mu_schedule_warmup20_geometric_rep03,94003,893.5427331994892
silu,1,warmup20_geometric,3,888.6678738633029,114,30.648584127426147,100,0.013182567385564073,0.013182567385564073,0.013182567385564073,warmup20_geometric,mu_schedule,3,0.0,0.0,0.0,full_mu_schedule_warmup20_geometric_rep03,94003,888.6678738633029
silu,1,warmup20_geometric,3,887.6407375976033,115,30.555461168289185,100,0.012589254117941677,0.012589254117941677,0.012589254117941677,warmup20_geometric,mu_schedule,3,0.0,0.0,0.0,full_mu_schedule_warmup20_geometric_rep03,94003,887.6407375976033
silu,1,warmup20_geometric,3,882.9575412983119,116,30.758552074432373,100,0.012022644346174135,0.012022644346174135,0.012022644346174135,warmup20_geometric,mu_schedule,3,0.0,0.0,0.0,full_mu_schedule_warmup20_geometric_rep03,94003,882.9575412983119
silu,1,warmup20_geometric,3,878.9084839320348,117,30.773975133895874,100,0.011481536214968837,0.011481536214968837,0.011481536214968837,warmup20_geometric,mu_schedule,3,0.0,0.0,0.0,full_mu_schedule_warmup20_geometric_rep03,94003,878.9084839320348
silu,1,warmup20_geometric,3,892.5602164595362,118,29.46273398399353,100,0.01096478196143185,0.01096478196143185,0.01096478196143185,warmup20_geometric,mu_schedule,3,0.0,0.0,0.0,full_mu_schedule_warmup20_geometric_rep03,94003,892.5602164595362
silu,1,warmup20_geometric,3,882.3606736091898,119,29.74833607673645,100,0.010471285480508997,0.010471285480508997,0.010471285480508997,warmup20_geometric,mu_schedule,3,0.0,0.0,0.0,full_mu_schedule_warmup20_geometric_rep03,94003,882.3606736091898
silu,1,warmup20_geometric,3,890.9406518284952,120,29.9214289188385,100,0.010000000000000004,0.010000000000000004,0.010000000000000004,warmup20_geometric,mu_schedule,3,0.0,0.0,0.0,full_mu_schedule_warmup20_geometric_rep03,94003,890.9406518284952
silu,1,warmup20_geometric,3,865.0600541365139,121,28.00239610671997,100,0.010000000000000004,0.010000000000000004,0.0,warmup20_geometric,mu_schedule,3,0.0,0.0,0.0,full_mu_schedule_warmup20_geometric_rep03,94003,865.0600541365139
silu,1,warmup20_geometric,3,857.0233774991367,122,24.782520055770874,100,0.010000000000000004,0.010000000000000004,0.0,warmup20_geometric,mu_schedule,3,0.0,0.0,0.0,full_mu_schedule_warmup20_geometric_rep03,94003,857.0233774991367
silu,1,warmup20_geometric,3,858.1603680654736,123,25.136307954788208,100,0.010000000000000004,0.010000000000000004,0.0,warmup20_geometric,mu_schedule,3,0.0,0.0,0.0,full_mu_schedule_warmup20_geometric_rep03,94003,858.1603680654736
silu,1,warmup20_geometric,3,858.6958384938147,124,25.062729120254517,100,0.010000000000000004,0.010000000000000004,0.0,warmup20_geometric,mu_schedule,3,0.0,0.0,0.0,full_mu_schedule_warmup20_geometric_rep03,94003,858.6958384938147
silu,1,warmup20_geometric,3,859.5878668601357,125,25.192952871322632,100,0.010000000000000004,0.010000000000000004,0.0,warmup20_geometric,mu_schedule,3,0.0,0.0,0.0,full_mu_schedule_warmup20_geometric_rep03,94003,859.5878668601357
silu,1,warmup20_geometric,3,865.8349984591983,126,24.987776041030884,100,0.010000000000000004,0.010000000000000004,0.0,warmup20_geometric,mu_schedule,3,0.0,0.0,0.0,full_mu_schedule_warmup20_geometric_rep03,94003,865.8349984591983
silu,1,warmup20_geometric,3,863.8201350304697,127,24.443135023117065,100,0.010000000000000004,0.010000000000000004,0.0,warmup20_geometric,mu_schedule,3,0.0,0.0,0.0,full_mu_schedule_warmup20_geometric_rep03,94003,863.8201350304697
silu,1,warmup20_geometric,3,861.2009191554457,128,25.563035011291504,100,0.010000000000000004,0.010000000000000004,0.0,warmup20_geometric,mu_schedule,3,0.0,0.0,0.0,full_mu_schedule_warmup20_geometric_rep03,94003,861.2009191554457
silu,1,warmup20_geometric,3,865.220510232528,129,25.267760038375854,100,0.010000000000000004,0.010000000000000004,0.0,warmup20_geometric,mu_schedule,3,0.0,0.0,0.0,full_mu_schedule_warmup20_geometric_rep03,94003,865.220510232528
silu,1,warmup20_geometric,3,857.3497118612069,130,25.73830509185791,100,0.010000000000000004,0.010000000000000004,0.0,warmup20_geometric,mu_schedule,3,0.0,0.0,0.0,full_mu_schedule_warmup20_geometric_rep03,94003,857.3497118612069
silu,1,warmup20_geometric,3,1852.8596136243684,1,90.24592399597168,100,1.0,1.0,1.0,warmup20_geometric,mu_schedule,4,0.0,0.0,0.0,full_mu_schedule_warmup20_geometric_rep04,94004,1852.8596136243684
silu,1,warmup20_geometric,3,951.9043398503635,2,27.675626039505005,100,1.0,1.0,1.0,warmup20_geometric,mu_schedule,4,0.0,0.0,0.0,full_mu_schedule_warmup20_geometric_rep04,94004,951.9043398503635
silu,1,warmup20_geometric,3,935.7108959480802,3,28.813107013702393,100,1.0,1.0,1.0,warmup20_geometric,mu_schedule,4,0.0,0.0,0.0,full_mu_schedule_warmup20_geometric_rep04,94004,935.7108959480802
silu,1,warmup20_geometric,3,931.4647196746149,4,28.317465782165527,100,1.0,1.0,1.0,warmup20_geometric,mu_schedule,4,0.0,0.0,0.0,full_mu_schedule_warmup20_geometric_rep04,94004,931.4647196746149
silu,1,warmup20_geometric,3,930.2465224192741,5,27.226192951202393,100,1.0,1.0,1.0,warmup20_geometric,mu_schedule,4,0.0,0.0,0.0,full_mu_schedule_warmup20_geometric_rep04,94004,930.2465224192741
silu,1,warmup20_geometric,3,929.663145197519,6,27.809998989105225,100,1.0,1.0,1.0,warmup20_geometric,mu_schedule,4,0.0,0.0,0.0,full_mu_schedule_warmup20_geometric_rep04,94004,929.663145197519
silu,1,warmup20_geometric,3,929.2696619143094,7,28.232059955596924,100,1.0,1.0,1.0,warmup20_geometric,mu_schedule,4,0.0,0.0,0.0,full_mu_schedule_warmup20_geometric_rep04,94004,929.2696619143094
silu,1,warmup20_geometric,3,928.9610633934637,8,28.018573999404907,100,1.0,1.0,1.0,warmup20_geometric,mu_schedule,4,0.0,0.0,0.0,full_mu_schedule_warmup20_geometric_rep04,94004,928.9610633934637
silu,1,warmup20_geometric,3,928.7023006854253,9,28.566538095474243,100,1.0,1.0,1.0,warmup20_geometric,mu_schedule,4,0.0,0.0,0.0,full_mu_schedule_warmup20_geometric_rep04,94004,928.7023006854253
silu,1,warmup20_geometric,3,928.473861116513,10,27.410491943359375,100,1.0,1.0,1.0,warmup20_geometric,mu_schedule,4,0.0,0.0,0.0,full_mu_schedule_warmup20_geometric_rep04,94004,928.473861116513
silu,1,warmup20_geometric,3,928.2650123245342,11,28.185608863830566,100,1.0,1.0,1.0,warmup20_geometric,mu_schedule,4,0.0,0.0,0.0,full_mu_schedule_warmup20_geometric_rep04,94004,928.2650123245342
silu,1,warmup20_geometric,3,928.0676523575064,12,27.15991997718811,100,1.0,1.0,1.0,warmup20_geometric,mu_schedule,4,0.0,0.0,0.0,full_mu_schedule_warmup20_geometric_rep04,94004,928.0676523575064
silu,1,warmup20_geometric,3,927.8747400640567,13,28.30479598045349,100,1.0,1.0,1.0,warmup20_geometric,mu_schedule,4,0.0,0.0,0.0,full_mu_schedule_warmup20_geometric_rep04,94004,927.8747400640567
silu,1,warmup20_geometric,3,927.6797906910781,14,28.729369163513184,100,1.0,1.0,1.0,warmup20_geometric,mu_schedule,4,0.0,0.0,0.0,full_mu_schedule_warmup20_geometric_rep04,94004,927.6797906910781
silu,1,warmup20_geometric,3,927.4793193373754,15,26.920249938964844,100,1.0,1.0,1.0,warmup20_geometric,mu_schedule,4,0.0,0.0,0.0,full_mu_schedule_warmup20_geometric_rep04,94004,927.4793193373754
silu,1,warmup20_geometric,3,927.27052678345,16,27.67364501953125,100,1.0,1.0,1.0,warmup20_geometric,mu_schedule,4,0.0,0.0,0.0,full_mu_schedule_warmup20_geometric_rep04,94004,927.27052678345
silu,1,warmup20_geometric,3,927.050804311075,17,27.30501103401184,100,1.0,1.0,1.0,warmup20_geometric,mu_schedule,4,0.0,0.0,0.0,full_mu_schedule_warmup20_geometric_rep04,94004,927.050804311075
silu,1,warmup20_geometric,3,926.8269385852867,18,27.88380193710327,100,1.0,1.0,1.0,warmup20_geometric,mu_schedule,4,0.0,0.0,0.0,full_mu_schedule_warmup20_geometric_rep04,94004,926.8269385852867
silu,1,warmup20_geometric,3,926.6166380183536,19,28.746240854263306,100,1.0,1.0,1.0,warmup20_geometric,mu_schedule,4,0.0,0.0,0.0,full_mu_schedule_warmup20_geometric_rep04,94004,926.6166380183536
silu,1,warmup20_geometric,3,926.4337472670315,20,27.549371004104614,100,1.0,1.0,1.0,warmup20_geometric,mu_schedule,4,0.0,0.0,0.0,full_mu_schedule_warmup20_geometric_rep04,94004,926.4337472670315
silu,1,warmup20_geometric,3,944.9575172823747,21,27.904935121536255,100,0.954992586021436,0.954992586021436,0.954992586021436,warmup20_geometric,mu_schedule,4,0.0,0.0,0.0,full_mu_schedule_warmup20_geometric_rep04,94004,944.9575172823747
silu,1,warmup20_geometric,3,961.8822194128571,22,27.487892150878906,100,0.9120108393559098,0.9120108393559098,0.9120108393559098,warmup20_geometric,mu_schedule,4,0.0,0.0,0.0,full_mu_schedule_warmup20_geometric_rep04,94004,961.8822194128571
silu,1,warmup20_geometric,3,977.2684854339329,23,28.03777313232422,100,0.8709635899560807,0.8709635899560807,0.8709635899560807,warmup20_geometric,mu_schedule,4,0.0,0.0,0.0,full_mu_schedule_warmup20_geometric_rep04,94004,977.2684854339329
silu,1,warmup20_geometric,3,991.218165800202,24,28.661861181259155,100,0.831763771102671,0.831763771102671,0.831763771102671,warmup20_geometric,mu_schedule,4,0.0,0.0,0.0,full_mu_schedule_warmup20_geometric_rep04,94004,991.218165800202
silu,1,warmup20_geometric,3,1003.8239536258485,25,27.334985971450806,100,0.7943282347242815,0.7943282347242815,0.7943282347242815,warmup20_geometric,mu_schedule,4,0.0,0.0,0.0,full_mu_schedule_warmup20_geometric_rep04,94004,1003.8239536258485
silu,1,warmup20_geometric,3,1015.1717017628757,26,28.82382082939148,100,0.7585775750291838,0.7585775750291838,0.7585775750291838,warmup20_geometric,mu_schedule,4,0.0,0.0,0.0,full_mu_schedule_warmup20_geometric_rep04,94004,1015.1717017628757
silu,1,warmup20_geometric,3,1025.3504314680874,27,27.719552993774414,100,0.7244359600749901,0.7244359600749901,0.7244359600749901,warmup20_geometric,mu_schedule,4,0.0,0.0,0.0,full_mu_schedule_warmup20_geometric_rep04,94004,1025.3504314680874
silu,1,warmup20_geometric,3,1034.4201446356562,28,28.903618097305298,100,0.6918309709189365,0.6918309709189365,0.6918309709189365,warmup20_geometric,mu_schedule,4,0.0,0.0,0.0,full_mu_schedule_warmup20_geometric_rep04,94004,1034.4201446356562
silu,1,warmup20_geometric,3,1042.487419693467,29,28.496083974838257,100,0.660693448007596,0.660693448007596,0.660693448007596,warmup20_geometric,mu_schedule,4,0.0,0.0,0.0,full_mu_schedule_warmup20_geometric_rep04,94004,1042.487419693467
silu,1,warmup20_geometric,3,1049.6595689772166,30,27.368417024612427,100,0.6309573444801932,0.6309573444801932,0.6309573444801932,warmup20_geometric,mu_schedule,4,0.0,0.0,0.0,full_mu_schedule_warmup20_geometric_rep04,94004,1049.6595689772166
silu,1,warmup20_geometric,3,1056.01047513778,31,28.229051113128662,100,0.6025595860743578,0.6025595860743578,0.6025595860743578,warmup20_geometric,mu_schedule,4,0.0,0.0,0.0,full_mu_schedule_warmup20_geometric_rep04,94004,1056.01047513778
silu,1,warmup20_geometric,3,1061.570017979468,32,27.52313494682312,100,0.5754399373371569,0.5754399373371569,0.5754399373371569,warmup20_geometric,mu_schedule,4,0.0,0.0,0.0,full_mu_schedule_warmup20_geometric_rep04,94004,1061.570017979468
silu,1,warmup20_geometric,3,1066.3687935323383,33,27.821647882461548,100,0.5495408738576246,0.5495408738576246,0.5495408738576246,warmup20_geometric,mu_schedule,4,0.0,0.0,0.0,full_mu_schedule_warmup20_geometric_rep04,94004,1066.3687935323383
silu,1,warmup20_geometric,3,1070.455876559668,34,26.655725955963135,100,0.5248074602497727,0.5248074602497727,0.5248074602497727,warmup20_geometric,mu_schedule,4,0.0,0.0,0.0,full_mu_schedule_warmup20_geometric_rep04,94004,1070.455876559668
silu,1,warmup20_geometric,3,1073.8785863215373,35,28.01760196685791,100,0.5011872336272724,0.5011872336272724,0.5011872336272724,warmup20_geometric,mu_schedule,4,0.0,0.0,0.0,full_mu_schedule_warmup20_geometric_rep04,94004,1073.8785863215373
silu,1,warmup20_geometric,3,1076.6717265101738,36,28.516705989837646,100,0.47863009232263837,0.47863009232263837,0.47863009232263837,warmup20_geometric,mu_schedule,4,0.0,0.0,0.0,full_mu_schedule_warmup20_geometric_rep04,94004,1076.6717265101738
silu,1,warmup20_geometric,3,1078.8776162317095,37,27.092337131500244,100,0.457088189614875,0.457088189614875,0.457088189614875,warmup20_geometric,mu_schedule,4,0.0,0.0,0.0,full_mu_schedule_warmup20_geometric_rep04,94004,1078.8776162317095
silu,1,warmup20_geometric,3,1080.5389223229256,38,27.669898986816406,100,0.436515832240166,0.436515832240166,0.436515832240166,warmup20_geometric,mu_schedule,4,0.0,0.0,0.0,full_mu_schedule_warmup20_geometric_rep04,94004,1080.5389223229256
silu,1,warmup20_geometric,3,1081.7211686729038,39,26.890281915664673,100,0.4168693834703354,0.4168693834703354,0.4168693834703354,warmup20_geometric,mu_schedule,4,0.0,0.0,0.0,full_mu_schedule_warmup20_geometric_rep04,94004,1081.7211686729038
silu,1,warmup20_geometric,3,1082.473779036616,40,27.556185960769653,100,0.39810717055349726,0.39810717055349726,0.39810717055349726,warmup20_geometric,mu_schedule,4,0.0,0.0,0.0,full_mu_schedule_warmup20_geometric_rep04,94004,1082.473779036616
silu,1,warmup20_geometric,3,1083.049418368615,41,28.07942795753479,100,0.38018939632056126,0.38018939632056126,0.38018939632056126,warmup20_geometric,mu_schedule,4,0.0,0.0,0.0,full_mu_schedule_warmup20_geometric_rep04,94004,1083.049418368615
silu,1,warmup20_geometric,3,1083.409672360529,42,27.315803050994873,100,0.3630780547701014,0.3630780547701014,0.3630780547701014,warmup20_geometric,mu_schedule,4,0.0,0.0,0.0,full_mu_schedule_warmup20_geometric_rep04,94004,1083.409672360529
silu,1,warmup20_geometric,3,1083.162007178479,43,27.857742071151733,100,0.3467368504525317,0.3467368504525317,0.3467368504525317,warmup20_geometric,mu_schedule,4,0.0,0.0,0.0,full_mu_schedule_warmup20_geometric_rep04,94004,1083.162007178479
silu,1,warmup20_geometric,3,1082.3268364801656,44,27.5473849773407,100,0.33113112148259116,0.33113112148259116,0.33113112148259116,warmup20_geometric,mu_schedule,4,0.0,0.0,0.0,full_mu_schedule_warmup20_geometric_rep04,94004,1082.3268364801656
silu,1,warmup20_geometric,3,1081.7794245524099,45,28.621047973632812,100,0.316227766016838,0.316227766016838,0.316227766016838,warmup20_geometric,mu_schedule,4,0.0,0.0,0.0,full_mu_schedule_warmup20_geometric_rep04,94004,1081.7794245524099
silu,1,warmup20_geometric,3,1080.3134117313512,46,26.556039094924927,100,0.30199517204020165,0.30199517204020165,0.30199517204020165,warmup20_geometric,mu_schedule,4,0.0,0.0,0.0,full_mu_schedule_warmup20_geometric_rep04,94004,1080.3134117313512
silu,1,warmup20_geometric,3,1075.9022359603032,47,27.570406198501587,100,0.2884031503126606,0.2884031503126606,0.2884031503126606,warmup20_geometric,mu_schedule,4,0.0,0.0,0.0,full_mu_schedule_warmup20_geometric_rep04,94004,1075.9022359603032
silu,1,warmup20_geometric,3,1075.8090763645387,48,27.91425395011902,100,0.2754228703338166,0.2754228703338166,0.2754228703338166,warmup20_geometric,mu_schedule,4,0.0,0.0,0.0,full_mu_schedule_warmup20_geometric_rep04,94004,1075.8090763645387
silu,1,warmup20_geometric,3,1071.8649035896347,49,26.26800799369812,100,0.26302679918953825,0.26302679918953825,0.26302679918953825,warmup20_geometric,mu_schedule,4,0.0,0.0,0.0,full_mu_schedule_warmup20_geometric_rep04,94004,1071.8649035896347
silu,1,warmup20_geometric,3,1068.8633557161675,50,29.022747039794922,100,0.25118864315095807,0.25118864315095807,0.25118864315095807,warmup20_geometric,mu_schedule,4,0.0,0.0,0.0,full_mu_schedule_warmup20_geometric_rep04,94004,1068.8633557161675
silu,1,warmup20_geometric,3,1070.8516986820773,51,27.000946044921875,100,0.23988329190194907,0.23988329190194907,0.23988329190194907,warmup20_geometric,mu_schedule,4,0.0,0.0,0.0,full_mu_schedule_warmup20_geometric_rep04,94004,1070.8516986820773
silu,1,warmup20_geometric,3,1065.3585181655553,52,27.604249954223633,100,0.22908676527677732,0.22908676527677732,0.22908676527677732,warmup20_geometric,mu_schedule,4,0.0,0.0,0.0,full_mu_schedule_warmup20_geometric_rep04,94004,1065.3585181655553
silu,1,warmup20_geometric,3,1061.4778064903721,53,28.369585037231445,100,0.2187761623949553,0.2187761623949553,0.2187761623949553,warmup20_geometric,mu_schedule,4,0.0,0.0,0.0,full_mu_schedule_warmup20_geometric_rep04,94004,1061.4778064903721
silu,1,warmup20_geometric,3,1058.6746952015594,54,26.698734045028687,100,0.20892961308540395,0.20892961308540395,0.20892961308540395,warmup20_geometric,mu_schedule,4,0.0,0.0,0.0,full_mu_schedule_warmup20_geometric_rep04,94004,1058.6746952015594
silu,1,warmup20_geometric,3,1060.4084393988023,55,28.148773193359375,100,0.199526231496888,0.199526231496888,0.199526231496888,warmup20_geometric,mu_schedule,4,0.0,0.0,0.0,full_mu_schedule_warmup20_geometric_rep04,94004,1060.4084393988023
silu,1,warmup20_geometric,3,1052.0279932466576,56,26.898905038833618,100,0.19054607179632477,0.19054607179632477,0.19054607179632477,warmup20_geometric,mu_schedule,4,0.0,0.0,0.0,full_mu_schedule_warmup20_geometric_rep04,94004,1052.0279932466576
silu,1,warmup20_geometric,3,1047.583379993665,57,28.202537059783936,100,0.1819700858609984,0.1819700858609984,0.1819700858609984,warmup20_geometric,mu_schedule,4,0.0,0.0,0.0,full_mu_schedule_warmup20_geometric_rep04,94004,1047.583379993665
silu,1,warmup20_geometric,3,1043.787377387389,58,27.83461904525757,100,0.17378008287493757,0.17378008287493757,0.17378008287493757,warmup20_geometric,mu_schedule,4,0.0,0.0,0.0,full_mu_schedule_warmup20_geometric_rep04,94004,1043.787377387389
silu,1,warmup20_geometric,3,1044.1424190031678,59,27.05800700187683,100,0.16595869074375608,0.16595869074375608,0.16595869074375608,warmup20_geometric,mu_schedule,4,0.0,0.0,0.0,full_mu_schedule_warmup20_geometric_rep04,94004,1044.1424190031678
silu,1,warmup20_geometric,3,1034.0282387373286,60,27.852715969085693,100,0.15848931924611137,0.15848931924611137,0.15848931924611137,warmup20_geometric,mu_schedule,4,0.0,0.0,0.0,full_mu_schedule_warmup20_geometric_rep04,94004,1034.0282387373286
silu,1,warmup20_geometric,3,1034.3874284921462,61,27.03706192970276,100,0.15135612484362085,0.15135612484362085,0.15135612484362085,warmup20_geometric,mu_schedule,4,0.0,0.0,0.0,full_mu_schedule_warmup20_geometric_rep04,94004,1034.3874284921462
silu,1,warmup20_geometric,3,1031.5601925081762,62,28.192143201828003,100,0.1445439770745928,0.1445439770745928,0.1445439770745928,warmup20_geometric,mu_schedule,4,0.0,0.0,0.0,full_mu_schedule_warmup20_geometric_rep04,94004,1031.5601925081762
silu,1,warmup20_geometric,3,1030.3532352386774,63,27.805218935012817,100,0.13803842646028852,0.13803842646028852,0.13803842646028852,warmup20_geometric,mu_schedule,4,0.0,0.0,0.0,full_mu_schedule_warmup20_geometric_rep04,94004,1030.3532352386774
silu,1,warmup20_geometric,3,1026.8988395284875,64,27.249879121780396,100,0.13182567385564076,0.13182567385564076,0.13182567385564076,warmup20_geometric,mu_schedule,4,0.0,0.0,0.0,full_mu_schedule_warmup20_geometric_rep04,94004,1026.8988395284875
silu,1,warmup20_geometric,3,1023.5956300586322,65,28.28391695022583,100,0.12589254117941673,0.12589254117941673,0.12589254117941673,warmup20_geometric,mu_schedule,4,0.0,0.0,0.0,full_mu_schedule_warmup20_geometric_rep04,94004,1023.5956300586322
silu,1,warmup20_geometric,3,1021.2836153187818,66,27.77863097190857,100,0.12022644346174133,0.12022644346174133,0.12022644346174133,warmup20_geometric,mu_schedule,4,0.0,0.0,0.0,full_mu_schedule_warmup20_geometric_rep04,94004,1021.2836153187818
silu,1,warmup20_geometric,3,1016.9741396615312,67,26.991132974624634,100,0.11481536214968828,0.11481536214968828,0.11481536214968828,warmup20_geometric,mu_schedule,4,0.0,0.0,0.0,full_mu_schedule_warmup20_geometric_rep04,94004,1016.9741396615312
silu,1,warmup20_geometric,3,1007.9496023955093,68,28.313012838363647,100,0.10964781961431853,0.10964781961431853,0.10964781961431853,warmup20_geometric,mu_schedule,4,0.0,0.0,0.0,full_mu_schedule_warmup20_geometric_rep04,94004,1007.9496023955093
silu,1,warmup20_geometric,3,1009.5930153422655,69,27.702334880828857,100,0.10471285480508996,0.10471285480508996,0.10471285480508996,warmup20_geometric,mu_schedule,4,0.0,0.0,0.0,full_mu_schedule_warmup20_geometric_rep04,94004,1009.5930153422655
silu,1,warmup20_geometric,3,1006.0471942384072,70,29.111527919769287,100,0.10000000000000002,0.10000000000000002,0.10000000000000002,warmup20_geometric,mu_schedule,4,0.0,0.0,0.0,full_mu_schedule_warmup20_geometric_rep04,94004,1006.0471942384072
silu,1,warmup20_geometric,3,1002.012119228377,71,29.895051956176758,100,0.09549925860214363,0.09549925860214363,0.09549925860214363,warmup20_geometric,mu_schedule,4,0.0,0.0,0.0,full_mu_schedule_warmup20_geometric_rep04,94004,1002.012119228377
silu,1,warmup20_geometric,3,1003.5487598233345,72,27.491397857666016,100,0.091201083935591,0.091201083935591,0.091201083935591,warmup20_geometric,mu_schedule,4,0.0,0.0,0.0,full_mu_schedule_warmup20_geometric_rep04,94004,1003.5487598233345
silu,1,warmup20_geometric,3,1000.5764276084702,73,28.782822847366333,100,0.0870963589956081,0.0870963589956081,0.0870963589956081,warmup20_geometric,mu_schedule,4,0.0,0.0,0.0,full_mu_schedule_warmup20_geometric_rep04,94004,1000.5764276084702
silu,1,warmup20_geometric,3,990.772862468225,74,27.579211950302124,100,0.08317637711026711,0.08317637711026711,0.08317637711026711,warmup20_geometric,mu_schedule,4,0.0,0.0,0.0,full_mu_schedule_warmup20_geometric_rep04,94004,990.772862468225
silu,1,warmup20_geometric,3,989.4676613030418,75,29.383482933044434,100,0.07943282347242818,0.07943282347242818,0.07943282347242818,warmup20_geometric,mu_schedule,4,0.0,0.0,0.0,full_mu_schedule_warmup20_geometric_rep04,94004,989.4676613030418
silu,1,warmup20_geometric,3,989.5541984622864,76,28.976211071014404,100,0.07585775750291839,0.07585775750291839,0.07585775750291839,warmup20_geometric,mu_schedule,4,0.0,0.0,0.0,full_mu_schedule_warmup20_geometric_rep04,94004,989.5541984622864
silu,1,warmup20_geometric,3,992.2427180907513,77,27.360333919525146,100,0.07244359600749903,0.07244359600749903,0.07244359600749903,warmup20_geometric,mu_schedule,4,0.0,0.0,0.0,full_mu_schedule_warmup20_geometric_rep04,94004,992.2427180907513
silu,1,warmup20_geometric,3,983.092754110381,78,29.339200973510742,100,0.06918309709189367,0.06918309709189367,0.06918309709189367,warmup20_geometric,mu_schedule,4,0.0,0.0,0.0,full_mu_schedule_warmup20_geometric_rep04,94004,983.092754110381
silu,1,warmup20_geometric,3,987.1865909851441,79,29.3888099193573,100,0.06606934480075961,0.06606934480075961,0.06606934480075961,warmup20_geometric,mu_schedule,4,0.0,0.0,0.0,full_mu_schedule_warmup20_geometric_rep04,94004,987.1865909851441
silu,1,warmup20_geometric,3,981.9286316319377,80,27.780513048171997,100,0.06309573444801934,0.06309573444801934,0.06309573444801934,warmup20_geometric,mu_schedule,4,0.0,0.0,0.0,full_mu_schedule_warmup20_geometric_rep04,94004,981.9286316319377
silu,1,warmup20_geometric,3,983.5944897442267,81,28.993808031082153,100,0.06025595860743578,0.06025595860743578,0.06025595860743578,warmup20_geometric,mu_schedule,4,0.0,0.0,0.0,full_mu_schedule_warmup20_geometric_rep04,94004,983.5944897442267
silu,1,warmup20_geometric,3,979.95562381432,82,27.98197293281555,100,0.05754399373371571,0.05754399373371571,0.05754399373371571,warmup20_geometric,mu_schedule,4,0.0,0.0,0.0,full_mu_schedule_warmup20_geometric_rep04,94004,979.95562381432
silu,1,warmup20_geometric,3,980.2866037626992,83,29.242915868759155,100,0.05495408738576248,0.05495408738576248,0.05495408738576248,warmup20_geometric,mu_schedule,4,0.0,0.0,0.0,full_mu_schedule_warmup20_geometric_rep04,94004,980.2866037626992
silu,1,warmup20_geometric,3,977.5705978787399,84,28.80631685256958,100,0.05248074602497727,0.05248074602497727,0.05248074602497727,warmup20_geometric,mu_schedule,4,0.0,0.0,0.0,full_mu_schedule_warmup20_geometric_rep04,94004,977.5705978787399
silu,1,warmup20_geometric,3,977.3695415683558,85,28.269568920135498,100,0.05011872336272725,0.05011872336272725,0.05011872336272725,warmup20_geometric,mu_schedule,4,0.0,0.0,0.0,full_mu_schedule_warmup20_geometric_rep04,94004,977.3695415683558
silu,1,warmup20_geometric,3,978.7053613021139,86,29.255558013916016,100,0.047863009232263845,0.047863009232263845,0.047863009232263845,warmup20_geometric,mu_schedule,4,0.0,0.0,0.0,full_mu_schedule_warmup20_geometric_rep04,94004,978.7053613021139
silu,1,warmup20_geometric,3,976.8252637351154,87,28.885020971298218,100,0.04570881896148752,0.04570881896148752,0.04570881896148752,warmup20_geometric,mu_schedule,4,0.0,0.0,0.0,full_mu_schedule_warmup20_geometric_rep04,94004,976.8252637351154
silu,1,warmup20_geometric,3,985.143405132957,88,28.220290899276733,100,0.043651583224016605,0.043651583224016605,0.043651583224016605,warmup20_geometric,mu_schedule,4,0.0,0.0,0.0,full_mu_schedule_warmup20_geometric_rep04,94004,985.143405132957
silu,1,warmup20_geometric,3,979.4706470018413,89,28.27376413345337,100,0.041686938347033554,0.041686938347033554,0.041686938347033554,warmup20_geometric,mu_schedule,4,0.0,0.0,0.0,full_mu_schedule_warmup20_geometric_rep04,94004,979.4706470018413
silu,1,warmup20_geometric,3,980.0775021658031,90,28.852987051010132,100,0.03981071705534975,0.03981071705534975,0.03981071705534975,warmup20_geometric,mu_schedule,4,0.0,0.0,0.0,full_mu_schedule_warmup20_geometric_rep04,94004,980.0775021658031
silu,1,warmup20_geometric,3,985.1063694425633,91,29.21455407142639,100,0.03801893963205613,0.03801893963205613,0.03801893963205613,warmup20_geometric,mu_schedule,4,0.0,0.0,0.0,full_mu_schedule_warmup20_geometric_rep04,94004,985.1063694425633
silu,1,warmup20_geometric,3,987.9649225717008,92,30.71257495880127,100,0.03630780547701015,0.03630780547701015,0.03630780547701015,warmup20_geometric,mu_schedule,4,0.0,0.0,0.0,full_mu_schedule_warmup20_geometric_rep04,94004,987.9649225717008
silu,1,warmup20_geometric,3,983.2793583791579,93,28.067437887191772,100,0.03467368504525317,0.03467368504525317,0.03467368504525317,warmup20_geometric,mu_schedule,4,0.0,0.0,0.0,full_mu_schedule_warmup20_geometric_rep04,94004,983.2793583791579
silu,1,warmup20_geometric,3,980.7192882046816,94,29.98744821548462,100,0.03311311214825912,0.03311311214825912,0.03311311214825912,warmup20_geometric,mu_schedule,4,0.0,0.0,0.0,full_mu_schedule_warmup20_geometric_rep04,94004,980.7192882046816
silu,1,warmup20_geometric,3,980.7747912234921,95,30.019920825958252,100,0.0316227766016838,0.0316227766016838,0.0316227766016838,warmup20_geometric,mu_schedule,4,0.0,0.0,0.0,full_mu_schedule_warmup20_geometric_rep04,94004,980.7747912234921
silu,1,warmup20_geometric,3,982.1279755649608,96,29.07670307159424,100,0.03019951720402017,0.03019951720402017,0.03019951720402017,warmup20_geometric,mu_schedule,4,0.0,0.0,0.0,full_mu_schedule_warmup20_geometric_rep04,94004,982.1279755649608
silu,1,warmup20_geometric,3,987.0990601143963,97,29.599674224853516,100,0.028840315031266075,0.028840315031266075,0.028840315031266075,warmup20_geometric,mu_schedule,4,0.0,0.0,0.0,full_mu_schedule_warmup20_geometric_rep04,94004,987.0990601143963
silu,1,warmup20_geometric,3,983.5325567979686,98,29.083741903305054,100,0.02754228703338167,0.02754228703338167,0.02754228703338167,warmup20_geometric,mu_schedule,4,0.0,0.0,0.0,full_mu_schedule_warmup20_geometric_rep04,94004,983.5325567979686
silu,1,warmup20_geometric,3,982.7141581980316,99,29.530853033065796,100,0.026302679918953832,0.026302679918953832,0.026302679918953832,warmup20_geometric,mu_schedule,4,0.0,0.0,0.0,full_mu_schedule_warmup20_geometric_rep04,94004,982.7141581980316
silu,1,warmup20_geometric,3,979.2503843499485,100,29.962200164794922,100,0.025118864315095805,0.025118864315095805,0.025118864315095805,warmup20_geometric,mu_schedule,4,0.0,0.0,0.0,full_mu_schedule_warmup20_geometric_rep04,94004,979.2503843499485
silu,1,warmup20_geometric,3,987.1210486376909,101,28.93050503730774,100,0.023988329190194915,0.023988329190194915,0.023988329190194915,warmup20_geometric,mu_schedule,4,0.0,0.0,0.0,full_mu_schedule_warmup20_geometric_rep04,94004,987.1210486376909
silu,1,warmup20_geometric,3,976.785923790363,102,29.935290813446045,100,0.022908676527677745,0.022908676527677745,0.022908676527677745,warmup20_geometric,mu_schedule,4,0.0,0.0,0.0,full_mu_schedule_warmup20_geometric_rep04,94004,976.785923790363
silu,1,warmup20_geometric,3,974.8168364166366,103,29.996432065963745,100,0.021877616239495534,0.021877616239495534,0.021877616239495534,warmup20_geometric,mu_schedule,4,0.0,0.0,0.0,full_mu_schedule_warmup20_geometric_rep04,94004,974.8168364166366
silu,1,warmup20_geometric,3,979.422392799352,104,29.090272903442383,100,0.020892961308540407,0.020892961308540407,0.020892961308540407,warmup20_geometric,mu_schedule,4,0.0,0.0,0.0,full_mu_schedule_warmup20_geometric_rep04,94004,979.422392799352
silu,1,warmup20_geometric,3,984.353502815926,105,30.241615056991577,100,0.019952623149688802,0.019952623149688802,0.019952623149688802,warmup20_geometric,mu_schedule,4,0.0,0.0,0.0,full_mu_schedule_warmup20_geometric_rep04,94004,984.353502815926
silu,1,warmup20_geometric,3,990.4879335921246,106,30.121504068374634,100,0.01905460717963248,0.01905460717963248,0.01905460717963248,warmup20_geometric,mu_schedule,4,0.0,0.0,0.0,full_mu_schedule_warmup20_geometric_rep04,94004,990.4879335921246
silu,1,warmup20_geometric,3,978.6828992628242,107,29.254565000534058,100,0.018197008586099846,0.018197008586099846,0.018197008586099846,warmup20_geometric,mu_schedule,4,0.0,0.0,0.0,full_mu_schedule_warmup20_geometric_rep04,94004,978.6828992628242
silu,1,warmup20_geometric,3,984.0479539772163,108,30.658626079559326,100,0.01737800828749377,0.01737800828749377,0.01737800828749377,warmup20_geometric,mu_schedule,4,0.0,0.0,0.0,full_mu_schedule_warmup20_geometric_rep04,94004,984.0479539772163
silu,1,warmup20_geometric,3,987.5014969233274,109,30.738153219223022,100,0.01659586907437561,0.01659586907437561,0.01659586907437561,warmup20_geometric,mu_schedule,4,0.0,0.0,0.0,full_mu_schedule_warmup20_geometric_rep04,94004,987.5014969233274
silu,1,warmup20_geometric,3,980.3482049848209,110,30.661026000976562,100,0.01584893192461114,0.01584893192461114,0.01584893192461114,warmup20_geometric,mu_schedule,4,0.0,0.0,0.0,full_mu_schedule_warmup20_geometric_rep04,94004,980.3482049848209
silu,1,warmup20_geometric,3,982.2126044723346,111,29.67582416534424,100,0.01513561248436209,0.01513561248436209,0.01513561248436209,warmup20_geometric,mu_schedule,4,0.0,0.0,0.0,full_mu_schedule_warmup20_geometric_rep04,94004,982.2126044723346
silu,1,warmup20_geometric,3,983.9255648479798,112,31.29459309577942,100,0.014454397707459285,0.014454397707459285,0.014454397707459285,warmup20_geometric,mu_schedule,4,0.0,0.0,0.0,full_mu_schedule_warmup20_geometric_rep04,94004,983.9255648479798
silu,1,warmup20_geometric,3,981.6184290624423,113,31.299378871917725,100,0.013803842646028849,0.013803842646028849,0.013803842646028849,warmup20_geometric,mu_schedule,4,0.0,0.0,0.0,full_mu_schedule_warmup20_geometric_rep04,94004,981.6184290624423
silu,1,warmup20_geometric,3,984.0836302982858,114,29.63256812095642,100,0.013182567385564073,0.013182567385564073,0.013182567385564073,warmup20_geometric,mu_schedule,4,0.0,0.0,0.0,full_mu_schedule_warmup20_geometric_rep04,94004,984.0836302982858
silu,1,warmup20_geometric,3,987.080110420718,115,30.928708791732788,100,0.012589254117941677,0.012589254117941677,0.012589254117941677,warmup20_geometric,mu_schedule,4,0.0,0.0,0.0,full_mu_schedule_warmup20_geometric_rep04,94004,987.080110420718
silu,1,warmup20_geometric,3,979.1789003699103,116,31.6486759185791,100,0.012022644346174135,0.012022644346174135,0.012022644346174135,warmup20_geometric,mu_schedule,4,0.0,0.0,0.0,full_mu_schedule_warmup20_geometric_rep04,94004,979.1789003699103
silu,1,warmup20_geometric,3,982.0397635154337,117,29.905092000961304,100,0.011481536214968837,0.011481536214968837,0.011481536214968837,warmup20_geometric,mu_schedule,4,0.0,0.0,0.0,full_mu_schedule_warmup20_geometric_rep04,94004,982.0397635154337
silu,1,warmup20_geometric,3,989.6113601985676,118,30.82020401954651,100,0.01096478196143185,0.01096478196143185,0.01096478196143185,warmup20_geometric,mu_schedule,4,0.0,0.0,0.0,full_mu_schedule_warmup20_geometric_rep04,94004,989.6113601985676
silu,1,warmup20_geometric,3,979.2616160962336,119,31.34082007408142,100,0.010471285480508997,0.010471285480508997,0.010471285480508997,warmup20_geometric,mu_schedule,4,0.0,0.0,0.0,full_mu_schedule_warmup20_geometric_rep04,94004,979.2616160962336
silu,1,warmup20_geometric,3,976.8983007080228,120,29.63473081588745,100,0.010000000000000004,0.010000000000000004,0.010000000000000004,warmup20_geometric,mu_schedule,4,0.0,0.0,0.0,full_mu_schedule_warmup20_geometric_rep04,94004,976.8983007080228
silu,1,warmup20_geometric,3,951.0093597557722,121,28.942291021347046,100,0.010000000000000004,0.010000000000000004,0.0,warmup20_geometric,mu_schedule,4,0.0,0.0,0.0,full_mu_schedule_warmup20_geometric_rep04,94004,951.0093597557722
silu,1,warmup20_geometric,3,949.8369125146992,122,25.96426010131836,100,0.010000000000000004,0.010000000000000004,0.0,warmup20_geometric,mu_schedule,4,0.0,0.0,0.0,full_mu_schedule_warmup20_geometric_rep04,94004,949.8369125146992
silu,1,warmup20_geometric,3,956.2415260580859,123,26.05408477783203,100,0.010000000000000004,0.010000000000000004,0.0,warmup20_geometric,mu_schedule,4,0.0,0.0,0.0,full_mu_schedule_warmup20_geometric_rep04,94004,956.2415260580859
silu,1,warmup20_geometric,3,953.3809239783385,124,24.194849014282227,100,0.010000000000000004,0.010000000000000004,0.0,warmup20_geometric,mu_schedule,4,0.0,0.0,0.0,full_mu_schedule_warmup20_geometric_rep04,94004,953.3809239783385
silu,1,warmup20_geometric,3,952.5939227793893,125,24.860151052474976,100,0.010000000000000004,0.010000000000000004,0.0,warmup20_geometric,mu_schedule,4,0.0,0.0,0.0,full_mu_schedule_warmup20_geometric_rep04,94004,952.5939227793893
silu,1,warmup20_geometric,3,953.0072771581944,126,25.983633995056152,100,0.010000000000000004,0.010000000000000004,0.0,warmup20_geometric,mu_schedule,4,0.0,0.0,0.0,full_mu_schedule_warmup20_geometric_rep04,94004,953.0072771581944
silu,1,warmup20_geometric,3,953.0476583212984,127,25.81270408630371,100,0.010000000000000004,0.010000000000000004,0.0,warmup20_geometric,mu_schedule,4,0.0,0.0,0.0,full_mu_schedule_warmup20_geometric_rep04,94004,953.0476583212984
silu,1,warmup20_geometric,3,947.3137152429215,128,26.021503925323486,100,0.010000000000000004,0.010000000000000004,0.0,warmup20_geometric,mu_schedule,4,0.0,0.0,0.0,full_mu_schedule_warmup20_geometric_rep04,94004,947.3137152429215
silu,1,warmup20_geometric,3,950.558038635118,129,25.49084711074829,100,0.010000000000000004,0.010000000000000004,0.0,warmup20_geometric,mu_schedule,4,0.0,0.0,0.0,full_mu_schedule_warmup20_geometric_rep04,94004,950.558038635118
silu,1,warmup20_geometric,3,947.781763035825,130,25.444800853729248,100,0.010000000000000004,0.010000000000000004,0.0,warmup20_geometric,mu_schedule,4,0.0,0.0,0.0,full_mu_schedule_warmup20_geometric_rep04,94004,947.781763035825
silu,1,warmup20_geometric,3,1956.633917127746,1,93.36363101005554,100,1.0,1.0,1.0,warmup20_geometric,mu_schedule,5,0.0,0.0,0.0,full_mu_schedule_warmup20_geometric_rep05,94005,1956.633917127746
silu,1,warmup20_geometric,3,999.6912426705692,2,26.89535903930664,100,1.0,1.0,1.0,warmup20_geometric,mu_schedule,5,0.0,0.0,0.0,full_mu_schedule_warmup20_geometric_rep05,94005,999.6912426705692
silu,1,warmup20_geometric,3,967.5912017625956,3,28.500417947769165,100,1.0,1.0,1.0,warmup20_geometric,mu_schedule,5,0.0,0.0,0.0,full_mu_schedule_warmup20_geometric_rep05,94005,967.5912017625956
silu,1,warmup20_geometric,3,961.7153808587057,4,27.07348394393921,100,1.0,1.0,1.0,warmup20_geometric,mu_schedule,5,0.0,0.0,0.0,full_mu_schedule_warmup20_geometric_rep05,94005,961.7153808587057
silu,1,warmup20_geometric,3,958.3144615652308,5,28.126074075698853,100,1.0,1.0,1.0,warmup20_geometric,mu_schedule,5,0.0,0.0,0.0,full_mu_schedule_warmup20_geometric_rep05,94005,958.3144615652308
silu,1,warmup20_geometric,3,955.9535455030178,6,29.356379985809326,100,1.0,1.0,1.0,warmup20_geometric,mu_schedule,5,0.0,0.0,0.0,full_mu_schedule_warmup20_geometric_rep05,94005,955.9535455030178
silu,1,warmup20_geometric,3,953.621751331427,7,27.22969698905945,100,1.0,1.0,1.0,warmup20_geometric,mu_schedule,5,0.0,0.0,0.0,full_mu_schedule_warmup20_geometric_rep05,94005,953.621751331427
silu,1,warmup20_geometric,3,952.0185585178771,8,27.994214057922363,100,1.0,1.0,1.0,warmup20_geometric,mu_schedule,5,0.0,0.0,0.0,full_mu_schedule_warmup20_geometric_rep05,94005,952.0185585178771
silu,1,warmup20_geometric,3,952.3999773508847,9,28.070306062698364,100,1.0,1.0,1.0,warmup20_geometric,mu_schedule,5,0.0,0.0,0.0,full_mu_schedule_warmup20_geometric_rep05,94005,952.3999773508847
silu,1,warmup20_geometric,3,951.0666030925577,10,27.082010984420776,100,1.0,1.0,1.0,warmup20_geometric,mu_schedule,5,0.0,0.0,0.0,full_mu_schedule_warmup20_geometric_rep05,94005,951.0666030925577
silu,1,warmup20_geometric,3,949.8884497800299,11,28.77553105354309,100,1.0,1.0,1.0,warmup20_geometric,mu_schedule,5,0.0,0.0,0.0,full_mu_schedule_warmup20_geometric_rep05,94005,949.8884497800299
silu,1,warmup20_geometric,3,948.725380952788,12,27.342103958129883,100,1.0,1.0,1.0,warmup20_geometric,mu_schedule,5,0.0,0.0,0.0,full_mu_schedule_warmup20_geometric_rep05,94005,948.725380952788
silu,1,warmup20_geometric,3,947.6633641561108,13,28.17964792251587,100,1.0,1.0,1.0,warmup20_geometric,mu_schedule,5,0.0,0.0,0.0,full_mu_schedule_warmup20_geometric_rep05,94005,947.6633641561108
silu,1,warmup20_geometric,3,946.6254156588486,14,28.31308889389038,100,1.0,1.0,1.0,warmup20_geometric,mu_schedule,5,0.0,0.0,0.0,full_mu_schedule_warmup20_geometric_rep05,94005,946.6254156588486
silu,1,warmup20_geometric,3,945.6841328272727,15,26.51986289024353,100,1.0,1.0,1.0,warmup20_geometric,mu_schedule,5,0.0,0.0,0.0,full_mu_schedule_warmup20_geometric_rep05,94005,945.6841328272727
silu,1,warmup20_geometric,3,944.8799589616515,16,28.57969903945923,100,1.0,1.0,1.0,warmup20_geometric,mu_schedule,5,0.0,0.0,0.0,full_mu_schedule_warmup20_geometric_rep05,94005,944.8799589616515
silu,1,warmup20_geometric,3,944.1425898230877,17,27.038928985595703,100,1.0,1.0,1.0,warmup20_geometric,mu_schedule,5,0.0,0.0,0.0,full_mu_schedule_warmup20_geometric_rep05,94005,944.1425898230877
silu,1,warmup20_geometric,3,943.5431478176843,18,27.904047966003418,100,1.0,1.0,1.0,warmup20_geometric,mu_schedule,5,0.0,0.0,0.0,full_mu_schedule_warmup20_geometric_rep05,94005,943.5431478176843
silu,1,warmup20_geometric,3,942.8677926132087,19,26.873153924942017,100,1.0,1.0,1.0,warmup20_geometric,mu_schedule,5,0.0,0.0,0.0,full_mu_schedule_warmup20_geometric_rep05,94005,942.8677926132087
silu,1,warmup20_geometric,3,942.2775499930062,20,27.90670895576477,100,1.0,1.0,1.0,warmup20_geometric,mu_schedule,5,0.0,0.0,0.0,full_mu_schedule_warmup20_geometric_rep05,94005,942.2775499930062
silu,1,warmup20_geometric,3,960.6685061625071,21,28.49715805053711,100,0.954992586021436,0.954992586021436,0.954992586021436,warmup20_geometric,mu_schedule,5,0.0,0.0,0.0,full_mu_schedule_warmup20_geometric_rep05,94005,960.6685061625071
silu,1,warmup20_geometric,3,977.5642270965884,22,26.517505884170532,100,0.9120108393559098,0.9120108393559098,0.9120108393559098,warmup20_geometric,mu_schedule,5,0.0,0.0,0.0,full_mu_schedule_warmup20_geometric_rep05,94005,977.5642270965884
silu,1,warmup20_geometric,3,992.9691622701846,23,28.8609402179718,100,0.8709635899560807,0.8709635899560807,0.8709635899560807,warmup20_geometric,mu_schedule,5,0.0,0.0,0.0,full_mu_schedule_warmup20_geometric_rep05,94005,992.9691622701846
silu,1,warmup20_geometric,3,1006.9566659620172,24,27.132882118225098,100,0.831763771102671,0.831763771102671,0.831763771102671,warmup20_geometric,mu_schedule,5,0.0,0.0,0.0,full_mu_schedule_warmup20_geometric_rep05,94005,1006.9566659620172
silu,1,warmup20_geometric,3,1019.6253867049683,25,29.164180040359497,100,0.7943282347242815,0.7943282347242815,0.7943282347242815,warmup20_geometric,mu_schedule,5,0.0,0.0,0.0,full_mu_schedule_warmup20_geometric_rep05,94005,1019.6253867049683
silu,1,warmup20_geometric,3,1031.028709558528,26,27.400789976119995,100,0.7585775750291838,0.7585775750291838,0.7585775750291838,warmup20_geometric,mu_schedule,5,0.0,0.0,0.0,full_mu_schedule_warmup20_geometric_rep05,94005,1031.028709558528
silu,1,warmup20_geometric,3,1041.3241824259985,27,28.725304126739502,100,0.7244359600749901,0.7244359600749901,0.7244359600749901,warmup20_geometric,mu_schedule,5,0.0,0.0,0.0,full_mu_schedule_warmup20_geometric_rep05,94005,1041.3241824259985
silu,1,warmup20_geometric,3,1050.575118407609,28,27.664763927459717,100,0.6918309709189365,0.6918309709189365,0.6918309709189365,warmup20_geometric,mu_schedule,5,0.0,0.0,0.0,full_mu_schedule_warmup20_geometric_rep05,94005,1050.575118407609
silu,1,warmup20_geometric,3,1058.8820265493314,29,27.12555694580078,100,0.660693448007596,0.660693448007596,0.660693448007596,warmup20_geometric,mu_schedule,5,0.0,0.0,0.0,full_mu_schedule_warmup20_geometric_rep05,94005,1058.8820265493314
silu,1,warmup20_geometric,3,1066.0641257760792,30,28.50155997276306,100,0.6309573444801932,0.6309573444801932,0.6309573444801932,warmup20_geometric,mu_schedule,5,0.0,0.0,0.0,full_mu_schedule_warmup20_geometric_rep05,94005,1066.0641257760792
silu,1,warmup20_geometric,3,1072.3304807966006,31,27.02546787261963,100,0.6025595860743578,0.6025595860743578,0.6025595860743578,warmup20_geometric,mu_schedule,5,0.0,0.0,0.0,full_mu_schedule_warmup20_geometric_rep05,94005,1072.3304807966006
silu,1,warmup20_geometric,3,1077.6571323600397,32,27.907350063323975,100,0.5754399373371569,0.5754399373371569,0.5754399373371569,warmup20_geometric,mu_schedule,5,0.0,0.0,0.0,full_mu_schedule_warmup20_geometric_rep05,94005,1077.6571323600397
silu,1,warmup20_geometric,3,1082.160654017041,33,27.956718921661377,100,0.5495408738576246,0.5495408738576246,0.5495408738576246,warmup20_geometric,mu_schedule,5,0.0,0.0,0.0,full_mu_schedule_warmup20_geometric_rep05,94005,1082.160654017041
silu,1,warmup20_geometric,3,1085.9118412765356,34,27.113569974899292,100,0.5248074602497727,0.5248074602497727,0.5248074602497727,warmup20_geometric,mu_schedule,5,0.0,0.0,0.0,full_mu_schedule_warmup20_geometric_rep05,94005,1085.9118412765356
silu,1,warmup20_geometric,3,1088.9676999342025,35,27.62918782234192,100,0.5011872336272724,0.5011872336272724,0.5011872336272724,warmup20_geometric,mu_schedule,5,0.0,0.0,0.0,full_mu_schedule_warmup20_geometric_rep05,94005,1088.9676999342025
silu,1,warmup20_geometric,3,1091.2692152762506,36,27.925453901290894,100,0.47863009232263837,0.47863009232263837,0.47863009232263837,warmup20_geometric,mu_schedule,5,0.0,0.0,0.0,full_mu_schedule_warmup20_geometric_rep05,94005,1091.2692152762506
silu,1,warmup20_geometric,3,1093.033547561211,37,27.577536821365356,100,0.457088189614875,0.457088189614875,0.457088189614875,warmup20_geometric,mu_schedule,5,0.0,0.0,0.0,full_mu_schedule_warmup20_geometric_rep05,94005,1093.033547561211
silu,1,warmup20_geometric,3,1094.2316154234834,38,28.40113401412964,100,0.436515832240166,0.436515832240166,0.436515832240166,warmup20_geometric,mu_schedule,5,0.0,0.0,0.0,full_mu_schedule_warmup20_geometric_rep05,94005,1094.2316154234834
silu,1,warmup20_geometric,3,1094.8951057802742,39,27.324424028396606,100,0.4168693834703354,0.4168693834703354,0.4168693834703354,warmup20_geometric,mu_schedule,5,0.0,0.0,0.0,full_mu_schedule_warmup20_geometric_rep05,94005,1094.8951057802742
silu,1,warmup20_geometric,3,1094.8134802487689,40,28.1600399017334,100,0.39810717055349726,0.39810717055349726,0.39810717055349726,warmup20_geometric,mu_schedule,5,0.0,0.0,0.0,full_mu_schedule_warmup20_geometric_rep05,94005,1094.8134802487689
silu,1,warmup20_geometric,3,1094.63429541003,41,26.836724996566772,100,0.38018939632056126,0.38018939632056126,0.38018939632056126,warmup20_geometric,mu_schedule,5,0.0,0.0,0.0,full_mu_schedule_warmup20_geometric_rep05,94005,1094.63429541003
silu,1,warmup20_geometric,3,1093.829946797194,42,28.340813875198364,100,0.3630780547701014,0.3630780547701014,0.3630780547701014,warmup20_geometric,mu_schedule,5,0.0,0.0,0.0,full_mu_schedule_warmup20_geometric_rep05,94005,1093.829946797194
silu,1,warmup20_geometric,3,1090.082316268323,43,28.226314067840576,100,0.3467368504525317,0.3467368504525317,0.3467368504525317,warmup20_geometric,mu_schedule,5,0.0,0.0,0.0,full_mu_schedule_warmup20_geometric_rep05,94005,1090.082316268323
silu,1,warmup20_geometric,3,1087.9279428369514,44,27.08980107307434,100,0.33113112148259116,0.33113112148259116,0.33113112148259116,warmup20_geometric,mu_schedule,5,0.0,0.0,0.0,full_mu_schedule_warmup20_geometric_rep05,94005,1087.9279428369514
silu,1,warmup20_geometric,3,1083.5614158304984,45,28.540382146835327,100,0.316227766016838,0.316227766016838,0.316227766016838,warmup20_geometric,mu_schedule,5,0.0,0.0,0.0,full_mu_schedule_warmup20_geometric_rep05,94005,1083.5614158304984
silu,1,warmup20_geometric,3,1087.7179056762868,46,27.482510805130005,100,0.30199517204020165,0.30199517204020165,0.30199517204020165,warmup20_geometric,mu_schedule,5,0.0,0.0,0.0,full_mu_schedule_warmup20_geometric_rep05,94005,1087.7179056762868
silu,1,warmup20_geometric,3,1079.4947658383153,47,29.000776052474976,100,0.2884031503126606,0.2884031503126606,0.2884031503126606,warmup20_geometric,mu_schedule,5,0.0,0.0,0.0,full_mu_schedule_warmup20_geometric_rep05,94005,1079.4947658383153
silu,1,warmup20_geometric,3,1083.1545368599475,48,27.459617137908936,100,0.2754228703338166,0.2754228703338166,0.2754228703338166,warmup20_geometric,mu_schedule,5,0.0,0.0,0.0,full_mu_schedule_warmup20_geometric_rep05,94005,1083.1545368599475
silu,1,warmup20_geometric,3,1075.0305027050226,49,29.048818111419678,100,0.26302679918953825,0.26302679918953825,0.26302679918953825,warmup20_geometric,mu_schedule,5,0.0,0.0,0.0,full_mu_schedule_warmup20_geometric_rep05,94005,1075.0305027050226
silu,1,warmup20_geometric,3,1079.6286823058304,50,28.067497968673706,100,0.25118864315095807,0.25118864315095807,0.25118864315095807,warmup20_geometric,mu_schedule,5,0.0,0.0,0.0,full_mu_schedule_warmup20_geometric_rep05,94005,1079.6286823058304
silu,1,warmup20_geometric,3,1067.8750957004568,51,26.66298198699951,100,0.23988329190194907,0.23988329190194907,0.23988329190194907,warmup20_geometric,mu_schedule,5,0.0,0.0,0.0,full_mu_schedule_warmup20_geometric_rep05,94005,1067.8750957004568
silu,1,warmup20_geometric,3,1073.589953828032,52,27.98595690727234,100,0.22908676527677732,0.22908676527677732,0.22908676527677732,warmup20_geometric,mu_schedule,5,0.0,0.0,0.0,full_mu_schedule_warmup20_geometric_rep05,94005,1073.589953828032
silu,1,warmup20_geometric,3,1066.907889477917,53,26.988271951675415,100,0.2187761623949553,0.2187761623949553,0.2187761623949553,warmup20_geometric,mu_schedule,5,0.0,0.0,0.0,full_mu_schedule_warmup20_geometric_rep05,94005,1066.907889477917
silu,1,warmup20_geometric,3,1057.0575466963799,54,28.13889503479004,100,0.20892961308540395,0.20892961308540395,0.20892961308540395,warmup20_geometric,mu_schedule,5,0.0,0.0,0.0,full_mu_schedule_warmup20_geometric_rep05,94005,1057.0575466963799
silu,1,warmup20_geometric,3,1060.5045032578607,55,28.019268035888672,100,0.199526231496888,0.199526231496888,0.199526231496888,warmup20_geometric,mu_schedule,5,0.0,0.0,0.0,full_mu_schedule_warmup20_geometric_rep05,94005,1060.5045032578607
silu,1,warmup20_geometric,3,1051.577332007987,56,27.038697004318237,100,0.19054607179632477,0.19054607179632477,0.19054607179632477,warmup20_geometric,mu_schedule,5,0.0,0.0,0.0,full_mu_schedule_warmup20_geometric_rep05,94005,1051.577332007987
silu,1,warmup20_geometric,3,1048.2064001942897,57,28.623372793197632,100,0.1819700858609984,0.1819700858609984,0.1819700858609984,warmup20_geometric,mu_schedule,5,0.0,0.0,0.0,full_mu_schedule_warmup20_geometric_rep05,94005,1048.2064001942897
silu,1,warmup20_geometric,3,1052.736993277481,58,27.128233909606934,100,0.17378008287493757,0.17378008287493757,0.17378008287493757,warmup20_geometric,mu_schedule,5,0.0,0.0,0.0,full_mu_schedule_warmup20_geometric_rep05,94005,1052.736993277481
silu,1,warmup20_geometric,3,1043.2546907024946,59,27.59254789352417,100,0.16595869074375608,0.16595869074375608,0.16595869074375608,warmup20_geometric,mu_schedule,5,0.0,0.0,0.0,full_mu_schedule_warmup20_geometric_rep05,94005,1043.2546907024946
silu,1,warmup20_geometric,3,1045.3331154772402,60,28.40392780303955,100,0.15848931924611137,0.15848931924611137,0.15848931924611137,warmup20_geometric,mu_schedule,5,0.0,0.0,0.0,full_mu_schedule_warmup20_geometric_rep05,94005,1045.3331154772402
silu,1,warmup20_geometric,3,1041.6065340376015,61,27.256808042526245,100,0.15135612484362085,0.15135612484362085,0.15135612484362085,warmup20_geometric,mu_schedule,5,0.0,0.0,0.0,full_mu_schedule_warmup20_geometric_rep05,94005,1041.6065340376015
silu,1,warmup20_geometric,3,1035.127132638574,62,28.253043174743652,100,0.1445439770745928,0.1445439770745928,0.1445439770745928,warmup20_geometric,mu_schedule,5,0.0,0.0,0.0,full_mu_schedule_warmup20_geometric_rep05,94005,1035.127132638574
silu,1,warmup20_geometric,3,1031.964732129834,63,26.7401340007782,100,0.13803842646028852,0.13803842646028852,0.13803842646028852,warmup20_geometric,mu_schedule,5,0.0,0.0,0.0,full_mu_schedule_warmup20_geometric_rep05,94005,1031.964732129834
silu,1,warmup20_geometric,3,1023.5114493473126,64,27.736347913742065,100,0.13182567385564076,0.13182567385564076,0.13182567385564076,warmup20_geometric,mu_schedule,5,0.0,0.0,0.0,full_mu_schedule_warmup20_geometric_rep05,94005,1023.5114493473126
silu,1,warmup20_geometric,3,1020.5538021094626,65,27.345962047576904,100,0.12589254117941673,0.12589254117941673,0.12589254117941673,warmup20_geometric,mu_schedule,5,0.0,0.0,0.0,full_mu_schedule_warmup20_geometric_rep05,94005,1020.5538021094626
silu,1,warmup20_geometric,3,1023.5478333196319,66,27.67848491668701,100,0.12022644346174133,0.12022644346174133,0.12022644346174133,warmup20_geometric,mu_schedule,5,0.0,0.0,0.0,full_mu_schedule_warmup20_geometric_rep05,94005,1023.5478333196319
silu,1,warmup20_geometric,3,1019.3390221548136,67,27.860230922698975,100,0.11481536214968828,0.11481536214968828,0.11481536214968828,warmup20_geometric,mu_schedule,5,0.0,0.0,0.0,full_mu_schedule_warmup20_geometric_rep05,94005,1019.3390221548136
silu,1,warmup20_geometric,3,1016.4834116289363,68,27.29605484008789,100,0.10964781961431853,0.10964781961431853,0.10964781961431853,warmup20_geometric,mu_schedule,5,0.0,0.0,0.0,full_mu_schedule_warmup20_geometric_rep05,94005,1016.4834116289363
silu,1,warmup20_geometric,3,1010.6768954815118,69,27.929742097854614,100,0.10471285480508996,0.10471285480508996,0.10471285480508996,warmup20_geometric,mu_schedule,5,0.0,0.0,0.0,full_mu_schedule_warmup20_geometric_rep05,94005,1010.6768954815118
silu,1,warmup20_geometric,3,1008.6919535854341,70,29.441405057907104,100,0.10000000000000002,0.10000000000000002,0.10000000000000002,warmup20_geometric,mu_schedule,5,0.0,0.0,0.0,full_mu_schedule_warmup20_geometric_rep05,94005,1008.6919535854341
silu,1,warmup20_geometric,3,1007.9260495006384,71,27.52913784980774,100,0.09549925860214363,0.09549925860214363,0.09549925860214363,warmup20_geometric,mu_schedule,5,0.0,0.0,0.0,full_mu_schedule_warmup20_geometric_rep05,94005,1007.9260495006384
silu,1,warmup20_geometric,3,1000.9944267139712,72,28.37605595588684,100,0.091201083935591,0.091201083935591,0.091201083935591,warmup20_geometric,mu_schedule,5,0.0,0.0,0.0,full_mu_schedule_warmup20_geometric_rep05,94005,1000.9944267139712
silu,1,warmup20_geometric,3,999.5975535986976,73,27.50737500190735,100,0.0870963589956081,0.0870963589956081,0.0870963589956081,warmup20_geometric,mu_schedule,5,0.0,0.0,0.0,full_mu_schedule_warmup20_geometric_rep05,94005,999.5975535986976
silu,1,warmup20_geometric,3,995.8148648491319,74,28.3957359790802,100,0.08317637711026711,0.08317637711026711,0.08317637711026711,warmup20_geometric,mu_schedule,5,0.0,0.0,0.0,full_mu_schedule_warmup20_geometric_rep05,94005,995.8148648491319
silu,1,warmup20_geometric,3,993.2092845137329,75,28.807318210601807,100,0.07943282347242818,0.07943282347242818,0.07943282347242818,warmup20_geometric,mu_schedule,5,0.0,0.0,0.0,full_mu_schedule_warmup20_geometric_rep05,94005,993.2092845137329
silu,1,warmup20_geometric,3,992.2286269763905,76,28.023900985717773,100,0.07585775750291839,0.07585775750291839,0.07585775750291839,warmup20_geometric,mu_schedule,5,0.0,0.0,0.0,full_mu_schedule_warmup20_geometric_rep05,94005,992.2286269763905
silu,1,warmup20_geometric,3,987.6026312015548,77,28.822150945663452,100,0.07244359600749903,0.07244359600749903,0.07244359600749903,warmup20_geometric,mu_schedule,5,0.0,0.0,0.0,full_mu_schedule_warmup20_geometric_rep05,94005,987.6026312015548
silu,1,warmup20_geometric,3,984.902125922461,78,27.909815073013306,100,0.06918309709189367,0.06918309709189367,0.06918309709189367,warmup20_geometric,mu_schedule,5,0.0,0.0,0.0,full_mu_schedule_warmup20_geometric_rep05,94005,984.902125922461
silu,1,warmup20_geometric,3,978.456905339145,79,28.743903875350952,100,0.06606934480075961,0.06606934480075961,0.06606934480075961,warmup20_geometric,mu_schedule,5,0.0,0.0,0.0,full_mu_schedule_warmup20_geometric_rep05,94005,978.456905339145
silu,1,warmup20_geometric,3,977.5998850931845,80,29.106900215148926,100,0.06309573444801934,0.06309573444801934,0.06309573444801934,warmup20_geometric,mu_schedule,5,0.0,0.0,0.0,full_mu_schedule_warmup20_geometric_rep05,94005,977.5998850931845
silu,1,warmup20_geometric,3,967.1252426335277,81,27.725384950637817,100,0.06025595860743578,0.06025595860743578,0.06025595860743578,warmup20_geometric,mu_schedule,5,0.0,0.0,0.0,full_mu_schedule_warmup20_geometric_rep05,94005,967.1252426335277
silu,1,warmup20_geometric,3,965.2129450272355,82,28.947237968444824,100,0.05754399373371571,0.05754399373371571,0.05754399373371571,warmup20_geometric,mu_schedule,5,0.0,0.0,0.0,full_mu_schedule_warmup20_geometric_rep05,94005,965.2129450272355
silu,1,warmup20_geometric,3,973.5979205356581,83,28.221285104751587,100,0.05495408738576248,0.05495408738576248,0.05495408738576248,warmup20_geometric,mu_schedule,5,0.0,0.0,0.0,full_mu_schedule_warmup20_geometric_rep05,94005,973.5979205356581
silu,1,warmup20_geometric,3,969.9942964350796,84,28.973839044570923,100,0.05248074602497727,0.05248074602497727,0.05248074602497727,warmup20_geometric,mu_schedule,5,0.0,0.0,0.0,full_mu_schedule_warmup20_geometric_rep05,94005,969.9942964350796
silu,1,warmup20_geometric,3,966.7407042793902,85,29.084213972091675,100,0.05011872336272725,0.05011872336272725,0.05011872336272725,warmup20_geometric,mu_schedule,5,0.0,0.0,0.0,full_mu_schedule_warmup20_geometric_rep05,94005,966.7407042793902
silu,1,warmup20_geometric,3,954.9178364411607,86,28.05272912979126,100,0.047863009232263845,0.047863009232263845,0.047863009232263845,warmup20_geometric,mu_schedule,5,0.0,0.0,0.0,full_mu_schedule_warmup20_geometric_rep05,94005,954.9178364411607
silu,1,warmup20_geometric,3,962.7681215189992,87,28.871084928512573,100,0.04570881896148752,0.04570881896148752,0.04570881896148752,warmup20_geometric,mu_schedule,5,0.0,0.0,0.0,full_mu_schedule_warmup20_geometric_rep05,94005,962.7681215189992
silu,1,warmup20_geometric,3,948.02590536351,88,29.52160906791687,100,0.043651583224016605,0.043651583224016605,0.043651583224016605,warmup20_geometric,mu_schedule,5,0.0,0.0,0.0,full_mu_schedule_warmup20_geometric_rep05,94005,948.02590536351
silu,1,warmup20_geometric,3,945.6492882462219,89,28.545870065689087,100,0.041686938347033554,0.041686938347033554,0.041686938347033554,warmup20_geometric,mu_schedule,5,0.0,0.0,0.0,full_mu_schedule_warmup20_geometric_rep05,94005,945.6492882462219
silu,1,warmup20_geometric,3,944.9298027396944,90,29.378747940063477,100,0.03981071705534975,0.03981071705534975,0.03981071705534975,warmup20_geometric,mu_schedule,5,0.0,0.0,0.0,full_mu_schedule_warmup20_geometric_rep05,94005,944.9298027396944
silu,1,warmup20_geometric,3,941.340331627149,91,29.56329321861267,100,0.03801893963205613,0.03801893963205613,0.03801893963205613,warmup20_geometric,mu_schedule,5,0.0,0.0,0.0,full_mu_schedule_warmup20_geometric_rep05,94005,941.340331627149
silu,1,warmup20_geometric,3,940.1115022110982,92,29.182920932769775,100,0.03630780547701015,0.03630780547701015,0.03630780547701015,warmup20_geometric,mu_schedule,5,0.0,0.0,0.0,full_mu_schedule_warmup20_geometric_rep05,94005,940.1115022110982
silu,1,warmup20_geometric,3,937.4411421946513,93,29.740164041519165,100,0.03467368504525317,0.03467368504525317,0.03467368504525317,warmup20_geometric,mu_schedule,5,0.0,0.0,0.0,full_mu_schedule_warmup20_geometric_rep05,94005,937.4411421946513
silu,1,warmup20_geometric,3,938.4260844153646,94,28.494903087615967,100,0.03311311214825912,0.03311311214825912,0.03311311214825912,warmup20_geometric,mu_schedule,5,0.0,0.0,0.0,full_mu_schedule_warmup20_geometric_rep05,94005,938.4260844153646
silu,1,warmup20_geometric,3,943.48227449929,95,29.373674869537354,100,0.0316227766016838,0.0316227766016838,0.0316227766016838,warmup20_geometric,mu_schedule,5,0.0,0.0,0.0,full_mu_schedule_warmup20_geometric_rep05,94005,943.48227449929
silu,1,warmup20_geometric,3,941.9308105024028,96,28.69060492515564,100,0.03019951720402017,0.03019951720402017,0.03019951720402017,warmup20_geometric,mu_schedule,5,0.0,0.0,0.0,full_mu_schedule_warmup20_geometric_rep05,94005,941.9308105024028
silu,1,warmup20_geometric,3,937.3491576091584,97,28.32155203819275,100,0.028840315031266075,0.028840315031266075,0.028840315031266075,warmup20_geometric,mu_schedule,5,0.0,0.0,0.0,full_mu_schedule_warmup20_geometric_rep05,94005,937.3491576091584
silu,1,warmup20_geometric,3,934.1317997675374,98,29.796182870864868,100,0.02754228703338167,0.02754228703338167,0.02754228703338167,warmup20_geometric,mu_schedule,5,0.0,0.0,0.0,full_mu_schedule_warmup20_geometric_rep05,94005,934.1317997675374
silu,1,warmup20_geometric,3,926.1902013640976,99,28.93041205406189,100,0.026302679918953832,0.026302679918953832,0.026302679918953832,warmup20_geometric,mu_schedule,5,0.0,0.0,0.0,full_mu_schedule_warmup20_geometric_rep05,94005,926.1902013640976
silu,1,warmup20_geometric,3,932.4911366288678,100,29.74809193611145,100,0.025118864315095805,0.025118864315095805,0.025118864315095805,warmup20_geometric,mu_schedule,5,0.0,0.0,0.0,full_mu_schedule_warmup20_geometric_rep05,94005,932.4911366288678
silu,1,warmup20_geometric,3,928.7652952887033,101,30.55838394165039,100,0.023988329190194915,0.023988329190194915,0.023988329190194915,warmup20_geometric,mu_schedule,5,0.0,0.0,0.0,full_mu_schedule_warmup20_geometric_rep05,94005,928.7652952887033
silu,1,warmup20_geometric,3,929.0628862359481,102,29.988017082214355,100,0.022908676527677745,0.022908676527677745,0.022908676527677745,warmup20_geometric,mu_schedule,5,0.0,0.0,0.0,full_mu_schedule_warmup20_geometric_rep05,94005,929.0628862359481
silu,1,warmup20_geometric,3,925.05948450497,103,30.754736185073853,100,0.021877616239495534,0.021877616239495534,0.021877616239495534,warmup20_geometric,mu_schedule,5,0.0,0.0,0.0,full_mu_schedule_warmup20_geometric_rep05,94005,925.05948450497
silu,1,warmup20_geometric,3,923.3671565573543,104,30.717823028564453,100,0.020892961308540407,0.020892961308540407,0.020892961308540407,warmup20_geometric,mu_schedule,5,0.0,0.0,0.0,full_mu_schedule_warmup20_geometric_rep05,94005,923.3671565573543
silu,1,warmup20_geometric,3,927.6208589769117,105,29.555973052978516,100,0.019952623149688802,0.019952623149688802,0.019952623149688802,warmup20_geometric,mu_schedule,5,0.0,0.0,0.0,full_mu_schedule_warmup20_geometric_rep05,94005,927.6208589769117
silu,1,warmup20_geometric,3,928.0053783488585,106,30.723822832107544,100,0.01905460717963248,0.01905460717963248,0.01905460717963248,warmup20_geometric,mu_schedule,5,0.0,0.0,0.0,full_mu_schedule_warmup20_geometric_rep05,94005,928.0053783488585
silu,1,warmup20_geometric,3,907.4306984516995,107,31.08731698989868,100,0.018197008586099846,0.018197008586099846,0.018197008586099846,warmup20_geometric,mu_schedule,5,0.0,0.0,0.0,full_mu_schedule_warmup20_geometric_rep05,94005,907.4306984516995
silu,1,warmup20_geometric,3,905.4822470574009,108,29.83944010734558,100,0.01737800828749377,0.01737800828749377,0.01737800828749377,warmup20_geometric,mu_schedule,5,0.0,0.0,0.0,full_mu_schedule_warmup20_geometric_rep05,94005,905.4822470574009
silu,1,warmup20_geometric,3,918.1366186852385,109,30.91020107269287,100,0.01659586907437561,0.01659586907437561,0.01659586907437561,warmup20_geometric,mu_schedule,5,0.0,0.0,0.0,full_mu_schedule_warmup20_geometric_rep05,94005,918.1366186852385
silu,1,warmup20_geometric,3,918.6236832666625,110,31.5159330368042,100,0.01584893192461114,0.01584893192461114,0.01584893192461114,warmup20_geometric,mu_schedule,5,0.0,0.0,0.0,full_mu_schedule_warmup20_geometric_rep05,94005,918.6236832666625
silu,1,warmup20_geometric,3,911.2026320227296,111,31.331923007965088,100,0.01513561248436209,0.01513561248436209,0.01513561248436209,warmup20_geometric,mu_schedule,5,0.0,0.0,0.0,full_mu_schedule_warmup20_geometric_rep05,94005,911.2026320227296
silu,1,warmup20_geometric,3,916.1884098563513,112,31.0796639919281,100,0.014454397707459285,0.014454397707459285,0.014454397707459285,warmup20_geometric,mu_schedule,5,0.0,0.0,0.0,full_mu_schedule_warmup20_geometric_rep05,94005,916.1884098563513
silu,1,warmup20_geometric,3,913.2751750386598,113,30.753015995025635,100,0.013803842646028849,0.013803842646028849,0.013803842646028849,warmup20_geometric,mu_schedule,5,0.0,0.0,0.0,full_mu_schedule_warmup20_geometric_rep05,94005,913.2751750386598
silu,1,warmup20_geometric,3,911.7305557019648,114,31.40241503715515,100,0.013182567385564073,0.013182567385564073,0.013182567385564073,warmup20_geometric,mu_schedule,5,0.0,0.0,0.0,full_mu_schedule_warmup20_geometric_rep05,94005,911.7305557019648
silu,1,warmup20_geometric,3,899.505269050055,115,32.18403196334839,100,0.012589254117941677,0.012589254117941677,0.012589254117941677,warmup20_geometric,mu_schedule,5,0.0,0.0,0.0,full_mu_schedule_warmup20_geometric_rep05,94005,899.505269050055
silu,1,warmup20_geometric,3,904.2812715541851,116,31.94085717201233,100,0.012022644346174135,0.012022644346174135,0.012022644346174135,warmup20_geometric,mu_schedule,5,0.0,0.0,0.0,full_mu_schedule_warmup20_geometric_rep05,94005,904.2812715541851
silu,1,warmup20_geometric,3,904.6596525212409,117,30.38300108909607,100,0.011481536214968837,0.011481536214968837,0.011481536214968837,warmup20_geometric,mu_schedule,5,0.0,0.0,0.0,full_mu_schedule_warmup20_geometric_rep05,94005,904.6596525212409
silu,1,warmup20_geometric,3,909.2798976981271,118,32.33543920516968,100,0.01096478196143185,0.01096478196143185,0.01096478196143185,warmup20_geometric,mu_schedule,5,0.0,0.0,0.0,full_mu_schedule_warmup20_geometric_rep05,94005,909.2798976981271
silu,1,warmup20_geometric,3,910.029753250801,119,31.680325984954834,100,0.010471285480508997,0.010471285480508997,0.010471285480508997,warmup20_geometric,mu_schedule,5,0.0,0.0,0.0,full_mu_schedule_warmup20_geometric_rep05,94005,910.029753250801
silu,1,warmup20_geometric,3,904.0629818220361,120,30.679600954055786,100,0.010000000000000004,0.010000000000000004,0.010000000000000004,warmup20_geometric,mu_schedule,5,0.0,0.0,0.0,full_mu_schedule_warmup20_geometric_rep05,94005,904.0629818220361
silu,1,warmup20_geometric,3,877.8540686950303,121,28.641091108322144,100,0.010000000000000004,0.010000000000000004,0.0,warmup20_geometric,mu_schedule,5,0.0,0.0,0.0,full_mu_schedule_warmup20_geometric_rep05,94005,877.8540686950303
silu,1,warmup20_geometric,3,875.6787168904993,122,26.276143789291382,100,0.010000000000000004,0.010000000000000004,0.0,warmup20_geometric,mu_schedule,5,0.0,0.0,0.0,full_mu_schedule_warmup20_geometric_rep05,94005,875.6787168904993
silu,1,warmup20_geometric,3,879.9424875381311,123,26.83332109451294,100,0.010000000000000004,0.010000000000000004,0.0,warmup20_geometric,mu_schedule,5,0.0,0.0,0.0,full_mu_schedule_warmup20_geometric_rep05,94005,879.9424875381311
silu,1,warmup20_geometric,3,882.9302631916181,124,26.72710609436035,100,0.010000000000000004,0.010000000000000004,0.0,warmup20_geometric,mu_schedule,5,0.0,0.0,0.0,full_mu_schedule_warmup20_geometric_rep05,94005,882.9302631916181
silu,1,warmup20_geometric,3,881.0672016478571,125,27.837294101715088,100,0.010000000000000004,0.010000000000000004,0.0,warmup20_geometric,mu_schedule,5,0.0,0.0,0.0,full_mu_schedule_warmup20_geometric_rep05,94005,881.0672016478571
silu,1,warmup20_geometric,3,882.8666183758521,126,26.914030075073242,100,0.010000000000000004,0.010000000000000004,0.0,warmup20_geometric,mu_schedule,5,0.0,0.0,0.0,full_mu_schedule_warmup20_geometric_rep05,94005,882.8666183758521
silu,1,warmup20_geometric,3,877.8196070328419,127,27.73509979248047,100,0.010000000000000004,0.010000000000000004,0.0,warmup20_geometric,mu_schedule,5,0.0,0.0,0.0,full_mu_schedule_warmup20_geometric_rep05,94005,877.8196070328419
silu,1,warmup20_geometric,3,886.2910858925662,128,27.34533405303955,100,0.010000000000000004,0.010000000000000004,0.0,warmup20_geometric,mu_schedule,5,0.0,0.0,0.0,full_mu_schedule_warmup20_geometric_rep05,94005,886.2910858925662
silu,1,warmup20_geometric,3,872.3670722109398,129,28.37720799446106,100,0.010000000000000004,0.010000000000000004,0.0,warmup20_geometric,mu_schedule,5,0.0,0.0,0.0,full_mu_schedule_warmup20_geometric_rep05,94005,872.3670722109398
silu,1,warmup20_geometric,3,875.0286650900375,130,28.402565002441406,100,0.010000000000000004,0.010000000000000004,0.0,warmup20_geometric,mu_schedule,5,0.0,0.0,0.0,full_mu_schedule_warmup20_geometric_rep05,94005,875.0286650900375
silu,1,warmup20_geometric,3,2124.2631655888954,1,90.23476004600525,100,1.0,1.0,1.0,warmup20_geometric,mu_schedule,6,0.0,0.0,0.0,full_mu_schedule_warmup20_geometric_rep06,94006,2124.2631655888954
silu,1,warmup20_geometric,3,1002.6465669334929,2,27.103450059890747,100,1.0,1.0,1.0,warmup20_geometric,mu_schedule,6,0.0,0.0,0.0,full_mu_schedule_warmup20_geometric_rep06,94006,1002.6465669334929
silu,1,warmup20_geometric,3,990.8352225537056,3,28.027788162231445,100,1.0,1.0,1.0,warmup20_geometric,mu_schedule,6,0.0,0.0,0.0,full_mu_schedule_warmup20_geometric_rep06,94006,990.8352225537056
silu,1,warmup20_geometric,3,982.5463809641075,4,28.82892417907715,100,1.0,1.0,1.0,warmup20_geometric,mu_schedule,6,0.0,0.0,0.0,full_mu_schedule_warmup20_geometric_rep06,94006,982.5463809641075
silu,1,warmup20_geometric,3,977.0659261453844,5,26.646993160247803,100,1.0,1.0,1.0,warmup20_geometric,mu_schedule,6,0.0,0.0,0.0,full_mu_schedule_warmup20_geometric_rep06,94006,977.0659261453844
silu,1,warmup20_geometric,3,974.322846961021,6,29.419079065322876,100,1.0,1.0,1.0,warmup20_geometric,mu_schedule,6,0.0,0.0,0.0,full_mu_schedule_warmup20_geometric_rep06,94006,974.322846961021
silu,1,warmup20_geometric,3,972.723719863327,7,27.344218015670776,100,1.0,1.0,1.0,warmup20_geometric,mu_schedule,6,0.0,0.0,0.0,full_mu_schedule_warmup20_geometric_rep06,94006,972.723719863327
silu,1,warmup20_geometric,3,971.5810208593206,8,28.015543937683105,100,1.0,1.0,1.0,warmup20_geometric,mu_schedule,6,0.0,0.0,0.0,full_mu_schedule_warmup20_geometric_rep06,94006,971.5810208593206
silu,1,warmup20_geometric,3,970.8177759163889,9,28.147983074188232,100,1.0,1.0,1.0,warmup20_geometric,mu_schedule,6,0.0,0.0,0.0,full_mu_schedule_warmup20_geometric_rep06,94006,970.8177759163889
silu,1,warmup20_geometric,3,970.3383215232349,10,26.661739110946655,100,1.0,1.0,1.0,warmup20_geometric,mu_schedule,6,0.0,0.0,0.0,full_mu_schedule_warmup20_geometric_rep06,94006,970.3383215232349
silu,1,warmup20_geometric,3,970.0377157400518,11,27.804670095443726,100,1.0,1.0,1.0,warmup20_geometric,mu_schedule,6,0.0,0.0,0.0,full_mu_schedule_warmup20_geometric_rep06,94006,970.0377157400518
silu,1,warmup20_geometric,3,969.7795091909493,12,27.745870113372803,100,1.0,1.0,1.0,warmup20_geometric,mu_schedule,6,0.0,0.0,0.0,full_mu_schedule_warmup20_geometric_rep06,94006,969.7795091909493
silu,1,warmup20_geometric,3,969.5329589604321,13,28.184771060943604,100,1.0,1.0,1.0,warmup20_geometric,mu_schedule,6,0.0,0.0,0.0,full_mu_schedule_warmup20_geometric_rep06,94006,969.5329589604321
silu,1,warmup20_geometric,3,969.2916923548214,14,27.98081612586975,100,1.0,1.0,1.0,warmup20_geometric,mu_schedule,6,0.0,0.0,0.0,full_mu_schedule_warmup20_geometric_rep06,94006,969.2916923548214
silu,1,warmup20_geometric,3,969.0572057106848,15,27.064597129821777,100,1.0,1.0,1.0,warmup20_geometric,mu_schedule,6,0.0,0.0,0.0,full_mu_schedule_warmup20_geometric_rep06,94006,969.0572057106848
silu,1,warmup20_geometric,3,968.8022729653075,16,27.65945291519165,100,1.0,1.0,1.0,warmup20_geometric,mu_schedule,6,0.0,0.0,0.0,full_mu_schedule_warmup20_geometric_rep06,94006,968.8022729653075
silu,1,warmup20_geometric,3,968.5373760181642,17,27.243551015853882,100,1.0,1.0,1.0,warmup20_geometric,mu_schedule,6,0.0,0.0,0.0,full_mu_schedule_warmup20_geometric_rep06,94006,968.5373760181642
silu,1,warmup20_geometric,3,968.2659051715599,18,27.767030000686646,100,1.0,1.0,1.0,warmup20_geometric,mu_schedule,6,0.0,0.0,0.0,full_mu_schedule_warmup20_geometric_rep06,94006,968.2659051715599
silu,1,warmup20_geometric,3,968.028803529655,19,28.3074049949646,100,1.0,1.0,1.0,warmup20_geometric,mu_schedule,6,0.0,0.0,0.0,full_mu_schedule_warmup20_geometric_rep06,94006,968.028803529655
silu,1,warmup20_geometric,3,967.7496495531657,20,26.882174015045166,100,1.0,1.0,1.0,warmup20_geometric,mu_schedule,6,0.0,0.0,0.0,full_mu_schedule_warmup20_geometric_rep06,94006,967.7496495531657
silu,1,warmup20_geometric,3,986.8275433070462,21,28.213937044143677,100,0.954992586021436,0.954992586021436,0.954992586021436,warmup20_geometric,mu_schedule,6,0.0,0.0,0.0,full_mu_schedule_warmup20_geometric_rep06,94006,986.8275433070462
silu,1,warmup20_geometric,3,1004.3212704009434,22,26.717488050460815,100,0.9120108393559098,0.9120108393559098,0.9120108393559098,warmup20_geometric,mu_schedule,6,0.0,0.0,0.0,full_mu_schedule_warmup20_geometric_rep06,94006,1004.3212704009434
silu,1,warmup20_geometric,3,1020.247916066518,23,27.771417140960693,100,0.8709635899560807,0.8709635899560807,0.8709635899560807,warmup20_geometric,mu_schedule,6,0.0,0.0,0.0,full_mu_schedule_warmup20_geometric_rep06,94006,1020.247916066518
silu,1,warmup20_geometric,3,1034.7340147674504,24,28.637962818145752,100,0.831763771102671,0.831763771102671,0.831763771102671,warmup20_geometric,mu_schedule,6,0.0,0.0,0.0,full_mu_schedule_warmup20_geometric_rep06,94006,1034.7340147674504
silu,1,warmup20_geometric,3,1047.9666220637823,25,26.8415470123291,100,0.7943282347242815,0.7943282347242815,0.7943282347242815,warmup20_geometric,mu_schedule,6,0.0,0.0,0.0,full_mu_schedule_warmup20_geometric_rep06,94006,1047.9666220637823
silu,1,warmup20_geometric,3,1059.9606596805402,26,27.715087890625,100,0.7585775750291838,0.7585775750291838,0.7585775750291838,warmup20_geometric,mu_schedule,6,0.0,0.0,0.0,full_mu_schedule_warmup20_geometric_rep06,94006,1059.9606596805402
silu,1,warmup20_geometric,3,1070.8420947913874,27,27.756534099578857,100,0.7244359600749901,0.7244359600749901,0.7244359600749901,warmup20_geometric,mu_schedule,6,0.0,0.0,0.0,full_mu_schedule_warmup20_geometric_rep06,94006,1070.8420947913874
silu,1,warmup20_geometric,3,1080.6772578957036,28,27.57310700416565,100,0.6918309709189365,0.6918309709189365,0.6918309709189365,warmup20_geometric,mu_schedule,6,0.0,0.0,0.0,full_mu_schedule_warmup20_geometric_rep06,94006,1080.6772578957036
silu,1,warmup20_geometric,3,1089.5021244899892,29,28.395844221115112,100,0.660693448007596,0.660693448007596,0.660693448007596,warmup20_geometric,mu_schedule,6,0.0,0.0,0.0,full_mu_schedule_warmup20_geometric_rep06,94006,1089.5021244899892
silu,1,warmup20_geometric,3,1097.3231788472924,30,26.208177089691162,100,0.6309573444801932,0.6309573444801932,0.6309573444801932,warmup20_geometric,mu_schedule,6,0.0,0.0,0.0,full_mu_schedule_warmup20_geometric_rep06,94006,1097.3231788472924
silu,1,warmup20_geometric,3,1104.2550330912306,31,27.943453788757324,100,0.6025595860743578,0.6025595860743578,0.6025595860743578,warmup20_geometric,mu_schedule,6,0.0,0.0,0.0,full_mu_schedule_warmup20_geometric_rep06,94006,1104.2550330912306
silu,1,warmup20_geometric,3,1110.3067719808014,32,26.72743511199951,100,0.5754399373371569,0.5754399373371569,0.5754399373371569,warmup20_geometric,mu_schedule,6,0.0,0.0,0.0,full_mu_schedule_warmup20_geometric_rep06,94006,1110.3067719808014
silu,1,warmup20_geometric,3,1115.3928050194397,33,28.03656578063965,100,0.5495408738576246,0.5495408738576246,0.5495408738576246,warmup20_geometric,mu_schedule,6,0.0,0.0,0.0,full_mu_schedule_warmup20_geometric_rep06,94006,1115.3928050194397
silu,1,warmup20_geometric,3,1119.5600280401768,34,26.92491888999939,100,0.5248074602497727,0.5248074602497727,0.5248074602497727,warmup20_geometric,mu_schedule,6,0.0,0.0,0.0,full_mu_schedule_warmup20_geometric_rep06,94006,1119.5600280401768
silu,1,warmup20_geometric,3,1123.003702550691,35,27.755892992019653,100,0.5011872336272724,0.5011872336272724,0.5011872336272724,warmup20_geometric,mu_schedule,6,0.0,0.0,0.0,full_mu_schedule_warmup20_geometric_rep06,94006,1123.003702550691
silu,1,warmup20_geometric,3,1126.0324011778685,36,27.296040058135986,100,0.47863009232263837,0.47863009232263837,0.47863009232263837,warmup20_geometric,mu_schedule,6,0.0,0.0,0.0,full_mu_schedule_warmup20_geometric_rep06,94006,1126.0324011778685
silu,1,warmup20_geometric,3,1128.6120311436566,37,26.6597900390625,100,0.457088189614875,0.457088189614875,0.457088189614875,warmup20_geometric,mu_schedule,6,0.0,0.0,0.0,full_mu_schedule_warmup20_geometric_rep06,94006,1128.6120311436566
silu,1,warmup20_geometric,3,1130.5791712965047,38,28.00846791267395,100,0.436515832240166,0.436515832240166,0.436515832240166,warmup20_geometric,mu_schedule,6,0.0,0.0,0.0,full_mu_schedule_warmup20_geometric_rep06,94006,1130.5791712965047
silu,1,warmup20_geometric,3,1132.2266910279832,39,26.338930130004883,100,0.4168693834703354,0.4168693834703354,0.4168693834703354,warmup20_geometric,mu_schedule,6,0.0,0.0,0.0,full_mu_schedule_warmup20_geometric_rep06,94006,1132.2266910279832
silu,1,warmup20_geometric,3,1132.995660196841,40,27.6287579536438,100,0.39810717055349726,0.39810717055349726,0.39810717055349726,warmup20_geometric,mu_schedule,6,0.0,0.0,0.0,full_mu_schedule_warmup20_geometric_rep06,94006,1132.995660196841
silu,1,warmup20_geometric,3,1136.0277100609096,41,28.177674055099487,100,0.38018939632056126,0.38018939632056126,0.38018939632056126,warmup20_geometric,mu_schedule,6,0.0,0.0,0.0,full_mu_schedule_warmup20_geometric_rep06,94006,1136.0277100609096
silu,1,warmup20_geometric,3,1135.2147092529501,42,26.761077165603638,100,0.3630780547701014,0.3630780547701014,0.3630780547701014,warmup20_geometric,mu_schedule,6,0.0,0.0,0.0,full_mu_schedule_warmup20_geometric_rep06,94006,1135.2147092529501
silu,1,warmup20_geometric,3,1136.5655773734961,43,27.346116065979004,100,0.3467368504525317,0.3467368504525317,0.3467368504525317,warmup20_geometric,mu_schedule,6,0.0,0.0,0.0,full_mu_schedule_warmup20_geometric_rep06,94006,1136.5655773734961
silu,1,warmup20_geometric,3,1134.3193081257,44,27.338200092315674,100,0.33113112148259116,0.33113112148259116,0.33113112148259116,warmup20_geometric,mu_schedule,6,0.0,0.0,0.0,full_mu_schedule_warmup20_geometric_rep06,94006,1134.3193081257
silu,1,warmup20_geometric,3,1134.4992625329762,45,27.838191032409668,100,0.316227766016838,0.316227766016838,0.316227766016838,warmup20_geometric,mu_schedule,6,0.0,0.0,0.0,full_mu_schedule_warmup20_geometric_rep06,94006,1134.4992625329762
silu,1,warmup20_geometric,3,1132.1130536125643,46,27.600472927093506,100,0.30199517204020165,0.30199517204020165,0.30199517204020165,warmup20_geometric,mu_schedule,6,0.0,0.0,0.0,full_mu_schedule_warmup20_geometric_rep06,94006,1132.1130536125643
silu,1,warmup20_geometric,3,1131.2258297035546,47,27.03437900543213,100,0.2884031503126606,0.2884031503126606,0.2884031503126606,warmup20_geometric,mu_schedule,6,0.0,0.0,0.0,full_mu_schedule_warmup20_geometric_rep06,94006,1131.2258297035546
silu,1,warmup20_geometric,3,1128.7972220419588,48,27.73228406906128,100,0.2754228703338166,0.2754228703338166,0.2754228703338166,warmup20_geometric,mu_schedule,6,0.0,0.0,0.0,full_mu_schedule_warmup20_geometric_rep06,94006,1128.7972220419588
silu,1,warmup20_geometric,3,1126.5545355701624,49,27.780353784561157,100,0.26302679918953825,0.26302679918953825,0.26302679918953825,warmup20_geometric,mu_schedule,6,0.0,0.0,0.0,full_mu_schedule_warmup20_geometric_rep06,94006,1126.5545355701624
silu,1,warmup20_geometric,3,1124.5128672522558,50,27.851685047149658,100,0.25118864315095807,0.25118864315095807,0.25118864315095807,warmup20_geometric,mu_schedule,6,0.0,0.0,0.0,full_mu_schedule_warmup20_geometric_rep06,94006,1124.5128672522558
silu,1,warmup20_geometric,3,1121.173725850259,51,27.93354320526123,100,0.23988329190194907,0.23988329190194907,0.23988329190194907,warmup20_geometric,mu_schedule,6,0.0,0.0,0.0,full_mu_schedule_warmup20_geometric_rep06,94006,1121.173725850259
silu,1,warmup20_geometric,3,1119.2251924179884,52,27.359813928604126,100,0.22908676527677732,0.22908676527677732,0.22908676527677732,warmup20_geometric,mu_schedule,6,0.0,0.0,0.0,full_mu_schedule_warmup20_geometric_rep06,94006,1119.2251924179884
silu,1,warmup20_geometric,3,1117.7049624365193,53,27.629467964172363,100,0.2187761623949553,0.2187761623949553,0.2187761623949553,warmup20_geometric,mu_schedule,6,0.0,0.0,0.0,full_mu_schedule_warmup20_geometric_rep06,94006,1117.7049624365193
silu,1,warmup20_geometric,3,1113.3872950576085,54,26.759854078292847,100,0.20892961308540395,0.20892961308540395,0.20892961308540395,warmup20_geometric,mu_schedule,6,0.0,0.0,0.0,full_mu_schedule_warmup20_geometric_rep06,94006,1113.3872950576085
silu,1,warmup20_geometric,3,1110.0706921457743,55,27.04343581199646,100,0.199526231496888,0.199526231496888,0.199526231496888,warmup20_geometric,mu_schedule,6,0.0,0.0,0.0,full_mu_schedule_warmup20_geometric_rep06,94006,1110.0706921457743
silu,1,warmup20_geometric,3,1104.1762408290156,56,27.28585696220398,100,0.19054607179632477,0.19054607179632477,0.19054607179632477,warmup20_geometric,mu_schedule,6,0.0,0.0,0.0,full_mu_schedule_warmup20_geometric_rep06,94006,1104.1762408290156
silu,1,warmup20_geometric,3,1103.1326262174841,57,26.32560706138611,100,0.1819700858609984,0.1819700858609984,0.1819700858609984,warmup20_geometric,mu_schedule,6,0.0,0.0,0.0,full_mu_schedule_warmup20_geometric_rep06,94006,1103.1326262174841
silu,1,warmup20_geometric,3,1099.999759881746,58,28.00557804107666,100,0.17378008287493757,0.17378008287493757,0.17378008287493757,warmup20_geometric,mu_schedule,6,0.0,0.0,0.0,full_mu_schedule_warmup20_geometric_rep06,94006,1099.999759881746
silu,1,warmup20_geometric,3,1097.7416447923142,59,26.52125096321106,100,0.16595869074375608,0.16595869074375608,0.16595869074375608,warmup20_geometric,mu_schedule,6,0.0,0.0,0.0,full_mu_schedule_warmup20_geometric_rep06,94006,1097.7416447923142
silu,1,warmup20_geometric,3,1094.6012989446544,60,28.059540033340454,100,0.15848931924611137,0.15848931924611137,0.15848931924611137,warmup20_geometric,mu_schedule,6,0.0,0.0,0.0,full_mu_schedule_warmup20_geometric_rep06,94006,1094.6012989446544
silu,1,warmup20_geometric,3,1091.3577925244788,61,28.33966898918152,100,0.15135612484362085,0.15135612484362085,0.15135612484362085,warmup20_geometric,mu_schedule,6,0.0,0.0,0.0,full_mu_schedule_warmup20_geometric_rep06,94006,1091.3577925244788
silu,1,warmup20_geometric,3,1087.4793614440882,62,27.179139852523804,100,0.1445439770745928,0.1445439770745928,0.1445439770745928,warmup20_geometric,mu_schedule,6,0.0,0.0,0.0,full_mu_schedule_warmup20_geometric_rep06,94006,1087.4793614440882
silu,1,warmup20_geometric,3,1083.5351652050908,63,27.768780946731567,100,0.13803842646028852,0.13803842646028852,0.13803842646028852,warmup20_geometric,mu_schedule,6,0.0,0.0,0.0,full_mu_schedule_warmup20_geometric_rep06,94006,1083.5351652050908
silu,1,warmup20_geometric,3,1079.7043181061088,64,27.166520833969116,100,0.13182567385564076,0.13182567385564076,0.13182567385564076,warmup20_geometric,mu_schedule,6,0.0,0.0,0.0,full_mu_schedule_warmup20_geometric_rep06,94006,1079.7043181061088
silu,1,warmup20_geometric,3,1077.9294528601963,65,27.68394684791565,100,0.12589254117941673,0.12589254117941673,0.12589254117941673,warmup20_geometric,mu_schedule,6,0.0,0.0,0.0,full_mu_schedule_warmup20_geometric_rep06,94006,1077.9294528601963
silu,1,warmup20_geometric,3,1062.062375877254,66,27.61028790473938,100,0.12022644346174133,0.12022644346174133,0.12022644346174133,warmup20_geometric,mu_schedule,6,0.0,0.0,0.0,full_mu_schedule_warmup20_geometric_rep06,94006,1062.062375877254
silu,1,warmup20_geometric,3,1065.5322483024108,67,27.037681102752686,100,0.11481536214968828,0.11481536214968828,0.11481536214968828,warmup20_geometric,mu_schedule,6,0.0,0.0,0.0,full_mu_schedule_warmup20_geometric_rep06,94006,1065.5322483024108
silu,1,warmup20_geometric,3,1063.2431679962285,68,28.900516986846924,100,0.10964781961431853,0.10964781961431853,0.10964781961431853,warmup20_geometric,mu_schedule,6,0.0,0.0,0.0,full_mu_schedule_warmup20_geometric_rep06,94006,1063.2431679962285
silu,1,warmup20_geometric,3,1058.9825368631684,69,27.56785798072815,100,0.10471285480508996,0.10471285480508996,0.10471285480508996,warmup20_geometric,mu_schedule,6,0.0,0.0,0.0,full_mu_schedule_warmup20_geometric_rep06,94006,1058.9825368631684
silu,1,warmup20_geometric,3,1061.7105248188122,70,27.971310138702393,100,0.10000000000000002,0.10000000000000002,0.10000000000000002,warmup20_geometric,mu_schedule,6,0.0,0.0,0.0,full_mu_schedule_warmup20_geometric_rep06,94006,1061.7105248188122
silu,1,warmup20_geometric,3,1049.6223782692143,71,28.91363000869751,100,0.09549925860214363,0.09549925860214363,0.09549925860214363,warmup20_geometric,mu_schedule,6,0.0,0.0,0.0,full_mu_schedule_warmup20_geometric_rep06,94006,1049.6223782692143
silu,1,warmup20_geometric,3,1046.5910278659544,72,27.11230492591858,100,0.091201083935591,0.091201083935591,0.091201083935591,warmup20_geometric,mu_schedule,6,0.0,0.0,0.0,full_mu_schedule_warmup20_geometric_rep06,94006,1046.5910278659544
silu,1,warmup20_geometric,3,1045.9676399762157,73,28.23284387588501,100,0.0870963589956081,0.0870963589956081,0.0870963589956081,warmup20_geometric,mu_schedule,6,0.0,0.0,0.0,full_mu_schedule_warmup20_geometric_rep06,94006,1045.9676399762157
silu,1,warmup20_geometric,3,1039.787390213446,74,27.03431010246277,100,0.08317637711026711,0.08317637711026711,0.08317637711026711,warmup20_geometric,mu_schedule,6,0.0,0.0,0.0,full_mu_schedule_warmup20_geometric_rep06,94006,1039.787390213446
silu,1,warmup20_geometric,3,1042.7137153669787,75,27.593371152877808,100,0.07943282347242818,0.07943282347242818,0.07943282347242818,warmup20_geometric,mu_schedule,6,0.0,0.0,0.0,full_mu_schedule_warmup20_geometric_rep06,94006,1042.7137153669787
silu,1,warmup20_geometric,3,1033.1328128483817,76,29.00959587097168,100,0.07585775750291839,0.07585775750291839,0.07585775750291839,warmup20_geometric,mu_schedule,6,0.0,0.0,0.0,full_mu_schedule_warmup20_geometric_rep06,94006,1033.1328128483817
silu,1,warmup20_geometric,3,1030.91508263157,77,28.135022163391113,100,0.07244359600749903,0.07244359600749903,0.07244359600749903,warmup20_geometric,mu_schedule,6,0.0,0.0,0.0,full_mu_schedule_warmup20_geometric_rep06,94006,1030.91508263157
silu,1,warmup20_geometric,3,1017.719089828085,78,28.672713041305542,100,0.06918309709189367,0.06918309709189367,0.06918309709189367,warmup20_geometric,mu_schedule,6,0.0,0.0,0.0,full_mu_schedule_warmup20_geometric_rep06,94006,1017.719089828085
silu,1,warmup20_geometric,3,1021.7246033554579,79,28.81615400314331,100,0.06606934480075961,0.06606934480075961,0.06606934480075961,warmup20_geometric,mu_schedule,6,0.0,0.0,0.0,full_mu_schedule_warmup20_geometric_rep06,94006,1021.7246033554579
silu,1,warmup20_geometric,3,1023.5018341465687,80,27.940820932388306,100,0.06309573444801934,0.06309573444801934,0.06309573444801934,warmup20_geometric,mu_schedule,6,0.0,0.0,0.0,full_mu_schedule_warmup20_geometric_rep06,94006,1023.5018341465687
silu,1,warmup20_geometric,3,1023.488501386075,81,28.62597107887268,100,0.06025595860743578,0.06025595860743578,0.06025595860743578,warmup20_geometric,mu_schedule,6,0.0,0.0,0.0,full_mu_schedule_warmup20_geometric_rep06,94006,1023.488501386075
silu,1,warmup20_geometric,3,1011.7914706242959,82,28.5972101688385,100,0.05754399373371571,0.05754399373371571,0.05754399373371571,warmup20_geometric,mu_schedule,6,0.0,0.0,0.0,full_mu_schedule_warmup20_geometric_rep06,94006,1011.7914706242959
silu,1,warmup20_geometric,3,1006.8614446626466,83,28.10386085510254,100,0.05495408738576248,0.05495408738576248,0.05495408738576248,warmup20_geometric,mu_schedule,6,0.0,0.0,0.0,full_mu_schedule_warmup20_geometric_rep06,94006,1006.8614446626466
silu,1,warmup20_geometric,3,1006.9262245875237,84,29.235766887664795,100,0.05248074602497727,0.05248074602497727,0.05248074602497727,warmup20_geometric,mu_schedule,6,0.0,0.0,0.0,full_mu_schedule_warmup20_geometric_rep06,94006,1006.9262245875237
silu,1,warmup20_geometric,3,1019.9084625724255,85,28.09818696975708,100,0.05011872336272725,0.05011872336272725,0.05011872336272725,warmup20_geometric,mu_schedule,6,0.0,0.0,0.0,full_mu_schedule_warmup20_geometric_rep06,94006,1019.9084625724255
silu,1,warmup20_geometric,3,1015.2613639642191,86,29.180626153945923,100,0.047863009232263845,0.047863009232263845,0.047863009232263845,warmup20_geometric,mu_schedule,6,0.0,0.0,0.0,full_mu_schedule_warmup20_geometric_rep06,94006,1015.2613639642191
silu,1,warmup20_geometric,3,998.9318528004997,87,29.754419803619385,100,0.04570881896148752,0.04570881896148752,0.04570881896148752,warmup20_geometric,mu_schedule,6,0.0,0.0,0.0,full_mu_schedule_warmup20_geometric_rep06,94006,998.9318528004997
silu,1,warmup20_geometric,3,1011.1321571381408,88,28.323001861572266,100,0.043651583224016605,0.043651583224016605,0.043651583224016605,warmup20_geometric,mu_schedule,6,0.0,0.0,0.0,full_mu_schedule_warmup20_geometric_rep06,94006,1011.1321571381408
silu,1,warmup20_geometric,3,997.3223149830279,89,29.406562089920044,100,0.041686938347033554,0.041686938347033554,0.041686938347033554,warmup20_geometric,mu_schedule,6,0.0,0.0,0.0,full_mu_schedule_warmup20_geometric_rep06,94006,997.3223149830279
silu,1,warmup20_geometric,3,994.6125463690537,90,29.840670108795166,100,0.03981071705534975,0.03981071705534975,0.03981071705534975,warmup20_geometric,mu_schedule,6,0.0,0.0,0.0,full_mu_schedule_warmup20_geometric_rep06,94006,994.6125463690537
silu,1,warmup20_geometric,3,999.2339455902854,91,28.56662082672119,100,0.03801893963205613,0.03801893963205613,0.03801893963205613,warmup20_geometric,mu_schedule,6,0.0,0.0,0.0,full_mu_schedule_warmup20_geometric_rep06,94006,999.2339455902854
silu,1,warmup20_geometric,3,1003.2083791269606,92,30.52200698852539,100,0.03630780547701015,0.03630780547701015,0.03630780547701015,warmup20_geometric,mu_schedule,6,0.0,0.0,0.0,full_mu_schedule_warmup20_geometric_rep06,94006,1003.2083791269606
silu,1,warmup20_geometric,3,990.8394923022722,93,29.733705043792725,100,0.03467368504525317,0.03467368504525317,0.03467368504525317,warmup20_geometric,mu_schedule,6,0.0,0.0,0.0,full_mu_schedule_warmup20_geometric_rep06,94006,990.8394923022722
silu,1,warmup20_geometric,3,986.3742019851609,94,28.73023295402527,100,0.03311311214825912,0.03311311214825912,0.03311311214825912,warmup20_geometric,mu_schedule,6,0.0,0.0,0.0,full_mu_schedule_warmup20_geometric_rep06,94006,986.3742019851609
silu,1,warmup20_geometric,3,978.1062839091378,95,30.08765697479248,100,0.0316227766016838,0.0316227766016838,0.0316227766016838,warmup20_geometric,mu_schedule,6,0.0,0.0,0.0,full_mu_schedule_warmup20_geometric_rep06,94006,978.1062839091378
silu,1,warmup20_geometric,3,981.7899978987105,96,29.117829084396362,100,0.03019951720402017,0.03019951720402017,0.03019951720402017,warmup20_geometric,mu_schedule,6,0.0,0.0,0.0,full_mu_schedule_warmup20_geometric_rep06,94006,981.7899978987105
silu,1,warmup20_geometric,3,973.3204933318038,97,30.594998836517334,100,0.028840315031266075,0.028840315031266075,0.028840315031266075,warmup20_geometric,mu_schedule,6,0.0,0.0,0.0,full_mu_schedule_warmup20_geometric_rep06,94006,973.3204933318038
silu,1,warmup20_geometric,3,971.9245363209416,98,29.953233003616333,100,0.02754228703338167,0.02754228703338167,0.02754228703338167,warmup20_geometric,mu_schedule,6,0.0,0.0,0.0,full_mu_schedule_warmup20_geometric_rep06,94006,971.9245363209416
silu,1,warmup20_geometric,3,968.7260316932148,99,29.29974603652954,100,0.026302679918953832,0.026302679918953832,0.026302679918953832,warmup20_geometric,mu_schedule,6,0.0,0.0,0.0,full_mu_schedule_warmup20_geometric_rep06,94006,968.7260316932148
silu,1,warmup20_geometric,3,975.9708598536844,100,30.587209939956665,100,0.025118864315095805,0.025118864315095805,0.025118864315095805,warmup20_geometric,mu_schedule,6,0.0,0.0,0.0,full_mu_schedule_warmup20_geometric_rep06,94006,975.9708598536844
silu,1,warmup20_geometric,3,979.8615436595799,101,30.635399103164673,100,0.023988329190194915,0.023988329190194915,0.023988329190194915,warmup20_geometric,mu_schedule,6,0.0,0.0,0.0,full_mu_schedule_warmup20_geometric_rep06,94006,979.8615436595799
silu,1,warmup20_geometric,3,966.9404829828985,102,29.574109077453613,100,0.022908676527677745,0.022908676527677745,0.022908676527677745,warmup20_geometric,mu_schedule,6,0.0,0.0,0.0,full_mu_schedule_warmup20_geometric_rep06,94006,966.9404829828985
silu,1,warmup20_geometric,3,972.1456226264619,103,30.980440139770508,100,0.021877616239495534,0.021877616239495534,0.021877616239495534,warmup20_geometric,mu_schedule,6,0.0,0.0,0.0,full_mu_schedule_warmup20_geometric_rep06,94006,972.1456226264619
silu,1,warmup20_geometric,3,961.1011321112608,104,30.52223300933838,100,0.020892961308540407,0.020892961308540407,0.020892961308540407,warmup20_geometric,mu_schedule,6,0.0,0.0,0.0,full_mu_schedule_warmup20_geometric_rep06,94006,961.1011321112608
silu,1,warmup20_geometric,3,963.8336656330059,105,30.076986074447632,100,0.019952623149688802,0.019952623149688802,0.019952623149688802,warmup20_geometric,mu_schedule,6,0.0,0.0,0.0,full_mu_schedule_warmup20_geometric_rep06,94006,963.8336656330059
silu,1,warmup20_geometric,3,981.9252433178981,106,29.332730054855347,100,0.01905460717963248,0.01905460717963248,0.01905460717963248,warmup20_geometric,mu_schedule,6,0.0,0.0,0.0,full_mu_schedule_warmup20_geometric_rep06,94006,981.9252433178981
silu,1,warmup20_geometric,3,971.1720186277381,107,30.802878856658936,100,0.018197008586099846,0.018197008586099846,0.018197008586099846,warmup20_geometric,mu_schedule,6,0.0,0.0,0.0,full_mu_schedule_warmup20_geometric_rep06,94006,971.1720186277381
silu,1,warmup20_geometric,3,968.8244191030177,108,30.78696894645691,100,0.01737800828749377,0.01737800828749377,0.01737800828749377,warmup20_geometric,mu_schedule,6,0.0,0.0,0.0,full_mu_schedule_warmup20_geometric_rep06,94006,968.8244191030177
silu,1,warmup20_geometric,3,975.0282039064732,109,30.8685781955719,100,0.01659586907437561,0.01659586907437561,0.01659586907437561,warmup20_geometric,mu_schedule,6,0.0,0.0,0.0,full_mu_schedule_warmup20_geometric_rep06,94006,975.0282039064732
silu,1,warmup20_geometric,3,967.2962737976035,110,31.48606514930725,100,0.01584893192461114,0.01584893192461114,0.01584893192461114,warmup20_geometric,mu_schedule,6,0.0,0.0,0.0,full_mu_schedule_warmup20_geometric_rep06,94006,967.2962737976035
silu,1,warmup20_geometric,3,967.155114682579,111,31.06228494644165,100,0.01513561248436209,0.01513561248436209,0.01513561248436209,warmup20_geometric,mu_schedule,6,0.0,0.0,0.0,full_mu_schedule_warmup20_geometric_rep06,94006,967.155114682579
silu,1,warmup20_geometric,3,957.9706321641654,112,31.601826906204224,100,0.014454397707459285,0.014454397707459285,0.014454397707459285,warmup20_geometric,mu_schedule,6,0.0,0.0,0.0,full_mu_schedule_warmup20_geometric_rep06,94006,957.9706321641654
silu,1,warmup20_geometric,3,958.0491889268042,113,31.595103979110718,100,0.013803842646028849,0.013803842646028849,0.013803842646028849,warmup20_geometric,mu_schedule,6,0.0,0.0,0.0,full_mu_schedule_warmup20_geometric_rep06,94006,958.0491889268042
silu,1,warmup20_geometric,3,958.591832712636,114,30.699823141098022,100,0.013182567385564073,0.013182567385564073,0.013182567385564073,warmup20_geometric,mu_schedule,6,0.0,0.0,0.0,full_mu_schedule_warmup20_geometric_rep06,94006,958.591832712636
silu,1,warmup20_geometric,3,963.0308054513588,115,31.10384488105774,100,0.012589254117941677,0.012589254117941677,0.012589254117941677,warmup20_geometric,mu_schedule,6,0.0,0.0,0.0,full_mu_schedule_warmup20_geometric_rep06,94006,963.0308054513588
silu,1,warmup20_geometric,3,958.6112592904448,116,31.690234899520874,100,0.012022644346174135,0.012022644346174135,0.012022644346174135,warmup20_geometric,mu_schedule,6,0.0,0.0,0.0,full_mu_schedule_warmup20_geometric_rep06,94006,958.6112592904448
silu,1,warmup20_geometric,3,956.6178857165594,117,31.144985914230347,100,0.011481536214968837,0.011481536214968837,0.011481536214968837,warmup20_geometric,mu_schedule,6,0.0,0.0,0.0,full_mu_schedule_warmup20_geometric_rep06,94006,956.6178857165594
silu,1,warmup20_geometric,3,958.0272027438479,118,31.31369400024414,100,0.01096478196143185,0.01096478196143185,0.01096478196143185,warmup20_geometric,mu_schedule,6,0.0,0.0,0.0,full_mu_schedule_warmup20_geometric_rep06,94006,958.0272027438479
silu,1,warmup20_geometric,3,956.3106403574897,119,31.040833950042725,100,0.010471285480508997,0.010471285480508997,0.010471285480508997,warmup20_geometric,mu_schedule,6,0.0,0.0,0.0,full_mu_schedule_warmup20_geometric_rep06,94006,956.3106403574897
silu,1,warmup20_geometric,3,939.5625011651855,120,30.248713970184326,100,0.010000000000000004,0.010000000000000004,0.010000000000000004,warmup20_geometric,mu_schedule,6,0.0,0.0,0.0,full_mu_schedule_warmup20_geometric_rep06,94006,939.5625011651855
silu,1,warmup20_geometric,3,925.291015964183,121,29.84564995765686,100,0.010000000000000004,0.010000000000000004,0.0,warmup20_geometric,mu_schedule,6,0.0,0.0,0.0,full_mu_schedule_warmup20_geometric_rep06,94006,925.291015964183
silu,1,warmup20_geometric,3,929.8140458599678,122,25.793161869049072,100,0.010000000000000004,0.010000000000000004,0.0,warmup20_geometric,mu_schedule,6,0.0,0.0,0.0,full_mu_schedule_warmup20_geometric_rep06,94006,929.8140458599678
silu,1,warmup20_geometric,3,919.9449314155192,123,26.588940858840942,100,0.010000000000000004,0.010000000000000004,0.0,warmup20_geometric,mu_schedule,6,0.0,0.0,0.0,full_mu_schedule_warmup20_geometric_rep06,94006,919.9449314155192
silu,1,warmup20_geometric,3,933.2160112776937,124,26.193150997161865,100,0.010000000000000004,0.010000000000000004,0.0,warmup20_geometric,mu_schedule,6,0.0,0.0,0.0,full_mu_schedule_warmup20_geometric_rep06,94006,933.2160112776937
silu,1,warmup20_geometric,3,916.717027280388,125,26.105684995651245,100,0.010000000000000004,0.010000000000000004,0.0,warmup20_geometric,mu_schedule,6,0.0,0.0,0.0,full_mu_schedule_warmup20_geometric_rep06,94006,916.717027280388
silu,1,warmup20_geometric,3,929.8860665988157,126,27.41204810142517,100,0.010000000000000004,0.010000000000000004,0.0,warmup20_geometric,mu_schedule,6,0.0,0.0,0.0,full_mu_schedule_warmup20_geometric_rep06,94006,929.8860665988157
silu,1,warmup20_geometric,3,920.740163073281,127,26.788064002990723,100,0.010000000000000004,0.010000000000000004,0.0,warmup20_geometric,mu_schedule,6,0.0,0.0,0.0,full_mu_schedule_warmup20_geometric_rep06,94006,920.740163073281
silu,1,warmup20_geometric,3,933.8131865703384,128,27.540492057800293,100,0.010000000000000004,0.010000000000000004,0.0,warmup20_geometric,mu_schedule,6,0.0,0.0,0.0,full_mu_schedule_warmup20_geometric_rep06,94006,933.8131865703384
silu,1,warmup20_geometric,3,915.768475875277,129,27.164108991622925,100,0.010000000000000004,0.010000000000000004,0.0,warmup20_geometric,mu_schedule,6,0.0,0.0,0.0,full_mu_schedule_warmup20_geometric_rep06,94006,915.768475875277
silu,1,warmup20_geometric,3,918.1104953107729,130,26.70516300201416,100,0.010000000000000004,0.010000000000000004,0.0,warmup20_geometric,mu_schedule,6,0.0,0.0,0.0,full_mu_schedule_warmup20_geometric_rep06,94006,918.1104953107729
